ensembl_id,log2FC,padj,comp_name
ENSG00000135919,1.218,1.3642339953746498e-114,ENSG00000135919_gna
ENSG00000017797,2.118,1.58343782505564e-102,ENSG00000017797_gna
ENSG00000152952,1.341,2.84592746255413e-102,ENSG00000152952_gna
ENSG00000069869,1.407,8.33012401210816e-80,ENSG00000069869_gna
ENSG00000101935,1.254,4.98550592816479e-75,ENSG00000101935_gna
ENSG00000102158,1.087,4.5203761643582496e-69,ENSG00000102158_gna
ENSG00000136244,1.103,2.64140799784059e-65,ENSG00000136244_gna
ENSG00000153250,0.871,2.8510442604855503e-63,ENSG00000153250_gna
ENSG00000112308,0.987,3.4625317613781e-63,ENSG00000112308_gna
ENSG00000073756,1.036,8.99345085998478e-55,ENSG00000073756_gna
ENSG00000143514,1.274,3.50971129875576e-53,ENSG00000143514_gna
ENSG00000151414,0.783,2.88265074421091e-46,ENSG00000151414_gna
ENSG00000165156,1.199,7.348483680199491e-46,ENSG00000165156_gna
ENSG00000169429,1.301,1.9460766123420802e-45,ENSG00000169429_gna
ENSG00000152291,0.932,4.0093298750162196e-42,ENSG00000152291_gna
ENSG00000147649,0.79,4.12427792617906e-37,ENSG00000147649_gna
ENSG00000101974,0.993,3.74954139337006e-36,ENSG00000101974_gna
ENSG00000173674,1.138,5.1810071576807095e-36,ENSG00000173674_gna
ENSG00000111145,0.868,6.35701551936612e-35,ENSG00000111145_gna
ENSG00000165832,1.494,4.92432737260152e-34,ENSG00000165832_gna
ENSG00000025800,0.638,5.25291789524536e-34,ENSG00000025800_gna
ENSG00000162704,1.123,4.2075563939975096e-33,ENSG00000162704_gna
ENSG00000087502,0.884,1.24794547897082e-32,ENSG00000087502_gna
ENSG00000082153,0.9,1.62321436004318e-32,ENSG00000082153_gna
ENSG00000118900,0.969,5.45215580031704e-32,ENSG00000118900_gna
ENSG00000172572,0.557,3.9324201636942403e-31,ENSG00000172572_gna
ENSG00000115977,0.874,2.0477811377759598e-30,ENSG00000115977_gna
ENSG00000159873,0.85,2.63839564577942e-30,ENSG00000159873_gna
ENSG00000132002,0.598,6.833127347258459e-30,ENSG00000132002_gna
ENSG00000114166,1.404,7.428555038553629e-30,ENSG00000114166_gna
ENSG00000170540,0.686,7.428555038553629e-30,ENSG00000170540_gna
ENSG00000131747,0.949,8.74271523444902e-30,ENSG00000131747_gna
ENSG00000247556,0.732,1.3915265274685998e-29,ENSG00000247556_gna
ENSG00000130147,0.989,2.30090549054852e-29,ENSG00000130147_gna
ENSG00000188211,-0.832,3.23137565180655e-29,ENSG00000188211_gna
ENSG00000083642,0.795,3.5255067601864e-29,ENSG00000083642_gna
ENSG00000196642,0.976,4.21716457524765e-29,ENSG00000196642_gna
ENSG00000165476,0.753,1.5031544586876498e-28,ENSG00000165476_gna
ENSG00000197312,0.9,2.52660816528559e-28,ENSG00000197312_gna
ENSG00000102189,0.887,1.0672596246296e-27,ENSG00000102189_gna
ENSG00000058272,0.728,3.27842275364502e-27,ENSG00000058272_gna
ENSG00000087086,-0.692,3.41576940914988e-27,ENSG00000087086_gna
ENSG00000003436,0.587,3.70543568018913e-27,ENSG00000003436_gna
ENSG00000115008,1.054,5.44881516720878e-27,ENSG00000115008_gna
ENSG00000135048,0.785,6.4051298866839896e-27,ENSG00000135048_gna
ENSG00000136485,0.816,7.14903681240141e-27,ENSG00000136485_gna
ENSG00000106366,0.735,1.2060054601910001e-26,ENSG00000106366_gna
ENSG00000009335,0.769,4.3150822437695097e-26,ENSG00000009335_gna
ENSG00000150938,0.607,8.74992067950465e-26,ENSG00000150938_gna
ENSG00000070814,0.859,9.41819858183815e-26,ENSG00000070814_gna
ENSG00000136381,0.811,1.4156733428411e-25,ENSG00000136381_gna
ENSG00000112096,0.739,1.6175086256476101e-25,ENSG00000112096_gna
ENSG00000092853,0.753,4.06265642009924e-25,ENSG00000092853_gna
ENSG00000163739,0.906,1.1063279014097801e-24,ENSG00000163739_gna
ENSG00000136261,0.928,8.29017579416237e-24,ENSG00000136261_gna
ENSG00000165244,1.116,1.50021618573374e-23,ENSG00000165244_gna
ENSG00000147862,0.557,2.03127075660364e-23,ENSG00000147862_gna
ENSG00000152127,-0.822,4.49972357678228e-23,ENSG00000152127_gna
ENSG00000137693,0.574,4.85045007827524e-23,ENSG00000137693_gna
ENSG00000147202,0.94,8.46787606333929e-23,ENSG00000147202_gna
ENSG00000172575,-1.492,2.94106823763587e-22,ENSG00000172575_gna
ENSG00000144228,1.159,2.9990737219346097e-22,ENSG00000144228_gna
ENSG00000172380,-0.554,3.6554475957358598e-22,ENSG00000172380_gna
ENSG00000094975,0.767,3.89052235745019e-22,ENSG00000094975_gna
ENSG00000185900,1.076,4.00090723373555e-22,ENSG00000185900_gna
ENSG00000107566,-0.937,6.07546610443279e-22,ENSG00000107566_gna
ENSG00000167460,0.505,6.1447264370119e-22,ENSG00000167460_gna
ENSG00000163527,0.524,2.05561585474472e-21,ENSG00000163527_gna
ENSG00000065809,0.779,2.17791975650243e-21,ENSG00000065809_gna
ENSG00000179855,0.9,2.22189019908259e-21,ENSG00000179855_gna
ENSG00000178691,0.727,2.47859751989981e-21,ENSG00000178691_gna
ENSG00000023171,0.64,3.7171790878981105e-21,ENSG00000023171_gna
ENSG00000108691,0.641,4.26446326609642e-21,ENSG00000108691_gna
ENSG00000165417,0.857,4.5753756722978905e-21,ENSG00000165417_gna
ENSG00000155090,0.495,2.01187542724938e-20,ENSG00000155090_gna
ENSG00000150712,0.554,3.58359955370176e-20,ENSG00000150712_gna
ENSG00000141027,0.572,4.71797074953809e-20,ENSG00000141027_gna
ENSG00000197712,0.941,4.87339006869034e-20,ENSG00000197712_gna
ENSG00000164023,0.699,5.82734654368445e-20,ENSG00000164023_gna
ENSG00000137959,-0.886,2.26897961743692e-19,ENSG00000137959_gna
ENSG00000165997,0.707,2.2753975300048603e-19,ENSG00000165997_gna
ENSG00000179119,0.772,4.52240038840114e-19,ENSG00000179119_gna
ENSG00000081320,0.95,7.105113382250431e-19,ENSG00000081320_gna
ENSG00000075568,0.643,7.77740412990637e-19,ENSG00000075568_gna
ENSG00000139722,1.043,9.57200384256005e-19,ENSG00000139722_gna
ENSG00000071054,0.7,9.6240011387793e-19,ENSG00000071054_gna
ENSG00000140157,0.669,1.28008168750895e-18,ENSG00000140157_gna
ENSG00000167881,0.794,1.40593064398107e-18,ENSG00000167881_gna
ENSG00000134070,0.594,1.681614448502e-18,ENSG00000134070_gna
ENSG00000064313,0.691,2.0316565506915e-18,ENSG00000064313_gna
ENSG00000142166,0.599,2.11002323664579e-18,ENSG00000142166_gna
ENSG00000180694,-1.028,2.33010236509104e-18,ENSG00000180694_gna
ENSG00000272886,-0.643,2.66839530121518e-18,ENSG00000272886_gna
ENSG00000028203,0.78,5.48585069764735e-18,ENSG00000028203_gna
ENSG00000114573,0.656,6.732901877249359e-18,ENSG00000114573_gna
ENSG00000100422,0.73,7.894997880375779e-18,ENSG00000100422_gna
ENSG00000119396,0.645,8.33387105362654e-18,ENSG00000119396_gna
ENSG00000185215,0.555,1.00526366021458e-17,ENSG00000185215_gna
ENSG00000104312,1.006,2.71777397927782e-17,ENSG00000104312_gna
ENSG00000109436,0.82,2.80273657722942e-17,ENSG00000109436_gna
ENSG00000163734,1.133,4.4339042813636e-17,ENSG00000163734_gna
ENSG00000117155,0.926,4.4339042813636e-17,ENSG00000117155_gna
ENSG00000148572,1.171,4.95961979786612e-17,ENSG00000148572_gna
ENSG00000146476,0.986,5.98134616014694e-17,ENSG00000146476_gna
ENSG00000109572,0.759,1.08510238329982e-16,ENSG00000109572_gna
ENSG00000113441,0.56,1.22186821689828e-16,ENSG00000113441_gna
ENSG00000107263,0.687,1.38889714034323e-16,ENSG00000107263_gna
ENSG00000165434,0.705,1.59700399021609e-16,ENSG00000165434_gna
ENSG00000260804,1.595,2.1467402764625199e-16,ENSG00000260804_gna
ENSG00000075945,1.032,3.36841382269666e-16,ENSG00000075945_gna
ENSG00000052723,-0.7,3.62947727502383e-16,ENSG00000052723_gna
ENSG00000144810,0.891,3.88993850855593e-16,ENSG00000144810_gna
ENSG00000111726,1.066,4.0874932469863197e-16,ENSG00000111726_gna
ENSG00000198668,0.663,4.11044443030897e-16,ENSG00000198668_gna
ENSG00000248323,0.549,5.986299869554779e-16,ENSG00000248323_gna
ENSG00000144560,0.779,6.10355862818624e-16,ENSG00000144560_gna
ENSG00000101182,0.861,6.139454681912889e-16,ENSG00000101182_gna
ENSG00000138757,0.561,6.916061585966039e-16,ENSG00000138757_gna
ENSG00000144029,1.032,8.634409485783039e-16,ENSG00000144029_gna
ENSG00000189159,0.824,8.668061945284801e-16,ENSG00000189159_gna
ENSG00000115902,0.654,9.17342545401518e-16,ENSG00000115902_gna
ENSG00000106785,-0.648,1.16522697100143e-15,ENSG00000106785_gna
ENSG00000123146,0.67,1.22438383270351e-15,ENSG00000123146_gna
ENSG00000049246,0.807,1.50757788976375e-15,ENSG00000049246_gna
ENSG00000081041,0.952,2.1229589016338602e-15,ENSG00000081041_gna
ENSG00000164823,0.845,2.2839464315957203e-15,ENSG00000164823_gna
ENSG00000137770,0.476,2.29001380553884e-15,ENSG00000137770_gna
ENSG00000106052,0.681,2.30161803258974e-15,ENSG00000106052_gna
ENSG00000179134,-0.553,2.3671896430409903e-15,ENSG00000179134_gna
ENSG00000055332,-0.549,2.9291546479650704e-15,ENSG00000055332_gna
ENSG00000116285,0.709,4.18585226676497e-15,ENSG00000116285_gna
ENSG00000183864,0.509,5.6821877689360205e-15,ENSG00000183864_gna
ENSG00000211455,0.615,6.6365724517351e-15,ENSG00000211455_gna
ENSG00000141664,-0.681,6.855836256963981e-15,ENSG00000141664_gna
ENSG00000151233,0.841,7.27587954292337e-15,ENSG00000151233_gna
ENSG00000104765,0.717,7.27587954292337e-15,ENSG00000104765_gna
ENSG00000125968,0.986,8.615970923045151e-15,ENSG00000125968_gna
ENSG00000129003,0.573,8.842639177739532e-15,ENSG00000129003_gna
ENSG00000136603,0.513,9.392183736350661e-15,ENSG00000136603_gna
ENSG00000132912,0.513,1.6442617196305502e-14,ENSG00000132912_gna
ENSG00000101350,0.503,2.4125409079044702e-14,ENSG00000101350_gna
ENSG00000261609,-0.669,2.8141523073219e-14,ENSG00000261609_gna
ENSG00000084090,-0.42,3.2118903126647e-14,ENSG00000084090_gna
ENSG00000084112,0.559,3.2272695821888604e-14,ENSG00000084112_gna
ENSG00000186480,0.753,3.2272695821888604e-14,ENSG00000186480_gna
ENSG00000138386,0.486,3.5290612835353e-14,ENSG00000138386_gna
ENSG00000143437,0.586,4.056996210548e-14,ENSG00000143437_gna
ENSG00000137965,0.696,6.975828671743521e-14,ENSG00000137965_gna
ENSG00000148943,0.559,7.112098406872481e-14,ENSG00000148943_gna
ENSG00000087274,0.517,7.22323190878093e-14,ENSG00000087274_gna
ENSG00000100030,0.453,8.674702226695171e-14,ENSG00000100030_gna
ENSG00000153904,0.67,9.052840653511691e-14,ENSG00000153904_gna
ENSG00000146278,0.402,1.21789725698321e-13,ENSG00000146278_gna
ENSG00000205336,0.466,1.22923940214615e-13,ENSG00000205336_gna
ENSG00000101849,0.608,1.53646885788691e-13,ENSG00000101849_gna
ENSG00000137075,-0.594,1.85853282187816e-13,ENSG00000137075_gna
ENSG00000168807,-0.695,2.64054102046565e-13,ENSG00000168807_gna
ENSG00000068912,0.626,3.5502570531262e-13,ENSG00000068912_gna
ENSG00000122376,0.665,3.88255103159537e-13,ENSG00000122376_gna
ENSG00000115935,0.538,3.92557765204768e-13,ENSG00000115935_gna
ENSG00000113070,0.901,4.98826292745709e-13,ENSG00000113070_gna
ENSG00000111450,0.759,5.75182539192791e-13,ENSG00000111450_gna
ENSG00000101347,-0.532,5.78073540468605e-13,ENSG00000101347_gna
ENSG00000144802,0.571,5.8067736170925e-13,ENSG00000144802_gna
ENSG00000111912,0.505,7.708010295196819e-13,ENSG00000111912_gna
ENSG00000176018,0.612,9.67382187894791e-13,ENSG00000176018_gna
ENSG00000165410,-0.483,9.69032684100561e-13,ENSG00000165410_gna
ENSG00000141424,0.448,1.00238461267387e-12,ENSG00000141424_gna
ENSG00000115159,-0.458,1.66964263627569e-12,ENSG00000115159_gna
ENSG00000119661,0.952,1.66964263627569e-12,ENSG00000119661_gna
ENSG00000152894,0.576,1.8026253741507199e-12,ENSG00000152894_gna
ENSG00000187735,0.667,1.99520520910562e-12,ENSG00000187735_gna
ENSG00000149289,0.643,2.27335466389289e-12,ENSG00000149289_gna
ENSG00000196083,-0.583,2.28083384010181e-12,ENSG00000196083_gna
ENSG00000152661,-0.502,2.34384709618178e-12,ENSG00000152661_gna
ENSG00000121481,0.93,2.48372725435514e-12,ENSG00000121481_gna
ENSG00000163946,0.479,2.62124154383554e-12,ENSG00000163946_gna
ENSG00000133657,0.438,2.9709006587834397e-12,ENSG00000133657_gna
ENSG00000110958,0.45,3.2010317034102697e-12,ENSG00000110958_gna
ENSG00000112697,0.496,3.62776115520248e-12,ENSG00000112697_gna
ENSG00000168710,0.402,3.69085292751079e-12,ENSG00000168710_gna
ENSG00000116489,-0.336,3.91139950609811e-12,ENSG00000116489_gna
ENSG00000117318,0.768,3.96902365280084e-12,ENSG00000117318_gna
ENSG00000184432,0.823,4.53121942885603e-12,ENSG00000184432_gna
ENSG00000135318,0.622,4.76847859122558e-12,ENSG00000135318_gna
ENSG00000165029,0.776,5.58197961578765e-12,ENSG00000165029_gna
ENSG00000168078,0.858,5.86390677082055e-12,ENSG00000168078_gna
ENSG00000148346,1.121,5.95444678653355e-12,ENSG00000148346_gna
ENSG00000116584,0.537,8.88509605134353e-12,ENSG00000116584_gna
ENSG00000185621,1.425,9.26805320506052e-12,ENSG00000185621_gna
ENSG00000152492,0.446,1.0074352040856e-11,ENSG00000152492_gna
ENSG00000137941,0.663,1.4029065721860199e-11,ENSG00000137941_gna
ENSG00000198431,0.486,1.4029065721860199e-11,ENSG00000198431_gna
ENSG00000135842,0.484,1.58535447355562e-11,ENSG00000135842_gna
ENSG00000109079,-0.439,1.6595877391692497e-11,ENSG00000109079_gna
ENSG00000105835,0.484,2.0700911354710598e-11,ENSG00000105835_gna
ENSG00000145779,0.551,2.5679613315831896e-11,ENSG00000145779_gna
ENSG00000146802,0.925,2.58143409988142e-11,ENSG00000146802_gna
ENSG00000150756,0.711,2.5826565629008698e-11,ENSG00000150756_gna
ENSG00000004700,0.606,2.65351176529466e-11,ENSG00000004700_gna
ENSG00000153147,0.559,2.6554726315665298e-11,ENSG00000153147_gna
ENSG00000112378,0.511,2.8293305977941496e-11,ENSG00000112378_gna
ENSG00000115232,1.089,2.8402441347480397e-11,ENSG00000115232_gna
ENSG00000198732,0.631,2.99154874128014e-11,ENSG00000198732_gna
ENSG00000169967,-0.515,2.99154874128014e-11,ENSG00000169967_gna
ENSG00000137414,0.729,3.5259914613346694e-11,ENSG00000137414_gna
ENSG00000118503,0.516,4.32926408845277e-11,ENSG00000118503_gna
ENSG00000162607,0.557,4.4612620972040296e-11,ENSG00000162607_gna
ENSG00000162104,0.465,4.4804767120818396e-11,ENSG00000162104_gna
ENSG00000135250,0.636,4.5306962518277096e-11,ENSG00000135250_gna
ENSG00000198363,0.314,4.70478772419782e-11,ENSG00000198363_gna
ENSG00000197147,0.823,4.76473670658605e-11,ENSG00000197147_gna
ENSG00000184207,0.9,5.21503393326274e-11,ENSG00000184207_gna
ENSG00000113658,0.507,5.3531394782966495e-11,ENSG00000113658_gna
ENSG00000164924,0.386,5.4282975095735e-11,ENSG00000164924_gna
ENSG00000164164,-0.526,5.5148189037953295e-11,ENSG00000164164_gna
ENSG00000113569,0.321,6.08103650008678e-11,ENSG00000113569_gna
ENSG00000119314,0.359,6.129888832941249e-11,ENSG00000119314_gna
ENSG00000166068,0.536,6.37309855266879e-11,ENSG00000166068_gna
ENSG00000003056,0.524,6.41990364511685e-11,ENSG00000003056_gna
ENSG00000198612,0.554,6.814531422401819e-11,ENSG00000198612_gna
ENSG00000131016,0.86,6.923517662405609e-11,ENSG00000131016_gna
ENSG00000127920,0.708,9.735046832269429e-11,ENSG00000127920_gna
ENSG00000115594,0.603,9.742399013194719e-11,ENSG00000115594_gna
ENSG00000086061,0.558,9.912601912117739e-11,ENSG00000086061_gna
ENSG00000159658,0.554,1.1848432706938002e-10,ENSG00000159658_gna
ENSG00000101773,0.573,1.33820179005669e-10,ENSG00000101773_gna
ENSG00000182621,0.863,1.35723823873843e-10,ENSG00000182621_gna
ENSG00000035403,0.387,1.5356637675269002e-10,ENSG00000035403_gna
ENSG00000138439,-0.857,1.74619201707669e-10,ENSG00000138439_gna
ENSG00000157601,-0.882,2.01157289484752e-10,ENSG00000157601_gna
ENSG00000177463,0.482,2.0757023000381002e-10,ENSG00000177463_gna
ENSG00000103429,0.585,3.1538350831260503e-10,ENSG00000103429_gna
ENSG00000174032,1.513,3.23692360176551e-10,ENSG00000174032_gna
ENSG00000170961,0.872,3.84565596865986e-10,ENSG00000170961_gna
ENSG00000158417,0.621,4.05136052694618e-10,ENSG00000158417_gna
ENSG00000100219,0.376,4.76453084277921e-10,ENSG00000100219_gna
ENSG00000134690,0.55,5.27366515668896e-10,ENSG00000134690_gna
ENSG00000066044,0.53,5.27366515668896e-10,ENSG00000066044_gna
ENSG00000106344,-0.421,5.63858746362146e-10,ENSG00000106344_gna
ENSG00000155660,0.57,6.27644516305906e-10,ENSG00000155660_gna
ENSG00000148110,0.489,6.295322481581271e-10,ENSG00000148110_gna
ENSG00000166532,0.629,6.39180491836739e-10,ENSG00000166532_gna
ENSG00000260032,0.516,6.42645813956168e-10,ENSG00000260032_gna
ENSG00000153066,0.48,6.72339230719171e-10,ENSG00000153066_gna
ENSG00000196352,0.436,7.22477234021258e-10,ENSG00000196352_gna
ENSG00000163605,0.477,7.31467653621923e-10,ENSG00000163605_gna
ENSG00000126709,-1.146,7.355789639568251e-10,ENSG00000126709_gna
ENSG00000129473,0.844,7.55917172205385e-10,ENSG00000129473_gna
ENSG00000112419,0.467,7.85196604394976e-10,ENSG00000112419_gna
ENSG00000123836,0.657,7.97247992056156e-10,ENSG00000123836_gna
ENSG00000083799,0.476,8.122089714824101e-10,ENSG00000083799_gna
ENSG00000112149,0.587,8.30846708630479e-10,ENSG00000112149_gna
ENSG00000111530,0.432,8.82007042180258e-10,ENSG00000111530_gna
ENSG00000110422,-0.368,1.1808915952854801e-09,ENSG00000110422_gna
ENSG00000173065,-0.557,1.22659932501291e-09,ENSG00000173065_gna
ENSG00000180776,0.526,1.2833456142478e-09,ENSG00000180776_gna
ENSG00000165699,0.414,1.2896533869753802e-09,ENSG00000165699_gna
ENSG00000099250,0.465,1.34742470251843e-09,ENSG00000099250_gna
ENSG00000169607,0.532,1.37683190819538e-09,ENSG00000169607_gna
ENSG00000197375,-0.546,1.3817352985419601e-09,ENSG00000197375_gna
ENSG00000125148,0.568,1.3817352985419601e-09,ENSG00000125148_gna
ENSG00000130558,0.67,1.5910367074552801e-09,ENSG00000130558_gna
ENSG00000101882,1.029,1.6437278359456e-09,ENSG00000101882_gna
ENSG00000070614,-0.485,1.7815921105107401e-09,ENSG00000070614_gna
ENSG00000068366,0.415,1.8330204935447802e-09,ENSG00000068366_gna
ENSG00000177058,0.682,1.9300453428407602e-09,ENSG00000177058_gna
ENSG00000197930,-0.534,2.10410440770158e-09,ENSG00000197930_gna
ENSG00000130066,0.554,2.54694880066652e-09,ENSG00000130066_gna
ENSG00000166598,0.417,2.71150726243859e-09,ENSG00000166598_gna
ENSG00000092201,0.417,2.93618959539326e-09,ENSG00000092201_gna
ENSG00000164294,0.559,2.9763504623945302e-09,ENSG00000164294_gna
ENSG00000139168,0.64,3.1783272702520702e-09,ENSG00000139168_gna
ENSG00000104756,0.534,3.4836080958308603e-09,ENSG00000104756_gna
ENSG00000143870,0.366,3.60632611916324e-09,ENSG00000143870_gna
ENSG00000126003,-0.495,3.6970582987854e-09,ENSG00000126003_gna
ENSG00000163840,-0.532,3.6970582987854e-09,ENSG00000163840_gna
ENSG00000102580,0.423,3.736504791117031e-09,ENSG00000102580_gna
ENSG00000130024,0.53,3.8123521892272905e-09,ENSG00000130024_gna
ENSG00000144747,0.635,3.8843926734751e-09,ENSG00000144747_gna
ENSG00000089876,0.678,3.935074398353671e-09,ENSG00000089876_gna
ENSG00000130522,0.504,4.9972531980294e-09,ENSG00000130522_gna
ENSG00000166479,0.539,5.082371619682091e-09,ENSG00000166479_gna
ENSG00000111335,-1.02,5.48722650447898e-09,ENSG00000111335_gna
ENSG00000170385,-0.507,5.555868882658611e-09,ENSG00000170385_gna
ENSG00000079332,-0.372,5.76530034401972e-09,ENSG00000079332_gna
ENSG00000277224,0.56,6.6746504487725e-09,ENSG00000277224_gna
ENSG00000021355,0.822,6.71470344188595e-09,ENSG00000021355_gna
ENSG00000034677,0.431,7.1204113506842205e-09,ENSG00000034677_gna
ENSG00000197063,0.565,7.24162420249808e-09,ENSG00000197063_gna
ENSG00000164104,0.692,7.954112170480381e-09,ENSG00000164104_gna
ENSG00000143384,0.372,8.03416571526254e-09,ENSG00000143384_gna
ENSG00000170677,0.459,8.59912781860603e-09,ENSG00000170677_gna
ENSG00000206418,0.673,9.49034381353749e-09,ENSG00000206418_gna
ENSG00000137502,-0.581,9.731020230897961e-09,ENSG00000137502_gna
ENSG00000174013,0.565,9.978690367660881e-09,ENSG00000174013_gna
ENSG00000100906,0.446,1.01195806069097e-08,ENSG00000100906_gna
ENSG00000144674,0.586,1.13334281938671e-08,ENSG00000144674_gna
ENSG00000135378,1.076,1.15219373478931e-08,ENSG00000135378_gna
ENSG00000127314,-0.438,1.1695942358044e-08,ENSG00000127314_gna
ENSG00000185515,0.672,1.24582315896068e-08,ENSG00000185515_gna
ENSG00000138061,0.657,1.25201055347764e-08,ENSG00000138061_gna
ENSG00000164219,0.614,1.31412711225062e-08,ENSG00000164219_gna
ENSG00000169925,0.487,1.42762341338993e-08,ENSG00000169925_gna
ENSG00000164506,0.459,1.42762341338993e-08,ENSG00000164506_gna
ENSG00000177888,-0.486,1.54139403861421e-08,ENSG00000177888_gna
ENSG00000114982,0.58,1.56747591870016e-08,ENSG00000114982_gna
ENSG00000198554,0.599,1.79342980107851e-08,ENSG00000198554_gna
ENSG00000064666,0.368,1.79526632666805e-08,ENSG00000064666_gna
ENSG00000175324,0.927,1.85031878802198e-08,ENSG00000175324_gna
ENSG00000102931,0.666,1.95194322295958e-08,ENSG00000102931_gna
ENSG00000198682,0.517,1.97678402738368e-08,ENSG00000198682_gna
ENSG00000153113,0.341,1.9954108983551e-08,ENSG00000153113_gna
ENSG00000099260,0.661,2.06299295258784e-08,ENSG00000099260_gna
ENSG00000104611,0.535,2.08347021962604e-08,ENSG00000104611_gna
ENSG00000116199,0.464,2.13353329580753e-08,ENSG00000116199_gna
ENSG00000133740,-0.915,2.14000596142362e-08,ENSG00000133740_gna
ENSG00000169242,0.655,2.32145678013391e-08,ENSG00000169242_gna
ENSG00000048740,-0.892,2.42869949460426e-08,ENSG00000048740_gna
ENSG00000072274,-0.382,2.56153437456143e-08,ENSG00000072274_gna
ENSG00000099194,-0.308,2.68242243591762e-08,ENSG00000099194_gna
ENSG00000108468,-0.423,2.95542701711058e-08,ENSG00000108468_gna
ENSG00000197081,0.489,2.99486548907148e-08,ENSG00000197081_gna
ENSG00000172893,-0.434,3.07021695562704e-08,ENSG00000172893_gna
ENSG00000134287,-0.391,3.26003602180936e-08,ENSG00000134287_gna
ENSG00000213047,0.68,3.33400902126257e-08,ENSG00000213047_gna
ENSG00000130340,0.452,3.49035413391148e-08,ENSG00000130340_gna
ENSG00000148175,-0.351,3.63352029354422e-08,ENSG00000148175_gna
ENSG00000075420,0.333,3.64580154976897e-08,ENSG00000075420_gna
ENSG00000132326,0.551,3.80028374055143e-08,ENSG00000132326_gna
ENSG00000119487,0.533,3.9020956170886e-08,ENSG00000119487_gna
ENSG00000111817,0.501,4.05033693994146e-08,ENSG00000111817_gna
ENSG00000012048,0.448,4.45806368480824e-08,ENSG00000012048_gna
ENSG00000118985,0.332,4.64702423334318e-08,ENSG00000118985_gna
ENSG00000123610,1.006,4.78970228667343e-08,ENSG00000123610_gna
ENSG00000075539,0.455,5.05925117946765e-08,ENSG00000075539_gna
ENSG00000198018,0.451,5.25370945655391e-08,ENSG00000198018_gna
ENSG00000101384,0.46,5.37609368354751e-08,ENSG00000101384_gna
ENSG00000115919,0.431,6.05321424194514e-08,ENSG00000115919_gna
ENSG00000176148,-0.548,6.10669300414653e-08,ENSG00000176148_gna
ENSG00000173402,-0.349,6.43206002580452e-08,ENSG00000173402_gna
ENSG00000051108,0.683,6.5621004784927e-08,ENSG00000051108_gna
ENSG00000113194,0.341,6.95183650673893e-08,ENSG00000113194_gna
ENSG00000105849,0.502,7.34433645203029e-08,ENSG00000105849_gna
ENSG00000242265,-0.292,7.55568457772514e-08,ENSG00000242265_gna
ENSG00000135164,0.487,7.56663345082944e-08,ENSG00000135164_gna
ENSG00000152778,-0.659,8.25931157912622e-08,ENSG00000152778_gna
ENSG00000134107,0.326,8.70487902731724e-08,ENSG00000134107_gna
ENSG00000182831,0.391,8.76251236316744e-08,ENSG00000182831_gna
ENSG00000185262,0.75,9.42914645937251e-08,ENSG00000185262_gna
ENSG00000162368,0.408,9.89183392682805e-08,ENSG00000162368_gna
ENSG00000116786,0.704,9.99087511019659e-08,ENSG00000116786_gna
ENSG00000136518,0.568,1.03907920782085e-07,ENSG00000136518_gna
ENSG00000176390,0.698,1.15201921349547e-07,ENSG00000176390_gna
ENSG00000125648,-0.427,1.19772120711228e-07,ENSG00000125648_gna
ENSG00000069956,-0.39,1.22074013331936e-07,ENSG00000069956_gna
ENSG00000122870,0.527,1.24901659560062e-07,ENSG00000122870_gna
ENSG00000119541,0.598,1.25352489932359e-07,ENSG00000119541_gna
ENSG00000124831,0.45,1.2976392093126e-07,ENSG00000124831_gna
ENSG00000139645,0.327,1.30792055733485e-07,ENSG00000139645_gna
ENSG00000172845,0.471,1.36541995396182e-07,ENSG00000172845_gna
ENSG00000164442,-0.545,1.37465690282947e-07,ENSG00000164442_gna
ENSG00000257923,0.358,1.48809085555789e-07,ENSG00000257923_gna
ENSG00000124357,0.722,1.56613699102956e-07,ENSG00000124357_gna
ENSG00000151835,0.356,1.62850065762568e-07,ENSG00000151835_gna
ENSG00000029363,0.369,1.66877428215227e-07,ENSG00000029363_gna
ENSG00000116133,-0.551,1.70271349657696e-07,ENSG00000116133_gna
ENSG00000075218,0.511,1.80102283647981e-07,ENSG00000075218_gna
ENSG00000031081,0.759,1.8711435081053e-07,ENSG00000031081_gna
ENSG00000074356,0.433,1.95011814404685e-07,ENSG00000074356_gna
ENSG00000108602,0.85,1.96910568305757e-07,ENSG00000108602_gna
ENSG00000105176,0.603,2.07923870205878e-07,ENSG00000105176_gna
ENSG00000120008,0.458,2.11222493790997e-07,ENSG00000120008_gna
ENSG00000187231,0.422,2.20590955961018e-07,ENSG00000187231_gna
ENSG00000140943,0.409,2.29627286376103e-07,ENSG00000140943_gna
ENSG00000124882,0.462,2.51907980737305e-07,ENSG00000124882_gna
ENSG00000119537,0.415,2.51907980737305e-07,ENSG00000119537_gna
ENSG00000054523,0.442,2.56688397715312e-07,ENSG00000054523_gna
ENSG00000113638,0.581,2.63463585377286e-07,ENSG00000113638_gna
ENSG00000084444,-0.781,2.7942896760833e-07,ENSG00000084444_gna
ENSG00000170759,0.475,2.83613761787022e-07,ENSG00000170759_gna
ENSG00000083937,0.615,2.84158396917226e-07,ENSG00000083937_gna
ENSG00000185551,-0.522,2.85602502916597e-07,ENSG00000185551_gna
ENSG00000086200,0.502,2.85910047922532e-07,ENSG00000086200_gna
ENSG00000215193,0.35,2.88222333666168e-07,ENSG00000215193_gna
ENSG00000120063,0.321,2.92221572107072e-07,ENSG00000120063_gna
ENSG00000183283,-0.335,2.96919931676616e-07,ENSG00000183283_gna
ENSG00000141682,0.613,3.40776818486377e-07,ENSG00000141682_gna
ENSG00000165675,0.748,3.50378771970501e-07,ENSG00000165675_gna
ENSG00000172795,0.594,3.72466806608343e-07,ENSG00000172795_gna
ENSG00000137094,0.611,3.75963348363347e-07,ENSG00000137094_gna
ENSG00000169375,0.344,3.75963348363347e-07,ENSG00000169375_gna
ENSG00000170542,0.732,3.84336435507412e-07,ENSG00000170542_gna
ENSG00000147408,0.647,3.84495949245315e-07,ENSG00000147408_gna
ENSG00000183486,-1.471,3.84495949245315e-07,ENSG00000183486_gna
ENSG00000165355,0.681,3.93997186379413e-07,ENSG00000165355_gna
ENSG00000143476,0.353,3.94648937831232e-07,ENSG00000143476_gna
ENSG00000049130,0.463,3.95499443926946e-07,ENSG00000049130_gna
ENSG00000110330,0.475,4.02550603800705e-07,ENSG00000110330_gna
ENSG00000118217,0.36,4.1237172338968e-07,ENSG00000118217_gna
ENSG00000138944,-0.404,4.27586614023167e-07,ENSG00000138944_gna
ENSG00000163939,0.347,4.44328991788732e-07,ENSG00000163939_gna
ENSG00000078674,0.371,5.27103499941586e-07,ENSG00000078674_gna
ENSG00000111786,0.667,5.3226455039244e-07,ENSG00000111786_gna
ENSG00000126012,0.558,5.88621872686967e-07,ENSG00000126012_gna
ENSG00000026025,0.35,5.97680774547565e-07,ENSG00000026025_gna
ENSG00000115415,-0.452,5.98524670162436e-07,ENSG00000115415_gna
ENSG00000176871,0.433,6.29867967663886e-07,ENSG00000176871_gna
ENSG00000168092,0.383,6.30030691076436e-07,ENSG00000168092_gna
ENSG00000166783,0.479,6.30370309914504e-07,ENSG00000166783_gna
ENSG00000173193,-0.395,6.32010148202537e-07,ENSG00000173193_gna
ENSG00000107863,0.318,6.5974782058102e-07,ENSG00000107863_gna
ENSG00000260196,-0.855,7.34468619216468e-07,ENSG00000260196_gna
ENSG00000070367,0.41,7.89196342619689e-07,ENSG00000070367_gna
ENSG00000169251,0.399,7.90691568605863e-07,ENSG00000169251_gna
ENSG00000114446,0.869,7.95904033819955e-07,ENSG00000114446_gna
ENSG00000138496,-0.615,8.29568353727116e-07,ENSG00000138496_gna
ENSG00000198707,0.751,8.29568353727116e-07,ENSG00000198707_gna
ENSG00000118454,0.505,8.5122571565689e-07,ENSG00000118454_gna
ENSG00000204217,-0.31,9.24381892099813e-07,ENSG00000204217_gna
ENSG00000182585,0.761,9.24381892099813e-07,ENSG00000182585_gna
ENSG00000138375,0.613,9.24381892099813e-07,ENSG00000138375_gna
ENSG00000145555,0.431,9.72401326108629e-07,ENSG00000145555_gna
ENSG00000029725,0.541,9.8440143017049e-07,ENSG00000029725_gna
ENSG00000119333,0.555,1.00425777850082e-06,ENSG00000119333_gna
ENSG00000124209,0.394,1.00425777850082e-06,ENSG00000124209_gna
ENSG00000204054,0.415,1.05525952401066e-06,ENSG00000204054_gna
ENSG00000275066,0.671,1.10535581220333e-06,ENSG00000275066_gna
ENSG00000044574,0.819,1.21045289458208e-06,ENSG00000044574_gna
ENSG00000131467,-0.325,1.23558077139779e-06,ENSG00000131467_gna
ENSG00000143153,0.264,1.26868344502197e-06,ENSG00000143153_gna
ENSG00000145685,0.419,1.28928208914491e-06,ENSG00000145685_gna
ENSG00000140299,0.39,1.32960363552442e-06,ENSG00000140299_gna
ENSG00000107758,0.511,1.35830271536063e-06,ENSG00000107758_gna
ENSG00000164292,0.286,1.367385781774e-06,ENSG00000164292_gna
ENSG00000013588,-0.314,1.45734337559664e-06,ENSG00000013588_gna
ENSG00000033867,0.446,1.49029461579319e-06,ENSG00000033867_gna
ENSG00000120137,-0.349,1.51463563802532e-06,ENSG00000120137_gna
ENSG00000205133,0.932,1.5256583670002e-06,ENSG00000205133_gna
ENSG00000128609,0.607,1.54983197169069e-06,ENSG00000128609_gna
ENSG00000188153,0.432,1.62644510824109e-06,ENSG00000188153_gna
ENSG00000148677,-0.837,1.64571037260875e-06,ENSG00000148677_gna
ENSG00000015532,0.62,1.6497772337695e-06,ENSG00000015532_gna
ENSG00000113269,0.683,1.76549410555129e-06,ENSG00000113269_gna
ENSG00000115295,0.417,1.80899844860541e-06,ENSG00000115295_gna
ENSG00000100558,0.459,1.81513262592866e-06,ENSG00000100558_gna
ENSG00000128510,-0.821,1.83672870105459e-06,ENSG00000128510_gna
ENSG00000172216,0.638,1.84650903711943e-06,ENSG00000172216_gna
ENSG00000279348,1.259,1.99320734901095e-06,ENSG00000279348_gna
ENSG00000127616,0.595,2.10177059909984e-06,ENSG00000127616_gna
ENSG00000104341,-0.353,2.18672103603892e-06,ENSG00000104341_gna
ENSG00000100097,0.401,2.1998886879451e-06,ENSG00000100097_gna
ENSG00000131378,0.803,2.1998886879451e-06,ENSG00000131378_gna
ENSG00000127463,-0.372,2.24852546057823e-06,ENSG00000127463_gna
ENSG00000200997,1.405,2.34598289786268e-06,ENSG00000200997_gna
ENSG00000170871,0.508,2.38567384962814e-06,ENSG00000170871_gna
ENSG00000171766,-2.302,2.43765996822192e-06,ENSG00000171766_gna
ENSG00000127337,0.703,2.46143766997834e-06,ENSG00000127337_gna
ENSG00000008086,0.348,2.46711112750566e-06,ENSG00000008086_gna
ENSG00000144746,0.381,2.53120530676618e-06,ENSG00000144746_gna
ENSG00000150764,0.582,2.78902167718379e-06,ENSG00000150764_gna
ENSG00000184185,0.676,2.79477669363747e-06,ENSG00000184185_gna
ENSG00000100350,-0.41,2.85102832139483e-06,ENSG00000100350_gna
ENSG00000080503,0.417,2.8604772433857e-06,ENSG00000080503_gna
ENSG00000110851,-0.456,2.90976126396006e-06,ENSG00000110851_gna
ENSG00000145901,0.603,2.91546200868844e-06,ENSG00000145901_gna
ENSG00000066926,0.494,2.94114307207039e-06,ENSG00000066926_gna
ENSG00000100139,0.474,2.94646822784001e-06,ENSG00000100139_gna
ENSG00000036257,0.389,3.00770677733431e-06,ENSG00000036257_gna
ENSG00000165891,0.357,3.0195351617191e-06,ENSG00000165891_gna
ENSG00000123485,0.405,3.04822995850249e-06,ENSG00000123485_gna
ENSG00000128272,0.274,3.04822995850249e-06,ENSG00000128272_gna
ENSG00000125730,0.307,3.05783614256703e-06,ENSG00000125730_gna
ENSG00000136560,0.56,3.16518331540941e-06,ENSG00000136560_gna
ENSG00000198408,0.381,3.21306249081455e-06,ENSG00000198408_gna
ENSG00000071794,0.405,3.30638969129521e-06,ENSG00000071794_gna
ENSG00000182504,0.508,3.44318977285594e-06,ENSG00000182504_gna
ENSG00000111961,0.356,3.7047066205096e-06,ENSG00000111961_gna
ENSG00000166825,0.645,3.86218713000183e-06,ENSG00000166825_gna
ENSG00000149428,0.541,3.87476966222121e-06,ENSG00000149428_gna
ENSG00000070831,0.266,3.97080523502538e-06,ENSG00000070831_gna
ENSG00000059378,-0.472,4.2014353916041e-06,ENSG00000059378_gna
ENSG00000092470,0.367,4.27253970213628e-06,ENSG00000092470_gna
ENSG00000143515,-0.423,4.28180860367186e-06,ENSG00000143515_gna
ENSG00000179218,0.383,4.63445183750813e-06,ENSG00000179218_gna
ENSG00000128274,0.502,4.80056251913395e-06,ENSG00000128274_gna
ENSG00000131473,0.531,4.92781052855245e-06,ENSG00000131473_gna
ENSG00000158711,0.367,4.98270563630917e-06,ENSG00000158711_gna
ENSG00000154845,0.383,5.00876788976424e-06,ENSG00000154845_gna
ENSG00000280798,-0.573,5.05899856690675e-06,ENSG00000280798_gna
ENSG00000119138,0.413,5.39194200943314e-06,ENSG00000119138_gna
ENSG00000183741,0.512,5.42791222907948e-06,ENSG00000183741_gna
ENSG00000184371,0.406,5.5307052075697e-06,ENSG00000184371_gna
ENSG00000145819,0.492,5.60321516622004e-06,ENSG00000145819_gna
ENSG00000116711,0.416,5.8822687075642e-06,ENSG00000116711_gna
ENSG00000163874,0.357,6.09720808709271e-06,ENSG00000163874_gna
ENSG00000114416,0.476,6.1212494363607e-06,ENSG00000114416_gna
ENSG00000160796,-0.422,6.37545865466582e-06,ENSG00000160796_gna
ENSG00000242247,0.591,6.42086718343591e-06,ENSG00000242247_gna
ENSG00000145569,0.517,6.426963839763e-06,ENSG00000145569_gna
ENSG00000176597,0.496,6.84552273172306e-06,ENSG00000176597_gna
ENSG00000173391,0.702,6.84552273172306e-06,ENSG00000173391_gna
ENSG00000139324,0.368,7.04035921592055e-06,ENSG00000139324_gna
ENSG00000104635,0.389,7.14161407153462e-06,ENSG00000104635_gna
ENSG00000150459,0.391,7.23276703153714e-06,ENSG00000150459_gna
ENSG00000139644,-0.248,7.23276703153714e-06,ENSG00000139644_gna
ENSG00000120256,1.025,7.90544900510397e-06,ENSG00000120256_gna
ENSG00000185033,0.348,7.9212683333064e-06,ENSG00000185033_gna
ENSG00000144063,1.123,7.92221991070451e-06,ENSG00000144063_gna
ENSG00000112984,0.326,7.98332637574578e-06,ENSG00000112984_gna
ENSG00000006451,0.464,8.06121161659541e-06,ENSG00000006451_gna
ENSG00000146247,0.319,8.2027715871377e-06,ENSG00000146247_gna
ENSG00000164252,0.738,8.23906568660543e-06,ENSG00000164252_gna
ENSG00000131148,1.001,8.52216198001297e-06,ENSG00000131148_gna
ENSG00000156535,0.297,8.57053114600499e-06,ENSG00000156535_gna
ENSG00000188636,0.358,8.68163899277301e-06,ENSG00000188636_gna
ENSG00000137492,0.41,9.10013127524561e-06,ENSG00000137492_gna
ENSG00000183421,0.748,9.14485506004409e-06,ENSG00000183421_gna
ENSG00000186522,0.427,9.37688655903612e-06,ENSG00000186522_gna
ENSG00000152270,0.482,9.44831193253123e-06,ENSG00000152270_gna
ENSG00000151239,0.351,9.59333201685089e-06,ENSG00000151239_gna
ENSG00000143473,-0.665,9.94744632462142e-06,ENSG00000143473_gna
ENSG00000188811,-0.688,1.03272781833852e-05,ENSG00000188811_gna
ENSG00000153310,-0.3,1.03397102021434e-05,ENSG00000153310_gna
ENSG00000155304,0.441,1.07614416543043e-05,ENSG00000155304_gna
ENSG00000106853,0.509,1.0865757625212e-05,ENSG00000106853_gna
ENSG00000170264,0.781,1.12453865921716e-05,ENSG00000170264_gna
ENSG00000177200,0.299,1.13617820552775e-05,ENSG00000177200_gna
ENSG00000131459,0.5,1.22123240027095e-05,ENSG00000131459_gna
ENSG00000116752,0.408,1.26128718586162e-05,ENSG00000116752_gna
ENSG00000114450,-0.274,1.31053336230928e-05,ENSG00000114450_gna
ENSG00000176678,0.491,1.32699144916655e-05,ENSG00000176678_gna
ENSG00000111331,-0.409,1.37961102822134e-05,ENSG00000111331_gna
ENSG00000114127,0.396,1.38409921408727e-05,ENSG00000114127_gna
ENSG00000111785,0.664,1.38599442142633e-05,ENSG00000111785_gna
ENSG00000186063,0.418,1.41619868618293e-05,ENSG00000186063_gna
ENSG00000184575,0.215,1.41619868618293e-05,ENSG00000184575_gna
ENSG00000151632,0.444,1.61076325283405e-05,ENSG00000151632_gna
ENSG00000124783,-0.246,1.61108664879507e-05,ENSG00000124783_gna
ENSG00000117174,-0.441,1.67863864931063e-05,ENSG00000117174_gna
ENSG00000143771,0.55,1.75439046218446e-05,ENSG00000143771_gna
ENSG00000172954,-0.324,1.79533222042235e-05,ENSG00000172954_gna
ENSG00000153046,0.405,1.80116466111586e-05,ENSG00000153046_gna
ENSG00000147475,0.463,1.8317330124856e-05,ENSG00000147475_gna
ENSG00000120685,-0.437,1.86302246514509e-05,ENSG00000120685_gna
ENSG00000169604,-0.277,1.86302246514509e-05,ENSG00000169604_gna
ENSG00000070061,0.327,1.90080077775364e-05,ENSG00000070061_gna
ENSG00000132530,-1.478,1.90401307103702e-05,ENSG00000132530_gna
ENSG00000163428,-0.281,1.95617045126697e-05,ENSG00000163428_gna
ENSG00000143702,0.527,1.95617045126697e-05,ENSG00000143702_gna
ENSG00000165288,-0.367,1.99431054361356e-05,ENSG00000165288_gna
ENSG00000133816,0.399,1.99431054361356e-05,ENSG00000133816_gna
ENSG00000107341,-0.252,1.99431054361356e-05,ENSG00000107341_gna
ENSG00000168209,0.597,2.05589408259895e-05,ENSG00000168209_gna
ENSG00000011405,-0.273,2.13264263224979e-05,ENSG00000011405_gna
ENSG00000141753,0.336,2.14414314179921e-05,ENSG00000141753_gna
ENSG00000163634,0.449,2.14550382316702e-05,ENSG00000163634_gna
ENSG00000143457,0.482,2.23267406562341e-05,ENSG00000143457_gna
ENSG00000167767,-0.293,2.27714830230885e-05,ENSG00000167767_gna
ENSG00000106688,0.465,2.2781985509081e-05,ENSG00000106688_gna
ENSG00000114098,-0.454,2.32849339089925e-05,ENSG00000114098_gna
ENSG00000186106,-1.032,2.36055375351843e-05,ENSG00000186106_gna
ENSG00000204116,-0.567,2.41166728280159e-05,ENSG00000204116_gna
ENSG00000145715,0.501,2.43798271716664e-05,ENSG00000145715_gna
ENSG00000113810,0.345,2.48721462010428e-05,ENSG00000113810_gna
ENSG00000168496,0.466,2.70397321201162e-05,ENSG00000168496_gna
ENSG00000057663,0.532,2.70585431488587e-05,ENSG00000057663_gna
ENSG00000144136,0.359,2.74019786476694e-05,ENSG00000144136_gna
ENSG00000198954,-0.494,2.7546736439524e-05,ENSG00000198954_gna
ENSG00000155115,0.596,2.8379488674377e-05,ENSG00000155115_gna
ENSG00000100934,0.28,2.85996762724857e-05,ENSG00000100934_gna
ENSG00000198604,0.398,2.96434104091501e-05,ENSG00000198604_gna
ENSG00000136238,0.287,3.02138322914459e-05,ENSG00000136238_gna
ENSG00000145604,-0.268,3.02755875961665e-05,ENSG00000145604_gna
ENSG00000101464,-0.485,3.0407295609376e-05,ENSG00000101464_gna
ENSG00000170348,0.232,3.04229867605826e-05,ENSG00000170348_gna
ENSG00000122861,1.03,3.14392066666791e-05,ENSG00000122861_gna
ENSG00000159200,0.564,3.14442731613358e-05,ENSG00000159200_gna
ENSG00000175130,-0.539,3.3810117641105e-05,ENSG00000175130_gna
ENSG00000107036,-0.283,3.45841760472497e-05,ENSG00000107036_gna
ENSG00000137124,-0.29,3.53565055576731e-05,ENSG00000137124_gna
ENSG00000174839,-0.495,3.68223415764456e-05,ENSG00000174839_gna
ENSG00000132463,0.399,3.81787857320478e-05,ENSG00000132463_gna
ENSG00000187134,0.536,3.99951633717387e-05,ENSG00000187134_gna
ENSG00000076067,-0.338,4.12481971646885e-05,ENSG00000076067_gna
ENSG00000180182,-0.355,4.12481971646885e-05,ENSG00000180182_gna
ENSG00000141198,0.437,4.19355465441444e-05,ENSG00000141198_gna
ENSG00000156110,0.439,4.19793544427421e-05,ENSG00000156110_gna
ENSG00000101558,0.244,4.19793544427421e-05,ENSG00000101558_gna
ENSG00000173210,0.429,4.23746614213105e-05,ENSG00000173210_gna
ENSG00000143924,-0.304,4.24746026255065e-05,ENSG00000143924_gna
ENSG00000130962,-0.559,4.30356007879101e-05,ENSG00000130962_gna
ENSG00000147133,0.419,4.3226829224683e-05,ENSG00000147133_gna
ENSG00000005302,0.634,4.45040412912453e-05,ENSG00000005302_gna
ENSG00000083454,-0.667,4.87696867398315e-05,ENSG00000083454_gna
ENSG00000134278,0.357,5.08213186043481e-05,ENSG00000134278_gna
ENSG00000067082,0.31,5.09993458713021e-05,ENSG00000067082_gna
ENSG00000094804,0.287,5.19700113207841e-05,ENSG00000094804_gna
ENSG00000101255,0.474,5.22107799504234e-05,ENSG00000101255_gna
ENSG00000115993,0.296,5.33668124784179e-05,ENSG00000115993_gna
ENSG00000148143,-0.449,5.43652821728802e-05,ENSG00000148143_gna
ENSG00000108509,0.319,5.43782466100892e-05,ENSG00000108509_gna
ENSG00000117899,-0.48,5.55794293969158e-05,ENSG00000117899_gna
ENSG00000187098,-0.425,5.60051490894238e-05,ENSG00000187098_gna
ENSG00000149639,-0.317,5.76894450889748e-05,ENSG00000149639_gna
ENSG00000172331,0.562,5.82621403746568e-05,ENSG00000172331_gna
ENSG00000109787,0.273,5.82621403746568e-05,ENSG00000109787_gna
ENSG00000146676,-0.282,5.82621403746568e-05,ENSG00000146676_gna
ENSG00000153246,0.308,5.8272224790446e-05,ENSG00000153246_gna
ENSG00000130821,-0.39,5.85032115832479e-05,ENSG00000130821_gna
ENSG00000162735,-0.431,5.97094421029878e-05,ENSG00000162735_gna
ENSG00000173918,0.48,6.10978167036555e-05,ENSG00000173918_gna
ENSG00000017427,1.001,6.5990241282319e-05,ENSG00000017427_gna
ENSG00000144815,0.407,6.5990241282319e-05,ENSG00000144815_gna
ENSG00000143458,0.611,6.71163465650835e-05,ENSG00000143458_gna
ENSG00000183722,0.774,6.93139943722776e-05,ENSG00000183722_gna
ENSG00000160710,-0.286,6.93665613994269e-05,ENSG00000160710_gna
ENSG00000107679,-0.398,6.95679059013571e-05,ENSG00000107679_gna
ENSG00000164761,0.809,7.0916910299043e-05,ENSG00000164761_gna
ENSG00000171223,0.441,7.56136162885715e-05,ENSG00000171223_gna
ENSG00000154229,0.276,7.6142635839247e-05,ENSG00000154229_gna
ENSG00000071537,0.275,7.6142635839247e-05,ENSG00000071537_gna
ENSG00000106799,0.384,7.74690071169134e-05,ENSG00000106799_gna
ENSG00000115963,0.418,8.26812599178889e-05,ENSG00000115963_gna
ENSG00000118762,0.446,8.28058662971448e-05,ENSG00000118762_gna
ENSG00000169554,0.471,8.28058662971448e-05,ENSG00000169554_gna
ENSG00000113356,-0.58,8.45370749297095e-05,ENSG00000113356_gna
ENSG00000257027,-1.16,8.55722485741744e-05,ENSG00000257027_gna
ENSG00000102265,0.267,8.59762014021541e-05,ENSG00000102265_gna
ENSG00000110395,-0.307,8.63316689136222e-05,ENSG00000110395_gna
ENSG00000166831,0.533,8.77433949545974e-05,ENSG00000166831_gna
ENSG00000077238,0.526,8.81235952704124e-05,ENSG00000077238_gna
ENSG00000140262,0.245,8.90550289415488e-05,ENSG00000140262_gna
ENSG00000071051,0.828,8.93684644780252e-05,ENSG00000071051_gna
ENSG00000102401,0.484,8.93684644780252e-05,ENSG00000102401_gna
ENSG00000139719,0.684,8.93684644780252e-05,ENSG00000139719_gna
ENSG00000113811,0.637,8.95130686489434e-05,ENSG00000113811_gna
ENSG00000143252,0.271,8.95130686489434e-05,ENSG00000143252_gna
ENSG00000019186,0.661,8.98241050777335e-05,ENSG00000019186_gna
ENSG00000211448,0.46,8.98610087368434e-05,ENSG00000211448_gna
ENSG00000071539,0.269,9.02997076313289e-05,ENSG00000071539_gna
ENSG00000112715,0.301,9.32145723805655e-05,ENSG00000112715_gna
ENSG00000167202,0.476,9.33907861879294e-05,ENSG00000167202_gna
ENSG00000113552,0.346,9.44488468963383e-05,ENSG00000113552_gna
ENSG00000041982,0.446,9.44488468963383e-05,ENSG00000041982_gna
ENSG00000132478,0.443,9.68386190590819e-05,ENSG00000132478_gna
ENSG00000156802,0.284,9.71933195711739e-05,ENSG00000156802_gna
ENSG00000151502,0.563,9.77191423524661e-05,ENSG00000151502_gna
ENSG00000135241,0.422,9.97299627547645e-05,ENSG00000135241_gna
ENSG00000166510,0.727,0.0,ENSG00000166510_gna
ENSG00000138685,0.306,0.0,ENSG00000138685_gna
ENSG00000198959,0.356,0.0,ENSG00000198959_gna
ENSG00000155850,0.365,0.0,ENSG00000155850_gna
ENSG00000109805,0.366,0.0,ENSG00000109805_gna
ENSG00000171241,0.48,0.0,ENSG00000171241_gna
ENSG00000072571,0.495,0.0,ENSG00000072571_gna
ENSG00000057252,0.394,0.0,ENSG00000057252_gna
ENSG00000119397,0.472,0.0,ENSG00000119397_gna
ENSG00000140464,-0.326,0.0,ENSG00000140464_gna
ENSG00000056558,0.802,0.0,ENSG00000056558_gna
ENSG00000186815,0.5,0.0,ENSG00000186815_gna
ENSG00000162409,-0.348,0.0,ENSG00000162409_gna
ENSG00000145545,-0.358,0.0,ENSG00000145545_gna
ENSG00000157538,0.487,0.0,ENSG00000157538_gna
ENSG00000076928,0.434,0.0,ENSG00000076928_gna
ENSG00000102054,0.241,0.0,ENSG00000102054_gna
ENSG00000118193,0.366,0.0,ENSG00000118193_gna
ENSG00000183775,0.531,0.0,ENSG00000183775_gna
ENSG00000138442,-0.308,0.0,ENSG00000138442_gna
ENSG00000137776,0.411,0.0,ENSG00000137776_gna
ENSG00000188786,-0.326,0.0,ENSG00000188786_gna
ENSG00000132470,0.373,0.0,ENSG00000132470_gna
ENSG00000100292,-0.391,0.0,ENSG00000100292_gna
ENSG00000073150,0.643,0.0,ENSG00000073150_gna
ENSG00000228716,0.283,0.0,ENSG00000228716_gna
ENSG00000085433,0.517,0.0,ENSG00000085433_gna
ENSG00000133026,0.467,0.0,ENSG00000133026_gna
ENSG00000124493,-2.773,0.0,ENSG00000124493_gna
ENSG00000104067,0.302,0.0,ENSG00000104067_gna
ENSG00000130589,-0.666,0.0,ENSG00000130589_gna
ENSG00000089818,-0.399,0.0,ENSG00000089818_gna
ENSG00000095015,-0.432,0.0,ENSG00000095015_gna
ENSG00000135046,0.303,0.0,ENSG00000135046_gna
ENSG00000065413,0.385,0.0,ENSG00000065413_gna
ENSG00000073614,0.398,0.0,ENSG00000073614_gna
ENSG00000122729,0.36,0.0,ENSG00000122729_gna
ENSG00000148411,-0.436,0.0,ENSG00000148411_gna
ENSG00000134250,0.288,0.0,ENSG00000134250_gna
ENSG00000102531,0.214,0.0,ENSG00000102531_gna
ENSG00000161217,0.346,0.0,ENSG00000161217_gna
ENSG00000009954,0.316,0.0,ENSG00000009954_gna
ENSG00000169905,0.326,0.0,ENSG00000169905_gna
ENSG00000146072,-0.326,0.0,ENSG00000146072_gna
ENSG00000140332,0.285,0.0,ENSG00000140332_gna
ENSG00000165240,0.445,0.0,ENSG00000165240_gna
ENSG00000066279,0.258,0.0,ENSG00000066279_gna
ENSG00000133789,0.447,0.0,ENSG00000133789_gna
ENSG00000101057,0.455,0.0,ENSG00000101057_gna
ENSG00000102241,0.609,0.0,ENSG00000102241_gna
ENSG00000153179,0.361,0.0,ENSG00000153179_gna
ENSG00000121879,0.399,0.0,ENSG00000121879_gna
ENSG00000130382,0.424,0.0,ENSG00000130382_gna
ENSG00000152137,0.295,0.0,ENSG00000152137_gna
ENSG00000006453,0.333,0.0,ENSG00000006453_gna
ENSG00000130956,0.974,0.0,ENSG00000130956_gna
ENSG00000170153,-0.343,0.0,ENSG00000170153_gna
ENSG00000184897,0.701,0.0,ENSG00000184897_gna
ENSG00000177383,0.629,0.0,ENSG00000177383_gna
ENSG00000107130,-0.381,0.0,ENSG00000107130_gna
ENSG00000127870,0.384,0.0,ENSG00000127870_gna
ENSG00000183735,0.398,0.0,ENSG00000183735_gna
ENSG00000185896,-0.25,0.0,ENSG00000185896_gna
ENSG00000123643,0.339,0.0,ENSG00000123643_gna
ENSG00000151893,-0.227,0.0,ENSG00000151893_gna
ENSG00000186951,-0.392,0.0,ENSG00000186951_gna
ENSG00000184867,0.304,0.0,ENSG00000184867_gna
ENSG00000122592,-0.888,0.0,ENSG00000122592_gna
ENSG00000029153,0.312,0.0,ENSG00000029153_gna
ENSG00000152242,0.352,0.0,ENSG00000152242_gna
ENSG00000082482,1.273,0.0,ENSG00000082482_gna
ENSG00000125354,0.495,0.0,ENSG00000125354_gna
ENSG00000155846,-0.497,0.0,ENSG00000155846_gna
ENSG00000185658,-0.337,0.0,ENSG00000185658_gna
ENSG00000015171,0.345,0.0,ENSG00000015171_gna
ENSG00000180537,0.445,0.0,ENSG00000180537_gna
ENSG00000077097,0.443,0.0,ENSG00000077097_gna
ENSG00000144426,0.371,0.0,ENSG00000144426_gna
ENSG00000115652,0.548,0.0,ENSG00000115652_gna
ENSG00000163714,0.254,0.0,ENSG00000163714_gna
ENSG00000165312,0.42,0.0,ENSG00000165312_gna
ENSG00000278272,0.55,0.0,ENSG00000278272_gna
ENSG00000159842,0.363,0.0,ENSG00000159842_gna
ENSG00000273983,0.302,0.0,ENSG00000273983_gna
ENSG00000146457,0.285,0.0,ENSG00000146457_gna
ENSG00000115091,0.265,0.0,ENSG00000115091_gna
ENSG00000197747,0.361,0.0,ENSG00000197747_gna
ENSG00000165072,-0.394,0.0,ENSG00000165072_gna
ENSG00000168461,0.239,0.0,ENSG00000168461_gna
ENSG00000116984,0.332,0.0,ENSG00000116984_gna
ENSG00000005339,0.226,0.0,ENSG00000005339_gna
ENSG00000124570,0.464,0.0,ENSG00000124570_gna
ENSG00000120868,0.417,0.0,ENSG00000120868_gna
ENSG00000126945,0.342,0.0,ENSG00000126945_gna
ENSG00000141446,0.494,0.0,ENSG00000141446_gna
ENSG00000113504,0.63,0.0,ENSG00000113504_gna
ENSG00000047644,0.288,0.0,ENSG00000047644_gna
ENSG00000198464,-0.509,0.0,ENSG00000198464_gna
ENSG00000186298,-0.265,0.0,ENSG00000186298_gna
ENSG00000149231,0.379,0.0,ENSG00000149231_gna
ENSG00000129083,0.293,0.0,ENSG00000129083_gna
ENSG00000196739,-0.463,0.0,ENSG00000196739_gna
ENSG00000058056,0.333,0.0,ENSG00000058056_gna
ENSG00000153560,-0.231,0.0,ENSG00000153560_gna
ENSG00000115084,0.31,0.0,ENSG00000115084_gna
ENSG00000171320,0.383,0.0,ENSG00000171320_gna
ENSG00000196821,0.57,0.0,ENSG00000196821_gna
ENSG00000213341,0.415,0.0,ENSG00000213341_gna
ENSG00000169826,0.414,0.0,ENSG00000169826_gna
ENSG00000160741,-0.298,0.0,ENSG00000160741_gna
ENSG00000170340,0.473,0.0,ENSG00000170340_gna
ENSG00000040199,0.391,0.0,ENSG00000040199_gna
ENSG00000111816,-0.518,0.0,ENSG00000111816_gna
ENSG00000153201,0.288,0.0,ENSG00000153201_gna
ENSG00000105825,0.402,0.0,ENSG00000105825_gna
ENSG00000137710,0.274,0.0,ENSG00000137710_gna
ENSG00000148120,0.365,0.0,ENSG00000148120_gna
ENSG00000163820,-0.364,0.0,ENSG00000163820_gna
ENSG00000185278,-0.489,0.0,ENSG00000185278_gna
ENSG00000071564,0.321,0.0,ENSG00000071564_gna
ENSG00000044115,0.408,0.0,ENSG00000044115_gna
ENSG00000012983,0.265,0.0,ENSG00000012983_gna
ENSG00000101333,-0.434,0.0,ENSG00000101333_gna
ENSG00000065882,0.392,0.0,ENSG00000065882_gna
ENSG00000115520,0.391,0.0,ENSG00000115520_gna
ENSG00000135913,-0.29,0.0,ENSG00000135913_gna
ENSG00000154222,0.446,0.0,ENSG00000154222_gna
ENSG00000162928,0.474,0.0,ENSG00000162928_gna
ENSG00000075651,0.499,0.0,ENSG00000075651_gna
ENSG00000115145,0.383,0.0,ENSG00000115145_gna
ENSG00000144231,0.528,0.0,ENSG00000144231_gna
ENSG00000121039,-0.497,0.0,ENSG00000121039_gna
ENSG00000065308,-0.357,0.0,ENSG00000065308_gna
ENSG00000131844,-0.328,0.0,ENSG00000131844_gna
ENSG00000138448,-0.248,0.0,ENSG00000138448_gna
ENSG00000122644,0.407,0.0,ENSG00000122644_gna
ENSG00000114062,0.272,0.0,ENSG00000114062_gna
ENSG00000123243,-2.643,0.0,ENSG00000123243_gna
ENSG00000136636,0.377,0.0,ENSG00000136636_gna
ENSG00000089006,0.307,0.0,ENSG00000089006_gna
ENSG00000092621,0.436,0.0,ENSG00000092621_gna
ENSG00000180979,-0.491,0.0,ENSG00000180979_gna
ENSG00000168685,0.336,0.0,ENSG00000168685_gna
ENSG00000196935,-0.318,0.0,ENSG00000196935_gna
ENSG00000197555,0.321,0.0,ENSG00000197555_gna
ENSG00000122299,0.309,0.0,ENSG00000122299_gna
ENSG00000041353,0.362,0.0,ENSG00000041353_gna
ENSG00000198836,0.274,0.0,ENSG00000198836_gna
ENSG00000143742,0.311,0.0,ENSG00000143742_gna
ENSG00000124635,0.599,0.0,ENSG00000124635_gna
ENSG00000176623,0.532,0.0,ENSG00000176623_gna
ENSG00000213281,-0.268,0.0,ENSG00000213281_gna
ENSG00000106299,0.271,0.0,ENSG00000106299_gna
ENSG00000108960,0.555,0.0,ENSG00000108960_gna
ENSG00000048649,0.335,0.0,ENSG00000048649_gna
ENSG00000164402,0.434,0.0,ENSG00000164402_gna
ENSG00000196747,0.76,0.0,ENSG00000196747_gna
ENSG00000119669,0.469,0.0,ENSG00000119669_gna
ENSG00000160179,0.547,0.0,ENSG00000160179_gna
ENSG00000111615,0.329,0.0,ENSG00000111615_gna
ENSG00000085491,0.597,0.0,ENSG00000085491_gna
ENSG00000164466,0.256,0.0,ENSG00000164466_gna
ENSG00000222724,1.484,0.0,ENSG00000222724_gna
ENSG00000107779,0.429,0.0,ENSG00000107779_gna
ENSG00000139438,1.295,0.0,ENSG00000139438_gna
ENSG00000143674,-0.416,0.0,ENSG00000143674_gna
ENSG00000171848,0.243,0.0,ENSG00000171848_gna
ENSG00000112763,0.444,0.0,ENSG00000112763_gna
ENSG00000081026,0.331,0.0,ENSG00000081026_gna
ENSG00000116678,0.485,0.0,ENSG00000116678_gna
ENSG00000113328,-0.317,0.0,ENSG00000113328_gna
ENSG00000107789,0.641,0.0,ENSG00000107789_gna
ENSG00000164040,0.33,0.0,ENSG00000164040_gna
ENSG00000066777,0.277,0.0,ENSG00000066777_gna
ENSG00000137822,-0.305,0.0,ENSG00000137822_gna
ENSG00000162222,0.431,0.0,ENSG00000162222_gna
ENSG00000174106,0.4,0.0,ENSG00000174106_gna
ENSG00000165152,-0.419,0.0,ENSG00000165152_gna
ENSG00000076108,0.238,0.0,ENSG00000076108_gna
ENSG00000114480,0.349,0.0,ENSG00000114480_gna
ENSG00000090339,0.461,0.0,ENSG00000090339_gna
ENSG00000111802,0.327,0.0,ENSG00000111802_gna
ENSG00000133119,0.33,0.0,ENSG00000133119_gna
ENSG00000134077,0.381,0.0,ENSG00000134077_gna
ENSG00000137812,0.248,0.0,ENSG00000137812_gna
ENSG00000198087,0.298,0.0,ENSG00000198087_gna
ENSG00000156587,-1.268,0.0,ENSG00000156587_gna
ENSG00000116138,-0.332,0.0,ENSG00000116138_gna
ENSG00000205413,-0.326,0.0,ENSG00000205413_gna
ENSG00000213626,-0.349,0.0,ENSG00000213626_gna
ENSG00000204138,0.303,0.0,ENSG00000204138_gna
ENSG00000145907,-0.258,0.0,ENSG00000145907_gna
ENSG00000137331,0.395,0.0,ENSG00000137331_gna
ENSG00000123505,-0.237,0.0,ENSG00000123505_gna
ENSG00000181634,0.663,0.0,ENSG00000181634_gna
ENSG00000069399,0.295,0.0,ENSG00000069399_gna
ENSG00000131871,0.508,0.0,ENSG00000131871_gna
ENSG00000110108,0.312,0.0,ENSG00000110108_gna
ENSG00000164951,-0.297,0.0,ENSG00000164951_gna
ENSG00000037749,-0.362,0.0,ENSG00000037749_gna
ENSG00000113621,-0.391,0.0,ENSG00000113621_gna
ENSG00000138821,0.297,0.0,ENSG00000138821_gna
ENSG00000180573,0.551,0.0,ENSG00000180573_gna
ENSG00000105974,0.258,0.0,ENSG00000105974_gna
ENSG00000135899,-0.575,0.0,ENSG00000135899_gna
ENSG00000114346,0.224,0.0,ENSG00000114346_gna
ENSG00000024422,-0.229,0.0,ENSG00000024422_gna
ENSG00000119922,0.526,0.0,ENSG00000119922_gna
ENSG00000147400,0.492,0.0,ENSG00000147400_gna
ENSG00000137936,0.312,0.0,ENSG00000137936_gna
ENSG00000203722,0.402,0.0,ENSG00000203722_gna
ENSG00000145050,0.338,0.0,ENSG00000145050_gna
ENSG00000106829,-0.396,0.0,ENSG00000106829_gna
ENSG00000282826,0.492,0.0,ENSG00000282826_gna
ENSG00000157570,0.689,0.0,ENSG00000157570_gna
ENSG00000140598,0.401,0.0,ENSG00000140598_gna
ENSG00000141449,-0.352,0.0,ENSG00000141449_gna
ENSG00000039319,0.283,0.0,ENSG00000039319_gna
ENSG00000179820,0.344,0.0,ENSG00000179820_gna
ENSG00000164134,0.306,0.0,ENSG00000164134_gna
ENSG00000150403,0.415,0.0,ENSG00000150403_gna
ENSG00000149636,0.459,0.0,ENSG00000149636_gna
ENSG00000276293,0.633,0.0,ENSG00000276293_gna
ENSG00000167962,0.387,0.0,ENSG00000167962_gna
ENSG00000169499,-0.216,0.0,ENSG00000169499_gna
ENSG00000038219,0.365,0.0,ENSG00000038219_gna
ENSG00000135709,0.747,0.0,ENSG00000135709_gna
ENSG00000104343,-0.447,0.0,ENSG00000104343_gna
ENSG00000135821,0.32,0.0,ENSG00000135821_gna
ENSG00000105968,0.334,0.0,ENSG00000105968_gna
ENSG00000132768,-0.309,0.0,ENSG00000132768_gna
ENSG00000104231,0.355,0.0,ENSG00000104231_gna
ENSG00000164111,0.24,0.0,ENSG00000164111_gna
ENSG00000205250,-0.278,0.0,ENSG00000205250_gna
ENSG00000148450,0.521,0.0,ENSG00000148450_gna
ENSG00000146477,0.391,0.0,ENSG00000146477_gna
ENSG00000124380,0.495,0.0,ENSG00000124380_gna
ENSG00000204291,0.289,0.0,ENSG00000204291_gna
ENSG00000185070,0.381,0.0,ENSG00000185070_gna
ENSG00000142871,-0.298,0.0,ENSG00000142871_gna
ENSG00000174640,0.436,0.0,ENSG00000174640_gna
ENSG00000120805,-0.351,0.0,ENSG00000120805_gna
ENSG00000100354,-0.257,0.0,ENSG00000100354_gna
ENSG00000130508,0.304,0.0,ENSG00000130508_gna
ENSG00000156970,0.235,0.0,ENSG00000156970_gna
ENSG00000160588,0.858,0.0,ENSG00000160588_gna
ENSG00000163001,0.602,0.0,ENSG00000163001_gna
ENSG00000163349,-0.208,0.0,ENSG00000163349_gna
ENSG00000117000,0.247,0.0,ENSG00000117000_gna
ENSG00000166135,-0.31,0.0,ENSG00000166135_gna
ENSG00000225921,0.505,0.0,ENSG00000225921_gna
ENSG00000189060,0.361,0.0,ENSG00000189060_gna
ENSG00000196411,0.429,0.0,ENSG00000196411_gna
ENSG00000113595,0.674,0.0,ENSG00000113595_gna
ENSG00000124788,0.317,0.0,ENSG00000124788_gna
ENSG00000277775,0.463,0.0,ENSG00000277775_gna
ENSG00000185624,0.39,0.0,ENSG00000185624_gna
ENSG00000121274,0.429,0.0,ENSG00000121274_gna
ENSG00000124145,0.245,0.0,ENSG00000124145_gna
ENSG00000147883,0.285,0.0,ENSG00000147883_gna
ENSG00000111602,0.374,0.0,ENSG00000111602_gna
ENSG00000166750,0.301,0.0,ENSG00000166750_gna
ENSG00000272391,-0.233,0.0,ENSG00000272391_gna
ENSG00000107897,0.507,0.0,ENSG00000107897_gna
ENSG00000111364,0.466,0.0,ENSG00000111364_gna
ENSG00000111711,0.285,0.0,ENSG00000111711_gna
ENSG00000179094,0.284,0.0,ENSG00000179094_gna
ENSG00000125827,0.488,0.0,ENSG00000125827_gna
ENSG00000178607,0.316,0.0,ENSG00000178607_gna
ENSG00000033627,-0.288,0.0,ENSG00000033627_gna
ENSG00000170456,0.249,0.0,ENSG00000170456_gna
ENSG00000100395,0.375,0.0,ENSG00000100395_gna
ENSG00000204130,-0.501,0.0,ENSG00000204130_gna
ENSG00000135837,0.287,0.0,ENSG00000135837_gna
ENSG00000143569,-0.23,0.0,ENSG00000143569_gna
ENSG00000122591,0.254,0.0,ENSG00000122591_gna
ENSG00000106605,0.754,0.0,ENSG00000106605_gna
ENSG00000108679,-0.192,0.0,ENSG00000108679_gna
ENSG00000133961,0.377,0.0,ENSG00000133961_gna
ENSG00000151491,0.263,0.0,ENSG00000151491_gna
ENSG00000153071,-0.316,0.0,ENSG00000153071_gna
ENSG00000171204,-0.36,0.0,ENSG00000171204_gna
ENSG00000186283,0.491,0.0,ENSG00000186283_gna
ENSG00000139219,-2.5,0.0,ENSG00000139219_gna
ENSG00000204580,0.497,0.0,ENSG00000204580_gna
ENSG00000104497,0.617,0.0,ENSG00000104497_gna
ENSG00000138646,-0.276,0.0,ENSG00000138646_gna
ENSG00000132274,-1.515,0.0,ENSG00000132274_gna
ENSG00000189057,0.344,0.0,ENSG00000189057_gna
ENSG00000198837,-0.331,0.0,ENSG00000198837_gna
ENSG00000110888,0.382,0.0,ENSG00000110888_gna
ENSG00000174951,1.14,0.0,ENSG00000174951_gna
ENSG00000101079,0.352,0.0,ENSG00000101079_gna
ENSG00000139278,0.246,0.0,ENSG00000139278_gna
ENSG00000205763,0.899,0.0,ENSG00000205763_gna
ENSG00000254635,0.733,0.0,ENSG00000254635_gna
ENSG00000168214,-0.292,0.0,ENSG00000168214_gna
ENSG00000136986,0.305,0.0,ENSG00000136986_gna
ENSG00000147010,0.282,0.0,ENSG00000147010_gna
ENSG00000101040,0.393,0.0,ENSG00000101040_gna
ENSG00000117525,-0.307,0.0,ENSG00000117525_gna
ENSG00000167900,0.437,0.0,ENSG00000167900_gna
ENSG00000135002,0.29,0.0,ENSG00000135002_gna
ENSG00000120889,0.308,0.0,ENSG00000120889_gna
ENSG00000109685,0.339,0.0,ENSG00000109685_gna
ENSG00000107443,0.598,0.0,ENSG00000107443_gna
ENSG00000100239,0.445,0.0,ENSG00000100239_gna
ENSG00000186205,-0.425,0.0,ENSG00000186205_gna
ENSG00000150768,-0.286,0.0,ENSG00000150768_gna
ENSG00000101596,0.286,0.0,ENSG00000101596_gna
ENSG00000163297,0.5,0.0,ENSG00000163297_gna
ENSG00000135272,0.382,0.0,ENSG00000135272_gna
ENSG00000149136,0.35,0.0,ENSG00000149136_gna
ENSG00000143815,0.282,0.0,ENSG00000143815_gna
ENSG00000162433,-0.273,0.0,ENSG00000162433_gna
ENSG00000248109,0.564,0.0,ENSG00000248109_gna
ENSG00000133216,0.458,0.0,ENSG00000133216_gna
ENSG00000130119,-0.2,0.0,ENSG00000130119_gna
ENSG00000075790,0.407,0.0,ENSG00000075790_gna
ENSG00000072518,-0.253,0.0,ENSG00000072518_gna
ENSG00000260220,-3.151,0.0,ENSG00000260220_gna
ENSG00000112297,0.501,0.0,ENSG00000112297_gna
ENSG00000197780,0.322,0.0,ENSG00000197780_gna
ENSG00000151388,-1.822,0.0,ENSG00000151388_gna
ENSG00000184164,0.626,0.0,ENSG00000184164_gna
ENSG00000113580,0.181,0.0,ENSG00000113580_gna
ENSG00000087302,0.352,0.0,ENSG00000087302_gna
ENSG00000174705,0.305,0.0,ENSG00000174705_gna
ENSG00000204186,1.019,0.0,ENSG00000204186_gna
ENSG00000247626,-0.45,0.0,ENSG00000247626_gna
ENSG00000107984,-0.664,0.0,ENSG00000107984_gna
ENSG00000116675,0.568,0.0,ENSG00000116675_gna
ENSG00000145734,0.426,0.0,ENSG00000145734_gna
ENSG00000197321,0.35,0.0,ENSG00000197321_gna
ENSG00000065000,0.295,0.0,ENSG00000065000_gna
ENSG00000169398,0.241,0.0,ENSG00000169398_gna
ENSG00000184076,0.413,0.0,ENSG00000184076_gna
ENSG00000188647,-0.244,0.0,ENSG00000188647_gna
ENSG00000134970,0.252,0.0,ENSG00000134970_gna
ENSG00000051341,0.346,0.0,ENSG00000051341_gna
ENSG00000163655,0.22,0.0,ENSG00000163655_gna
ENSG00000156256,0.288,0.0,ENSG00000156256_gna
ENSG00000109519,0.463,0.0,ENSG00000109519_gna
ENSG00000111110,-0.521,0.0,ENSG00000111110_gna
ENSG00000139289,0.339,0.0,ENSG00000139289_gna
ENSG00000169180,-0.231,0.0,ENSG00000169180_gna
ENSG00000105856,0.42,0.0,ENSG00000105856_gna
ENSG00000082074,-2.049,0.0,ENSG00000082074_gna
ENSG00000132846,-0.507,0.0,ENSG00000132846_gna
ENSG00000107731,0.789,0.0,ENSG00000107731_gna
ENSG00000196313,-0.325,0.0,ENSG00000196313_gna
ENSG00000153936,0.345,0.0,ENSG00000153936_gna
ENSG00000118965,-0.454,0.0,ENSG00000118965_gna
ENSG00000167004,0.263,0.0,ENSG00000167004_gna
ENSG00000134294,0.246,0.0,ENSG00000134294_gna
ENSG00000176890,0.391,0.0,ENSG00000176890_gna
ENSG00000118564,0.332,0.0,ENSG00000118564_gna
ENSG00000174574,0.25,0.0,ENSG00000174574_gna
ENSG00000150093,0.331,0.0,ENSG00000150093_gna
ENSG00000197860,0.358,0.0,ENSG00000197860_gna
ENSG00000005700,0.35,0.0,ENSG00000005700_gna
ENSG00000169926,0.534,0.0,ENSG00000169926_gna
ENSG00000165671,-0.233,0.0,ENSG00000165671_gna
ENSG00000076351,-0.421,0.0,ENSG00000076351_gna
ENSG00000115310,0.163,0.0,ENSG00000115310_gna
ENSG00000153132,0.565,0.0,ENSG00000153132_gna
ENSG00000136854,0.346,0.0,ENSG00000136854_gna
ENSG00000168314,-2.608,0.0,ENSG00000168314_gna
ENSG00000183576,-0.313,0.0,ENSG00000183576_gna
ENSG00000124795,0.307,0.0,ENSG00000124795_gna
ENSG00000134255,-0.297,0.0,ENSG00000134255_gna
ENSG00000278705,0.642,0.0,ENSG00000278705_gna
ENSG00000038274,0.328,0.0,ENSG00000038274_gna
ENSG00000102317,0.287,0.0,ENSG00000102317_gna
ENSG00000104660,0.365,0.0,ENSG00000104660_gna
ENSG00000180044,1.329,0.0,ENSG00000180044_gna
ENSG00000172840,-0.704,0.0,ENSG00000172840_gna
ENSG00000139116,0.332,0.0,ENSG00000139116_gna
ENSG00000168288,0.246,0.0,ENSG00000168288_gna
ENSG00000184445,0.303,0.0,ENSG00000184445_gna
ENSG00000162769,-0.348,0.0,ENSG00000162769_gna
ENSG00000105887,-0.215,0.0,ENSG00000105887_gna
ENSG00000031003,0.383,0.0,ENSG00000031003_gna
ENSG00000153767,0.526,0.0,ENSG00000153767_gna
ENSG00000130707,0.357,0.0,ENSG00000130707_gna
ENSG00000076003,0.35,0.0,ENSG00000076003_gna
ENSG00000170185,0.352,0.0,ENSG00000170185_gna
ENSG00000167670,0.437,0.0,ENSG00000167670_gna
ENSG00000086189,0.385,0.0,ENSG00000086189_gna
ENSG00000178980,0.37,0.0,ENSG00000178980_gna
ENSG00000196139,0.392,0.0,ENSG00000196139_gna
ENSG00000111911,0.52,0.0,ENSG00000111911_gna
ENSG00000090530,0.369,0.0,ENSG00000090530_gna
ENSG00000108774,-0.326,0.0,ENSG00000108774_gna
ENSG00000076554,-0.319,0.0,ENSG00000076554_gna
ENSG00000105723,-0.312,0.0,ENSG00000105723_gna
ENSG00000173540,0.444,0.0,ENSG00000173540_gna
ENSG00000215301,0.276,0.0,ENSG00000215301_gna
ENSG00000123739,0.583,0.0,ENSG00000123739_gna
ENSG00000132357,0.364,0.0,ENSG00000132357_gna
ENSG00000163348,0.412,0.0,ENSG00000163348_gna
ENSG00000159459,0.249,0.0,ENSG00000159459_gna
ENSG00000165650,0.272,0.0,ENSG00000165650_gna
ENSG00000143603,-2.208,0.0,ENSG00000143603_gna
ENSG00000273703,0.8,0.0,ENSG00000273703_gna
ENSG00000197043,0.454,0.0,ENSG00000197043_gna
ENSG00000139433,0.37,0.0,ENSG00000139433_gna
ENSG00000214160,-0.244,0.0,ENSG00000214160_gna
ENSG00000072210,0.281,0.0,ENSG00000072210_gna
ENSG00000119707,0.261,0.0,ENSG00000119707_gna
ENSG00000278828,0.548,0.0,ENSG00000278828_gna
ENSG00000138434,0.179,0.0,ENSG00000138434_gna
ENSG00000182718,0.35,0.0,ENSG00000182718_gna
ENSG00000197714,-0.255,0.0,ENSG00000197714_gna
ENSG00000023287,0.256,0.0,ENSG00000023287_gna
ENSG00000120333,0.597,0.0,ENSG00000120333_gna
ENSG00000196428,0.295,0.0,ENSG00000196428_gna
ENSG00000111237,0.357,0.0,ENSG00000111237_gna
ENSG00000132330,-0.735,0.0,ENSG00000132330_gna
ENSG00000120699,0.363,0.0,ENSG00000120699_gna
ENSG00000138073,0.372,0.0,ENSG00000138073_gna
ENSG00000160685,0.309,0.0,ENSG00000160685_gna
ENSG00000162772,0.343,0.0,ENSG00000162772_gna
ENSG00000163812,-0.3,0.0,ENSG00000163812_gna
ENSG00000066933,0.25,0.0,ENSG00000066933_gna
ENSG00000113368,0.233,0.0,ENSG00000113368_gna
ENSG00000139921,-0.285,0.0,ENSG00000139921_gna
ENSG00000012174,0.281,0.0,ENSG00000012174_gna
ENSG00000204356,0.44,0.0,ENSG00000204356_gna
ENSG00000176907,0.52,0.0,ENSG00000176907_gna
ENSG00000168874,0.786,0.0,ENSG00000168874_gna
ENSG00000169436,-1.967,0.0,ENSG00000169436_gna
ENSG00000100311,0.589,0.0,ENSG00000100311_gna
ENSG00000162909,0.291,0.0,ENSG00000162909_gna
ENSG00000115758,0.385,0.0,ENSG00000115758_gna
ENSG00000104419,0.279,0.0,ENSG00000104419_gna
ENSG00000135269,0.21,0.0,ENSG00000135269_gna
ENSG00000166233,-0.272,0.0,ENSG00000166233_gna
ENSG00000136891,-0.305,0.0,ENSG00000136891_gna
ENSG00000082458,0.446,0.0,ENSG00000082458_gna
ENSG00000120370,0.392,0.0,ENSG00000120370_gna
ENSG00000124107,0.382,0.0,ENSG00000124107_gna
ENSG00000084733,-0.231,0.0,ENSG00000084733_gna
ENSG00000171992,-0.324,0.0,ENSG00000171992_gna
ENSG00000039523,-0.287,0.0,ENSG00000039523_gna
ENSG00000164692,-2.352,0.0,ENSG00000164692_gna
ENSG00000025772,-0.276,0.0,ENSG00000025772_gna
ENSG00000149600,0.43,0.0,ENSG00000149600_gna
ENSG00000067182,0.226,0.0,ENSG00000067182_gna
ENSG00000128408,0.916,0.0,ENSG00000128408_gna
ENSG00000152484,0.338,0.0,ENSG00000152484_gna
ENSG00000111665,0.413,0.0,ENSG00000111665_gna
ENSG00000120896,0.338,0.0,ENSG00000120896_gna
ENSG00000197565,0.35,0.0,ENSG00000197565_gna
ENSG00000103591,0.329,0.0,ENSG00000103591_gna
ENSG00000104613,0.32,0.0,ENSG00000104613_gna
ENSG00000168282,0.348,0.0,ENSG00000168282_gna
ENSG00000143190,-0.311,0.0,ENSG00000143190_gna
ENSG00000196911,0.487,0.0,ENSG00000196911_gna
ENSG00000082175,-2.99,0.0,ENSG00000082175_gna
ENSG00000147669,0.315,0.0,ENSG00000147669_gna
ENSG00000069974,0.375,0.0,ENSG00000069974_gna
ENSG00000138759,-0.251,0.0,ENSG00000138759_gna
ENSG00000164976,-0.238,0.0,ENSG00000164976_gna
ENSG00000070540,0.459,0.0,ENSG00000070540_gna
ENSG00000138758,0.216,0.0,ENSG00000138758_gna
ENSG00000204604,-0.437,0.0,ENSG00000204604_gna
ENSG00000077782,0.262,0.0,ENSG00000077782_gna
ENSG00000128512,0.31,0.0,ENSG00000128512_gna
ENSG00000259956,0.33,0.0,ENSG00000259956_gna
ENSG00000135912,-0.255,0.0,ENSG00000135912_gna
ENSG00000120162,-0.293,0.0,ENSG00000120162_gna
ENSG00000108561,-0.48,0.0,ENSG00000108561_gna
ENSG00000128228,0.816,0.0,ENSG00000128228_gna
ENSG00000213551,0.318,0.0,ENSG00000213551_gna
ENSG00000163539,-0.261,0.0,ENSG00000163539_gna
ENSG00000137100,0.422,0.0,ENSG00000137100_gna
ENSG00000081923,-0.487,0.0,ENSG00000081923_gna
ENSG00000148700,0.345,0.0,ENSG00000148700_gna
ENSG00000183856,0.254,0.0,ENSG00000183856_gna
ENSG00000127483,0.205,0.0,ENSG00000127483_gna
ENSG00000149115,0.353,0.0,ENSG00000149115_gna
ENSG00000151892,-3.047,0.0,ENSG00000151892_gna
ENSG00000243444,0.37,0.0,ENSG00000243444_gna
ENSG00000060718,-1.871,0.0,ENSG00000060718_gna
ENSG00000116514,0.373,0.0,ENSG00000116514_gna
ENSG00000100523,0.348,0.0,ENSG00000100523_gna
ENSG00000140937,0.707,0.0,ENSG00000140937_gna
ENSG00000085117,0.719,0.0,ENSG00000085117_gna
ENSG00000125630,-0.291,0.0,ENSG00000125630_gna
ENSG00000109084,-0.228,0.0,ENSG00000109084_gna
ENSG00000164542,0.516,0.0,ENSG00000164542_gna
ENSG00000085840,0.313,0.0,ENSG00000085840_gna
ENSG00000082213,-0.284,0.0,ENSG00000082213_gna
ENSG00000186575,-0.33,0.0,ENSG00000186575_gna
ENSG00000099338,-1.854,0.0,ENSG00000099338_gna
ENSG00000108349,-0.227,0.0,ENSG00000108349_gna
ENSG00000133318,0.215,0.0,ENSG00000133318_gna
ENSG00000077312,0.294,0.0,ENSG00000077312_gna
ENSG00000205592,-1.858,0.0,ENSG00000205592_gna
ENSG00000157077,0.431,0.0,ENSG00000157077_gna
ENSG00000129657,-0.232,0.0,ENSG00000129657_gna
ENSG00000163624,-0.59,0.0,ENSG00000163624_gna
ENSG00000002834,-0.172,0.0,ENSG00000002834_gna
ENSG00000138642,-0.436,0.0,ENSG00000138642_gna
ENSG00000145794,-2.31,0.0,ENSG00000145794_gna
ENSG00000138074,-0.311,0.0,ENSG00000138074_gna
ENSG00000061676,0.198,0.0,ENSG00000061676_gna
ENSG00000103066,0.584,0.0,ENSG00000103066_gna
ENSG00000179862,0.492,0.0,ENSG00000179862_gna
ENSG00000139354,0.282,0.0,ENSG00000139354_gna
ENSG00000135924,0.34,0.0,ENSG00000135924_gna
ENSG00000055044,0.3,0.0,ENSG00000055044_gna
ENSG00000275713,0.544,0.0,ENSG00000275713_gna
ENSG00000134775,0.616,0.0,ENSG00000134775_gna
ENSG00000116747,0.276,0.0,ENSG00000116747_gna
ENSG00000163818,0.322,0.0,ENSG00000163818_gna
ENSG00000147130,-0.348,0.0,ENSG00000147130_gna
ENSG00000103241,0.737,0.0,ENSG00000103241_gna
ENSG00000147316,0.364,0.0,ENSG00000147316_gna
ENSG00000062194,0.255,0.0,ENSG00000062194_gna
ENSG00000121579,-0.182,0.0,ENSG00000121579_gna
ENSG00000089685,0.474,0.0,ENSG00000089685_gna
ENSG00000166473,-1.922,0.01,ENSG00000166473_gna
ENSG00000226564,-0.717,0.01,ENSG00000226564_gna
ENSG00000176454,-0.324,0.01,ENSG00000176454_gna
ENSG00000198805,0.366,0.01,ENSG00000198805_gna
ENSG00000149547,-0.306,0.01,ENSG00000149547_gna
ENSG00000164032,0.303,0.01,ENSG00000164032_gna
ENSG00000132334,0.515,0.01,ENSG00000132334_gna
ENSG00000278259,0.414,0.01,ENSG00000278259_gna
ENSG00000254726,-0.51,0.01,ENSG00000254726_gna
ENSG00000181019,0.234,0.01,ENSG00000181019_gna
ENSG00000128283,-0.218,0.01,ENSG00000128283_gna
ENSG00000165733,0.38,0.01,ENSG00000165733_gna
ENSG00000211584,-0.236,0.01,ENSG00000211584_gna
ENSG00000151572,0.494,0.01,ENSG00000151572_gna
ENSG00000139613,-0.214,0.01,ENSG00000139613_gna
ENSG00000159202,-0.167,0.01,ENSG00000159202_gna
ENSG00000269968,-2.188,0.01,ENSG00000269968_gna
ENSG00000165389,0.354,0.01,ENSG00000165389_gna
ENSG00000069966,0.321,0.01,ENSG00000069966_gna
ENSG00000131470,0.442,0.01,ENSG00000131470_gna
ENSG00000131013,0.447,0.01,ENSG00000131013_gna
ENSG00000165233,0.674,0.01,ENSG00000165233_gna
ENSG00000201558,0.623,0.01,ENSG00000201558_gna
ENSG00000136770,0.452,0.01,ENSG00000136770_gna
ENSG00000133243,0.496,0.01,ENSG00000133243_gna
ENSG00000014216,0.324,0.01,ENSG00000014216_gna
ENSG00000131626,0.227,0.01,ENSG00000131626_gna
ENSG00000162512,0.53,0.01,ENSG00000162512_gna
ENSG00000169490,-0.371,0.01,ENSG00000169490_gna
ENSG00000155366,0.243,0.01,ENSG00000155366_gna
ENSG00000167770,-0.241,0.01,ENSG00000167770_gna
ENSG00000068308,0.28,0.01,ENSG00000068308_gna
ENSG00000174371,0.307,0.01,ENSG00000174371_gna
ENSG00000233822,0.358,0.01,ENSG00000233822_gna
ENSG00000148248,0.331,0.01,ENSG00000148248_gna
ENSG00000113712,0.386,0.01,ENSG00000113712_gna
ENSG00000154122,-0.184,0.01,ENSG00000154122_gna
ENSG00000163661,0.748,0.01,ENSG00000163661_gna
ENSG00000103540,0.258,0.01,ENSG00000103540_gna
ENSG00000158258,-2.719,0.01,ENSG00000158258_gna
ENSG00000267519,0.399,0.01,ENSG00000267519_gna
ENSG00000104884,-0.323,0.01,ENSG00000104884_gna
ENSG00000135750,0.309,0.01,ENSG00000135750_gna
ENSG00000052126,0.279,0.01,ENSG00000052126_gna
ENSG00000152818,0.298,0.01,ENSG00000152818_gna
ENSG00000147123,0.264,0.01,ENSG00000147123_gna
ENSG00000132383,0.359,0.01,ENSG00000132383_gna
ENSG00000084073,0.274,0.01,ENSG00000084073_gna
ENSG00000101160,0.394,0.01,ENSG00000101160_gna
ENSG00000248333,0.355,0.01,ENSG00000248333_gna
ENSG00000115339,0.426,0.01,ENSG00000115339_gna
ENSG00000179869,-1.793,0.01,ENSG00000179869_gna
ENSG00000112118,0.285,0.01,ENSG00000112118_gna
ENSG00000206560,0.277,0.01,ENSG00000206560_gna
ENSG00000168958,0.245,0.01,ENSG00000168958_gna
ENSG00000101343,0.558,0.01,ENSG00000101343_gna
ENSG00000149483,-0.277,0.01,ENSG00000149483_gna
ENSG00000114331,0.27,0.01,ENSG00000114331_gna
ENSG00000182095,0.321,0.01,ENSG00000182095_gna
ENSG00000157827,0.343,0.01,ENSG00000157827_gna
ENSG00000166033,0.416,0.01,ENSG00000166033_gna
ENSG00000253438,-1.693,0.01,ENSG00000253438_gna
ENSG00000210127,-1.551,0.01,ENSG00000210127_gna
ENSG00000170955,0.485,0.01,ENSG00000170955_gna
ENSG00000153214,0.39,0.01,ENSG00000153214_gna
ENSG00000067533,-0.357,0.01,ENSG00000067533_gna
ENSG00000169230,0.364,0.01,ENSG00000169230_gna
ENSG00000158158,-0.457,0.01,ENSG00000158158_gna
ENSG00000187398,0.937,0.01,ENSG00000187398_gna
ENSG00000136861,0.227,0.01,ENSG00000136861_gna
ENSG00000165169,0.28,0.01,ENSG00000165169_gna
ENSG00000180818,-0.318,0.01,ENSG00000180818_gna
ENSG00000164649,0.333,0.01,ENSG00000164649_gna
ENSG00000136810,0.249,0.01,ENSG00000136810_gna
ENSG00000165304,0.291,0.01,ENSG00000165304_gna
ENSG00000136235,-0.429,0.01,ENSG00000136235_gna
ENSG00000148357,-1.55,0.01,ENSG00000148357_gna
ENSG00000167863,0.325,0.01,ENSG00000167863_gna
ENSG00000108091,-0.203,0.01,ENSG00000108091_gna
ENSG00000233608,0.429,0.01,ENSG00000233608_gna
ENSG00000072062,0.227,0.01,ENSG00000072062_gna
ENSG00000113360,-0.164,0.01,ENSG00000113360_gna
ENSG00000122735,-3.03,0.01,ENSG00000122735_gna
ENSG00000112769,0.268,0.01,ENSG00000112769_gna
ENSG00000117650,0.383,0.01,ENSG00000117650_gna
ENSG00000116729,-0.321,0.01,ENSG00000116729_gna
ENSG00000261373,-0.567,0.01,ENSG00000261373_gna
ENSG00000116237,0.263,0.01,ENSG00000116237_gna
ENSG00000269821,-1.521,0.01,ENSG00000269821_gna
ENSG00000164659,0.435,0.01,ENSG00000164659_gna
ENSG00000114978,-0.223,0.01,ENSG00000114978_gna
ENSG00000162972,0.62,0.01,ENSG00000162972_gna
ENSG00000166949,0.191,0.01,ENSG00000166949_gna
ENSG00000171723,0.345,0.01,ENSG00000171723_gna
ENSG00000189241,-0.251,0.01,ENSG00000189241_gna
ENSG00000171862,0.254,0.01,ENSG00000171862_gna
ENSG00000143401,0.276,0.01,ENSG00000143401_gna
ENSG00000167258,-0.181,0.01,ENSG00000167258_gna
ENSG00000164199,-1.546,0.01,ENSG00000164199_gna
ENSG00000110799,-1.895,0.01,ENSG00000110799_gna
ENSG00000118007,0.246,0.01,ENSG00000118007_gna
ENSG00000102804,0.242,0.01,ENSG00000102804_gna
ENSG00000249937,-1.647,0.01,ENSG00000249937_gna
ENSG00000142149,0.365,0.01,ENSG00000142149_gna
ENSG00000143013,0.283,0.01,ENSG00000143013_gna
ENSG00000166164,0.295,0.01,ENSG00000166164_gna
ENSG00000143355,-0.467,0.01,ENSG00000143355_gna
ENSG00000155100,-0.36,0.01,ENSG00000155100_gna
ENSG00000067064,0.303,0.01,ENSG00000067064_gna
ENSG00000185565,-2.853,0.01,ENSG00000185565_gna
ENSG00000140525,0.313,0.01,ENSG00000140525_gna
ENSG00000277157,0.547,0.01,ENSG00000277157_gna
ENSG00000075223,0.267,0.01,ENSG00000075223_gna
ENSG00000171928,0.318,0.01,ENSG00000171928_gna
ENSG00000164124,-0.749,0.01,ENSG00000164124_gna
ENSG00000180758,-0.33,0.01,ENSG00000180758_gna
ENSG00000137575,0.234,0.01,ENSG00000137575_gna
ENSG00000177409,-0.451,0.01,ENSG00000177409_gna
ENSG00000170234,0.37,0.01,ENSG00000170234_gna
ENSG00000122482,0.214,0.01,ENSG00000122482_gna
ENSG00000138768,0.266,0.01,ENSG00000138768_gna
ENSG00000125868,0.264,0.01,ENSG00000125868_gna
ENSG00000156030,-0.219,0.01,ENSG00000156030_gna
ENSG00000147689,0.38,0.01,ENSG00000147689_gna
ENSG00000137713,0.447,0.01,ENSG00000137713_gna
ENSG00000118508,0.438,0.01,ENSG00000118508_gna
ENSG00000169564,0.269,0.01,ENSG00000169564_gna
ENSG00000050438,-1.947,0.01,ENSG00000050438_gna
ENSG00000100485,0.368,0.01,ENSG00000100485_gna
ENSG00000143479,0.374,0.01,ENSG00000143479_gna
ENSG00000162736,-0.178,0.01,ENSG00000162736_gna
ENSG00000121957,0.268,0.01,ENSG00000121957_gna
ENSG00000164237,-0.325,0.01,ENSG00000164237_gna
ENSG00000113739,0.229,0.01,ENSG00000113739_gna
ENSG00000039123,0.295,0.01,ENSG00000039123_gna
ENSG00000144642,0.249,0.01,ENSG00000144642_gna
ENSG00000198700,0.165,0.01,ENSG00000198700_gna
ENSG00000198862,-0.239,0.01,ENSG00000198862_gna
ENSG00000217128,0.208,0.01,ENSG00000217128_gna
ENSG00000160551,0.207,0.01,ENSG00000160551_gna
ENSG00000075415,0.272,0.01,ENSG00000075415_gna
ENSG00000135604,0.605,0.01,ENSG00000135604_gna
ENSG00000116016,0.181,0.01,ENSG00000116016_gna
ENSG00000118898,0.358,0.01,ENSG00000118898_gna
ENSG00000198791,0.208,0.01,ENSG00000198791_gna
ENSG00000099958,1.096,0.01,ENSG00000099958_gna
ENSG00000138750,0.291,0.01,ENSG00000138750_gna
ENSG00000005812,0.256,0.01,ENSG00000005812_gna
ENSG00000151725,0.408,0.01,ENSG00000151725_gna
ENSG00000087095,0.271,0.01,ENSG00000087095_gna
ENSG00000230102,-4.174,0.01,ENSG00000230102_gna
ENSG00000128908,0.276,0.01,ENSG00000128908_gna
ENSG00000275221,0.691,0.01,ENSG00000275221_gna
ENSG00000111057,0.404,0.01,ENSG00000111057_gna
ENSG00000197183,-0.43,0.01,ENSG00000197183_gna
ENSG00000108846,0.237,0.01,ENSG00000108846_gna
ENSG00000132485,0.232,0.01,ENSG00000132485_gna
ENSG00000155966,-2.449,0.01,ENSG00000155966_gna
ENSG00000136378,0.554,0.01,ENSG00000136378_gna
ENSG00000182752,0.205,0.01,ENSG00000182752_gna
ENSG00000253311,-2.48,0.01,ENSG00000253311_gna
ENSG00000182809,0.401,0.01,ENSG00000182809_gna
ENSG00000148841,0.236,0.01,ENSG00000148841_gna
ENSG00000274641,0.281,0.01,ENSG00000274641_gna
ENSG00000162496,0.499,0.01,ENSG00000162496_gna
ENSG00000167695,-0.348,0.01,ENSG00000167695_gna
ENSG00000162929,0.41,0.01,ENSG00000162929_gna
ENSG00000180357,-0.168,0.01,ENSG00000180357_gna
ENSG00000126351,0.341,0.01,ENSG00000126351_gna
ENSG00000197208,0.599,0.01,ENSG00000197208_gna
ENSG00000165609,-0.207,0.01,ENSG00000165609_gna
ENSG00000141385,0.379,0.01,ENSG00000141385_gna
ENSG00000121057,-0.246,0.01,ENSG00000121057_gna
ENSG00000132952,0.332,0.01,ENSG00000132952_gna
ENSG00000118655,0.341,0.01,ENSG00000118655_gna
ENSG00000146281,0.373,0.01,ENSG00000146281_gna
ENSG00000141582,0.285,0.01,ENSG00000141582_gna
ENSG00000161011,0.254,0.01,ENSG00000161011_gna
ENSG00000163975,0.493,0.01,ENSG00000163975_gna
ENSG00000157985,0.272,0.01,ENSG00000157985_gna
ENSG00000080824,0.304,0.01,ENSG00000080824_gna
ENSG00000068305,0.223,0.01,ENSG00000068305_gna
ENSG00000285219,-1.454,0.01,ENSG00000285219_gna
ENSG00000164588,-1.932,0.01,ENSG00000164588_gna
ENSG00000100342,-0.743,0.01,ENSG00000100342_gna
ENSG00000187840,0.362,0.01,ENSG00000187840_gna
ENSG00000160714,-0.259,0.01,ENSG00000160714_gna
ENSG00000137168,0.295,0.01,ENSG00000137168_gna
ENSG00000100034,0.356,0.01,ENSG00000100034_gna
ENSG00000164379,0.405,0.01,ENSG00000164379_gna
ENSG00000104331,-0.221,0.01,ENSG00000104331_gna
ENSG00000125534,0.385,0.01,ENSG00000125534_gna
ENSG00000174564,0.363,0.01,ENSG00000174564_gna
ENSG00000104687,0.334,0.01,ENSG00000104687_gna
ENSG00000119408,-0.246,0.01,ENSG00000119408_gna
ENSG00000162408,-0.249,0.01,ENSG00000162408_gna
ENSG00000185697,0.305,0.01,ENSG00000185697_gna
ENSG00000117748,0.399,0.01,ENSG00000117748_gna
ENSG00000157800,0.407,0.01,ENSG00000157800_gna
ENSG00000173905,0.386,0.01,ENSG00000173905_gna
ENSG00000163811,-0.241,0.01,ENSG00000163811_gna
ENSG00000107643,-0.365,0.01,ENSG00000107643_gna
ENSG00000101782,0.224,0.01,ENSG00000101782_gna
ENSG00000132466,-0.215,0.01,ENSG00000132466_gna
ENSG00000100889,0.514,0.01,ENSG00000100889_gna
ENSG00000158062,0.478,0.01,ENSG00000158062_gna
ENSG00000177301,-2.313,0.01,ENSG00000177301_gna
ENSG00000257298,-2.129,0.01,ENSG00000257298_gna
ENSG00000169857,0.6,0.01,ENSG00000169857_gna
ENSG00000110911,0.214,0.01,ENSG00000110911_gna
ENSG00000103064,-0.214,0.01,ENSG00000103064_gna
ENSG00000100284,0.427,0.01,ENSG00000100284_gna
ENSG00000276966,0.599,0.01,ENSG00000276966_gna
ENSG00000166503,0.259,0.01,ENSG00000166503_gna
ENSG00000106086,0.344,0.01,ENSG00000106086_gna
ENSG00000124214,0.229,0.01,ENSG00000124214_gna
ENSG00000047365,0.33,0.01,ENSG00000047365_gna
ENSG00000265190,0.485,0.01,ENSG00000265190_gna
ENSG00000009790,-2.691,0.01,ENSG00000009790_gna
ENSG00000242593,-2.877,0.01,ENSG00000242593_gna
ENSG00000154127,-0.341,0.01,ENSG00000154127_gna
ENSG00000055917,0.243,0.01,ENSG00000055917_gna
ENSG00000123136,0.494,0.01,ENSG00000123136_gna
ENSG00000071243,0.349,0.01,ENSG00000071243_gna
ENSG00000116698,-0.209,0.01,ENSG00000116698_gna
ENSG00000279942,-4.684,0.01,ENSG00000279942_gna
ENSG00000166037,0.23,0.01,ENSG00000166037_gna
ENSG00000171634,0.225,0.01,ENSG00000171634_gna
ENSG00000183742,-2.209,0.01,ENSG00000183742_gna
ENSG00000085760,0.475,0.01,ENSG00000085760_gna
ENSG00000171658,0.435,0.01,ENSG00000171658_gna
ENSG00000110047,0.331,0.01,ENSG00000110047_gna
ENSG00000134986,0.368,0.01,ENSG00000134986_gna
ENSG00000134109,0.226,0.01,ENSG00000134109_gna
ENSG00000140992,0.262,0.01,ENSG00000140992_gna
ENSG00000166069,-2.887,0.01,ENSG00000166069_gna
ENSG00000111266,0.443,0.01,ENSG00000111266_gna
ENSG00000159792,0.384,0.01,ENSG00000159792_gna
ENSG00000092199,-0.161,0.01,ENSG00000092199_gna
ENSG00000138592,0.236,0.01,ENSG00000138592_gna
ENSG00000072736,-0.285,0.01,ENSG00000072736_gna
ENSG00000092847,0.219,0.01,ENSG00000092847_gna
ENSG00000151789,-2.297,0.01,ENSG00000151789_gna
ENSG00000002079,-2.152,0.01,ENSG00000002079_gna
ENSG00000197061,0.588,0.01,ENSG00000197061_gna
ENSG00000125520,0.307,0.01,ENSG00000125520_gna
ENSG00000137860,-2.622,0.01,ENSG00000137860_gna
ENSG00000180098,0.576,0.01,ENSG00000180098_gna
ENSG00000141380,0.26,0.01,ENSG00000141380_gna
ENSG00000082146,-0.471,0.01,ENSG00000082146_gna
ENSG00000139163,0.306,0.01,ENSG00000139163_gna
ENSG00000151276,-0.349,0.01,ENSG00000151276_gna
ENSG00000175779,-2.286,0.01,ENSG00000175779_gna
ENSG00000171316,0.247,0.01,ENSG00000171316_gna
ENSG00000092108,0.27,0.01,ENSG00000092108_gna
ENSG00000181649,1.0,0.01,ENSG00000181649_gna
ENSG00000163159,-0.317,0.01,ENSG00000163159_gna
ENSG00000166401,0.372,0.01,ENSG00000166401_gna
ENSG00000226674,-2.149,0.01,ENSG00000226674_gna
ENSG00000180596,0.326,0.01,ENSG00000180596_gna
ENSG00000119403,0.276,0.01,ENSG00000119403_gna
ENSG00000170091,-2.823,0.01,ENSG00000170091_gna
ENSG00000075702,0.355,0.01,ENSG00000075702_gna
ENSG00000143878,-0.197,0.01,ENSG00000143878_gna
ENSG00000085511,0.346,0.01,ENSG00000085511_gna
ENSG00000167074,0.578,0.01,ENSG00000167074_gna
ENSG00000221963,-0.278,0.01,ENSG00000221963_gna
ENSG00000143294,0.224,0.01,ENSG00000143294_gna
ENSG00000149380,0.4,0.01,ENSG00000149380_gna
ENSG00000187607,0.454,0.01,ENSG00000187607_gna
ENSG00000151689,0.438,0.01,ENSG00000151689_gna
ENSG00000270641,-1.619,0.01,ENSG00000270641_gna
ENSG00000124225,0.325,0.01,ENSG00000124225_gna
ENSG00000188641,0.357,0.01,ENSG00000188641_gna
ENSG00000066629,0.53,0.01,ENSG00000066629_gna
ENSG00000198055,0.401,0.01,ENSG00000198055_gna
ENSG00000206828,0.845,0.01,ENSG00000206828_gna
ENSG00000156603,0.679,0.01,ENSG00000156603_gna
ENSG00000127946,0.32,0.01,ENSG00000127946_gna
ENSG00000170312,0.311,0.01,ENSG00000170312_gna
ENSG00000136643,0.278,0.01,ENSG00000136643_gna
ENSG00000179348,0.394,0.01,ENSG00000179348_gna
ENSG00000174444,0.333,0.01,ENSG00000174444_gna
ENSG00000082701,0.206,0.01,ENSG00000082701_gna
ENSG00000104805,0.298,0.01,ENSG00000104805_gna
ENSG00000164902,0.335,0.01,ENSG00000164902_gna
ENSG00000164603,-0.546,0.01,ENSG00000164603_gna
ENSG00000103723,-1.998,0.01,ENSG00000103723_gna
ENSG00000188419,0.278,0.01,ENSG00000188419_gna
ENSG00000107937,0.3,0.01,ENSG00000107937_gna
ENSG00000124532,-0.424,0.01,ENSG00000124532_gna
ENSG00000151929,0.348,0.01,ENSG00000151929_gna
ENSG00000108100,0.238,0.01,ENSG00000108100_gna
ENSG00000184992,0.299,0.01,ENSG00000184992_gna
ENSG00000106462,0.251,0.01,ENSG00000106462_gna
ENSG00000105643,0.6,0.01,ENSG00000105643_gna
ENSG00000151458,0.249,0.01,ENSG00000151458_gna
ENSG00000228590,-2.437,0.01,ENSG00000228590_gna
ENSG00000034510,0.323,0.01,ENSG00000034510_gna
ENSG00000118523,-0.238,0.01,ENSG00000118523_gna
ENSG00000171960,0.398,0.01,ENSG00000171960_gna
ENSG00000087074,0.292,0.01,ENSG00000087074_gna
ENSG00000103966,0.208,0.01,ENSG00000103966_gna
ENSG00000242498,-0.308,0.01,ENSG00000242498_gna
ENSG00000264230,0.804,0.01,ENSG00000264230_gna
ENSG00000255529,0.307,0.01,ENSG00000255529_gna
ENSG00000166173,0.288,0.01,ENSG00000166173_gna
ENSG00000165806,0.391,0.01,ENSG00000165806_gna
ENSG00000018510,-0.191,0.01,ENSG00000018510_gna
ENSG00000110076,-2.45,0.01,ENSG00000110076_gna
ENSG00000122728,-2.145,0.01,ENSG00000122728_gna
ENSG00000102753,-0.238,0.01,ENSG00000102753_gna
ENSG00000059758,0.335,0.01,ENSG00000059758_gna
ENSG00000253490,-3.178,0.01,ENSG00000253490_gna
ENSG00000089693,-0.21,0.01,ENSG00000089693_gna
ENSG00000108854,-0.325,0.01,ENSG00000108854_gna
ENSG00000100297,0.229,0.01,ENSG00000100297_gna
ENSG00000011426,0.186,0.01,ENSG00000011426_gna
ENSG00000137038,0.289,0.01,ENSG00000137038_gna
ENSG00000284959,-2.786,0.01,ENSG00000284959_gna
ENSG00000129204,-2.188,0.01,ENSG00000129204_gna
ENSG00000128591,0.335,0.01,ENSG00000128591_gna
ENSG00000102362,0.548,0.01,ENSG00000102362_gna
ENSG00000132825,-0.51,0.01,ENSG00000132825_gna
ENSG00000121904,-1.936,0.01,ENSG00000121904_gna
ENSG00000163935,0.344,0.01,ENSG00000163935_gna
ENSG00000083099,0.33,0.01,ENSG00000083099_gna
ENSG00000101972,0.204,0.01,ENSG00000101972_gna
ENSG00000100393,-0.167,0.01,ENSG00000100393_gna
ENSG00000047634,0.3,0.01,ENSG00000047634_gna
ENSG00000280011,-1.406,0.01,ENSG00000280011_gna
ENSG00000172404,-3.407,0.01,ENSG00000172404_gna
ENSG00000106367,-0.277,0.01,ENSG00000106367_gna
ENSG00000100426,0.243,0.01,ENSG00000100426_gna
ENSG00000278311,0.427,0.01,ENSG00000278311_gna
ENSG00000065154,-0.41,0.01,ENSG00000065154_gna
ENSG00000006788,-2.584,0.01,ENSG00000006788_gna
ENSG00000075188,0.3,0.01,ENSG00000075188_gna
ENSG00000174099,0.25,0.01,ENSG00000174099_gna
ENSG00000158079,0.403,0.01,ENSG00000158079_gna
ENSG00000112624,-0.336,0.01,ENSG00000112624_gna
ENSG00000184357,0.262,0.01,ENSG00000184357_gna
ENSG00000142534,0.362,0.01,ENSG00000142534_gna
ENSG00000158122,0.424,0.01,ENSG00000158122_gna
ENSG00000162399,-2.502,0.01,ENSG00000162399_gna
ENSG00000128266,0.521,0.01,ENSG00000128266_gna
ENSG00000224086,-1.393,0.01,ENSG00000224086_gna
ENSG00000159069,0.382,0.01,ENSG00000159069_gna
ENSG00000169504,0.161,0.01,ENSG00000169504_gna
ENSG00000115414,0.2,0.01,ENSG00000115414_gna
ENSG00000133639,0.258,0.01,ENSG00000133639_gna
ENSG00000110195,0.362,0.02,ENSG00000110195_gna
ENSG00000101019,0.318,0.02,ENSG00000101019_gna
ENSG00000182287,0.279,0.02,ENSG00000182287_gna
ENSG00000279080,-2.003,0.02,ENSG00000279080_gna
ENSG00000286125,-2.286,0.02,ENSG00000286125_gna
ENSG00000087903,0.491,0.02,ENSG00000087903_gna
ENSG00000164342,-0.511,0.02,ENSG00000164342_gna
ENSG00000237649,0.486,0.02,ENSG00000237649_gna
ENSG00000085982,0.299,0.02,ENSG00000085982_gna
ENSG00000107338,0.335,0.02,ENSG00000107338_gna
ENSG00000102882,0.355,0.02,ENSG00000102882_gna
ENSG00000167110,0.347,0.02,ENSG00000167110_gna
ENSG00000159388,-0.374,0.02,ENSG00000159388_gna
ENSG00000157445,0.405,0.02,ENSG00000157445_gna
ENSG00000109332,-0.264,0.02,ENSG00000109332_gna
ENSG00000079246,0.165,0.02,ENSG00000079246_gna
ENSG00000150782,-0.293,0.02,ENSG00000150782_gna
ENSG00000149089,0.374,0.02,ENSG00000149089_gna
ENSG00000136999,-0.261,0.02,ENSG00000136999_gna
ENSG00000079215,-0.637,0.02,ENSG00000079215_gna
ENSG00000245573,-1.071,0.02,ENSG00000245573_gna
ENSG00000111885,0.307,0.02,ENSG00000111885_gna
ENSG00000196876,-1.542,0.02,ENSG00000196876_gna
ENSG00000114315,0.486,0.02,ENSG00000114315_gna
ENSG00000068323,0.192,0.02,ENSG00000068323_gna
ENSG00000160785,-0.256,0.02,ENSG00000160785_gna
ENSG00000134709,0.474,0.02,ENSG00000134709_gna
ENSG00000144749,0.462,0.02,ENSG00000144749_gna
ENSG00000112312,0.317,0.02,ENSG00000112312_gna
ENSG00000162627,0.453,0.02,ENSG00000162627_gna
ENSG00000241956,-1.914,0.02,ENSG00000241956_gna
ENSG00000188559,0.362,0.02,ENSG00000188559_gna
ENSG00000166822,0.451,0.02,ENSG00000166822_gna
ENSG00000056050,0.602,0.02,ENSG00000056050_gna
ENSG00000139880,-0.39,0.02,ENSG00000139880_gna
ENSG00000066084,-0.204,0.02,ENSG00000066084_gna
ENSG00000178913,0.359,0.02,ENSG00000178913_gna
ENSG00000173227,0.391,0.02,ENSG00000173227_gna
ENSG00000011028,0.346,0.02,ENSG00000011028_gna
ENSG00000162236,0.261,0.02,ENSG00000162236_gna
ENSG00000177683,0.274,0.02,ENSG00000177683_gna
ENSG00000173145,0.325,0.02,ENSG00000173145_gna
ENSG00000165125,-3.596,0.02,ENSG00000165125_gna
ENSG00000274210,0.737,0.02,ENSG00000274210_gna
ENSG00000010165,0.398,0.02,ENSG00000010165_gna
ENSG00000138756,-0.246,0.02,ENSG00000138756_gna
ENSG00000164400,2.256,0.02,ENSG00000164400_gna
ENSG00000111674,0.361,0.02,ENSG00000111674_gna
ENSG00000129534,0.257,0.02,ENSG00000129534_gna
ENSG00000106617,-0.459,0.02,ENSG00000106617_gna
ENSG00000065060,0.222,0.02,ENSG00000065060_gna
ENSG00000171246,0.242,0.02,ENSG00000171246_gna
ENSG00000176593,-3.36,0.02,ENSG00000176593_gna
ENSG00000189233,-2.703,0.02,ENSG00000189233_gna
ENSG00000165269,-1.969,0.02,ENSG00000165269_gna
ENSG00000145817,0.203,0.02,ENSG00000145817_gna
ENSG00000163950,0.37,0.02,ENSG00000163950_gna
ENSG00000175376,-0.278,0.02,ENSG00000175376_gna
ENSG00000106546,0.241,0.02,ENSG00000106546_gna
ENSG00000131386,-2.79,0.02,ENSG00000131386_gna
ENSG00000180353,-2.187,0.02,ENSG00000180353_gna
ENSG00000128965,0.403,0.02,ENSG00000128965_gna
ENSG00000108406,0.295,0.02,ENSG00000108406_gna
ENSG00000054148,0.463,0.02,ENSG00000054148_gna
ENSG00000169635,-0.569,0.02,ENSG00000169635_gna
ENSG00000167723,0.587,0.02,ENSG00000167723_gna
ENSG00000136492,0.23,0.02,ENSG00000136492_gna
ENSG00000249306,0.5,0.02,ENSG00000249306_gna
ENSG00000109046,0.292,0.02,ENSG00000109046_gna
ENSG00000142168,0.395,0.02,ENSG00000142168_gna
ENSG00000130706,0.244,0.02,ENSG00000130706_gna
ENSG00000070081,0.267,0.02,ENSG00000070081_gna
ENSG00000136718,-0.244,0.02,ENSG00000136718_gna
ENSG00000125977,0.359,0.02,ENSG00000125977_gna
ENSG00000069431,-2.079,0.02,ENSG00000069431_gna
ENSG00000257599,-2.352,0.02,ENSG00000257599_gna
ENSG00000073050,0.436,0.02,ENSG00000073050_gna
ENSG00000062485,-0.146,0.02,ENSG00000062485_gna
ENSG00000189362,0.388,0.02,ENSG00000189362_gna
ENSG00000113013,0.326,0.02,ENSG00000113013_gna
ENSG00000139579,-0.23,0.02,ENSG00000139579_gna
ENSG00000134352,0.166,0.02,ENSG00000134352_gna
ENSG00000203697,-3.19,0.02,ENSG00000203697_gna
ENSG00000279159,-1.534,0.02,ENSG00000279159_gna
ENSG00000140538,-1.776,0.02,ENSG00000140538_gna
ENSG00000173110,0.751,0.02,ENSG00000173110_gna
ENSG00000116954,0.346,0.02,ENSG00000116954_gna
ENSG00000276850,-0.33,0.02,ENSG00000276850_gna
ENSG00000168036,0.235,0.02,ENSG00000168036_gna
ENSG00000144681,-0.323,0.02,ENSG00000144681_gna
ENSG00000090889,0.299,0.02,ENSG00000090889_gna
ENSG00000278588,0.695,0.02,ENSG00000278588_gna
ENSG00000154429,-0.384,0.02,ENSG00000154429_gna
ENSG00000100220,0.382,0.02,ENSG00000100220_gna
ENSG00000051382,-0.386,0.02,ENSG00000051382_gna
ENSG00000182263,-0.367,0.02,ENSG00000182263_gna
ENSG00000092969,-0.265,0.02,ENSG00000092969_gna
ENSG00000108821,0.331,0.02,ENSG00000108821_gna
ENSG00000197841,0.624,0.02,ENSG00000197841_gna
ENSG00000063761,-0.633,0.02,ENSG00000063761_gna
ENSG00000159267,0.339,0.02,ENSG00000159267_gna
ENSG00000198088,0.568,0.02,ENSG00000198088_gna
ENSG00000180448,0.444,0.02,ENSG00000180448_gna
ENSG00000100441,0.299,0.02,ENSG00000100441_gna
ENSG00000134371,0.189,0.02,ENSG00000134371_gna
ENSG00000099622,0.39,0.02,ENSG00000099622_gna
ENSG00000139636,-0.578,0.02,ENSG00000139636_gna
ENSG00000122390,-0.278,0.02,ENSG00000122390_gna
ENSG00000175354,0.326,0.02,ENSG00000175354_gna
ENSG00000106070,0.271,0.02,ENSG00000106070_gna
ENSG00000134265,-0.274,0.02,ENSG00000134265_gna
ENSG00000118482,0.253,0.02,ENSG00000118482_gna
ENSG00000174738,0.186,0.02,ENSG00000174738_gna
ENSG00000013375,0.24,0.02,ENSG00000013375_gna
ENSG00000225733,0.198,0.02,ENSG00000225733_gna
ENSG00000132294,0.213,0.02,ENSG00000132294_gna
ENSG00000167674,0.446,0.02,ENSG00000167674_gna
ENSG00000275216,-0.381,0.02,ENSG00000275216_gna
ENSG00000157617,0.347,0.02,ENSG00000157617_gna
ENSG00000164754,0.23,0.02,ENSG00000164754_gna
ENSG00000120217,-0.84,0.02,ENSG00000120217_gna
ENSG00000067955,-0.259,0.02,ENSG00000067955_gna
ENSG00000138814,0.18,0.02,ENSG00000138814_gna
ENSG00000162377,-0.278,0.02,ENSG00000162377_gna
ENSG00000141425,0.234,0.02,ENSG00000141425_gna
ENSG00000130816,0.257,0.02,ENSG00000130816_gna
ENSG00000079313,0.374,0.02,ENSG00000079313_gna
ENSG00000140961,0.328,0.02,ENSG00000140961_gna
ENSG00000079112,-3.815,0.02,ENSG00000079112_gna
ENSG00000141971,0.353,0.02,ENSG00000141971_gna
ENSG00000129515,0.224,0.02,ENSG00000129515_gna
ENSG00000010270,0.31,0.02,ENSG00000010270_gna
ENSG00000118707,-0.552,0.02,ENSG00000118707_gna
ENSG00000112062,0.268,0.02,ENSG00000112062_gna
ENSG00000142731,0.284,0.02,ENSG00000142731_gna
ENSG00000171155,-0.324,0.02,ENSG00000171155_gna
ENSG00000164930,-0.305,0.02,ENSG00000164930_gna
ENSG00000109861,0.26,0.02,ENSG00000109861_gna
ENSG00000152580,-0.276,0.02,ENSG00000152580_gna
ENSG00000008130,0.365,0.02,ENSG00000008130_gna
ENSG00000173011,0.306,0.02,ENSG00000173011_gna
ENSG00000107021,-0.235,0.02,ENSG00000107021_gna
ENSG00000163694,0.544,0.02,ENSG00000163694_gna
ENSG00000274997,0.724,0.02,ENSG00000274997_gna
ENSG00000106615,0.23,0.02,ENSG00000106615_gna
ENSG00000101150,0.232,0.02,ENSG00000101150_gna
ENSG00000005961,-1.942,0.02,ENSG00000005961_gna
ENSG00000078140,-0.184,0.02,ENSG00000078140_gna
ENSG00000232774,0.579,0.02,ENSG00000232774_gna
ENSG00000142556,-0.398,0.02,ENSG00000142556_gna
ENSG00000088826,0.468,0.02,ENSG00000088826_gna
ENSG00000131724,-0.227,0.02,ENSG00000131724_gna
ENSG00000165055,-0.242,0.02,ENSG00000165055_gna
ENSG00000137962,-0.287,0.02,ENSG00000137962_gna
ENSG00000198815,-0.183,0.02,ENSG00000198815_gna
ENSG00000158528,-0.381,0.02,ENSG00000158528_gna
ENSG00000097033,0.191,0.02,ENSG00000097033_gna
ENSG00000248150,-1.816,0.02,ENSG00000248150_gna
ENSG00000166923,1.293,0.02,ENSG00000166923_gna
ENSG00000146374,0.466,0.02,ENSG00000146374_gna
ENSG00000141560,0.318,0.02,ENSG00000141560_gna
ENSG00000121152,0.266,0.02,ENSG00000121152_gna
ENSG00000189308,0.258,0.02,ENSG00000189308_gna
ENSG00000153823,0.246,0.02,ENSG00000153823_gna
ENSG00000151092,0.359,0.02,ENSG00000151092_gna
ENSG00000206538,0.314,0.02,ENSG00000206538_gna
ENSG00000134684,0.303,0.02,ENSG00000134684_gna
ENSG00000127947,0.2,0.02,ENSG00000127947_gna
ENSG00000163898,0.805,0.02,ENSG00000163898_gna
ENSG00000164125,-3.045,0.02,ENSG00000164125_gna
ENSG00000128944,0.315,0.02,ENSG00000128944_gna
ENSG00000119048,0.229,0.02,ENSG00000119048_gna
ENSG00000185808,0.634,0.02,ENSG00000185808_gna
ENSG00000167232,-0.444,0.02,ENSG00000167232_gna
ENSG00000150275,-1.938,0.02,ENSG00000150275_gna
ENSG00000125971,-0.269,0.02,ENSG00000125971_gna
ENSG00000249825,-3.747,0.02,ENSG00000249825_gna
ENSG00000006715,0.235,0.02,ENSG00000006715_gna
ENSG00000196961,0.309,0.02,ENSG00000196961_gna
ENSG00000103855,-0.211,0.02,ENSG00000103855_gna
ENSG00000183117,-2.018,0.02,ENSG00000183117_gna
ENSG00000048540,-1.841,0.02,ENSG00000048540_gna
ENSG00000181577,0.509,0.02,ENSG00000181577_gna
ENSG00000197622,0.164,0.02,ENSG00000197622_gna
ENSG00000274267,0.574,0.02,ENSG00000274267_gna
ENSG00000113615,0.219,0.02,ENSG00000113615_gna
ENSG00000085224,0.212,0.02,ENSG00000085224_gna
ENSG00000167191,-0.471,0.02,ENSG00000167191_gna
ENSG00000068650,0.238,0.02,ENSG00000068650_gna
ENSG00000106089,0.324,0.02,ENSG00000106089_gna
ENSG00000114853,-0.355,0.02,ENSG00000114853_gna
ENSG00000126261,0.235,0.02,ENSG00000126261_gna
ENSG00000132141,-2.001,0.02,ENSG00000132141_gna
ENSG00000159692,0.296,0.02,ENSG00000159692_gna
ENSG00000157657,-0.622,0.02,ENSG00000157657_gna
ENSG00000197077,-0.192,0.02,ENSG00000197077_gna
ENSG00000093009,0.411,0.02,ENSG00000093009_gna
ENSG00000197343,0.258,0.02,ENSG00000197343_gna
ENSG00000138279,0.27,0.02,ENSG00000138279_gna
ENSG00000168268,0.332,0.02,ENSG00000168268_gna
ENSG00000119946,-0.501,0.02,ENSG00000119946_gna
ENSG00000128708,0.248,0.02,ENSG00000128708_gna
ENSG00000159256,0.29,0.02,ENSG00000159256_gna
ENSG00000187715,-3.493,0.02,ENSG00000187715_gna
ENSG00000271913,-3.296,0.02,ENSG00000271913_gna
ENSG00000181555,0.183,0.02,ENSG00000181555_gna
ENSG00000117859,-0.168,0.02,ENSG00000117859_gna
ENSG00000143344,0.538,0.02,ENSG00000143344_gna
ENSG00000186487,-1.676,0.02,ENSG00000186487_gna
ENSG00000112739,0.25,0.02,ENSG00000112739_gna
ENSG00000171532,-3.345,0.02,ENSG00000171532_gna
ENSG00000196335,-1.704,0.02,ENSG00000196335_gna
ENSG00000154639,-0.242,0.02,ENSG00000154639_gna
ENSG00000214826,0.542,0.02,ENSG00000214826_gna
ENSG00000115317,0.419,0.02,ENSG00000115317_gna
ENSG00000143776,0.209,0.02,ENSG00000143776_gna
ENSG00000166794,0.374,0.02,ENSG00000166794_gna
ENSG00000276903,0.609,0.02,ENSG00000276903_gna
ENSG00000270872,0.985,0.02,ENSG00000270872_gna
ENSG00000234810,-2.605,0.02,ENSG00000234810_gna
ENSG00000143375,-1.248,0.02,ENSG00000143375_gna
ENSG00000198053,0.489,0.02,ENSG00000198053_gna
ENSG00000168298,0.404,0.02,ENSG00000168298_gna
ENSG00000125686,-0.192,0.02,ENSG00000125686_gna
ENSG00000065613,0.262,0.02,ENSG00000065613_gna
ENSG00000146021,-1.066,0.02,ENSG00000146021_gna
ENSG00000075711,0.185,0.02,ENSG00000075711_gna
ENSG00000204677,-1.958,0.02,ENSG00000204677_gna
ENSG00000158470,-0.156,0.02,ENSG00000158470_gna
ENSG00000058404,-2.063,0.02,ENSG00000058404_gna
ENSG00000068654,-0.237,0.02,ENSG00000068654_gna
ENSG00000148180,0.381,0.02,ENSG00000148180_gna
ENSG00000133104,0.299,0.02,ENSG00000133104_gna
ENSG00000119446,-0.251,0.02,ENSG00000119446_gna
ENSG00000137766,-2.163,0.02,ENSG00000137766_gna
ENSG00000168890,-0.923,0.02,ENSG00000168890_gna
ENSG00000187239,0.295,0.02,ENSG00000187239_gna
ENSG00000136842,0.401,0.02,ENSG00000136842_gna
ENSG00000144481,-2.927,0.02,ENSG00000144481_gna
ENSG00000084463,-0.192,0.02,ENSG00000084463_gna
ENSG00000196998,0.267,0.02,ENSG00000196998_gna
ENSG00000136319,-0.455,0.02,ENSG00000136319_gna
ENSG00000103423,0.489,0.02,ENSG00000103423_gna
ENSG00000072682,0.346,0.02,ENSG00000072682_gna
ENSG00000162441,0.266,0.02,ENSG00000162441_gna
ENSG00000112208,-0.206,0.02,ENSG00000112208_gna
ENSG00000109083,0.429,0.02,ENSG00000109083_gna
ENSG00000233290,-2.269,0.03,ENSG00000233290_gna
ENSG00000114850,-0.138,0.03,ENSG00000114850_gna
ENSG00000100201,0.175,0.03,ENSG00000100201_gna
ENSG00000138835,0.312,0.03,ENSG00000138835_gna
ENSG00000133935,-0.309,0.03,ENSG00000133935_gna
ENSG00000131242,-2.111,0.03,ENSG00000131242_gna
ENSG00000206077,-1.513,0.03,ENSG00000206077_gna
ENSG00000113742,0.195,0.03,ENSG00000113742_gna
ENSG00000154655,-2.777,0.03,ENSG00000154655_gna
ENSG00000146678,1.079,0.03,ENSG00000146678_gna
ENSG00000115825,0.185,0.03,ENSG00000115825_gna
ENSG00000166986,0.293,0.03,ENSG00000166986_gna
ENSG00000205531,0.254,0.03,ENSG00000205531_gna
ENSG00000158850,-0.374,0.03,ENSG00000158850_gna
ENSG00000125952,0.207,0.03,ENSG00000125952_gna
ENSG00000113494,-1.77,0.03,ENSG00000113494_gna
ENSG00000283462,-3.97,0.03,ENSG00000283462_gna
ENSG00000162073,0.353,0.03,ENSG00000162073_gna
ENSG00000164171,0.234,0.03,ENSG00000164171_gna
ENSG00000276180,0.495,0.03,ENSG00000276180_gna
ENSG00000154640,0.298,0.03,ENSG00000154640_gna
ENSG00000163191,0.262,0.03,ENSG00000163191_gna
ENSG00000102384,0.247,0.03,ENSG00000102384_gna
ENSG00000203734,-3.953,0.03,ENSG00000203734_gna
ENSG00000163904,-0.343,0.03,ENSG00000163904_gna
ENSG00000075785,-0.222,0.03,ENSG00000075785_gna
ENSG00000251364,-2.565,0.03,ENSG00000251364_gna
ENSG00000285831,-3.065,0.03,ENSG00000285831_gna
ENSG00000261617,-2.456,0.03,ENSG00000261617_gna
ENSG00000131238,-0.165,0.03,ENSG00000131238_gna
ENSG00000075303,0.317,0.03,ENSG00000075303_gna
ENSG00000264364,-0.25,0.03,ENSG00000264364_gna
ENSG00000164532,1.046,0.03,ENSG00000164532_gna
ENSG00000127863,0.556,0.03,ENSG00000127863_gna
ENSG00000109390,0.39,0.03,ENSG00000109390_gna
ENSG00000142025,-3.633,0.03,ENSG00000142025_gna
ENSG00000013523,-0.434,0.03,ENSG00000013523_gna
ENSG00000180530,0.184,0.03,ENSG00000180530_gna
ENSG00000205038,-1.68,0.03,ENSG00000205038_gna
ENSG00000100106,0.273,0.03,ENSG00000100106_gna
ENSG00000112972,-0.228,0.03,ENSG00000112972_gna
ENSG00000086991,-1.647,0.03,ENSG00000086991_gna
ENSG00000241158,-3.35,0.03,ENSG00000241158_gna
ENSG00000060688,0.334,0.03,ENSG00000060688_gna
ENSG00000156273,0.212,0.03,ENSG00000156273_gna
ENSG00000183431,-0.21,0.03,ENSG00000183431_gna
ENSG00000236138,-2.72,0.03,ENSG00000236138_gna
ENSG00000131389,0.18,0.03,ENSG00000131389_gna
ENSG00000108946,0.165,0.03,ENSG00000108946_gna
ENSG00000118322,-2.036,0.03,ENSG00000118322_gna
ENSG00000104205,0.48,0.03,ENSG00000104205_gna
ENSG00000127603,0.27,0.03,ENSG00000127603_gna
ENSG00000088256,0.225,0.03,ENSG00000088256_gna
ENSG00000086570,-2.136,0.03,ENSG00000086570_gna
ENSG00000130270,0.484,0.03,ENSG00000130270_gna
ENSG00000213516,-0.299,0.03,ENSG00000213516_gna
ENSG00000160957,0.352,0.03,ENSG00000160957_gna
ENSG00000153234,0.289,0.03,ENSG00000153234_gna
ENSG00000182010,0.435,0.03,ENSG00000182010_gna
ENSG00000006016,0.396,0.03,ENSG00000006016_gna
ENSG00000206337,1.094,0.03,ENSG00000206337_gna
ENSG00000128590,0.278,0.03,ENSG00000128590_gna
ENSG00000076321,0.283,0.03,ENSG00000076321_gna
ENSG00000157613,0.437,0.03,ENSG00000157613_gna
ENSG00000179889,0.348,0.03,ENSG00000179889_gna
ENSG00000133131,0.298,0.03,ENSG00000133131_gna
ENSG00000130560,0.327,0.03,ENSG00000130560_gna
ENSG00000163479,0.154,0.03,ENSG00000163479_gna
ENSG00000164543,0.257,0.03,ENSG00000164543_gna
ENSG00000100764,0.379,0.03,ENSG00000100764_gna
ENSG00000116497,0.25,0.03,ENSG00000116497_gna
ENSG00000013619,-0.309,0.03,ENSG00000013619_gna
ENSG00000170653,-0.259,0.03,ENSG00000170653_gna
ENSG00000232892,-2.886,0.03,ENSG00000232892_gna
ENSG00000030419,0.472,0.03,ENSG00000030419_gna
ENSG00000078237,0.538,0.03,ENSG00000078237_gna
ENSG00000233695,-1.262,0.03,ENSG00000233695_gna
ENSG00000065911,0.315,0.03,ENSG00000065911_gna
ENSG00000135298,-2.661,0.03,ENSG00000135298_gna
ENSG00000126458,0.362,0.03,ENSG00000126458_gna
ENSG00000119523,0.214,0.03,ENSG00000119523_gna
ENSG00000160213,-0.226,0.03,ENSG00000160213_gna
ENSG00000118363,0.254,0.03,ENSG00000118363_gna
ENSG00000114767,-0.332,0.03,ENSG00000114767_gna
ENSG00000113649,-0.184,0.03,ENSG00000113649_gna
ENSG00000111490,-0.542,0.03,ENSG00000111490_gna
ENSG00000166340,-0.318,0.03,ENSG00000166340_gna
ENSG00000159450,-1.966,0.03,ENSG00000159450_gna
ENSG00000139146,-0.415,0.03,ENSG00000139146_gna
ENSG00000134222,-0.377,0.03,ENSG00000134222_gna
ENSG00000112200,-0.203,0.03,ENSG00000112200_gna
ENSG00000166508,0.327,0.03,ENSG00000166508_gna
ENSG00000173273,0.299,0.03,ENSG00000173273_gna
ENSG00000112877,0.238,0.03,ENSG00000112877_gna
ENSG00000119414,-0.23,0.03,ENSG00000119414_gna
ENSG00000255874,0.382,0.03,ENSG00000255874_gna
ENSG00000170381,-1.898,0.03,ENSG00000170381_gna
ENSG00000177889,-0.218,0.03,ENSG00000177889_gna
ENSG00000134755,0.283,0.03,ENSG00000134755_gna
ENSG00000112893,0.193,0.03,ENSG00000112893_gna
ENSG00000184347,-1.539,0.03,ENSG00000184347_gna
ENSG00000255112,0.358,0.03,ENSG00000255112_gna
ENSG00000112406,0.324,0.03,ENSG00000112406_gna
ENSG00000100162,0.471,0.03,ENSG00000100162_gna
ENSG00000108439,-0.294,0.03,ENSG00000108439_gna
ENSG00000260776,-2.789,0.03,ENSG00000260776_gna
ENSG00000105329,0.218,0.03,ENSG00000105329_gna
ENSG00000123338,-1.841,0.03,ENSG00000123338_gna
ENSG00000138495,0.789,0.03,ENSG00000138495_gna
ENSG00000094631,0.358,0.03,ENSG00000094631_gna
ENSG00000161526,0.32,0.03,ENSG00000161526_gna
ENSG00000138166,0.317,0.03,ENSG00000138166_gna
ENSG00000184922,0.195,0.03,ENSG00000184922_gna
ENSG00000079156,0.306,0.03,ENSG00000079156_gna
ENSG00000230461,-1.819,0.03,ENSG00000230461_gna
ENSG00000065135,0.167,0.03,ENSG00000065135_gna
ENSG00000187105,-2.998,0.03,ENSG00000187105_gna
ENSG00000147394,0.44,0.03,ENSG00000147394_gna
ENSG00000107175,0.452,0.03,ENSG00000107175_gna
ENSG00000136875,0.218,0.03,ENSG00000136875_gna
ENSG00000161542,0.411,0.03,ENSG00000161542_gna
ENSG00000149548,0.74,0.03,ENSG00000149548_gna
ENSG00000114019,0.254,0.03,ENSG00000114019_gna
ENSG00000107651,0.201,0.03,ENSG00000107651_gna
ENSG00000163380,-3.343,0.03,ENSG00000163380_gna
ENSG00000183291,-0.235,0.03,ENSG00000183291_gna
ENSG00000141298,0.192,0.03,ENSG00000141298_gna
ENSG00000128513,0.288,0.03,ENSG00000128513_gna
ENSG00000122863,0.234,0.03,ENSG00000122863_gna
ENSG00000087191,0.257,0.03,ENSG00000087191_gna
ENSG00000087365,0.29,0.03,ENSG00000087365_gna
ENSG00000156299,0.517,0.03,ENSG00000156299_gna
ENSG00000085662,0.303,0.03,ENSG00000085662_gna
ENSG00000188997,0.333,0.03,ENSG00000188997_gna
ENSG00000179715,0.826,0.03,ENSG00000179715_gna
ENSG00000164161,0.415,0.03,ENSG00000164161_gna
ENSG00000133872,0.275,0.03,ENSG00000133872_gna
ENSG00000112210,-0.224,0.03,ENSG00000112210_gna
ENSG00000006118,0.332,0.03,ENSG00000006118_gna
ENSG00000130813,-0.412,0.03,ENSG00000130813_gna
ENSG00000152977,-3.34,0.03,ENSG00000152977_gna
ENSG00000170624,-1.977,0.03,ENSG00000170624_gna
ENSG00000168778,0.393,0.03,ENSG00000168778_gna
ENSG00000151151,0.296,0.03,ENSG00000151151_gna
ENSG00000101236,0.212,0.03,ENSG00000101236_gna
ENSG00000174844,-1.57,0.03,ENSG00000174844_gna
ENSG00000117036,0.244,0.03,ENSG00000117036_gna
ENSG00000117308,0.393,0.03,ENSG00000117308_gna
ENSG00000210154,-2.392,0.03,ENSG00000210154_gna
ENSG00000080839,0.204,0.03,ENSG00000080839_gna
ENSG00000185043,0.375,0.03,ENSG00000185043_gna
ENSG00000150347,0.239,0.03,ENSG00000150347_gna
ENSG00000147955,-0.221,0.03,ENSG00000147955_gna
ENSG00000182118,-1.277,0.03,ENSG00000182118_gna
ENSG00000137992,-0.257,0.03,ENSG00000137992_gna
ENSG00000197702,0.169,0.03,ENSG00000197702_gna
ENSG00000010818,0.219,0.03,ENSG00000010818_gna
ENSG00000175063,0.209,0.03,ENSG00000175063_gna
ENSG00000204961,-2.553,0.03,ENSG00000204961_gna
ENSG00000150540,0.402,0.03,ENSG00000150540_gna
ENSG00000157150,0.479,0.03,ENSG00000157150_gna
ENSG00000126746,0.193,0.03,ENSG00000126746_gna
ENSG00000128923,-0.258,0.03,ENSG00000128923_gna
ENSG00000212195,0.734,0.03,ENSG00000212195_gna
ENSG00000173457,0.382,0.03,ENSG00000173457_gna
ENSG00000152332,0.177,0.03,ENSG00000152332_gna
ENSG00000250914,-4.344,0.03,ENSG00000250914_gna
ENSG00000079805,0.288,0.03,ENSG00000079805_gna
ENSG00000278637,0.668,0.03,ENSG00000278637_gna
ENSG00000240563,-2.343,0.03,ENSG00000240563_gna
ENSG00000115350,0.488,0.03,ENSG00000115350_gna
ENSG00000129968,0.405,0.03,ENSG00000129968_gna
ENSG00000049759,0.207,0.03,ENSG00000049759_gna
ENSG00000101448,-2.353,0.03,ENSG00000101448_gna
ENSG00000143297,-1.991,0.03,ENSG00000143297_gna
ENSG00000173452,-4.388,0.03,ENSG00000173452_gna
ENSG00000101203,-1.824,0.03,ENSG00000101203_gna
ENSG00000148584,-2.562,0.03,ENSG00000148584_gna
ENSG00000138107,0.204,0.03,ENSG00000138107_gna
ENSG00000130396,0.261,0.03,ENSG00000130396_gna
ENSG00000151327,0.382,0.03,ENSG00000151327_gna
ENSG00000286071,-2.356,0.03,ENSG00000286071_gna
ENSG00000250198,-1.78,0.03,ENSG00000250198_gna
ENSG00000116062,0.282,0.03,ENSG00000116062_gna
ENSG00000167552,0.309,0.03,ENSG00000167552_gna
ENSG00000137166,0.237,0.03,ENSG00000137166_gna
ENSG00000238098,-2.216,0.03,ENSG00000238098_gna
ENSG00000075413,0.325,0.03,ENSG00000075413_gna
ENSG00000135916,0.278,0.03,ENSG00000135916_gna
ENSG00000124102,0.537,0.03,ENSG00000124102_gna
ENSG00000107295,0.356,0.03,ENSG00000107295_gna
ENSG00000167468,0.384,0.03,ENSG00000167468_gna
ENSG00000142186,0.303,0.03,ENSG00000142186_gna
ENSG00000166246,1.936,0.03,ENSG00000166246_gna
ENSG00000090520,0.335,0.03,ENSG00000090520_gna
ENSG00000137413,-0.313,0.03,ENSG00000137413_gna
ENSG00000166619,-0.274,0.03,ENSG00000166619_gna
ENSG00000198899,-0.302,0.03,ENSG00000198899_gna
ENSG00000148925,0.333,0.03,ENSG00000148925_gna
ENSG00000261061,-0.445,0.03,ENSG00000261061_gna
ENSG00000234771,-0.548,0.03,ENSG00000234771_gna
ENSG00000203930,-1.977,0.03,ENSG00000203930_gna
ENSG00000205628,-2.254,0.03,ENSG00000205628_gna
ENSG00000123416,0.29,0.03,ENSG00000123416_gna
ENSG00000138193,0.276,0.03,ENSG00000138193_gna
ENSG00000067334,0.249,0.03,ENSG00000067334_gna
ENSG00000011304,0.207,0.03,ENSG00000011304_gna
ENSG00000141837,-1.852,0.03,ENSG00000141837_gna
ENSG00000187605,0.203,0.03,ENSG00000187605_gna
ENSG00000131899,0.384,0.03,ENSG00000131899_gna
ENSG00000113073,-2.835,0.03,ENSG00000113073_gna
ENSG00000153933,-0.252,0.03,ENSG00000153933_gna
ENSG00000153551,-0.763,0.03,ENSG00000153551_gna
ENSG00000085063,0.272,0.03,ENSG00000085063_gna
ENSG00000023330,-0.18,0.03,ENSG00000023330_gna
ENSG00000160360,0.347,0.03,ENSG00000160360_gna
ENSG00000196422,0.37,0.03,ENSG00000196422_gna
ENSG00000138604,0.253,0.03,ENSG00000138604_gna
ENSG00000136982,0.506,0.03,ENSG00000136982_gna
ENSG00000120279,1.227,0.03,ENSG00000120279_gna
ENSG00000153107,-0.193,0.03,ENSG00000153107_gna
ENSG00000072858,-2.612,0.03,ENSG00000072858_gna
ENSG00000143797,0.272,0.03,ENSG00000143797_gna
ENSG00000179195,0.199,0.03,ENSG00000179195_gna
ENSG00000271749,-3.312,0.03,ENSG00000271749_gna
ENSG00000082397,-2.016,0.03,ENSG00000082397_gna
ENSG00000156042,-1.922,0.03,ENSG00000156042_gna
ENSG00000236841,-3.746,0.03,ENSG00000236841_gna
ENSG00000184675,-0.316,0.03,ENSG00000184675_gna
ENSG00000172922,0.399,0.03,ENSG00000172922_gna
ENSG00000163659,0.218,0.03,ENSG00000163659_gna
ENSG00000052841,-0.191,0.04,ENSG00000052841_gna
ENSG00000165629,0.227,0.04,ENSG00000165629_gna
ENSG00000176834,0.293,0.04,ENSG00000176834_gna
ENSG00000182463,0.234,0.04,ENSG00000182463_gna
ENSG00000106012,0.305,0.04,ENSG00000106012_gna
ENSG00000101421,0.242,0.04,ENSG00000101421_gna
ENSG00000169045,0.277,0.04,ENSG00000169045_gna
ENSG00000163873,-1.978,0.04,ENSG00000163873_gna
ENSG00000145391,0.176,0.04,ENSG00000145391_gna
ENSG00000260192,-2.034,0.04,ENSG00000260192_gna
ENSG00000082641,0.26,0.04,ENSG00000082641_gna
ENSG00000149269,0.245,0.04,ENSG00000149269_gna
ENSG00000119616,0.252,0.04,ENSG00000119616_gna
ENSG00000080986,0.328,0.04,ENSG00000080986_gna
ENSG00000178965,-1.765,0.04,ENSG00000178965_gna
ENSG00000145911,0.635,0.04,ENSG00000145911_gna
ENSG00000245694,0.48,0.04,ENSG00000245694_gna
ENSG00000168356,-2.49,0.04,ENSG00000168356_gna
ENSG00000197992,-4.155,0.04,ENSG00000197992_gna
ENSG00000169862,-1.506,0.04,ENSG00000169862_gna
ENSG00000227463,-2.93,0.04,ENSG00000227463_gna
ENSG00000168264,0.22,0.04,ENSG00000168264_gna
ENSG00000184995,1.007,0.04,ENSG00000184995_gna
ENSG00000104856,0.436,0.04,ENSG00000104856_gna
ENSG00000166848,0.332,0.04,ENSG00000166848_gna
ENSG00000004846,-1.857,0.04,ENSG00000004846_gna
ENSG00000182158,-0.158,0.04,ENSG00000182158_gna
ENSG00000078328,-1.742,0.04,ENSG00000078328_gna
ENSG00000164346,0.179,0.04,ENSG00000164346_gna
ENSG00000197329,0.429,0.04,ENSG00000197329_gna
ENSG00000112511,0.482,0.04,ENSG00000112511_gna
ENSG00000001084,0.194,0.04,ENSG00000001084_gna
ENSG00000172530,0.32,0.04,ENSG00000172530_gna
ENSG00000176204,-3.15,0.04,ENSG00000176204_gna
ENSG00000272031,-0.931,0.04,ENSG00000272031_gna
ENSG00000119326,0.307,0.04,ENSG00000119326_gna
ENSG00000167548,-0.239,0.04,ENSG00000167548_gna
ENSG00000196365,0.381,0.04,ENSG00000196365_gna
ENSG00000139973,-1.759,0.04,ENSG00000139973_gna
ENSG00000150593,0.305,0.04,ENSG00000150593_gna
ENSG00000141574,0.456,0.04,ENSG00000141574_gna
ENSG00000129354,0.529,0.04,ENSG00000129354_gna
ENSG00000177535,-3.383,0.04,ENSG00000177535_gna
ENSG00000239039,0.878,0.04,ENSG00000239039_gna
ENSG00000140939,0.462,0.04,ENSG00000140939_gna
ENSG00000223914,-3.569,0.04,ENSG00000223914_gna
ENSG00000110619,0.366,0.04,ENSG00000110619_gna
ENSG00000149554,0.276,0.04,ENSG00000149554_gna
ENSG00000163285,-2.25,0.04,ENSG00000163285_gna
ENSG00000091656,-1.723,0.04,ENSG00000091656_gna
ENSG00000221829,0.323,0.04,ENSG00000221829_gna
ENSG00000277075,0.4,0.04,ENSG00000277075_gna
ENSG00000078246,0.248,0.04,ENSG00000078246_gna
ENSG00000100418,-0.194,0.04,ENSG00000100418_gna
ENSG00000143126,-0.297,0.04,ENSG00000143126_gna
ENSG00000125733,0.317,0.04,ENSG00000125733_gna
ENSG00000145365,0.346,0.04,ENSG00000145365_gna
ENSG00000137033,0.685,0.04,ENSG00000137033_gna
ENSG00000123240,0.295,0.04,ENSG00000123240_gna
ENSG00000172324,-3.11,0.04,ENSG00000172324_gna
ENSG00000167977,0.266,0.04,ENSG00000167977_gna
ENSG00000122483,0.364,0.04,ENSG00000122483_gna
ENSG00000111897,0.213,0.04,ENSG00000111897_gna
ENSG00000176225,0.231,0.04,ENSG00000176225_gna
ENSG00000055609,0.197,0.04,ENSG00000055609_gna
ENSG00000171680,0.389,0.04,ENSG00000171680_gna
ENSG00000128951,0.156,0.04,ENSG00000128951_gna
ENSG00000102316,0.301,0.04,ENSG00000102316_gna
ENSG00000230067,1.217,0.04,ENSG00000230067_gna
ENSG00000157423,-2.019,0.04,ENSG00000157423_gna
ENSG00000157557,0.162,0.04,ENSG00000157557_gna
ENSG00000107968,0.317,0.04,ENSG00000107968_gna
ENSG00000116128,-0.235,0.04,ENSG00000116128_gna
ENSG00000170615,-2.654,0.04,ENSG00000170615_gna
ENSG00000182307,0.301,0.04,ENSG00000182307_gna
ENSG00000198185,-2.43,0.04,ENSG00000198185_gna
ENSG00000173559,0.241,0.04,ENSG00000173559_gna
ENSG00000117481,-0.234,0.04,ENSG00000117481_gna
ENSG00000138395,-2.106,0.04,ENSG00000138395_gna
ENSG00000160679,0.217,0.04,ENSG00000160679_gna
ENSG00000204103,-0.41,0.04,ENSG00000204103_gna
ENSG00000128487,0.189,0.04,ENSG00000128487_gna
ENSG00000063978,-0.169,0.04,ENSG00000063978_gna
ENSG00000143376,-0.232,0.04,ENSG00000143376_gna
ENSG00000140564,0.292,0.04,ENSG00000140564_gna
ENSG00000078053,-2.192,0.04,ENSG00000078053_gna
ENSG00000084453,-1.718,0.04,ENSG00000084453_gna
ENSG00000074370,0.339,0.04,ENSG00000074370_gna
ENSG00000165813,0.311,0.04,ENSG00000165813_gna
ENSG00000104885,0.238,0.04,ENSG00000104885_gna
ENSG00000115419,0.228,0.04,ENSG00000115419_gna
ENSG00000111640,0.179,0.04,ENSG00000111640_gna
ENSG00000131153,0.329,0.04,ENSG00000131153_gna
ENSG00000108733,-0.507,0.04,ENSG00000108733_gna
ENSG00000091039,0.188,0.04,ENSG00000091039_gna
ENSG00000177511,-2.705,0.04,ENSG00000177511_gna
ENSG00000148362,0.494,0.04,ENSG00000148362_gna
ENSG00000077150,0.355,0.04,ENSG00000077150_gna
ENSG00000066813,-2.246,0.04,ENSG00000066813_gna
ENSG00000172728,-0.33,0.04,ENSG00000172728_gna
ENSG00000286266,-3.467,0.04,ENSG00000286266_gna
ENSG00000160948,0.517,0.04,ENSG00000160948_gna
ENSG00000106399,0.271,0.04,ENSG00000106399_gna
ENSG00000143669,-0.24,0.04,ENSG00000143669_gna
ENSG00000225630,-1.323,0.04,ENSG00000225630_gna
ENSG00000163683,0.305,0.04,ENSG00000163683_gna
ENSG00000205339,0.156,0.04,ENSG00000205339_gna
ENSG00000105993,0.295,0.04,ENSG00000105993_gna
ENSG00000263089,-1.842,0.04,ENSG00000263089_gna
ENSG00000095794,0.283,0.04,ENSG00000095794_gna
ENSG00000153786,0.233,0.04,ENSG00000153786_gna
ENSG00000188730,-2.266,0.04,ENSG00000188730_gna
ENSG00000118307,-2.35,0.04,ENSG00000118307_gna
ENSG00000164181,0.495,0.04,ENSG00000164181_gna
ENSG00000137496,-0.416,0.04,ENSG00000137496_gna
ENSG00000145331,0.567,0.04,ENSG00000145331_gna
ENSG00000113282,0.165,0.04,ENSG00000113282_gna
ENSG00000213719,0.225,0.04,ENSG00000213719_gna
ENSG00000116809,0.361,0.04,ENSG00000116809_gna
ENSG00000009307,0.234,0.04,ENSG00000009307_gna
ENSG00000100124,0.331,0.04,ENSG00000100124_gna
ENSG00000100320,0.297,0.04,ENSG00000100320_gna
ENSG00000163444,-0.212,0.04,ENSG00000163444_gna
ENSG00000151012,0.188,0.04,ENSG00000151012_gna
ENSG00000170959,-1.57,0.04,ENSG00000170959_gna
ENSG00000145700,-2.056,0.04,ENSG00000145700_gna
ENSG00000197532,-3.208,0.04,ENSG00000197532_gna
ENSG00000170627,-2.305,0.04,ENSG00000170627_gna
ENSG00000161202,-0.187,0.04,ENSG00000161202_gna
ENSG00000050748,0.24,0.04,ENSG00000050748_gna
ENSG00000197965,-0.157,0.04,ENSG00000197965_gna
ENSG00000066032,-2.036,0.04,ENSG00000066032_gna
ENSG00000145920,-2.149,0.04,ENSG00000145920_gna
ENSG00000178567,0.303,0.04,ENSG00000178567_gna
ENSG00000177238,-1.946,0.04,ENSG00000177238_gna
ENSG00000169223,0.35,0.04,ENSG00000169223_gna
ENSG00000274775,-2.041,0.04,ENSG00000274775_gna
ENSG00000196141,0.188,0.04,ENSG00000196141_gna
ENSG00000168658,-1.93,0.04,ENSG00000168658_gna
ENSG00000213347,0.602,0.04,ENSG00000213347_gna
ENSG00000184270,0.502,0.04,ENSG00000184270_gna
ENSG00000186854,0.278,0.04,ENSG00000186854_gna
ENSG00000187621,-2.061,0.04,ENSG00000187621_gna
ENSG00000201183,1.574,0.04,ENSG00000201183_gna
ENSG00000068697,-0.21,0.04,ENSG00000068697_gna
ENSG00000039139,-0.725,0.04,ENSG00000039139_gna
ENSG00000129317,-0.228,0.04,ENSG00000129317_gna
ENSG00000230615,0.457,0.04,ENSG00000230615_gna
ENSG00000067225,0.222,0.04,ENSG00000067225_gna
ENSG00000265185,0.766,0.04,ENSG00000265185_gna
ENSG00000100417,0.51,0.04,ENSG00000100417_gna
ENSG00000267026,-1.844,0.04,ENSG00000267026_gna
ENSG00000180198,-0.209,0.04,ENSG00000180198_gna
ENSG00000250526,-4.034,0.04,ENSG00000250526_gna
ENSG00000091527,0.156,0.04,ENSG00000091527_gna
ENSG00000073417,0.218,0.04,ENSG00000073417_gna
ENSG00000125944,0.395,0.04,ENSG00000125944_gna
ENSG00000125741,-0.234,0.04,ENSG00000125741_gna
ENSG00000285930,-2.561,0.04,ENSG00000285930_gna
ENSG00000204104,0.405,0.04,ENSG00000204104_gna
ENSG00000158480,-0.301,0.04,ENSG00000158480_gna
ENSG00000163235,0.463,0.04,ENSG00000163235_gna
ENSG00000100644,0.108,0.04,ENSG00000100644_gna
ENSG00000112473,0.22,0.04,ENSG00000112473_gna
ENSG00000178997,-2.314,0.04,ENSG00000178997_gna
ENSG00000121413,-3.056,0.04,ENSG00000121413_gna
ENSG00000140265,-0.25,0.04,ENSG00000140265_gna
ENSG00000197497,-2.197,0.04,ENSG00000197497_gna
ENSG00000126091,-0.528,0.04,ENSG00000126091_gna
ENSG00000268089,0.323,0.04,ENSG00000268089_gna
ENSG00000188021,-0.236,0.04,ENSG00000188021_gna
ENSG00000177700,0.335,0.04,ENSG00000177700_gna
ENSG00000162526,-1.92,0.04,ENSG00000162526_gna
ENSG00000090905,-0.153,0.04,ENSG00000090905_gna
ENSG00000166398,0.478,0.04,ENSG00000166398_gna
ENSG00000113645,-0.179,0.04,ENSG00000113645_gna
ENSG00000181192,0.369,0.04,ENSG00000181192_gna
ENSG00000121749,0.287,0.04,ENSG00000121749_gna
ENSG00000184156,-1.787,0.04,ENSG00000184156_gna
ENSG00000163092,-1.556,0.04,ENSG00000163092_gna
ENSG00000189079,0.211,0.04,ENSG00000189079_gna
ENSG00000117906,0.28,0.04,ENSG00000117906_gna
ENSG00000198695,-1.205,0.04,ENSG00000198695_gna
ENSG00000104976,0.468,0.04,ENSG00000104976_gna
ENSG00000136628,0.221,0.04,ENSG00000136628_gna
ENSG00000272398,0.152,0.04,ENSG00000272398_gna
ENSG00000147724,-1.629,0.04,ENSG00000147724_gna
ENSG00000170962,-0.753,0.04,ENSG00000170962_gna
ENSG00000089335,0.431,0.04,ENSG00000089335_gna
ENSG00000210144,-1.169,0.04,ENSG00000210144_gna
ENSG00000108342,2.046,0.04,ENSG00000108342_gna
ENSG00000148153,0.238,0.04,ENSG00000148153_gna
ENSG00000079819,0.184,0.04,ENSG00000079819_gna
ENSG00000205765,-0.232,0.05,ENSG00000205765_gna
ENSG00000130294,-1.89,0.05,ENSG00000130294_gna
ENSG00000141858,0.24,0.05,ENSG00000141858_gna
ENSG00000163629,0.237,0.05,ENSG00000163629_gna
ENSG00000164163,-0.195,0.05,ENSG00000164163_gna
ENSG00000178996,-0.276,0.05,ENSG00000178996_gna
ENSG00000146083,-0.234,0.05,ENSG00000146083_gna
ENSG00000137815,0.211,0.05,ENSG00000137815_gna
ENSG00000111199,-3.752,0.05,ENSG00000111199_gna
ENSG00000145431,0.26,0.05,ENSG00000145431_gna
ENSG00000177311,0.13,0.05,ENSG00000177311_gna
ENSG00000281560,-2.536,0.05,ENSG00000281560_gna
ENSG00000116132,0.471,0.05,ENSG00000116132_gna
ENSG00000152133,0.313,0.05,ENSG00000152133_gna
ENSG00000103067,-0.417,0.05,ENSG00000103067_gna
ENSG00000146776,-0.387,0.05,ENSG00000146776_gna
ENSG00000182179,-1.004,0.05,ENSG00000182179_gna
ENSG00000173599,0.356,0.05,ENSG00000173599_gna
ENSG00000151176,-0.498,0.05,ENSG00000151176_gna
ENSG00000163808,0.353,0.05,ENSG00000163808_gna
ENSG00000101638,-1.909,0.05,ENSG00000101638_gna
ENSG00000076248,0.252,0.05,ENSG00000076248_gna
ENSG00000196628,-1.577,0.05,ENSG00000196628_gna
ENSG00000153048,0.32,0.05,ENSG00000153048_gna
ENSG00000136153,0.233,0.05,ENSG00000136153_gna
ENSG00000171049,-2.86,0.05,ENSG00000171049_gna
ENSG00000123219,0.35,0.05,ENSG00000123219_gna
ENSG00000078795,-2.497,0.05,ENSG00000078795_gna
ENSG00000164284,-0.174,0.05,ENSG00000164284_gna
ENSG00000124116,-2.93,0.05,ENSG00000124116_gna
ENSG00000123908,-0.187,0.05,ENSG00000123908_gna
ENSG00000078124,-0.235,0.05,ENSG00000078124_gna
ENSG00000077713,-0.33,0.05,ENSG00000077713_gna
ENSG00000145022,-0.282,0.05,ENSG00000145022_gna
ENSG00000180801,0.211,0.05,ENSG00000180801_gna
ENSG00000106991,0.237,0.05,ENSG00000106991_gna
ENSG00000101608,0.14,0.05,ENSG00000101608_gna
ENSG00000169224,-2.791,0.05,ENSG00000169224_gna
ENSG00000170296,-0.458,0.05,ENSG00000170296_gna
ENSG00000226328,0.583,0.05,ENSG00000226328_gna
ENSG00000058600,0.414,0.05,ENSG00000058600_gna
ENSG00000072134,0.26,0.05,ENSG00000072134_gna
ENSG00000247809,-1.993,0.05,ENSG00000247809_gna
ENSG00000100304,-0.264,0.05,ENSG00000100304_gna
ENSG00000109929,-0.221,0.05,ENSG00000109929_gna
ENSG00000121966,0.179,0.05,ENSG00000121966_gna
ENSG00000198042,-0.182,0.05,ENSG00000198042_gna
ENSG00000121075,-3.946,0.05,ENSG00000121075_gna
ENSG00000013563,0.353,0.05,ENSG00000013563_gna
ENSG00000106025,0.4,0.05,ENSG00000106025_gna
ENSG00000128052,-2.719,0.05,ENSG00000128052_gna
ENSG00000073849,-1.32,0.05,ENSG00000073849_gna
ENSG00000205542,0.253,0.05,ENSG00000205542_gna
ENSG00000213064,-0.168,0.05,ENSG00000213064_gna
ENSG00000233705,-2.995,0.05,ENSG00000233705_gna
ENSG00000237125,-1.522,0.05,ENSG00000237125_gna
ENSG00000187837,0.479,0.05,ENSG00000187837_gna
ENSG00000146376,0.282,0.05,ENSG00000146376_gna
ENSG00000130783,-2.094,0.05,ENSG00000130783_gna
ENSG00000164024,-0.218,0.05,ENSG00000164024_gna
ENSG00000173442,0.335,0.05,ENSG00000173442_gna
ENSG00000187479,0.592,0.05,ENSG00000187479_gna
ENSG00000165195,0.21,0.05,ENSG00000165195_gna
ENSG00000207205,0.81,0.05,ENSG00000207205_gna
ENSG00000010327,-1.998,0.05,ENSG00000010327_gna
ENSG00000132561,0.69,0.05,ENSG00000132561_gna
ENSG00000109099,-0.242,0.05,ENSG00000109099_gna
ENSG00000231256,-2.237,0.05,ENSG00000231256_gna
ENSG00000155975,-0.244,0.05,ENSG00000155975_gna
ENSG00000050405,-0.237,0.05,ENSG00000050405_gna
ENSG00000182899,0.273,0.05,ENSG00000182899_gna
ENSG00000123358,0.225,0.05,ENSG00000123358_gna
ENSG00000150991,0.441,0.05,ENSG00000150991_gna
ENSG00000139517,0.307,0.05,ENSG00000139517_gna
ENSG00000126561,0.336,0.05,ENSG00000126561_gna
ENSG00000184557,0.332,0.05,ENSG00000184557_gna
ENSG00000113597,0.365,0.05,ENSG00000113597_gna
ENSG00000107518,-1.868,0.05,ENSG00000107518_gna
ENSG00000132109,-0.346,0.05,ENSG00000132109_gna
ENSG00000235408,-0.643,0.05,ENSG00000235408_gna
ENSG00000130164,0.216,0.05,ENSG00000130164_gna
ENSG00000279428,-2.682,0.05,ENSG00000279428_gna
ENSG00000204592,0.426,0.05,ENSG00000204592_gna
ENSG00000168564,0.319,0.05,ENSG00000168564_gna
ENSG00000171495,-1.558,0.05,ENSG00000171495_gna
ENSG00000115233,0.258,0.05,ENSG00000115233_gna
ENSG00000203668,0.174,0.05,ENSG00000203668_gna
ENSG00000130038,-1.668,0.05,ENSG00000130038_gna
ENSG00000127561,0.81,0.05,ENSG00000127561_gna
ENSG00000164305,0.29,0.05,ENSG00000164305_gna
ENSG00000102606,0.225,0.05,ENSG00000102606_gna
ENSG00000145293,0.264,0.05,ENSG00000145293_gna
ENSG00000172554,-2.748,0.05,ENSG00000172554_gna
ENSG00000104973,0.218,0.05,ENSG00000104973_gna
ENSG00000143226,-1.904,0.05,ENSG00000143226_gna
ENSG00000196954,0.295,0.05,ENSG00000196954_gna
ENSG00000101266,-0.156,0.05,ENSG00000101266_gna
ENSG00000164985,0.183,0.05,ENSG00000164985_gna
ENSG00000131018,0.268,0.05,ENSG00000131018_gna
ENSG00000186442,-2.691,0.05,ENSG00000186442_gna
ENSG00000189190,-0.556,0.05,ENSG00000189190_gna
ENSG00000250490,-2.754,0.05,ENSG00000250490_gna
ENSG00000077522,-1.771,0.05,ENSG00000077522_gna
ENSG00000112078,-0.214,0.05,ENSG00000112078_gna
ENSG00000187144,-2.653,0.05,ENSG00000187144_gna
ENSG00000173848,0.195,0.05,ENSG00000173848_gna
ENSG00000204519,-2.713,0.05,ENSG00000204519_gna
ENSG00000110218,0.27,0.05,ENSG00000110218_gna
ENSG00000085999,0.246,0.05,ENSG00000085999_gna
ENSG00000108953,0.749,0.05,ENSG00000108953_gna
ENSG00000165379,-2.678,0.05,ENSG00000165379_gna
ENSG00000162695,-0.188,0.05,ENSG00000162695_gna
ENSG00000173757,-0.211,0.05,ENSG00000173757_gna
ENSG00000146918,0.17,0.05,ENSG00000146918_gna
ENSG00000106258,-1.794,0.05,ENSG00000106258_gna
ENSG00000013583,0.37,0.05,ENSG00000013583_gna
ENSG00000117399,0.289,0.05,ENSG00000117399_gna
ENSG00000198924,0.271,0.05,ENSG00000198924_gna
ENSG00000198663,0.178,0.05,ENSG00000198663_gna
ENSG00000164934,-0.246,0.05,ENSG00000164934_gna
ENSG00000236172,-2.181,0.05,ENSG00000236172_gna
ENSG00000152076,0.821,0.05,ENSG00000152076_gna
ENSG00000126217,-1.525,0.05,ENSG00000126217_gna
ENSG00000118432,0.483,0.05,ENSG00000118432_gna
ENSG00000117322,-2.571,0.05,ENSG00000117322_gna
ENSG00000100346,-1.798,0.05,ENSG00000100346_gna
ENSG00000197903,0.513,0.05,ENSG00000197903_gna
ENSG00000105669,0.441,0.05,ENSG00000105669_gna
ENSG00000188643,0.224,0.05,ENSG00000188643_gna
ENSG00000156804,0.23,0.05,ENSG00000156804_gna
ENSG00000171804,-1.987,0.05,ENSG00000171804_gna
ENSG00000149100,-0.145,0.05,ENSG00000149100_gna
ENSG00000166797,0.301,0.05,ENSG00000166797_gna
ENSG00000185989,0.28,0.05,ENSG00000185989_gna
ENSG00000074527,0.203,0.05,ENSG00000074527_gna
ENSG00000124207,-0.136,0.05,ENSG00000124207_gna
ENSG00000273802,0.322,0.05,ENSG00000273802_gna
ENSG00000196182,-0.262,0.05,ENSG00000196182_gna
ENSG00000131504,0.162,0.05,ENSG00000131504_gna
ENSG00000174606,0.294,0.05,ENSG00000174606_gna
ENSG00000116525,-0.58,0.05,ENSG00000116525_gna
ENSG00000142669,0.153,0.05,ENSG00000142669_gna
ENSG00000183696,0.355,0.05,ENSG00000183696_gna
ENSG00000089159,-0.153,0.05,ENSG00000089159_gna
ENSG00000210151,-0.685,0.05,ENSG00000210151_gna
ENSG00000168566,0.246,0.05,ENSG00000168566_gna
ENSG00000174721,0.741,0.05,ENSG00000174721_gna
ENSG00000159147,0.236,0.05,ENSG00000159147_gna
ENSG00000248441,-2.483,0.05,ENSG00000248441_gna
ENSG00000169189,0.426,0.05,ENSG00000169189_gna
