ensembl_id,log2FC,padj,comp_name
ENSG00000172380,2.475,0.0,ENSG00000172380_unmod
ENSG00000072274,2.129,7.0831107248058105e-236,ENSG00000072274_unmod
ENSG00000185896,1.576,5.2627870554481105e-151,ENSG00000185896_unmod
ENSG00000165410,1.811,4.38473597983899e-140,ENSG00000165410_unmod
ENSG00000087086,1.412,2.33050214694022e-114,ENSG00000087086_unmod
ENSG00000204217,1.291,2.43407670495618e-103,ENSG00000204217_unmod
ENSG00000017797,-2.076,1.31744442627313e-96,ENSG00000017797_unmod
ENSG00000108561,3.127,2.29612332387501e-95,ENSG00000108561_unmod
ENSG00000115159,1.293,3.36813246681748e-90,ENSG00000115159_unmod
ENSG00000178695,1.24,1.38197995929329e-87,ENSG00000178695_unmod
ENSG00000127314,1.468,6.06853700921852e-87,ENSG00000127314_unmod
ENSG00000180694,2.601,6.03946632895573e-86,ENSG00000180694_unmod
ENSG00000152952,-1.208,1.20073953242519e-81,ENSG00000152952_unmod
ENSG00000138448,1.131,7.07107897235781e-80,ENSG00000138448_unmod
ENSG00000136244,-1.219,1.2815182937179599e-79,ENSG00000136244_unmod
ENSG00000152127,1.594,9.888525352772139e-77,ENSG00000152127_unmod
ENSG00000160213,1.545,5.16929424069394e-73,ENSG00000160213_unmod
ENSG00000069869,-1.346,4.7391436719557e-72,ENSG00000069869_unmod
ENSG00000147065,0.821,6.35313669804362e-70,ENSG00000147065_unmod
ENSG00000169967,1.336,6.43052662528616e-69,ENSG00000169967_unmod
ENSG00000108468,1.31,1.97362256777959e-68,ENSG00000108468_unmod
ENSG00000135919,-0.93,1.65507974312594e-65,ENSG00000135919_unmod
ENSG00000102158,-1.052,7.2132885205668e-64,ENSG00000102158_unmod
ENSG00000188211,1.229,1.53669220828515e-59,ENSG00000188211_unmod
ENSG00000073756,-1.082,1.96912980758925e-59,ENSG00000073756_unmod
ENSG00000101935,-1.107,4.68060711934781e-57,ENSG00000101935_unmod
ENSG00000153250,-0.831,1.90878550173696e-56,ENSG00000153250_unmod
ENSG00000116489,0.727,3.2456275505208598e-55,ENSG00000116489_unmod
ENSG00000139644,0.767,1.81428405939206e-54,ENSG00000139644_unmod
ENSG00000153560,0.898,3.9520137050150404e-54,ENSG00000153560_unmod
ENSG00000079332,0.952,4.29016506656003e-54,ENSG00000079332_unmod
ENSG00000107566,1.527,7.14958271117876e-53,ENSG00000107566_unmod
ENSG00000145545,1.314,8.59632835138508e-53,ENSG00000145545_unmod
ENSG00000092853,-1.083,1.34609716249687e-52,ENSG00000092853_unmod
ENSG00000144681,1.83,1.98496750156633e-51,ENSG00000144681_unmod
ENSG00000152332,0.967,1.95729667725726e-50,ENSG00000152332_unmod
ENSG00000151893,0.82,4.7923737466119e-50,ENSG00000151893_unmod
ENSG00000105887,0.878,1.4268824218044798e-48,ENSG00000105887_unmod
ENSG00000051382,2.31,3.41018543495408e-48,ENSG00000051382_unmod
ENSG00000146066,1.43,5.79431378961053e-48,ENSG00000146066_unmod
ENSG00000152291,-0.989,1.2670807774834e-47,ENSG00000152291_unmod
ENSG00000143514,-1.213,2.1297143686146e-47,ENSG00000143514_unmod
ENSG00000116133,1.411,3.6301358665905604e-47,ENSG00000116133_unmod
ENSG00000139921,1.195,6.325072271802731e-47,ENSG00000139921_unmod
ENSG00000165244,-1.554,1.300707523137e-46,ENSG00000165244_unmod
ENSG00000170540,-0.851,2.4243954535115602e-46,ENSG00000170540_unmod
ENSG00000083642,-0.984,8.23162279308422e-45,ENSG00000083642_unmod
ENSG00000110395,0.996,1.40231251472277e-43,ENSG00000110395_unmod
ENSG00000111145,-0.972,1.49857609424603e-43,ENSG00000111145_unmod
ENSG00000163539,1.07,8.27319080994572e-43,ENSG00000163539_unmod
ENSG00000137822,1.072,1.71224584718282e-42,ENSG00000137822_unmod
ENSG00000164930,1.521,1.51284419851468e-41,ENSG00000164930_unmod
ENSG00000124783,0.694,1.7519795164820199e-41,ENSG00000124783_unmod
ENSG00000169429,-1.235,2.12753841442217e-41,ENSG00000169429_unmod
ENSG00000111652,1.171,4.96326244344224e-41,ENSG00000111652_unmod
ENSG00000131747,-1.105,5.32979883917549e-41,ENSG00000131747_unmod
ENSG00000168807,1.296,6.59871198711038e-41,ENSG00000168807_unmod
ENSG00000261609,1.201,7.842077031333499e-41,ENSG00000261609_unmod
ENSG00000152661,0.948,1.09182053472345e-40,ENSG00000152661_unmod
ENSG00000112096,-0.923,2.5790066384972e-40,ENSG00000112096_unmod
ENSG00000137965,-1.158,2.5390894315563302e-39,ENSG00000137965_unmod
ENSG00000165156,-1.119,2.5390894315563302e-39,ENSG00000165156_unmod
ENSG00000162704,-1.214,2.74088202533525e-39,ENSG00000162704_unmod
ENSG00000183576,1.208,2.78785899473041e-39,ENSG00000183576_unmod
ENSG00000253719,1.171,3.25122720414265e-39,ENSG00000253719_unmod
ENSG00000104341,0.904,3.54036346719739e-39,ENSG00000104341_unmod
ENSG00000164164,1.014,7.894519827346161e-39,ENSG00000164164_unmod
ENSG00000163814,0.978,1.63742182037823e-38,ENSG00000163814_unmod
ENSG00000114166,-1.588,1.87145356270463e-38,ENSG00000114166_unmod
ENSG00000138756,1.074,2.61720402309022e-38,ENSG00000138756_unmod
ENSG00000011405,0.749,1.66234169044104e-37,ENSG00000011405_unmod
ENSG00000135048,-0.926,1.66234169044104e-37,ENSG00000135048_unmod
ENSG00000103257,0.711,3.57720574165195e-37,ENSG00000103257_unmod
ENSG00000272886,0.934,2.4990618538595297e-36,ENSG00000272886_unmod
ENSG00000162433,0.957,7.37069823538549e-36,ENSG00000162433_unmod
ENSG00000159873,-0.922,1.5875064720486202e-35,ENSG00000159873_unmod
ENSG00000136999,1.155,2.15148692606867e-35,ENSG00000136999_unmod
ENSG00000198862,0.948,5.0972500196137e-35,ENSG00000198862_unmod
ENSG00000177888,1.033,1.02309967970071e-34,ENSG00000177888_unmod
ENSG00000004455,0.683,1.09088571947715e-34,ENSG00000004455_unmod
ENSG00000052723,1.047,2.3307919815142498e-34,ENSG00000052723_unmod
ENSG00000163428,0.729,6.1527576598887694e-34,ENSG00000163428_unmod
ENSG00000164818,1.18,1.53772871313024e-33,ENSG00000164818_unmod
ENSG00000101974,-0.958,2.81042939970565e-33,ENSG00000101974_unmod
ENSG00000127463,0.871,7.840748357161919e-33,ENSG00000127463_unmod
ENSG00000183291,1.009,8.87321581458278e-33,ENSG00000183291_unmod
ENSG00000135052,1.004,1.05411542311044e-32,ENSG00000135052_unmod
ENSG00000172572,-0.564,2.95446250866527e-32,ENSG00000172572_unmod
ENSG00000165434,-0.977,3.72748244004084e-32,ENSG00000165434_unmod
ENSG00000163811,0.901,4.12377164408199e-32,ENSG00000163811_unmod
ENSG00000134108,0.928,4.4917622244975e-32,ENSG00000134108_unmod
ENSG00000146072,0.926,5.6951216478135e-32,ENSG00000146072_unmod
ENSG00000116120,0.872,6.07006696806478e-32,ENSG00000116120_unmod
ENSG00000172954,0.815,6.56652492047821e-32,ENSG00000172954_unmod
ENSG00000179295,0.746,4.346742110761081e-31,ENSG00000179295_unmod
ENSG00000069956,0.805,4.616285067342991e-31,ENSG00000069956_unmod
ENSG00000211455,-0.88,7.14031105807533e-31,ENSG00000211455_unmod
ENSG00000114978,0.778,1.28902502076193e-30,ENSG00000114978_unmod
ENSG00000118900,-0.946,2.4862357514729898e-30,ENSG00000118900_unmod
ENSG00000070614,0.888,2.5816090433160596e-30,ENSG00000070614_unmod
ENSG00000197712,-1.149,3.16281779541125e-30,ENSG00000197712_unmod
ENSG00000092470,-0.816,3.2960080975029396e-30,ENSG00000092470_unmod
ENSG00000086712,0.998,4.00556855369386e-30,ENSG00000086712_unmod
ENSG00000058804,0.643,1.05939290966783e-29,ENSG00000058804_unmod
ENSG00000165476,-0.769,1.27901489483413e-29,ENSG00000165476_unmod
ENSG00000161057,1.007,1.34732783918967e-29,ENSG00000161057_unmod
ENSG00000132002,-0.593,1.59977826091805e-29,ENSG00000132002_unmod
ENSG00000102189,-0.917,2.42975679046497e-29,ENSG00000102189_unmod
ENSG00000247556,-0.719,1.11630702599094e-28,ENSG00000247556_unmod
ENSG00000115977,-0.846,1.21470825036942e-28,ENSG00000115977_unmod
ENSG00000144810,-1.171,3.26235587772925e-28,ENSG00000144810_unmod
ENSG00000084444,1.748,6.41520196594508e-28,ENSG00000084444_unmod
ENSG00000185551,1.082,6.471047848598619e-28,ENSG00000185551_unmod
ENSG00000124145,-0.69,8.45738583043215e-28,ENSG00000124145_unmod
ENSG00000163739,-0.956,1.12983033295228e-27,ENSG00000163739_unmod
ENSG00000037749,1.062,1.17878410882935e-27,ENSG00000037749_unmod
ENSG00000125648,0.844,1.27770727211031e-27,ENSG00000125648_unmod
ENSG00000186951,1.085,2.41357487587058e-27,ENSG00000186951_unmod
ENSG00000108691,-0.723,5.18367887685001e-27,ENSG00000108691_unmod
ENSG00000113328,0.873,5.64035037893834e-27,ENSG00000113328_unmod
ENSG00000068697,0.861,6.79672889212287e-27,ENSG00000068697_unmod
ENSG00000071054,-0.831,7.01118217428616e-27,ENSG00000071054_unmod
ENSG00000141664,0.945,7.81971461822911e-27,ENSG00000141664_unmod
ENSG00000074416,0.937,1.9551451593629898e-26,ENSG00000074416_unmod
ENSG00000058272,-0.717,3.0033270814950396e-26,ENSG00000058272_unmod
ENSG00000154127,1.214,3.59569342500612e-26,ENSG00000154127_unmod
ENSG00000196642,-0.924,4.00517686359583e-26,ENSG00000196642_unmod
ENSG00000185900,-1.169,4.05010278516681e-26,ENSG00000185900_unmod
ENSG00000165832,-1.317,6.37956442229536e-26,ENSG00000165832_unmod
ENSG00000188786,0.83,8.465159883730201e-26,ENSG00000188786_unmod
ENSG00000128510,1.78,1.87889213652479e-25,ENSG00000128510_unmod
ENSG00000165288,0.825,1.90793759399229e-25,ENSG00000165288_unmod
ENSG00000134070,-0.695,2.36204773444272e-25,ENSG00000134070_unmod
ENSG00000111300,0.834,2.8462027829751e-25,ENSG00000111300_unmod
ENSG00000160049,0.846,3.058926436688e-25,ENSG00000160049_unmod
ENSG00000084463,0.698,3.96618896839998e-25,ENSG00000084463_unmod
ENSG00000136997,0.675,4.56082222450232e-25,ENSG00000136997_unmod
ENSG00000100811,0.919,5.779488890648e-25,ENSG00000100811_unmod
ENSG00000095139,0.612,5.779488890648e-25,ENSG00000095139_unmod
ENSG00000147202,-0.982,7.797441687063531e-25,ENSG00000147202_unmod
ENSG00000175595,0.947,8.8050456178915e-25,ENSG00000175595_unmod
ENSG00000196935,0.817,9.229249621918941e-25,ENSG00000196935_unmod
ENSG00000154639,0.891,1.1973218525980101e-24,ENSG00000154639_unmod
ENSG00000198954,1.171,1.60461872189676e-24,ENSG00000198954_unmod
ENSG00000106692,0.841,1.60461872189676e-24,ENSG00000106692_unmod
ENSG00000130985,0.549,6.0292550403566e-24,ENSG00000130985_unmod
ENSG00000115008,-0.994,6.642219725343781e-24,ENSG00000115008_unmod
ENSG00000120137,0.682,6.86222923894067e-24,ENSG00000120137_unmod
ENSG00000112308,-0.621,6.95098726635202e-24,ENSG00000112308_unmod
ENSG00000119125,0.702,7.78496243905888e-24,ENSG00000119125_unmod
ENSG00000136485,-0.766,1.2605862622932401e-23,ENSG00000136485_unmod
ENSG00000126003,0.824,1.42379981753768e-23,ENSG00000126003_unmod
ENSG00000048740,1.668,1.9107869624694e-23,ENSG00000048740_unmod
ENSG00000167460,-0.518,1.9107869624694e-23,ENSG00000167460_unmod
ENSG00000031081,-1.325,2.07221755687391e-23,ENSG00000031081_unmod
ENSG00000112149,-0.9,2.48908709253578e-23,ENSG00000112149_unmod
ENSG00000197077,0.665,2.70254490640817e-23,ENSG00000197077_unmod
ENSG00000144228,-1.186,3.2573599507164404e-23,ENSG00000144228_unmod
ENSG00000087502,-0.746,4.5524131719118205e-23,ENSG00000087502_unmod
ENSG00000133740,1.683,4.69706423556184e-23,ENSG00000133740_unmod
ENSG00000198843,1.195,5.05972629215361e-23,ENSG00000198843_unmod
ENSG00000178691,-0.751,5.82220100088879e-23,ENSG00000178691_unmod
ENSG00000176148,0.996,6.46629594036089e-23,ENSG00000176148_unmod
ENSG00000189057,-0.881,1.60527798261899e-22,ENSG00000189057_unmod
ENSG00000147649,-0.614,1.82099792813261e-22,ENSG00000147649_unmod
ENSG00000130147,-0.862,2.27722627167107e-22,ENSG00000130147_unmod
ENSG00000018510,0.606,6.0086366003455e-22,ENSG00000018510_unmod
ENSG00000144369,1.835,1.03268211963193e-21,ENSG00000144369_unmod
ENSG00000117899,1.054,1.52305723638547e-21,ENSG00000117899_unmod
ENSG00000023171,-0.644,1.91124801246362e-21,ENSG00000023171_unmod
ENSG00000170385,0.792,1.92927956784599e-21,ENSG00000170385_unmod
ENSG00000115364,0.724,1.92927956784599e-21,ENSG00000115364_unmod
ENSG00000136111,0.967,1.97417344776032e-21,ENSG00000136111_unmod
ENSG00000115170,0.836,1.99621289233961e-21,ENSG00000115170_unmod
ENSG00000111912,-0.644,3.1770149492844202e-21,ENSG00000111912_unmod
ENSG00000134001,0.563,3.27332221484881e-21,ENSG00000134001_unmod
ENSG00000025800,-0.502,5.6350254776345905e-21,ENSG00000025800_unmod
ENSG00000241468,1.127,6.34553441571753e-21,ENSG00000241468_unmod
ENSG00000151233,-0.997,6.58658128219044e-21,ENSG00000151233_unmod
ENSG00000176018,-0.78,6.7227917412677605e-21,ENSG00000176018_unmod
ENSG00000179119,-0.807,6.94976115602537e-21,ENSG00000179119_unmod
ENSG00000183864,-0.601,7.24029867736469e-21,ENSG00000183864_unmod
ENSG00000114098,0.962,8.72163285178884e-21,ENSG00000114098_unmod
ENSG00000114850,0.451,1.09290849549474e-20,ENSG00000114850_unmod
ENSG00000110321,0.366,1.09290849549474e-20,ENSG00000110321_unmod
ENSG00000134987,0.561,1.1986286530026101e-20,ENSG00000134987_unmod
ENSG00000145012,0.68,1.2041822844892601e-20,ENSG00000145012_unmod
ENSG00000075945,-1.161,1.54334681742816e-20,ENSG00000075945_unmod
ENSG00000137941,-0.878,1.7060300938273602e-20,ENSG00000137941_unmod
ENSG00000155096,0.57,1.88380201464737e-20,ENSG00000155096_unmod
ENSG00000088205,0.64,1.88380201464737e-20,ENSG00000088205_unmod
ENSG00000128989,0.565,2.8145101569682404e-20,ENSG00000128989_unmod
ENSG00000164024,0.804,2.8299819430190504e-20,ENSG00000164024_unmod
ENSG00000173674,-0.854,2.89652619976974e-20,ENSG00000173674_unmod
ENSG00000146674,1.139,3.146508126813e-20,ENSG00000146674_unmod
ENSG00000146278,-0.486,3.81547010864263e-20,ENSG00000146278_unmod
ENSG00000139146,1.476,4.08174994880255e-20,ENSG00000139146_unmod
ENSG00000138386,-0.576,4.67949433562065e-20,ENSG00000138386_unmod
ENSG00000129657,0.639,5.1406636038011706e-20,ENSG00000129657_unmod
ENSG00000144560,-0.874,5.41114331638455e-20,ENSG00000144560_unmod
ENSG00000188064,0.736,5.47812765185603e-20,ENSG00000188064_unmod
ENSG00000141384,1.549,6.04881728189725e-20,ENSG00000141384_unmod
ENSG00000174238,0.684,6.58198254923411e-20,ENSG00000174238_unmod
ENSG00000141027,-0.566,6.58198254923411e-20,ENSG00000141027_unmod
ENSG00000171490,0.602,7.66361941717972e-20,ENSG00000171490_unmod
ENSG00000136718,0.782,7.88095658147312e-20,ENSG00000136718_unmod
ENSG00000179855,-0.868,9.230289533282281e-20,ENSG00000179855_unmod
ENSG00000119396,-0.674,1.15451527414034e-19,ENSG00000119396_unmod
ENSG00000280798,1.106,1.3811081246907e-19,ENSG00000280798_unmod
ENSG00000167767,0.563,1.71798880420351e-19,ENSG00000167767_unmod
ENSG00000156802,-0.581,1.79081591407619e-19,ENSG00000156802_unmod
ENSG00000081320,-0.961,2.1061328947893e-19,ENSG00000081320_unmod
ENSG00000136381,-0.705,2.28926791798256e-19,ENSG00000136381_unmod
ENSG00000122592,2.278,2.5746453174624e-19,ENSG00000122592_unmod
ENSG00000137094,-0.998,2.5792736253159e-19,ENSG00000137094_unmod
ENSG00000198252,0.775,2.5792736253159e-19,ENSG00000198252_unmod
ENSG00000144802,-0.691,4.25040490207941e-19,ENSG00000144802_unmod
ENSG00000137547,1.027,5.36322134411975e-19,ENSG00000137547_unmod
ENSG00000137075,0.713,6.15329600893747e-19,ENSG00000137075_unmod
ENSG00000123213,0.658,6.42972667227359e-19,ENSG00000123213_unmod
ENSG00000165417,-0.81,6.69445070212019e-19,ENSG00000165417_unmod
ENSG00000197375,0.781,8.19532585609705e-19,ENSG00000197375_unmod
ENSG00000082146,1.467,8.8582678977185e-19,ENSG00000082146_unmod
ENSG00000260804,-1.701,9.34555536721046e-19,ENSG00000260804_unmod
ENSG00000123146,-0.726,1.07339424165034e-18,ENSG00000123146_unmod
ENSG00000131467,0.55,1.08531359172564e-18,ENSG00000131467_unmod
ENSG00000139722,-1.044,1.12745581399273e-18,ENSG00000139722_unmod
ENSG00000163820,0.818,1.15591284086803e-18,ENSG00000163820_unmod
ENSG00000148468,1.491,1.28598751921705e-18,ENSG00000148468_unmod
ENSG00000197930,0.755,1.28598751921705e-18,ENSG00000197930_unmod
ENSG00000261373,1.63,1.41497242983943e-18,ENSG00000261373_unmod
ENSG00000138439,1.198,2.90247155354035e-18,ENSG00000138439_unmod
ENSG00000173065,0.788,3.03711430188465e-18,ENSG00000173065_unmod
ENSG00000155090,-0.468,3.48373782913209e-18,ENSG00000155090_unmod
ENSG00000138459,1.164,4.579438626158919e-18,ENSG00000138459_unmod
ENSG00000101193,1.164,4.8671007290335e-18,ENSG00000101193_unmod
ENSG00000113441,-0.579,5.1263155088425294e-18,ENSG00000113441_unmod
ENSG00000072364,0.505,5.3932218921532494e-18,ENSG00000072364_unmod
ENSG00000082213,0.722,5.63773651405329e-18,ENSG00000082213_unmod
ENSG00000100311,-1.401,6.44010063281838e-18,ENSG00000100311_unmod
ENSG00000169604,0.506,6.74272830289557e-18,ENSG00000169604_unmod
ENSG00000103064,0.595,6.87575739619717e-18,ENSG00000103064_unmod
ENSG00000198732,-0.788,7.30457801719759e-18,ENSG00000198732_unmod
ENSG00000185215,-0.552,8.4731829653105e-18,ENSG00000185215_unmod
ENSG00000169180,0.549,9.39984946650414e-18,ENSG00000169180_unmod
ENSG00000160131,0.5,9.49281559649758e-18,ENSG00000160131_unmod
ENSG00000124177,0.765,9.57275277424848e-18,ENSG00000124177_unmod
ENSG00000228716,-0.561,1.01521980008921e-17,ENSG00000228716_unmod
ENSG00000100138,0.669,1.02918573810756e-17,ENSG00000100138_unmod
ENSG00000124207,0.46,1.05264818788549e-17,ENSG00000124207_unmod
ENSG00000168040,1.089,1.17546637980929e-17,ENSG00000168040_unmod
ENSG00000165671,0.559,1.22960771637669e-17,ENSG00000165671_unmod
ENSG00000067533,0.961,1.26250067074711e-17,ENSG00000067533_unmod
ENSG00000138442,0.635,1.3423894178344701e-17,ENSG00000138442_unmod
ENSG00000121579,0.461,1.52958938318767e-17,ENSG00000121579_unmod
ENSG00000112996,0.492,1.5823921221189e-17,ENSG00000112996_unmod
ENSG00000102931,-0.949,2.5050219612302e-17,ENSG00000102931_unmod
ENSG00000107984,1.721,2.61331603906955e-17,ENSG00000107984_unmod
ENSG00000142166,-0.581,2.66758036675959e-17,ENSG00000142166_unmod
ENSG00000142871,0.66,2.78631895622045e-17,ENSG00000142871_unmod
ENSG00000148677,1.437,2.97675601092396e-17,ENSG00000148677_unmod
ENSG00000135378,-1.499,3.00925469724455e-17,ENSG00000135378_unmod
ENSG00000130119,0.464,3.92623217647192e-17,ENSG00000130119_unmod
ENSG00000171848,-0.51,4.22787718610942e-17,ENSG00000171848_unmod
ENSG00000163597,0.585,5.41481025689561e-17,ENSG00000163597_unmod
ENSG00000065809,-0.692,5.86960807945273e-17,ENSG00000065809_unmod
ENSG00000163734,-1.126,6.00922497447065e-17,ENSG00000163734_unmod
ENSG00000117226,1.168,7.45474179986606e-17,ENSG00000117226_unmod
ENSG00000070814,-0.692,7.64180910010827e-17,ENSG00000070814_unmod
ENSG00000164442,0.835,7.71381820401459e-17,ENSG00000164442_unmod
ENSG00000153071,0.712,7.78149187187811e-17,ENSG00000153071_unmod
ENSG00000135318,-0.731,9.679784816674611e-17,ENSG00000135318_unmod
ENSG00000105810,0.573,1.04759136678276e-16,ENSG00000105810_unmod
ENSG00000139372,0.869,1.18664041944447e-16,ENSG00000139372_unmod
ENSG00000116874,0.942,1.2495289178089199e-16,ENSG00000116874_unmod
ENSG00000132768,0.692,1.40828689042383e-16,ENSG00000132768_unmod
ENSG00000109436,-0.807,1.43510116691491e-16,ENSG00000109436_unmod
ENSG00000185621,-1.67,1.88047242582798e-16,ENSG00000185621_unmod
ENSG00000185033,-0.587,1.9149857084692799e-16,ENSG00000185033_unmod
ENSG00000173744,0.545,1.92395508960683e-16,ENSG00000173744_unmod
ENSG00000198492,0.541,1.98799589233357e-16,ENSG00000198492_unmod
ENSG00000100558,-0.729,2.10103867473465e-16,ENSG00000100558_unmod
ENSG00000120805,0.797,2.22106083153791e-16,ENSG00000120805_unmod
ENSG00000084090,0.451,2.22106083153791e-16,ENSG00000084090_unmod
ENSG00000165609,0.548,2.44239885421784e-16,ENSG00000165609_unmod
ENSG00000164171,-0.667,2.65559990078695e-16,ENSG00000164171_unmod
ENSG00000049246,-0.826,3.12145096017028e-16,ENSG00000049246_unmod
ENSG00000114251,0.453,3.12145096017028e-16,ENSG00000114251_unmod
ENSG00000146648,0.427,3.29913464177342e-16,ENSG00000146648_unmod
ENSG00000116584,-0.625,3.3036988829628197e-16,ENSG00000116584_unmod
ENSG00000126524,0.639,3.84243007899186e-16,ENSG00000126524_unmod
ENSG00000170153,0.677,3.8461774907933004e-16,ENSG00000170153_unmod
ENSG00000224470,0.557,3.90757704040819e-16,ENSG00000224470_unmod
ENSG00000165152,0.906,3.925830488808e-16,ENSG00000165152_unmod
ENSG00000174839,0.922,4.06450988586983e-16,ENSG00000174839_unmod
ENSG00000145919,1.013,4.83569271950924e-16,ENSG00000145919_unmod
ENSG00000111726,-1.057,6.42968870161875e-16,ENSG00000111726_unmod
ENSG00000112984,-0.538,6.55562657345995e-16,ENSG00000112984_unmod
ENSG00000052841,0.582,6.65795444228916e-16,ENSG00000052841_unmod
ENSG00000162129,0.629,8.9682787472723e-16,ENSG00000162129_unmod
ENSG00000094975,-0.652,9.28119925551032e-16,ENSG00000094975_unmod
ENSG00000175348,1.121,9.51254070396456e-16,ENSG00000175348_unmod
ENSG00000167721,0.553,1.0981917488094102e-15,ENSG00000167721_unmod
ENSG00000075568,-0.587,1.11545184007055e-15,ENSG00000075568_unmod
ENSG00000167881,-0.724,1.1556091869221201e-15,ENSG00000167881_unmod
ENSG00000004700,-0.708,1.1846158922387102e-15,ENSG00000004700_unmod
ENSG00000148572,-1.123,1.29117085784417e-15,ENSG00000148572_unmod
ENSG00000122565,0.719,1.3275210390585402e-15,ENSG00000122565_unmod
ENSG00000196865,0.593,1.3495763451913402e-15,ENSG00000196865_unmod
ENSG00000248323,-0.539,1.6899356118996702e-15,ENSG00000248323_unmod
ENSG00000080503,-0.652,1.83140927070539e-15,ENSG00000080503_unmod
ENSG00000164237,0.821,2.01810204165231e-15,ENSG00000164237_unmod
ENSG00000104343,0.987,2.06681328859567e-15,ENSG00000104343_unmod
ENSG00000137693,-0.468,2.08701677795977e-15,ENSG00000137693_unmod
ENSG00000115902,-0.644,2.2571578052004702e-15,ENSG00000115902_unmod
ENSG00000123908,0.572,2.2937444822106404e-15,ENSG00000123908_unmod
ENSG00000145819,-0.788,2.2937444822106404e-15,ENSG00000145819_unmod
ENSG00000135842,-0.555,2.4313880850605303e-15,ENSG00000135842_unmod
ENSG00000162607,-0.648,3.00771450553975e-15,ENSG00000162607_unmod
ENSG00000109099,0.746,3.18183096570224e-15,ENSG00000109099_unmod
ENSG00000176624,0.677,3.18183096570224e-15,ENSG00000176624_unmod
ENSG00000104884,0.79,3.2980746362616003e-15,ENSG00000104884_unmod
ENSG00000112624,0.936,3.5466754637299603e-15,ENSG00000112624_unmod
ENSG00000113070,-0.969,3.7559092729953404e-15,ENSG00000113070_unmod
ENSG00000071242,0.597,3.8886161590357504e-15,ENSG00000071242_unmod
ENSG00000028203,-0.718,4.11814027107102e-15,ENSG00000028203_unmod
ENSG00000134531,0.668,4.2390886515498106e-15,ENSG00000134531_unmod
ENSG00000173757,0.663,5.3753828265696e-15,ENSG00000173757_unmod
ENSG00000205336,-0.484,5.4698537118907304e-15,ENSG00000205336_unmod
ENSG00000149212,0.721,5.5561242534831105e-15,ENSG00000149212_unmod
ENSG00000152558,0.492,5.65001604938014e-15,ENSG00000152558_unmod
ENSG00000085719,0.584,5.79110508375199e-15,ENSG00000085719_unmod
ENSG00000112200,0.573,6.38557343667601e-15,ENSG00000112200_unmod
ENSG00000100418,0.577,6.4578263550253304e-15,ENSG00000100418_unmod
ENSG00000063978,0.507,7.14788213084595e-15,ENSG00000063978_unmod
ENSG00000162073,-0.954,7.490833552461741e-15,ENSG00000162073_unmod
ENSG00000117174,0.755,8.26710539800491e-15,ENSG00000117174_unmod
ENSG00000109572,-0.71,8.805898819250671e-15,ENSG00000109572_unmod
ENSG00000119285,0.487,1.12183440425229e-14,ENSG00000119285_unmod
ENSG00000100462,0.506,1.16000833103691e-14,ENSG00000100462_unmod
ENSG00000110851,0.718,1.22093059495831e-14,ENSG00000110851_unmod
ENSG00000103479,0.828,1.4077520571727e-14,ENSG00000103479_unmod
ENSG00000087274,-0.528,1.45107998811752e-14,ENSG00000087274_unmod
ENSG00000186480,-0.757,1.47050713568843e-14,ENSG00000186480_unmod
ENSG00000106772,0.628,1.51948660273545e-14,ENSG00000106772_unmod
ENSG00000145779,-0.622,1.7857060306452802e-14,ENSG00000145779_unmod
ENSG00000121644,0.613,1.93558937026101e-14,ENSG00000121644_unmod
ENSG00000013588,0.464,2.1130468155164802e-14,ENSG00000013588_unmod
ENSG00000107341,0.418,2.1779547764403102e-14,ENSG00000107341_unmod
ENSG00000081041,-0.906,2.37949596466343e-14,ENSG00000081041_unmod
ENSG00000145391,0.51,2.4298896311925e-14,ENSG00000145391_unmod
ENSG00000141424,-0.473,2.5673571751088e-14,ENSG00000141424_unmod
ENSG00000265241,0.777,2.6521361755071902e-14,ENSG00000265241_unmod
ENSG00000150938,-0.449,2.73720808628976e-14,ENSG00000150938_unmod
ENSG00000115380,0.531,2.90613416413727e-14,ENSG00000115380_unmod
ENSG00000141101,0.59,2.9689228998991303e-14,ENSG00000141101_unmod
ENSG00000153246,-0.525,3.0522049023928e-14,ENSG00000153246_unmod
ENSG00000196313,0.69,3.5219812366051e-14,ENSG00000196313_unmod
ENSG00000125686,0.511,3.74224130777366e-14,ENSG00000125686_unmod
ENSG00000166801,-0.721,4.12519822039226e-14,ENSG00000166801_unmod
ENSG00000117525,0.632,5.0214817013718504e-14,ENSG00000117525_unmod
ENSG00000198042,0.552,5.0214817013718504e-14,ENSG00000198042_unmod
ENSG00000103342,0.377,5.2877092516001205e-14,ENSG00000103342_unmod
ENSG00000106052,-0.644,5.3784995618498203e-14,ENSG00000106052_unmod
ENSG00000180818,0.754,7.12947711064684e-14,ENSG00000180818_unmod
ENSG00000163527,-0.418,7.38324391673386e-14,ENSG00000163527_unmod
ENSG00000166260,0.817,7.64148337340465e-14,ENSG00000166260_unmod
ENSG00000111450,-0.781,8.16966121692913e-14,ENSG00000111450_unmod
ENSG00000132326,-0.715,8.27627342729084e-14,ENSG00000132326_unmod
ENSG00000128951,-0.432,8.50996565127912e-14,ENSG00000128951_unmod
ENSG00000133895,0.736,8.96181220852307e-14,ENSG00000133895_unmod
ENSG00000168016,-0.71,9.11029071914335e-14,ENSG00000168016_unmod
ENSG00000154122,0.414,1.1082581344677899e-13,ENSG00000154122_unmod
ENSG00000152492,-0.48,1.11216245954559e-13,ENSG00000152492_unmod
ENSG00000122861,-1.643,1.23777229376169e-13,ENSG00000122861_unmod
ENSG00000160796,0.653,1.27293284087746e-13,ENSG00000160796_unmod
ENSG00000108349,0.502,1.2974416493178e-13,ENSG00000108349_unmod
ENSG00000154380,0.553,1.46948039081549e-13,ENSG00000154380_unmod
ENSG00000115935,-0.541,1.76534451349339e-13,ENSG00000115935_unmod
ENSG00000197961,0.605,2.04930841257256e-13,ENSG00000197961_unmod
ENSG00000148175,0.448,2.2232310878569499e-13,ENSG00000148175_unmod
ENSG00000129003,-0.54,2.3633632721830996e-13,ENSG00000129003_unmod
ENSG00000069974,-0.79,2.6253437076242e-13,ENSG00000069974_unmod
ENSG00000117155,-0.818,2.6253437076242e-13,ENSG00000117155_unmod
ENSG00000260196,1.236,2.7624542111964197e-13,ENSG00000260196_unmod
ENSG00000102531,-0.368,2.7624542111964197e-13,ENSG00000102531_unmod
ENSG00000106688,-0.73,2.76568037881985e-13,ENSG00000106688_unmod
ENSG00000149289,-0.659,2.82062523187609e-13,ENSG00000149289_unmod
ENSG00000213281,0.493,3.01496108013199e-13,ENSG00000213281_unmod
ENSG00000130821,0.647,3.57830573959669e-13,ENSG00000130821_unmod
ENSG00000106484,0.572,3.78312106017792e-13,ENSG00000106484_unmod
ENSG00000138757,-0.505,4.04723105501536e-13,ENSG00000138757_unmod
ENSG00000138180,0.729,4.3918871698128397e-13,ENSG00000138180_unmod
ENSG00000179151,0.616,4.43369183954852e-13,ENSG00000179151_unmod
ENSG00000160014,-0.364,4.56709682116064e-13,ENSG00000160014_unmod
ENSG00000171246,-0.585,4.58017472877157e-13,ENSG00000171246_unmod
ENSG00000095209,0.923,4.58017472877157e-13,ENSG00000095209_unmod
ENSG00000119661,-0.97,4.67789174178997e-13,ENSG00000119661_unmod
ENSG00000170961,-0.985,4.71011575472274e-13,ENSG00000170961_unmod
ENSG00000009335,-0.542,4.722522088235199e-13,ENSG00000009335_unmod
ENSG00000148154,0.58,6.51539055704155e-13,ENSG00000148154_unmod
ENSG00000109079,0.465,7.26175503773959e-13,ENSG00000109079_unmod
ENSG00000170855,1.768,7.27624440691428e-13,ENSG00000170855_unmod
ENSG00000153989,0.556,7.5153657180854e-13,ENSG00000153989_unmod
ENSG00000072041,0.838,8.00220830376424e-13,ENSG00000072041_unmod
ENSG00000130558,-0.767,8.62891002331861e-13,ENSG00000130558_unmod
ENSG00000134107,-0.414,9.06677315871032e-13,ENSG00000134107_unmod
ENSG00000171109,0.662,1.03093206934783e-12,ENSG00000171109_unmod
ENSG00000124762,-0.518,1.10591427424248e-12,ENSG00000124762_unmod
ENSG00000143674,0.796,1.11716153578915e-12,ENSG00000143674_unmod
ENSG00000214357,-0.852,1.30236904496263e-12,ENSG00000214357_unmod
ENSG00000115594,-0.65,1.3993457152232299e-12,ENSG00000115594_unmod
ENSG00000111412,0.63,1.42382341162634e-12,ENSG00000111412_unmod
ENSG00000136603,-0.469,1.44173527904481e-12,ENSG00000136603_unmod
ENSG00000144747,-0.738,1.4425518639193698e-12,ENSG00000144747_unmod
ENSG00000148143,0.738,1.6315220199861599e-12,ENSG00000148143_unmod
ENSG00000168078,-0.87,1.6839554460879699e-12,ENSG00000168078_unmod
ENSG00000165271,0.622,1.6962016597108899e-12,ENSG00000165271_unmod
ENSG00000172893,0.536,1.7434856564825098e-12,ENSG00000172893_unmod
ENSG00000247626,0.923,1.9488806019428098e-12,ENSG00000247626_unmod
ENSG00000124357,-0.923,1.96023370916708e-12,ENSG00000124357_unmod
ENSG00000137502,0.701,1.9936936026242097e-12,ENSG00000137502_unmod
ENSG00000254726,1.146,2.0091794541171e-12,ENSG00000254726_unmod
ENSG00000187098,0.7,2.04874016107291e-12,ENSG00000187098_unmod
ENSG00000113368,-0.47,2.08194577933424e-12,ENSG00000113368_unmod
ENSG00000171204,0.708,2.08819488069195e-12,ENSG00000171204_unmod
ENSG00000107854,0.473,2.11325255137791e-12,ENSG00000107854_unmod
ENSG00000146476,-0.844,2.35037918200546e-12,ENSG00000146476_unmod
ENSG00000165424,-0.825,2.4589044048960898e-12,ENSG00000165424_unmod
ENSG00000146373,0.61,2.46296801629262e-12,ENSG00000146373_unmod
ENSG00000100304,0.723,2.53979107360158e-12,ENSG00000100304_unmod
ENSG00000119408,0.568,2.6723574351007298e-12,ENSG00000119408_unmod
ENSG00000090339,-0.824,2.81376942688423e-12,ENSG00000090339_unmod
ENSG00000092203,0.503,2.83897291649863e-12,ENSG00000092203_unmod
ENSG00000171320,-0.66,2.8960375575923698e-12,ENSG00000171320_unmod
ENSG00000077238,-0.841,2.93163156156275e-12,ENSG00000077238_unmod
ENSG00000118503,-0.534,3.00408963303915e-12,ENSG00000118503_unmod
ENSG00000106366,-0.493,3.00785055600638e-12,ENSG00000106366_unmod
ENSG00000184743,0.559,3.46739785757677e-12,ENSG00000184743_unmod
ENSG00000134982,0.476,3.7013413599008e-12,ENSG00000134982_unmod
ENSG00000064666,-0.436,3.77372536921286e-12,ENSG00000064666_unmod
ENSG00000068912,-0.599,4.11300695910858e-12,ENSG00000068912_unmod
ENSG00000100354,0.478,4.32093126062516e-12,ENSG00000100354_unmod
ENSG00000179134,0.486,4.64573404935001e-12,ENSG00000179134_unmod
ENSG00000106785,0.563,4.8756417203638795e-12,ENSG00000106785_unmod
ENSG00000083799,-0.526,5.4390053637168594e-12,ENSG00000083799_unmod
ENSG00000075218,-0.643,5.52249526301865e-12,ENSG00000075218_unmod
ENSG00000115232,-1.12,5.869511726081599e-12,ENSG00000115232_unmod
ENSG00000152894,-0.556,5.869511726081599e-12,ENSG00000152894_unmod
ENSG00000138759,0.513,5.88463264712519e-12,ENSG00000138759_unmod
ENSG00000143878,0.444,5.95151365630943e-12,ENSG00000143878_unmod
ENSG00000168685,-0.576,6.3254279673534896e-12,ENSG00000168685_unmod
ENSG00000136378,-1.17,6.3312733525489294e-12,ENSG00000136378_unmod
ENSG00000162409,0.578,6.45906363511054e-12,ENSG00000162409_unmod
ENSG00000143476,-0.454,6.74861029691746e-12,ENSG00000143476_unmod
ENSG00000105835,-0.487,6.85106535558481e-12,ENSG00000105835_unmod
ENSG00000177469,0.664,7.07760771415004e-12,ENSG00000177469_unmod
ENSG00000012048,-0.539,7.579080503300459e-12,ENSG00000012048_unmod
ENSG00000173402,0.424,7.579080503300459e-12,ENSG00000173402_unmod
ENSG00000112419,-0.509,7.5891282808901e-12,ENSG00000112419_unmod
ENSG00000197601,0.642,8.06083282251687e-12,ENSG00000197601_unmod
ENSG00000204116,0.883,8.336725397601729e-12,ENSG00000204116_unmod
ENSG00000165699,-0.456,8.62008592426897e-12,ENSG00000165699_unmod
ENSG00000170542,-0.934,8.879805354344369e-12,ENSG00000170542_unmod
ENSG00000169607,-0.585,9.602108696704729e-12,ENSG00000169607_unmod
ENSG00000155975,0.677,1.03134733548154e-11,ENSG00000155975_unmod
ENSG00000165997,-0.547,1.03704905771793e-11,ENSG00000165997_unmod
ENSG00000121481,-0.9,1.04582778815189e-11,ENSG00000121481_unmod
ENSG00000165029,-0.76,1.10523280069448e-11,ENSG00000165029_unmod
ENSG00000143924,0.471,1.15662579842545e-11,ENSG00000143924_unmod
ENSG00000167258,0.382,1.17846748551003e-11,ENSG00000167258_unmod
ENSG00000125630,0.598,1.2424803135073199e-11,ENSG00000125630_unmod
ENSG00000073712,0.548,1.2624730236370099e-11,ENSG00000073712_unmod
ENSG00000145632,0.482,1.3218869671867798e-11,ENSG00000145632_unmod
ENSG00000119446,0.621,1.33346071998533e-11,ENSG00000119446_unmod
ENSG00000128274,-0.692,1.3430111847914299e-11,ENSG00000128274_unmod
ENSG00000176407,0.675,1.3471289957997599e-11,ENSG00000176407_unmod
ENSG00000182621,-0.897,1.4218013596080898e-11,ENSG00000182621_unmod
ENSG00000148411,0.707,1.4604854855518002e-11,ENSG00000148411_unmod
ENSG00000185658,0.561,1.53774620297174e-11,ENSG00000185658_unmod
ENSG00000107263,-0.563,1.71927074121257e-11,ENSG00000107263_unmod
ENSG00000113649,0.452,1.73098604764804e-11,ENSG00000113649_unmod
ENSG00000177463,-0.501,1.7523628697118e-11,ENSG00000177463_unmod
ENSG00000113356,0.937,1.8495542970883297e-11,ENSG00000113356_unmod
ENSG00000162695,0.501,1.98097668755594e-11,ENSG00000162695_unmod
ENSG00000089876,-0.751,2.2287048765328e-11,ENSG00000089876_unmod
ENSG00000145907,0.451,2.32733158115825e-11,ENSG00000145907_unmod
ENSG00000163349,0.376,2.37781049672942e-11,ENSG00000163349_unmod
ENSG00000196083,0.559,2.37907390953469e-11,ENSG00000196083_unmod
ENSG00000135069,0.406,2.4557603839759002e-11,ENSG00000135069_unmod
ENSG00000104312,-0.818,2.4944356337357597e-11,ENSG00000104312_unmod
ENSG00000164338,0.555,2.6662549615781698e-11,ENSG00000164338_unmod
ENSG00000078140,0.432,2.7310525748758898e-11,ENSG00000078140_unmod
ENSG00000278053,0.759,2.92276207378262e-11,ENSG00000278053_unmod
ENSG00000143384,-0.414,2.92276207378262e-11,ENSG00000143384_unmod
ENSG00000003989,0.4,2.9832662260343595e-11,ENSG00000003989_unmod
ENSG00000130024,-0.584,2.9832662260343595e-11,ENSG00000130024_unmod
ENSG00000135250,-0.636,3.0718904843699796e-11,ENSG00000135250_unmod
ENSG00000146083,0.623,3.13414535008205e-11,ENSG00000146083_unmod
ENSG00000140157,-0.516,3.23894615959767e-11,ENSG00000140157_unmod
ENSG00000137992,0.647,3.3301447105149195e-11,ENSG00000137992_unmod
ENSG00000235750,-0.518,3.35189180109148e-11,ENSG00000235750_unmod
ENSG00000187735,-0.625,3.45150201418146e-11,ENSG00000187735_unmod
ENSG00000172575,1.02,3.50659779485996e-11,ENSG00000172575_unmod
ENSG00000164023,-0.522,3.5409183224323495e-11,ENSG00000164023_unmod
ENSG00000134644,0.402,3.68232627550763e-11,ENSG00000134644_unmod
ENSG00000099194,0.352,3.77221352813922e-11,ENSG00000099194_unmod
ENSG00000126267,0.649,4.3800294194094094e-11,ENSG00000126267_unmod
ENSG00000100393,0.369,4.45215046357082e-11,ENSG00000100393_unmod
ENSG00000101849,-0.545,4.5758238095334695e-11,ENSG00000101849_unmod
ENSG00000148110,-0.512,4.6717041649077795e-11,ENSG00000148110_unmod
ENSG00000165240,-0.698,4.8967999617829e-11,ENSG00000165240_unmod
ENSG00000125741,0.622,4.969187160635929e-11,ENSG00000125741_unmod
ENSG00000150764,-0.768,4.969187160635929e-11,ENSG00000150764_unmod
ENSG00000065183,0.643,5.2894313719608494e-11,ENSG00000065183_unmod
ENSG00000111817,-0.579,5.4735765003722004e-11,ENSG00000111817_unmod
ENSG00000003436,-0.369,5.5127608627718496e-11,ENSG00000003436_unmod
ENSG00000123610,-1.164,5.56233266001059e-11,ENSG00000123610_unmod
ENSG00000065413,-0.599,5.61147453745262e-11,ENSG00000065413_unmod
ENSG00000106344,0.44,5.6202617850917196e-11,ENSG00000106344_unmod
ENSG00000056558,-1.218,5.86503199956692e-11,ENSG00000056558_unmod
ENSG00000100906,-0.494,5.94721767426363e-11,ENSG00000100906_unmod
ENSG00000092969,0.609,6.38520595191548e-11,ENSG00000092969_unmod
ENSG00000146676,0.422,6.941631658621349e-11,ENSG00000146676_unmod
ENSG00000082458,-0.838,7.21025085591836e-11,ENSG00000082458_unmod
ENSG00000150782,0.675,7.21025085591836e-11,ENSG00000150782_unmod
ENSG00000128283,0.434,7.652400271211189e-11,ENSG00000128283_unmod
ENSG00000124767,0.421,7.6681621753208e-11,ENSG00000124767_unmod
ENSG00000124571,0.505,7.70729481920456e-11,ENSG00000124571_unmod
ENSG00000166224,0.525,8.659508163775509e-11,ENSG00000166224_unmod
ENSG00000120868,-0.666,8.675512845561179e-11,ENSG00000120868_unmod
ENSG00000163874,-0.479,9.179079555415369e-11,ENSG00000163874_unmod
ENSG00000092199,0.339,9.42016276373601e-11,ENSG00000092199_unmod
ENSG00000166825,-0.846,9.81179395618975e-11,ENSG00000166825_unmod
ENSG00000134690,-0.565,9.81179395618975e-11,ENSG00000134690_unmod
ENSG00000054654,-0.518,1.0219419660957101e-10,ENSG00000054654_unmod
ENSG00000141568,0.478,1.02642926183976e-10,ENSG00000141568_unmod
ENSG00000176890,-0.705,1.07180186767771e-10,ENSG00000176890_unmod
ENSG00000130066,-0.589,1.08705926329251e-10,ENSG00000130066_unmod
ENSG00000123485,-0.527,1.10229505996715e-10,ENSG00000123485_unmod
ENSG00000125257,0.522,1.19941171470592e-10,ENSG00000125257_unmod
ENSG00000184371,-0.536,1.236187286175e-10,ENSG00000184371_unmod
ENSG00000108960,-0.9,1.24905981591735e-10,ENSG00000108960_unmod
ENSG00000169499,0.374,1.25836218012027e-10,ENSG00000169499_unmod
ENSG00000172765,0.644,1.29442579328334e-10,ENSG00000172765_unmod
ENSG00000136816,0.618,1.35880948177132e-10,ENSG00000136816_unmod
ENSG00000138074,0.618,1.3591690506141002e-10,ENSG00000138074_unmod
ENSG00000170653,0.61,1.42942501710319e-10,ENSG00000170653_unmod
ENSG00000086061,-0.544,1.42942501710319e-10,ENSG00000086061_unmod
ENSG00000113360,0.326,1.44992178085341e-10,ENSG00000113360_unmod
ENSG00000182827,0.634,1.44992178085341e-10,ENSG00000182827_unmod
ENSG00000114573,-0.499,1.48235952426902e-10,ENSG00000114573_unmod
ENSG00000101057,-0.697,1.48482820135315e-10,ENSG00000101057_unmod
ENSG00000181704,0.449,1.52309648058735e-10,ENSG00000181704_unmod
ENSG00000165675,-0.9,1.52911797485522e-10,ENSG00000165675_unmod
ENSG00000137814,0.48,1.6598519942497202e-10,ENSG00000137814_unmod
ENSG00000041982,-0.658,1.73838468533475e-10,ENSG00000041982_unmod
ENSG00000197965,0.388,1.88514201645272e-10,ENSG00000197965_unmod
ENSG00000110422,0.379,1.88514201645272e-10,ENSG00000110422_unmod
ENSG00000133028,0.632,1.90528582851815e-10,ENSG00000133028_unmod
ENSG00000179431,0.871,2.03640404270034e-10,ENSG00000179431_unmod
ENSG00000161980,1.043,2.1520263928673101e-10,ENSG00000161980_unmod
ENSG00000143319,0.49,2.24629121846625e-10,ENSG00000143319_unmod
ENSG00000129680,0.585,2.41990863029993e-10,ENSG00000129680_unmod
ENSG00000164951,0.507,2.4878500534433803e-10,ENSG00000164951_unmod
ENSG00000104331,0.451,2.55776065029653e-10,ENSG00000104331_unmod
ENSG00000198668,-0.519,2.73026103307659e-10,ENSG00000198668_unmod
ENSG00000137770,-0.386,2.73026103307659e-10,ENSG00000137770_unmod
ENSG00000101346,0.536,2.88049453719529e-10,ENSG00000101346_unmod
ENSG00000170871,-0.641,2.92564431116775e-10,ENSG00000170871_unmod
ENSG00000170085,1.11,3.08931772434474e-10,ENSG00000170085_unmod
ENSG00000144674,-0.624,3.10431266831375e-10,ENSG00000144674_unmod
ENSG00000148346,-1.034,3.1114903900952703e-10,ENSG00000148346_unmod
ENSG00000104765,-0.591,3.14494394740979e-10,ENSG00000104765_unmod
ENSG00000112715,-0.441,3.17984754934591e-10,ENSG00000112715_unmod
ENSG00000153048,-0.777,3.2014267770007403e-10,ENSG00000153048_unmod
ENSG00000178921,0.617,3.26391427310287e-10,ENSG00000178921_unmod
ENSG00000186687,0.744,3.46902201505034e-10,ENSG00000186687_unmod
ENSG00000164284,0.433,3.8825165799707803e-10,ENSG00000164284_unmod
ENSG00000188647,0.434,4.4426383223050103e-10,ENSG00000188647_unmod
ENSG00000076554,0.577,4.5618742859501603e-10,ENSG00000076554_unmod
ENSG00000023445,0.556,4.69392961953922e-10,ENSG00000023445_unmod
ENSG00000100744,0.887,5.48429792983364e-10,ENSG00000100744_unmod
ENSG00000169446,0.471,5.70447125930356e-10,ENSG00000169446_unmod
ENSG00000157570,-1.117,5.90999932711147e-10,ENSG00000157570_unmod
ENSG00000141298,-0.435,6.04482152324645e-10,ENSG00000141298_unmod
ENSG00000142864,0.435,6.31112622366978e-10,ENSG00000142864_unmod
ENSG00000075420,-0.36,6.74579591000795e-10,ENSG00000075420_unmod
ENSG00000100350,0.52,6.78704290510883e-10,ENSG00000100350_unmod
ENSG00000103429,-0.572,6.86221016639787e-10,ENSG00000103429_unmod
ENSG00000136108,0.486,7.37230614199862e-10,ENSG00000136108_unmod
ENSG00000186298,0.41,7.44394868701674e-10,ENSG00000186298_unmod
ENSG00000159658,-0.524,7.44394868701674e-10,ENSG00000159658_unmod
ENSG00000143355,0.947,7.73317713826096e-10,ENSG00000143355_unmod
ENSG00000082153,-0.485,7.73317713826096e-10,ENSG00000082153_unmod
ENSG00000187079,0.459,7.947697013649211e-10,ENSG00000187079_unmod
ENSG00000165072,0.612,7.9676024143479e-10,ENSG00000165072_unmod
ENSG00000113638,-0.664,8.75429576014736e-10,ENSG00000113638_unmod
ENSG00000167202,-0.681,8.887256053573141e-10,ENSG00000167202_unmod
ENSG00000166831,-0.76,9.08219450259254e-10,ENSG00000166831_unmod
ENSG00000124209,-0.472,9.231205919717501e-10,ENSG00000124209_unmod
ENSG00000115365,0.423,9.90821079502021e-10,ENSG00000115365_unmod
ENSG00000100297,-0.464,1.0048653373388501e-09,ENSG00000100297_unmod
ENSG00000184349,0.491,1.00918098667728e-09,ENSG00000184349_unmod
ENSG00000152556,0.71,1.0237306702020101e-09,ENSG00000152556_unmod
ENSG00000162377,0.599,1.05878117548428e-09,ENSG00000162377_unmod
ENSG00000084733,0.415,1.05984745328611e-09,ENSG00000084733_unmod
ENSG00000140350,0.558,1.12731362568371e-09,ENSG00000140350_unmod
ENSG00000147010,-0.473,1.13329728510617e-09,ENSG00000147010_unmod
ENSG00000198363,-0.287,1.1686477435375e-09,ENSG00000198363_unmod
ENSG00000120685,0.583,1.1725814746507e-09,ENSG00000120685_unmod
ENSG00000102265,-0.377,1.1880159515587401e-09,ENSG00000102265_unmod
ENSG00000174749,0.931,1.22557828783555e-09,ENSG00000174749_unmod
ENSG00000100335,0.52,1.26174031331812e-09,ENSG00000100335_unmod
ENSG00000106462,-0.502,1.28676101636966e-09,ENSG00000106462_unmod
ENSG00000162521,-0.328,1.52760636725767e-09,ENSG00000162521_unmod
ENSG00000131844,0.513,1.5594182699999902e-09,ENSG00000131844_unmod
ENSG00000089063,0.67,1.5702891410320202e-09,ENSG00000089063_unmod
ENSG00000049130,-0.532,1.5898628363351802e-09,ENSG00000049130_unmod
ENSG00000127334,0.534,1.68410247011402e-09,ENSG00000127334_unmod
ENSG00000110931,0.682,1.7181855645493502e-09,ENSG00000110931_unmod
ENSG00000118523,0.479,1.72119366769134e-09,ENSG00000118523_unmod
ENSG00000114767,0.767,1.74265230263214e-09,ENSG00000114767_unmod
ENSG00000186205,0.744,1.7934818964866702e-09,ENSG00000186205_unmod
ENSG00000204130,0.867,1.9376681136384102e-09,ENSG00000204130_unmod
ENSG00000165732,0.404,1.9470455537620303e-09,ENSG00000165732_unmod
ENSG00000130962,0.777,1.9769479596873802e-09,ENSG00000130962_unmod
ENSG00000149100,0.355,1.9908490955258803e-09,ENSG00000149100_unmod
ENSG00000104756,-0.535,2.0278764018802303e-09,ENSG00000104756_unmod
ENSG00000113194,-0.368,2.1112070267790302e-09,ENSG00000113194_unmod
ENSG00000174032,-1.439,2.2333284130233802e-09,ENSG00000174032_unmod
ENSG00000189159,-0.624,2.2777141146217e-09,ENSG00000189159_unmod
ENSG00000136261,-0.58,2.2790590104427903e-09,ENSG00000136261_unmod
ENSG00000180447,0.598,2.2819190533306403e-09,ENSG00000180447_unmod
ENSG00000154945,0.405,2.3603372449772903e-09,ENSG00000154945_unmod
ENSG00000118965,0.801,2.40796653671886e-09,ENSG00000118965_unmod
ENSG00000139874,0.517,2.41824055136152e-09,ENSG00000139874_unmod
ENSG00000151276,0.712,2.57386694631469e-09,ENSG00000151276_unmod
ENSG00000108602,-0.933,2.63190409532187e-09,ENSG00000108602_unmod
ENSG00000148943,-0.447,2.7023066331066704e-09,ENSG00000148943_unmod
ENSG00000242265,0.314,2.7745104995059804e-09,ENSG00000242265_unmod
ENSG00000183520,0.495,2.80451737993898e-09,ENSG00000183520_unmod
ENSG00000119397,-0.663,2.8119532603726304e-09,ENSG00000119397_unmod
ENSG00000068654,0.508,2.8548418652059704e-09,ENSG00000068654_unmod
ENSG00000099260,-0.688,3.0744416648789e-09,ENSG00000099260_unmod
ENSG00000122705,0.582,3.21647059126133e-09,ENSG00000122705_unmod
ENSG00000162735,0.6,3.22343416864028e-09,ENSG00000162735_unmod
ENSG00000076003,-0.592,3.2359648318599403e-09,ENSG00000076003_unmod
ENSG00000132466,0.41,3.34398062309848e-09,ENSG00000132466_unmod
ENSG00000170677,-0.465,3.34398062309848e-09,ENSG00000170677_unmod
ENSG00000117139,0.46,3.3664879408337202e-09,ENSG00000117139_unmod
ENSG00000131238,0.353,3.4613565277568204e-09,ENSG00000131238_unmod
ENSG00000132470,-0.526,3.4916924198895805e-09,ENSG00000132470_unmod
ENSG00000149483,0.521,3.5435923307561105e-09,ENSG00000149483_unmod
ENSG00000081923,0.905,3.62622472856175e-09,ENSG00000081923_unmod
ENSG00000197714,0.446,3.62622472856175e-09,ENSG00000197714_unmod
ENSG00000198707,-0.863,3.7185264814284e-09,ENSG00000198707_unmod
ENSG00000118707,1.235,3.919272676865821e-09,ENSG00000118707_unmod
ENSG00000204054,-0.478,3.919272676865821e-09,ENSG00000204054_unmod
ENSG00000107036,0.379,4.1418329627309206e-09,ENSG00000107036_unmod
ENSG00000137962,0.596,4.257584030549671e-09,ENSG00000137962_unmod
ENSG00000113645,0.417,4.28118490571717e-09,ENSG00000113645_unmod
ENSG00000180198,0.482,4.43764362747605e-09,ENSG00000180198_unmod
ENSG00000110048,0.498,4.641312366114991e-09,ENSG00000110048_unmod
ENSG00000129473,-0.804,4.71074504395388e-09,ENSG00000129473_unmod
ENSG00000160917,0.837,4.86522373236655e-09,ENSG00000160917_unmod
ENSG00000064313,-0.48,4.96139394109449e-09,ENSG00000064313_unmod
ENSG00000101882,-0.995,5.060591171467e-09,ENSG00000101882_unmod
ENSG00000117394,0.456,5.994712651435871e-09,ENSG00000117394_unmod
ENSG00000164180,0.616,6.003580436268031e-09,ENSG00000164180_unmod
ENSG00000166750,-0.476,6.041106079121821e-09,ENSG00000166750_unmod
ENSG00000165312,-0.605,6.1834332885043805e-09,ENSG00000165312_unmod
ENSG00000137124,0.38,6.343872017836721e-09,ENSG00000137124_unmod
ENSG00000132646,-0.5,6.375494768410951e-09,ENSG00000132646_unmod
ENSG00000136492,-0.457,6.6011100105799e-09,ENSG00000136492_unmod
ENSG00000075539,-0.473,7.107842668548461e-09,ENSG00000075539_unmod
ENSG00000102580,-0.41,7.325395232375151e-09,ENSG00000102580_unmod
ENSG00000086289,0.76,7.5599122984978e-09,ENSG00000086289_unmod
ENSG00000171223,-0.589,7.8668800104875e-09,ENSG00000171223_unmod
ENSG00000104611,-0.542,7.94384874376194e-09,ENSG00000104611_unmod
ENSG00000111077,-0.627,7.95476471363389e-09,ENSG00000111077_unmod
ENSG00000010810,0.718,8.20839314075269e-09,ENSG00000010810_unmod
ENSG00000198959,-0.482,8.21630335560307e-09,ENSG00000198959_unmod
ENSG00000162639,1.202,8.32988145950273e-09,ENSG00000162639_unmod
ENSG00000184432,-0.686,8.419674721962571e-09,ENSG00000184432_unmod
ENSG00000124882,-0.498,8.49532553982564e-09,ENSG00000124882_unmod
ENSG00000204291,-0.449,8.64591107278158e-09,ENSG00000204291_unmod
ENSG00000198554,-0.603,8.66927219042598e-09,ENSG00000198554_unmod
ENSG00000085840,-0.538,8.741668997482231e-09,ENSG00000085840_unmod
ENSG00000147955,0.47,9.127942688616811e-09,ENSG00000147955_unmod
ENSG00000102362,-1.04,9.59210795528593e-09,ENSG00000102362_unmod
ENSG00000162851,0.708,9.711116208970061e-09,ENSG00000162851_unmod
ENSG00000155506,0.289,9.935598675308311e-09,ENSG00000155506_unmod
ENSG00000067955,0.524,1.04477633773928e-08,ENSG00000067955_unmod
ENSG00000120008,-0.492,1.07646206552888e-08,ENSG00000120008_unmod
ENSG00000182400,0.838,1.0802852226268e-08,ENSG00000182400_unmod
ENSG00000135912,0.445,1.10036684302325e-08,ENSG00000135912_unmod
ENSG00000119335,0.351,1.11888961861523e-08,ENSG00000119335_unmod
ENSG00000164104,-0.673,1.12220190036795e-08,ENSG00000164104_unmod
ENSG00000128059,0.494,1.12243640423668e-08,ENSG00000128059_unmod
ENSG00000129187,0.837,1.13443397009066e-08,ENSG00000129187_unmod
ENSG00000051108,-0.699,1.16201783163399e-08,ENSG00000051108_unmod
ENSG00000122557,0.709,1.16661137898672e-08,ENSG00000122557_unmod
ENSG00000076351,0.706,1.19201734776681e-08,ENSG00000076351_unmod
ENSG00000154429,0.805,1.20767734786529e-08,ENSG00000154429_unmod
ENSG00000167723,-1.129,1.27590891065671e-08,ENSG00000167723_unmod
ENSG00000155660,-0.517,1.28639998017801e-08,ENSG00000155660_unmod
ENSG00000115339,-0.741,1.35370137081165e-08,ENSG00000115339_unmod
ENSG00000137414,-0.636,1.35370137081165e-08,ENSG00000137414_unmod
ENSG00000164168,0.539,1.35891932895324e-08,ENSG00000164168_unmod
ENSG00000120694,0.446,1.40301574451704e-08,ENSG00000120694_unmod
ENSG00000163904,0.728,1.41506315834267e-08,ENSG00000163904_unmod
ENSG00000025772,0.472,1.42150122128021e-08,ENSG00000025772_unmod
ENSG00000076770,0.541,1.43593948198634e-08,ENSG00000076770_unmod
ENSG00000214160,0.411,1.48570327771994e-08,ENSG00000214160_unmod
ENSG00000047634,-0.57,1.50552296569391e-08,ENSG00000047634_unmod
ENSG00000174371,-0.531,1.58734423033276e-08,ENSG00000174371_unmod
ENSG00000198464,0.735,1.62329020613289e-08,ENSG00000198464_unmod
ENSG00000100422,-0.497,1.66797661815699e-08,ENSG00000100422_unmod
ENSG00000175130,0.694,1.68179702613878e-08,ENSG00000175130_unmod
ENSG00000162702,0.505,1.70642653632539e-08,ENSG00000162702_unmod
ENSG00000139324,-0.436,1.75569521207045e-08,ENSG00000139324_unmod
ENSG00000164402,-0.63,1.76754752413902e-08,ENSG00000164402_unmod
ENSG00000197147,-0.713,1.80059731621903e-08,ENSG00000197147_unmod
ENSG00000077713,0.756,1.83887316526727e-08,ENSG00000077713_unmod
ENSG00000113658,-0.438,1.84957547829725e-08,ENSG00000113658_unmod
ENSG00000172216,-0.716,1.89768041068823e-08,ENSG00000172216_unmod
ENSG00000128923,0.555,1.93415391245723e-08,ENSG00000128923_unmod
ENSG00000177034,0.478,1.95765543172334e-08,ENSG00000177034_unmod
ENSG00000124788,-0.485,2.0089290317505e-08,ENSG00000124788_unmod
ENSG00000163110,0.378,2.0477561177077e-08,ENSG00000163110_unmod
ENSG00000183283,0.356,2.07578792911096e-08,ENSG00000183283_unmod
ENSG00000204713,0.977,2.07634534635023e-08,ENSG00000204713_unmod
ENSG00000181634,-0.979,2.11673738049326e-08,ENSG00000181634_unmod
ENSG00000117228,-0.547,2.11673738049326e-08,ENSG00000117228_unmod
ENSG00000145555,-0.47,2.14269514609859e-08,ENSG00000145555_unmod
ENSG00000184897,-0.956,2.32132119660332e-08,ENSG00000184897_unmod
ENSG00000143870,-0.343,2.34376551429712e-08,ENSG00000143870_unmod
ENSG00000105976,0.287,2.35207613600172e-08,ENSG00000105976_unmod
ENSG00000116285,-0.521,2.41760905290052e-08,ENSG00000116285_unmod
ENSG00000162104,-0.398,2.48369118688869e-08,ENSG00000162104_unmod
ENSG00000144043,0.563,2.51076629116649e-08,ENSG00000144043_unmod
ENSG00000109787,-0.351,2.63564481262226e-08,ENSG00000109787_unmod
ENSG00000152270,-0.576,2.6518297650013e-08,ENSG00000152270_unmod
ENSG00000174695,0.496,2.67233431033572e-08,ENSG00000174695_unmod
ENSG00000139800,0.98,2.75365463073057e-08,ENSG00000139800_unmod
ENSG00000146733,0.625,2.84582007137833e-08,ENSG00000146733_unmod
ENSG00000136827,0.424,2.87149067910831e-08,ENSG00000136827_unmod
ENSG00000153107,0.409,2.95921113382956e-08,ENSG00000153107_unmod
ENSG00000131016,-0.728,3.09575872338529e-08,ENSG00000131016_unmod
ENSG00000123505,0.353,3.10252360537375e-08,ENSG00000123505_unmod
ENSG00000172939,0.487,3.15788482638317e-08,ENSG00000172939_unmod
ENSG00000115919,-0.428,3.27868998226541e-08,ENSG00000115919_unmod
ENSG00000102753,0.449,3.42052124570957e-08,ENSG00000102753_unmod
ENSG00000102401,-0.627,3.55099257094132e-08,ENSG00000102401_unmod
ENSG00000026025,-0.37,3.65315399528558e-08,ENSG00000026025_unmod
ENSG00000085415,0.414,3.67988630718045e-08,ENSG00000085415_unmod
ENSG00000074370,-0.712,3.84769223170649e-08,ENSG00000074370_unmod
ENSG00000162408,0.448,3.92515620057567e-08,ENSG00000162408_unmod
ENSG00000116649,0.338,4.02301072058192e-08,ENSG00000116649_unmod
ENSG00000205730,0.451,4.20418481985408e-08,ENSG00000205730_unmod
ENSG00000171492,0.476,4.34672434607715e-08,ENSG00000171492_unmod
ENSG00000122376,-0.515,4.34672434607715e-08,ENSG00000122376_unmod
ENSG00000088325,0.337,4.34672434607715e-08,ENSG00000088325_unmod
ENSG00000111371,0.316,4.37441252257687e-08,ENSG00000111371_unmod
ENSG00000155592,0.673,4.39444378558109e-08,ENSG00000155592_unmod
ENSG00000198837,0.51,4.69029111889514e-08,ENSG00000198837_unmod
ENSG00000198265,0.379,4.70721921038642e-08,ENSG00000198265_unmod
ENSG00000143190,0.512,4.79648140089112e-08,ENSG00000143190_unmod
ENSG00000131724,0.445,4.79648140089112e-08,ENSG00000131724_unmod
ENSG00000117523,0.401,4.87279019466307e-08,ENSG00000117523_unmod
ENSG00000153147,-0.459,5.09367372510709e-08,ENSG00000153147_unmod
ENSG00000087095,-0.471,5.19900713681711e-08,ENSG00000087095_unmod
ENSG00000173726,0.286,5.25891782064804e-08,ENSG00000173726_unmod
ENSG00000167770,0.413,5.26543329956733e-08,ENSG00000167770_unmod
ENSG00000130818,0.617,5.31598651010052e-08,ENSG00000130818_unmod
ENSG00000182585,-0.817,5.3562260598358e-08,ENSG00000182585_unmod
ENSG00000213064,0.365,5.35655452518005e-08,ENSG00000213064_unmod
ENSG00000173698,0.729,5.38928842781503e-08,ENSG00000173698_unmod
ENSG00000136450,0.368,5.40216624432834e-08,ENSG00000136450_unmod
ENSG00000136891,0.504,5.52860512995402e-08,ENSG00000136891_unmod
ENSG00000048162,0.674,5.56699292086406e-08,ENSG00000048162_unmod
ENSG00000108091,0.347,5.80380510187554e-08,ENSG00000108091_unmod
ENSG00000100580,0.576,5.88326216911869e-08,ENSG00000100580_unmod
ENSG00000198604,-0.483,6.05611958016043e-08,ENSG00000198604_unmod
ENSG00000071794,-0.455,6.09901303221375e-08,ENSG00000071794_unmod
ENSG00000121057,0.438,6.3220743695362e-08,ENSG00000121057_unmod
ENSG00000035681,0.469,6.33455058280893e-08,ENSG00000035681_unmod
ENSG00000188153,-0.468,6.40381297883426e-08,ENSG00000188153_unmod
ENSG00000135164,-0.481,6.54533398961512e-08,ENSG00000135164_unmod
ENSG00000100219,-0.326,6.57056102465733e-08,ENSG00000100219_unmod
ENSG00000184867,-0.407,6.65581263592207e-08,ENSG00000184867_unmod
ENSG00000166510,-0.93,7.03578976922301e-08,ENSG00000166510_unmod
ENSG00000116754,0.383,7.20851717913612e-08,ENSG00000116754_unmod
ENSG00000125485,0.486,7.2094038696254e-08,ENSG00000125485_unmod
ENSG00000153310,0.351,7.22886480725111e-08,ENSG00000153310_unmod
ENSG00000165891,0.407,7.25042975408212e-08,ENSG00000165891_unmod
ENSG00000205765,0.492,7.32439185005241e-08,ENSG00000205765_unmod
ENSG00000080839,-0.41,7.53465202658771e-08,ENSG00000080839_unmod
ENSG00000048342,0.595,7.59587273031135e-08,ENSG00000048342_unmod
ENSG00000130522,-0.461,7.62112870114157e-08,ENSG00000130522_unmod
ENSG00000147130,0.587,7.65850940772981e-08,ENSG00000147130_unmod
ENSG00000117632,-0.383,7.78031948046335e-08,ENSG00000117632_unmod
ENSG00000176055,1.059,7.90494395117172e-08,ENSG00000176055_unmod
ENSG00000109929,0.479,8.97417837118146e-08,ENSG00000109929_unmod
ENSG00000120071,0.555,9.23066759211796e-08,ENSG00000120071_unmod
ENSG00000188021,0.499,9.39880030502174e-08,ENSG00000188021_unmod
ENSG00000029153,-0.414,9.9444854003758e-08,ENSG00000029153_unmod
ENSG00000187123,0.884,9.95025905611239e-08,ENSG00000187123_unmod
ENSG00000149231,-0.511,1.01557280536142e-07,ENSG00000149231_unmod
ENSG00000150712,-0.338,1.02305306771841e-07,ENSG00000150712_unmod
ENSG00000166401,-0.656,1.0390230503709e-07,ENSG00000166401_unmod
ENSG00000072803,0.419,1.06924710834142e-07,ENSG00000072803_unmod
ENSG00000062485,0.272,1.07456027116305e-07,ENSG00000062485_unmod
ENSG00000162512,-0.86,1.10364304967007e-07,ENSG00000162512_unmod
ENSG00000123836,-0.576,1.10399919651355e-07,ENSG00000123836_unmod
ENSG00000117461,-0.401,1.14224990788017e-07,ENSG00000117461_unmod
ENSG00000158417,-0.527,1.1611965123327e-07,ENSG00000158417_unmod
ENSG00000094804,-0.349,1.18686326155947e-07,ENSG00000094804_unmod
ENSG00000181852,0.528,1.28468506057354e-07,ENSG00000181852_unmod
ENSG00000096063,0.416,1.2886307785265e-07,ENSG00000096063_unmod
ENSG00000170776,0.428,1.29359170098551e-07,ENSG00000170776_unmod
ENSG00000164163,0.41,1.3258357910658e-07,ENSG00000164163_unmod
ENSG00000150756,-0.576,1.32673407137886e-07,ENSG00000150756_unmod
ENSG00000144029,-0.707,1.33572137307757e-07,ENSG00000144029_unmod
ENSG00000048828,0.365,1.37392428889344e-07,ENSG00000048828_unmod
ENSG00000035403,-0.32,1.40148772799972e-07,ENSG00000035403_unmod
ENSG00000172239,0.42,1.41194412816504e-07,ENSG00000172239_unmod
ENSG00000153214,-0.638,1.42735926308923e-07,ENSG00000153214_unmod
ENSG00000170802,0.492,1.44875161362705e-07,ENSG00000170802_unmod
ENSG00000169375,-0.347,1.45160674511004e-07,ENSG00000169375_unmod
ENSG00000185414,0.539,1.45238333601525e-07,ENSG00000185414_unmod
ENSG00000166326,0.338,1.4845686326126e-07,ENSG00000166326_unmod
ENSG00000156535,-0.334,1.49686928556282e-07,ENSG00000156535_unmod
ENSG00000180182,0.427,1.52229952503038e-07,ENSG00000180182_unmod
ENSG00000125354,-0.648,1.55646126286366e-07,ENSG00000125354_unmod
ENSG00000172840,1.121,1.6106467961124e-07,ENSG00000172840_unmod
ENSG00000107643,0.652,1.64318332167281e-07,ENSG00000107643_unmod
ENSG00000126603,0.588,1.64736363405682e-07,ENSG00000126603_unmod
ENSG00000164823,-0.588,1.65260472943952e-07,ENSG00000164823_unmod
ENSG00000101040,-0.576,1.66725554202528e-07,ENSG00000101040_unmod
ENSG00000178694,0.649,1.66903769206541e-07,ENSG00000178694_unmod
ENSG00000134265,0.514,1.68937682250369e-07,ENSG00000134265_unmod
ENSG00000159263,0.558,1.71913166827637e-07,ENSG00000159263_unmod
ENSG00000136231,0.307,1.7254106291699e-07,ENSG00000136231_unmod
ENSG00000259330,1.051,1.73331863157257e-07,ENSG00000259330_unmod
ENSG00000159921,0.421,1.74602578959482e-07,ENSG00000159921_unmod
ENSG00000133056,0.484,1.78015425754507e-07,ENSG00000133056_unmod
ENSG00000120539,-0.502,1.78412854076894e-07,ENSG00000120539_unmod
ENSG00000112365,0.571,1.79529343469831e-07,ENSG00000112365_unmod
ENSG00000163694,-0.991,1.88148441557793e-07,ENSG00000163694_unmod
ENSG00000013619,0.611,1.92647410057274e-07,ENSG00000013619_unmod
ENSG00000127920,-0.579,1.94298687822057e-07,ENSG00000127920_unmod
ENSG00000011422,-0.462,1.97079464342861e-07,ENSG00000011422_unmod
ENSG00000181924,0.692,1.98020382047543e-07,ENSG00000181924_unmod
ENSG00000079459,0.583,1.99863398722579e-07,ENSG00000079459_unmod
ENSG00000011426,-0.325,2.04719891950835e-07,ENSG00000011426_unmod
ENSG00000111530,-0.367,2.05925948158616e-07,ENSG00000111530_unmod
ENSG00000112118,-0.457,2.08631241607794e-07,ENSG00000112118_unmod
ENSG00000186106,1.262,2.11819975306347e-07,ENSG00000186106_unmod
ENSG00000180758,0.563,2.13955902280938e-07,ENSG00000180758_unmod
ENSG00000009844,0.411,2.14734444048773e-07,ENSG00000009844_unmod
ENSG00000115541,0.7,2.1506048840785e-07,ENSG00000115541_unmod
ENSG00000185515,-0.611,2.1506048840785e-07,ENSG00000185515_unmod
ENSG00000099250,-0.399,2.16859581790866e-07,ENSG00000099250_unmod
ENSG00000116679,0.388,2.16859581790866e-07,ENSG00000116679_unmod
ENSG00000100292,0.491,2.17749667291236e-07,ENSG00000100292_unmod
ENSG00000175283,0.663,2.17749667291236e-07,ENSG00000175283_unmod
ENSG00000138061,-0.59,2.22276847685958e-07,ENSG00000138061_unmod
ENSG00000134287,0.362,2.22946662214869e-07,ENSG00000134287_unmod
ENSG00000134444,0.56,2.33607340205328e-07,ENSG00000134444_unmod
ENSG00000121957,-0.443,2.34871549842678e-07,ENSG00000121957_unmod
ENSG00000163605,-0.405,2.37755523767307e-07,ENSG00000163605_unmod
ENSG00000196678,0.674,2.37755523767307e-07,ENSG00000196678_unmod
ENSG00000127507,0.681,2.40307655269688e-07,ENSG00000127507_unmod
ENSG00000184207,-0.722,2.4811560232204e-07,ENSG00000184207_unmod
ENSG00000182504,-0.546,2.6220115737126e-07,ENSG00000182504_unmod
ENSG00000164294,-0.487,2.66722033993342e-07,ENSG00000164294_unmod
ENSG00000003056,-0.418,2.66722033993342e-07,ENSG00000003056_unmod
ENSG00000162368,-0.387,2.66957408515096e-07,ENSG00000162368_unmod
ENSG00000242247,-0.644,2.67131324451526e-07,ENSG00000242247_unmod
ENSG00000149380,-0.686,2.70862795380548e-07,ENSG00000149380_unmod
ENSG00000162929,-0.677,2.839597588556e-07,ENSG00000162929_unmod
ENSG00000167900,-0.628,2.8748362205975e-07,ENSG00000167900_unmod
ENSG00000179862,-0.767,3.05028916728216e-07,ENSG00000179862_unmod
ENSG00000072415,0.481,3.05979909933797e-07,ENSG00000072415_unmod
ENSG00000111785,-0.748,3.08387024951057e-07,ENSG00000111785_unmod
ENSG00000159399,0.606,3.18722159155083e-07,ENSG00000159399_unmod
ENSG00000101182,-0.564,3.18927972701988e-07,ENSG00000101182_unmod
ENSG00000163754,0.697,3.1924855772718e-07,ENSG00000163754_unmod
ENSG00000167085,0.352,3.21983260025275e-07,ENSG00000167085_unmod
ENSG00000073060,0.508,3.30119495337819e-07,ENSG00000073060_unmod
ENSG00000010270,-0.559,3.31334517678515e-07,ENSG00000010270_unmod
ENSG00000197780,-0.467,3.50987067501577e-07,ENSG00000197780_unmod
ENSG00000100814,0.669,3.55702746868326e-07,ENSG00000100814_unmod
ENSG00000143569,0.327,3.68750313614342e-07,ENSG00000143569_unmod
ENSG00000167695,0.584,3.70000728908692e-07,ENSG00000167695_unmod
ENSG00000129474,0.633,3.7621292628412e-07,ENSG00000129474_unmod
ENSG00000137054,0.49,3.8442951735717e-07,ENSG00000137054_unmod
ENSG00000279348,-1.305,3.85745122344304e-07,ENSG00000279348_unmod
ENSG00000143575,0.337,3.86333232121106e-07,ENSG00000143575_unmod
ENSG00000135272,-0.547,3.89061857992671e-07,ENSG00000135272_unmod
ENSG00000115844,0.81,3.92365329277369e-07,ENSG00000115844_unmod
ENSG00000106617,0.851,4.00187101796206e-07,ENSG00000106617_unmod
ENSG00000221968,0.558,4.01324907054097e-07,ENSG00000221968_unmod
ENSG00000068383,0.649,4.06706799381509e-07,ENSG00000068383_unmod
ENSG00000129480,1.152,4.21711309891149e-07,ENSG00000129480_unmod
ENSG00000182552,0.731,4.24019037822159e-07,ENSG00000182552_unmod
ENSG00000276850,0.603,4.25442428491247e-07,ENSG00000276850_unmod
ENSG00000125730,-0.323,4.25442428491247e-07,ENSG00000125730_unmod
ENSG00000177889,0.415,4.26162482934368e-07,ENSG00000177889_unmod
ENSG00000196756,0.484,4.38421855985125e-07,ENSG00000196756_unmod
ENSG00000143153,-0.267,4.43811083130619e-07,ENSG00000143153_unmod
ENSG00000065923,0.604,4.50828267742516e-07,ENSG00000065923_unmod
ENSG00000107863,-0.314,4.58737255802941e-07,ENSG00000107863_unmod
ENSG00000116406,0.415,4.77392082235045e-07,ENSG00000116406_unmod
ENSG00000137193,-0.514,4.81228130005178e-07,ENSG00000137193_unmod
ENSG00000155846,0.637,4.87281972765327e-07,ENSG00000155846_unmod
ENSG00000129317,0.458,4.8927199350735e-07,ENSG00000129317_unmod
ENSG00000188677,0.614,4.90215076713094e-07,ENSG00000188677_unmod
ENSG00000145715,-0.565,5.04883725440476e-07,ENSG00000145715_unmod
ENSG00000041353,-0.473,5.19411054546564e-07,ENSG00000041353_unmod
ENSG00000132357,-0.537,5.25309620296011e-07,ENSG00000132357_unmod
ENSG00000117222,0.494,5.42140129430712e-07,ENSG00000117222_unmod
ENSG00000276043,-0.653,5.58043507046036e-07,ENSG00000276043_unmod
ENSG00000116016,0.297,5.58174707119673e-07,ENSG00000116016_unmod
ENSG00000135316,0.293,5.61498524387228e-07,ENSG00000135316_unmod
ENSG00000127946,-0.538,5.69583380211971e-07,ENSG00000127946_unmod
ENSG00000106853,-0.55,5.9939718253004e-07,ENSG00000106853_unmod
ENSG00000115207,0.371,6.05295066080608e-07,ENSG00000115207_unmod
ENSG00000166340,0.588,6.1441969935312e-07,ENSG00000166340_unmod
ENSG00000021355,-0.717,6.17324842192578e-07,ENSG00000021355_unmod
ENSG00000127564,-0.587,6.18806571941499e-07,ENSG00000127564_unmod
ENSG00000147689,-0.605,6.52425646533855e-07,ENSG00000147689_unmod
ENSG00000135387,0.236,6.5733888620483e-07,ENSG00000135387_unmod
ENSG00000096060,0.536,6.58924810487903e-07,ENSG00000096060_unmod
ENSG00000165801,-0.692,6.66060764725856e-07,ENSG00000165801_unmod
ENSG00000082212,0.422,6.69266704895397e-07,ENSG00000082212_unmod
ENSG00000175387,0.307,6.77357245089576e-07,ENSG00000175387_unmod
ENSG00000023734,0.537,7.24122249777276e-07,ENSG00000023734_unmod
ENSG00000132912,-0.346,7.24958554533198e-07,ENSG00000132912_unmod
ENSG00000166135,0.43,7.49738843673049e-07,ENSG00000166135_unmod
ENSG00000141279,0.396,7.5094919699238e-07,ENSG00000141279_unmod
ENSG00000117479,0.55,7.57806892533678e-07,ENSG00000117479_unmod
ENSG00000125484,0.399,7.57806892533678e-07,ENSG00000125484_unmod
ENSG00000119922,-0.699,7.63721126752282e-07,ENSG00000119922_unmod
ENSG00000141076,0.462,7.63721126752282e-07,ENSG00000141076_unmod
ENSG00000158158,0.73,7.70003377291585e-07,ENSG00000158158_unmod
ENSG00000105879,0.616,7.74845760058706e-07,ENSG00000105879_unmod
ENSG00000187134,-0.608,7.83508320021436e-07,ENSG00000187134_unmod
ENSG00000147408,-0.621,7.96246751126627e-07,ENSG00000147408_unmod
ENSG00000123240,-0.561,8.01098982097335e-07,ENSG00000123240_unmod
ENSG00000102781,0.55,8.27438896057929e-07,ENSG00000102781_unmod
ENSG00000068366,-0.342,8.338646053018e-07,ENSG00000068366_unmod
ENSG00000103994,0.403,8.50176944220897e-07,ENSG00000103994_unmod
ENSG00000131378,-0.816,8.52724686598349e-07,ENSG00000131378_unmod
ENSG00000143815,-0.394,8.80141220329544e-07,ENSG00000143815_unmod
ENSG00000115421,0.535,9.153995622894e-07,ENSG00000115421_unmod
ENSG00000136937,0.31,9.30767965168689e-07,ENSG00000136937_unmod
ENSG00000159131,0.322,9.33525362575697e-07,ENSG00000159131_unmod
ENSG00000136802,-0.302,9.44908487195099e-07,ENSG00000136802_unmod
ENSG00000137033,-1.276,9.55689139984681e-07,ENSG00000137033_unmod
ENSG00000133816,-0.435,9.77742971738541e-07,ENSG00000133816_unmod
ENSG00000141753,-0.368,1.0124936219858e-06,ENSG00000141753_unmod
ENSG00000132334,-0.776,1.01620526360302e-06,ENSG00000132334_unmod
ENSG00000109133,0.335,1.02658499436809e-06,ENSG00000109133_unmod
ENSG00000001461,0.748,1.02760243656798e-06,ENSG00000001461_unmod
ENSG00000204580,-0.68,1.03448315414535e-06,ENSG00000204580_unmod
ENSG00000067182,-0.332,1.04307929694572e-06,ENSG00000067182_unmod
ENSG00000173918,-0.551,1.06096503657165e-06,ENSG00000173918_unmod
ENSG00000155100,0.577,1.06647109091266e-06,ENSG00000155100_unmod
ENSG00000172183,-0.852,1.07082155173068e-06,ENSG00000172183_unmod
ENSG00000152749,-0.481,1.08350227458908e-06,ENSG00000152749_unmod
ENSG00000081059,-0.481,1.08350227458908e-06,ENSG00000081059_unmod
ENSG00000146386,1.376,1.11459950347845e-06,ENSG00000146386_unmod
ENSG00000196352,-0.345,1.12777265967392e-06,ENSG00000196352_unmod
ENSG00000164252,-0.781,1.15983329919501e-06,ENSG00000164252_unmod
ENSG00000114982,-0.502,1.17235211827141e-06,ENSG00000114982_unmod
ENSG00000119537,-0.386,1.19799740658037e-06,ENSG00000119537_unmod
ENSG00000151632,-0.474,1.22801773089551e-06,ENSG00000151632_unmod
ENSG00000136560,-0.567,1.24489324418864e-06,ENSG00000136560_unmod
ENSG00000078124,0.469,1.26627729133328e-06,ENSG00000078124_unmod
ENSG00000163898,-1.378,1.28096744182932e-06,ENSG00000163898_unmod
ENSG00000114416,-0.49,1.31319429934846e-06,ENSG00000114416_unmod
ENSG00000148334,0.538,1.32225851083299e-06,ENSG00000148334_unmod
ENSG00000164181,-0.927,1.33985379855929e-06,ENSG00000164181_unmod
ENSG00000185278,0.62,1.33985379855929e-06,ENSG00000185278_unmod
ENSG00000151131,0.632,1.36787805402471e-06,ENSG00000151131_unmod
ENSG00000111110,0.753,1.37671021324086e-06,ENSG00000111110_unmod
ENSG00000197498,0.529,1.39455772104933e-06,ENSG00000197498_unmod
ENSG00000163946,-0.339,1.51903741673867e-06,ENSG00000163946_unmod
ENSG00000089818,0.48,1.53698765042244e-06,ENSG00000089818_unmod
ENSG00000108854,0.549,1.5518438706428e-06,ENSG00000108854_unmod
ENSG00000143437,-0.391,1.56597956488936e-06,ENSG00000143437_unmod
ENSG00000255717,0.446,1.59750531285743e-06,ENSG00000255717_unmod
ENSG00000119541,-0.542,1.60319249958179e-06,ENSG00000119541_unmod
ENSG00000149547,0.46,1.6167438367721e-06,ENSG00000149547_unmod
ENSG00000135655,0.388,1.63680785749203e-06,ENSG00000135655_unmod
ENSG00000054523,-0.405,1.67334140588043e-06,ENSG00000054523_unmod
ENSG00000018408,0.328,1.72061708168573e-06,ENSG00000018408_unmod
ENSG00000213593,0.503,1.73416222984778e-06,ENSG00000213593_unmod
ENSG00000051341,-0.478,1.75407683316627e-06,ENSG00000051341_unmod
ENSG00000166598,-0.334,1.80742168946518e-06,ENSG00000166598_unmod
ENSG00000147676,0.457,1.81181113757091e-06,ENSG00000147676_unmod
ENSG00000135241,-0.486,1.82115502243786e-06,ENSG00000135241_unmod
ENSG00000119333,-0.531,1.83749607938657e-06,ENSG00000119333_unmod
ENSG00000005175,0.486,1.84861603168364e-06,ENSG00000005175_unmod
ENSG00000185262,-0.674,1.88460885008737e-06,ENSG00000185262_unmod
ENSG00000067560,0.273,1.88460885008737e-06,ENSG00000067560_unmod
ENSG00000175793,-0.574,1.88709767204005e-06,ENSG00000175793_unmod
ENSG00000151725,-0.629,1.90458397074041e-06,ENSG00000151725_unmod
ENSG00000154845,-0.389,1.90712641281807e-06,ENSG00000154845_unmod
ENSG00000136842,-0.695,1.92611982706452e-06,ENSG00000136842_unmod
ENSG00000196323,0.389,1.93936343547043e-06,ENSG00000196323_unmod
ENSG00000205581,0.717,1.98218843743325e-06,ENSG00000205581_unmod
ENSG00000169242,-0.558,1.98297648611876e-06,ENSG00000169242_unmod
ENSG00000103194,0.324,2.03450901717054e-06,ENSG00000103194_unmod
ENSG00000164751,0.835,2.047462853447e-06,ENSG00000164751_unmod
ENSG00000225648,0.727,2.0578533923553e-06,ENSG00000225648_unmod
ENSG00000161217,-0.407,2.08838160671786e-06,ENSG00000161217_unmod
ENSG00000041802,0.515,2.09867298157886e-06,ENSG00000041802_unmod
ENSG00000113719,0.241,2.1192901819778e-06,ENSG00000113719_unmod
ENSG00000143457,-0.518,2.12079591779659e-06,ENSG00000143457_unmod
ENSG00000155366,-0.359,2.14929083599341e-06,ENSG00000155366_unmod
ENSG00000079308,-0.535,2.19449090823229e-06,ENSG00000079308_unmod
ENSG00000155304,-0.455,2.20225664531793e-06,ENSG00000155304_unmod
ENSG00000160208,0.501,2.20844589078807e-06,ENSG00000160208_unmod
ENSG00000179598,1.203,2.2253154544565e-06,ENSG00000179598_unmod
ENSG00000204138,-0.386,2.24821495693348e-06,ENSG00000204138_unmod
ENSG00000213965,0.749,2.25618095418619e-06,ENSG00000213965_unmod
ENSG00000072736,0.462,2.25618095418619e-06,ENSG00000072736_unmod
ENSG00000141560,-0.54,2.25888421959657e-06,ENSG00000141560_unmod
ENSG00000178764,0.446,2.3670607178975e-06,ENSG00000178764_unmod
ENSG00000134255,0.419,2.41184150090995e-06,ENSG00000134255_unmod
ENSG00000160588,-1.115,2.4291732876604e-06,ENSG00000160588_unmod
ENSG00000169490,0.565,2.45579160317091e-06,ENSG00000169490_unmod
ENSG00000072518,0.348,2.45675953394833e-06,ENSG00000072518_unmod
ENSG00000162971,0.729,2.47657532198568e-06,ENSG00000162971_unmod
ENSG00000136518,-0.504,2.47716005879138e-06,ENSG00000136518_unmod
ENSG00000118762,-0.505,2.51611891652852e-06,ENSG00000118762_unmod
ENSG00000268089,-0.604,2.52530455335611e-06,ENSG00000268089_unmod
ENSG00000071994,0.505,2.53926586935937e-06,ENSG00000071994_unmod
ENSG00000060749,0.371,2.53940783485187e-06,ENSG00000060749_unmod
ENSG00000112297,-0.675,2.67936646632931e-06,ENSG00000112297_unmod
ENSG00000110104,0.424,2.67936646632931e-06,ENSG00000110104_unmod
ENSG00000120800,0.407,2.68727723041839e-06,ENSG00000120800_unmod
ENSG00000149187,0.307,2.70453279213534e-06,ENSG00000149187_unmod
ENSG00000120256,-1.048,2.77421953819535e-06,ENSG00000120256_unmod
ENSG00000108389,0.489,2.79391399866495e-06,ENSG00000108389_unmod
ENSG00000107581,0.312,2.79587456517819e-06,ENSG00000107581_unmod
ENSG00000101266,0.303,2.81948799099456e-06,ENSG00000101266_unmod
ENSG00000163939,-0.318,2.82101490416868e-06,ENSG00000163939_unmod
ENSG00000166068,-0.398,2.86294056624742e-06,ENSG00000166068_unmod
ENSG00000074356,-0.388,2.91161059150889e-06,ENSG00000074356_unmod
ENSG00000165806,-0.623,2.9297505213107e-06,ENSG00000165806_unmod
ENSG00000196159,0.404,2.97503208008001e-06,ENSG00000196159_unmod
ENSG00000072571,-0.56,3.03404666013102e-06,ENSG00000072571_unmod
ENSG00000117036,-0.43,3.13176878149083e-06,ENSG00000117036_unmod
ENSG00000149084,0.452,3.15935040480617e-06,ENSG00000149084_unmod
ENSG00000239305,0.769,3.17125637190087e-06,ENSG00000239305_unmod
ENSG00000118217,-0.328,3.27272494128084e-06,ENSG00000118217_unmod
ENSG00000104081,-1.152,3.27596695007157e-06,ENSG00000104081_unmod
ENSG00000125148,-0.439,3.33281453496837e-06,ENSG00000125148_unmod
ENSG00000101412,-0.499,3.34872733414888e-06,ENSG00000101412_unmod
ENSG00000101333,0.534,3.35733516968675e-06,ENSG00000101333_unmod
ENSG00000154305,0.407,3.36095751382198e-06,ENSG00000154305_unmod
ENSG00000135763,0.703,3.44908639853498e-06,ENSG00000135763_unmod
ENSG00000184185,-0.656,3.48094130412598e-06,ENSG00000184185_unmod
ENSG00000115053,0.477,3.52985124572267e-06,ENSG00000115053_unmod
ENSG00000151502,-0.633,3.56933693355981e-06,ENSG00000151502_unmod
ENSG00000205250,0.361,3.5907970155071e-06,ENSG00000205250_unmod
ENSG00000100296,0.338,3.5907970155071e-06,ENSG00000100296_unmod
ENSG00000109046,-0.474,3.59778392072265e-06,ENSG00000109046_unmod
ENSG00000103091,0.571,3.792153406106e-06,ENSG00000103091_unmod
ENSG00000133216,-0.607,3.81729871138419e-06,ENSG00000133216_unmod
ENSG00000083312,0.253,3.85151284218086e-06,ENSG00000083312_unmod
ENSG00000113811,-0.71,3.87484946945879e-06,ENSG00000113811_unmod
ENSG00000101447,0.486,3.87904144210815e-06,ENSG00000101447_unmod
ENSG00000213347,-1.086,4.00115695330417e-06,ENSG00000213347_unmod
ENSG00000172331,-0.612,4.00115695330417e-06,ENSG00000172331_unmod
ENSG00000125657,0.41,4.00115695330417e-06,ENSG00000125657_unmod
ENSG00000148187,0.317,4.1110871968835e-06,ENSG00000148187_unmod
ENSG00000102763,0.444,4.12790470175314e-06,ENSG00000102763_unmod
ENSG00000197457,-0.705,4.16851716437352e-06,ENSG00000197457_unmod
ENSG00000153066,-0.367,4.17315760819677e-06,ENSG00000153066_unmod
ENSG00000176454,0.472,4.18328305815231e-06,ENSG00000176454_unmod
ENSG00000171658,-0.668,4.20965969430552e-06,ENSG00000171658_unmod
ENSG00000112378,-0.363,4.23309575351036e-06,ENSG00000112378_unmod
ENSG00000172845,-0.408,4.4672081904992e-06,ENSG00000172845_unmod
ENSG00000114127,-0.404,4.50490834520013e-06,ENSG00000114127_unmod
ENSG00000120162,0.421,4.84557938034673e-06,ENSG00000120162_unmod
ENSG00000148773,-0.332,4.8670402421438e-06,ENSG00000148773_unmod
ENSG00000065308,0.43,5.03744634390792e-06,ENSG00000065308_unmod
ENSG00000174705,-0.399,5.06946551593925e-06,ENSG00000174705_unmod
ENSG00000067064,-0.444,5.18608590003024e-06,ENSG00000067064_unmod
ENSG00000144791,0.44,5.27044622864317e-06,ENSG00000144791_unmod
ENSG00000072042,0.429,5.39623915505157e-06,ENSG00000072042_unmod
ENSG00000117481,0.428,5.4567357080212e-06,ENSG00000117481_unmod
ENSG00000149636,-0.574,5.53410092753351e-06,ENSG00000149636_unmod
ENSG00000147164,0.445,5.74915599167021e-06,ENSG00000147164_unmod
ENSG00000134247,0.346,5.78371410678023e-06,ENSG00000134247_unmod
ENSG00000110047,-0.502,5.83346572371039e-06,ENSG00000110047_unmod
ENSG00000057019,0.347,5.83654516188967e-06,ENSG00000057019_unmod
ENSG00000119328,0.638,5.88010492077365e-06,ENSG00000119328_unmod
ENSG00000101350,-0.316,5.89597492667989e-06,ENSG00000101350_unmod
ENSG00000142731,-0.462,5.93840868276932e-06,ENSG00000142731_unmod
ENSG00000184675,0.567,6.05132762892462e-06,ENSG00000184675_unmod
ENSG00000146802,-0.658,6.05260273584415e-06,ENSG00000146802_unmod
ENSG00000138018,0.306,6.09778607963836e-06,ENSG00000138018_unmod
ENSG00000170145,0.468,6.12489974162584e-06,ENSG00000170145_unmod
ENSG00000196850,0.365,6.14121131792665e-06,ENSG00000196850_unmod
ENSG00000160785,0.409,6.53246271869166e-06,ENSG00000160785_unmod
ENSG00000124496,0.718,6.67734677885244e-06,ENSG00000124496_unmod
ENSG00000118432,-0.892,6.69707235438737e-06,ENSG00000118432_unmod
ENSG00000113810,-0.351,6.72312086257016e-06,ENSG00000113810_unmod
ENSG00000076108,-0.289,6.76308454153306e-06,ENSG00000076108_unmod
ENSG00000167191,0.815,6.80470678463692e-06,ENSG00000167191_unmod
ENSG00000144426,-0.425,6.81185643938238e-06,ENSG00000144426_unmod
ENSG00000186642,0.303,6.82917634866393e-06,ENSG00000186642_unmod
ENSG00000132953,0.337,6.83678737007077e-06,ENSG00000132953_unmod
ENSG00000200997,-1.319,6.89387270599066e-06,ENSG00000200997_unmod
ENSG00000112343,-0.439,7.00857438485333e-06,ENSG00000112343_unmod
ENSG00000158711,-0.351,7.1178456747384e-06,ENSG00000158711_unmod
ENSG00000040199,-0.457,7.13604025823285e-06,ENSG00000040199_unmod
ENSG00000103187,0.288,7.20175069096686e-06,ENSG00000103187_unmod
ENSG00000051180,-0.726,7.20175069096686e-06,ENSG00000051180_unmod
ENSG00000139438,-1.539,7.40774789127327e-06,ENSG00000139438_unmod
ENSG00000128408,-1.239,7.45147493514155e-06,ENSG00000128408_unmod
ENSG00000197081,-0.395,7.55545680026344e-06,ENSG00000197081_unmod
ENSG00000141449,0.442,7.6928013835754e-06,ENSG00000141449_unmod
ENSG00000143702,-0.533,7.79914455519676e-06,ENSG00000143702_unmod
ENSG00000071051,-0.896,7.98342099449475e-06,ENSG00000071051_unmod
ENSG00000166532,-0.467,7.98342099449475e-06,ENSG00000166532_unmod
ENSG00000100139,-0.443,8.08014936961605e-06,ENSG00000100139_unmod
ENSG00000182287,-0.434,8.37995645884803e-06,ENSG00000182287_unmod
ENSG00000105486,-0.621,8.38579647184148e-06,ENSG00000105486_unmod
ENSG00000130340,-0.37,8.66813359958147e-06,ENSG00000130340_unmod
ENSG00000164506,-0.365,8.71299400358821e-06,ENSG00000164506_unmod
ENSG00000146842,0.288,8.83724076777309e-06,ENSG00000146842_unmod
ENSG00000153113,-0.271,8.83724076777309e-06,ENSG00000153113_unmod
ENSG00000163159,0.488,9.0102191019237e-06,ENSG00000163159_unmod
ENSG00000179241,0.496,9.03721415905514e-06,ENSG00000179241_unmod
ENSG00000168710,-0.267,9.27258500428199e-06,ENSG00000168710_unmod
ENSG00000112763,-0.528,9.38836189293655e-06,ENSG00000112763_unmod
ENSG00000119414,0.385,9.41651364275149e-06,ENSG00000119414_unmod
ENSG00000163950,-0.577,9.49049646753596e-06,ENSG00000163950_unmod
ENSG00000168398,-1.754,9.5790106652888e-06,ENSG00000168398_unmod
ENSG00000128928,0.49,9.66352684311026e-06,ENSG00000128928_unmod
ENSG00000176390,-0.589,9.8753881309477e-06,ENSG00000176390_unmod
ENSG00000155463,0.413,9.91790727992534e-06,ENSG00000155463_unmod
ENSG00000128694,1.165,9.97085030919596e-06,ENSG00000128694_unmod
ENSG00000113387,0.243,9.97572486749572e-06,ENSG00000113387_unmod
ENSG00000168906,0.323,9.98363419066332e-06,ENSG00000168906_unmod
ENSG00000164209,0.343,1.00372441878984e-05,ENSG00000164209_unmod
ENSG00000174013,-0.446,1.02012773411778e-05,ENSG00000174013_unmod
ENSG00000069399,-0.357,1.04551900675812e-05,ENSG00000069399_unmod
ENSG00000138835,-0.511,1.0522076173758e-05,ENSG00000138835_unmod
ENSG00000196739,0.54,1.07309223576843e-05,ENSG00000196739_unmod
ENSG00000100030,-0.281,1.08044757399792e-05,ENSG00000100030_unmod
ENSG00000128016,-0.468,1.08118255290328e-05,ENSG00000128016_unmod
ENSG00000167987,0.523,1.08942730231239e-05,ENSG00000167987_unmod
ENSG00000164603,0.868,1.11441830498983e-05,ENSG00000164603_unmod
ENSG00000103540,-0.359,1.1490243223462e-05,ENSG00000103540_unmod
ENSG00000101773,-0.407,1.1583673887535e-05,ENSG00000101773_unmod
ENSG00000123091,0.361,1.17471843050886e-05,ENSG00000123091_unmod
ENSG00000124532,0.653,1.18769029646759e-05,ENSG00000124532_unmod
ENSG00000268205,0.47,1.21482670039404e-05,ENSG00000268205_unmod
ENSG00000168496,-0.466,1.21482670039404e-05,ENSG00000168496_unmod
ENSG00000152601,0.263,1.2179710922238e-05,ENSG00000152601_unmod
ENSG00000183775,-0.574,1.22342164147306e-05,ENSG00000183775_unmod
ENSG00000116922,0.585,1.23472175407764e-05,ENSG00000116922_unmod
ENSG00000198612,-0.386,1.25104833331521e-05,ENSG00000198612_unmod
ENSG00000118412,-0.418,1.29141884167e-05,ENSG00000118412_unmod
ENSG00000147394,-0.725,1.32197950807973e-05,ENSG00000147394_unmod
ENSG00000181472,0.426,1.33934182897428e-05,ENSG00000181472_unmod
ENSG00000075624,0.228,1.36389081269109e-05,ENSG00000075624_unmod
ENSG00000055163,-0.341,1.36927622982038e-05,ENSG00000055163_unmod
ENSG00000011260,0.586,1.4068341095315e-05,ENSG00000011260_unmod
ENSG00000167670,-0.564,1.41114333927228e-05,ENSG00000167670_unmod
ENSG00000116521,0.375,1.4150580204379e-05,ENSG00000116521_unmod
ENSG00000141448,0.436,1.42225090554389e-05,ENSG00000141448_unmod
ENSG00000114853,0.578,1.43910391936132e-05,ENSG00000114853_unmod
ENSG00000198018,-0.364,1.43910391936132e-05,ENSG00000198018_unmod
ENSG00000114331,-0.372,1.46289132648916e-05,ENSG00000114331_unmod
ENSG00000139168,-0.484,1.51829510078263e-05,ENSG00000139168_unmod
ENSG00000278540,0.346,1.52623272889841e-05,ENSG00000278540_unmod
ENSG00000143369,-0.935,1.52802678799228e-05,ENSG00000143369_unmod
ENSG00000170854,0.591,1.52952201824717e-05,ENSG00000170854_unmod
ENSG00000083454,0.694,1.53496114325784e-05,ENSG00000083454_unmod
ENSG00000213626,0.415,1.56296288011632e-05,ENSG00000213626_unmod
ENSG00000112787,0.447,1.57359133480781e-05,ENSG00000112787_unmod
ENSG00000039319,-0.338,1.59298880498984e-05,ENSG00000039319_unmod
ENSG00000101126,0.256,1.59693632220365e-05,ENSG00000101126_unmod
ENSG00000159842,-0.403,1.61674981989634e-05,ENSG00000159842_unmod
ENSG00000171951,-1.031,1.61786042859152e-05,ENSG00000171951_unmod
ENSG00000163812,0.394,1.65950876320868e-05,ENSG00000163812_unmod
ENSG00000033800,0.384,1.69390648948775e-05,ENSG00000033800_unmod
ENSG00000171992,0.429,1.72946021255864e-05,ENSG00000171992_unmod
ENSG00000007376,0.451,1.8001890609469e-05,ENSG00000007376_unmod
ENSG00000182809,-0.566,1.80684927616831e-05,ENSG00000182809_unmod
ENSG00000068489,0.347,1.80873583638441e-05,ENSG00000068489_unmod
ENSG00000116514,-0.494,1.82432435169766e-05,ENSG00000116514_unmod
ENSG00000111802,-0.383,1.83833489703155e-05,ENSG00000111802_unmod
ENSG00000166454,0.376,1.84080772624901e-05,ENSG00000166454_unmod
ENSG00000156304,0.343,1.87393579695352e-05,ENSG00000156304_unmod
ENSG00000257218,0.526,1.87867465117729e-05,ENSG00000257218_unmod
ENSG00000114268,-0.578,1.87867465117729e-05,ENSG00000114268_unmod
ENSG00000131791,0.498,1.89614991424134e-05,ENSG00000131791_unmod
ENSG00000203722,-0.477,1.96601967994199e-05,ENSG00000203722_unmod
ENSG00000165322,0.524,1.9755015020361e-05,ENSG00000165322_unmod
ENSG00000175324,-0.721,1.9835027145307e-05,ENSG00000175324_unmod
ENSG00000121039,0.569,2.00018065579128e-05,ENSG00000121039_unmod
ENSG00000197622,-0.257,2.02610075190532e-05,ENSG00000197622_unmod
ENSG00000113269,-0.608,2.07822914423597e-05,ENSG00000113269_unmod
ENSG00000183726,0.345,2.09308714921363e-05,ENSG00000183726_unmod
ENSG00000145569,-0.483,2.09657114833629e-05,ENSG00000145569_unmod
ENSG00000164924,-0.258,2.12770908545801e-05,ENSG00000164924_unmod
ENSG00000198815,0.286,2.1358275548871e-05,ENSG00000198815_unmod
ENSG00000136319,0.752,2.15614381548105e-05,ENSG00000136319_unmod
ENSG00000182095,-0.433,2.17516322783423e-05,ENSG00000182095_unmod
ENSG00000085117,-0.945,2.22909878300998e-05,ENSG00000085117_unmod
ENSG00000114346,-0.261,2.22909878300998e-05,ENSG00000114346_unmod
ENSG00000109819,0.797,2.24349356733949e-05,ENSG00000109819_unmod
ENSG00000183735,-0.432,2.24962948544296e-05,ENSG00000183735_unmod
ENSG00000102038,0.518,2.26830664864521e-05,ENSG00000102038_unmod
ENSG00000122692,0.261,2.27949234627787e-05,ENSG00000122692_unmod
ENSG00000111961,-0.323,2.28538097601014e-05,ENSG00000111961_unmod
ENSG00000109971,0.227,2.28538097601014e-05,ENSG00000109971_unmod
ENSG00000132688,-0.572,2.28872706843507e-05,ENSG00000132688_unmod
ENSG00000142207,0.444,2.32279486149615e-05,ENSG00000142207_unmod
ENSG00000123643,-0.367,2.33563222382117e-05,ENSG00000123643_unmod
ENSG00000143771,-0.529,2.33894494220713e-05,ENSG00000143771_unmod
ENSG00000171241,-0.499,2.33894494220713e-05,ENSG00000171241_unmod
ENSG00000139613,0.29,2.3447982317732e-05,ENSG00000139613_unmod
ENSG00000148634,0.304,2.34888423305957e-05,ENSG00000148634_unmod
ENSG00000102241,-0.648,2.42989599223061e-05,ENSG00000102241_unmod
ENSG00000177425,0.347,2.43020275691264e-05,ENSG00000177425_unmod
ENSG00000078900,-1.093,2.43600184106109e-05,ENSG00000078900_unmod
ENSG00000089195,0.682,2.47653462428537e-05,ENSG00000089195_unmod
ENSG00000142556,0.63,2.49480975961133e-05,ENSG00000142556_unmod
ENSG00000151553,0.363,2.52180066198572e-05,ENSG00000151553_unmod
ENSG00000149480,0.338,2.52711834477207e-05,ENSG00000149480_unmod
ENSG00000070756,0.195,2.55054818389256e-05,ENSG00000070756_unmod
ENSG00000184634,0.35,2.59189677831515e-05,ENSG00000184634_unmod
ENSG00000170632,0.566,2.59834003847009e-05,ENSG00000170632_unmod
ENSG00000008086,-0.309,2.59840746229153e-05,ENSG00000008086_unmod
ENSG00000163297,-0.609,2.61110703620429e-05,ENSG00000163297_unmod
ENSG00000099904,0.54,2.64091865265221e-05,ENSG00000099904_unmod
ENSG00000177971,0.376,2.66870819406734e-05,ENSG00000177971_unmod
ENSG00000095261,0.294,2.67852757120213e-05,ENSG00000095261_unmod
ENSG00000160803,0.312,2.70339177745347e-05,ENSG00000160803_unmod
ENSG00000186416,0.353,2.82041608006818e-05,ENSG00000186416_unmod
ENSG00000166788,0.731,2.84620527690936e-05,ENSG00000166788_unmod
ENSG00000173210,-0.426,2.87885403305767e-05,ENSG00000173210_unmod
ENSG00000076067,0.334,2.92170906098958e-05,ENSG00000076067_unmod
ENSG00000155324,-0.651,2.92668904421388e-05,ENSG00000155324_unmod
ENSG00000159063,0.318,2.93428477486778e-05,ENSG00000159063_unmod
ENSG00000108510,0.274,2.98103724166887e-05,ENSG00000108510_unmod
ENSG00000197183,0.611,2.99473974983978e-05,ENSG00000197183_unmod
ENSG00000116793,-0.469,3.01558304843423e-05,ENSG00000116793_unmod
ENSG00000139719,-0.703,3.0192548478902e-05,ENSG00000139719_unmod
ENSG00000143061,-0.391,3.06795619341001e-05,ENSG00000143061_unmod
ENSG00000124107,-0.486,3.09856980449562e-05,ENSG00000124107_unmod
ENSG00000106829,0.467,3.11577980015595e-05,ENSG00000106829_unmod
ENSG00000160714,0.365,3.11577980015595e-05,ENSG00000160714_unmod
ENSG00000082482,-1.362,3.14348582875185e-05,ENSG00000082482_unmod
ENSG00000158062,-0.669,3.17859715988936e-05,ENSG00000158062_unmod
ENSG00000152102,0.345,3.18479862805325e-05,ENSG00000152102_unmod
ENSG00000141682,-0.501,3.19261517102573e-05,ENSG00000141682_unmod
ENSG00000073150,-0.67,3.2606851377611e-05,ENSG00000073150_unmod
ENSG00000171135,0.38,3.2606851377611e-05,ENSG00000171135_unmod
ENSG00000152990,0.484,3.43894830409412e-05,ENSG00000152990_unmod
ENSG00000034677,-0.318,3.51903209776913e-05,ENSG00000034677_unmod
ENSG00000244462,0.316,3.57041513513541e-05,ENSG00000244462_unmod
ENSG00000187479,-0.998,3.59692767956251e-05,ENSG00000187479_unmod
ENSG00000162928,-0.521,3.65114012379332e-05,ENSG00000162928_unmod
ENSG00000115414,-0.289,3.66666042826898e-05,ENSG00000115414_unmod
ENSG00000273703,-0.997,3.66692683356531e-05,ENSG00000273703_unmod
ENSG00000149115,-0.45,3.7585770351001e-05,ENSG00000149115_unmod
ENSG00000183722,-0.776,3.88995732704639e-05,ENSG00000183722_unmod
ENSG00000183856,-0.323,3.97262908035558e-05,ENSG00000183856_unmod
ENSG00000140598,-0.458,4.01319505304902e-05,ENSG00000140598_unmod
ENSG00000100888,0.26,4.0158552859211e-05,ENSG00000100888_unmod
ENSG00000197191,-0.534,4.09768839745531e-05,ENSG00000197191_unmod
ENSG00000029363,-0.291,4.21294614305679e-05,ENSG00000029363_unmod
ENSG00000167513,-0.56,4.24972049965324e-05,ENSG00000167513_unmod
ENSG00000116675,-0.684,4.32150639746568e-05,ENSG00000116675_unmod
ENSG00000166233,0.341,4.38762021123512e-05,ENSG00000166233_unmod
ENSG00000236081,0.794,4.41827791150466e-05,ENSG00000236081_unmod
ENSG00000213047,-0.523,4.42025913115964e-05,ENSG00000213047_unmod
ENSG00000188612,0.513,4.44065572372998e-05,ENSG00000188612_unmod
ENSG00000020577,0.418,4.47526462440124e-05,ENSG00000020577_unmod
ENSG00000100097,-0.342,4.48390525332538e-05,ENSG00000100097_unmod
ENSG00000164219,-0.456,4.57584890059378e-05,ENSG00000164219_unmod
ENSG00000148843,0.453,4.60458698959519e-05,ENSG00000148843_unmod
ENSG00000081870,-0.492,4.66168279882339e-05,ENSG00000081870_unmod
ENSG00000109606,0.223,4.6949001348032e-05,ENSG00000109606_unmod
ENSG00000175414,0.63,4.76271345994049e-05,ENSG00000175414_unmod
ENSG00000183431,0.325,4.81914864988799e-05,ENSG00000183431_unmod
ENSG00000130270,-0.744,4.83388585587219e-05,ENSG00000130270_unmod
ENSG00000179218,-0.333,4.8524290906274e-05,ENSG00000179218_unmod
ENSG00000059728,-0.327,4.87391574768349e-05,ENSG00000059728_unmod
ENSG00000141574,-0.731,4.88147128783476e-05,ENSG00000141574_unmod
ENSG00000149428,-0.468,4.88490920750375e-05,ENSG00000149428_unmod
ENSG00000112210,0.356,5.0495574221301e-05,ENSG00000112210_unmod
ENSG00000160741,0.321,5.05415206033004e-05,ENSG00000160741_unmod
ENSG00000176597,-0.445,5.06116237856967e-05,ENSG00000176597_unmod
ENSG00000143376,0.38,5.06116237856967e-05,ENSG00000143376_unmod
ENSG00000112249,0.238,5.06116237856967e-05,ENSG00000112249_unmod
ENSG00000131473,-0.462,5.06116237856967e-05,ENSG00000131473_unmod
ENSG00000119917,-0.408,5.06116237856967e-05,ENSG00000119917_unmod
ENSG00000245532,0.742,5.07866240782978e-05,ENSG00000245532_unmod
ENSG00000167378,0.486,5.08116767741793e-05,ENSG00000167378_unmod
ENSG00000013563,-0.587,5.09744487197362e-05,ENSG00000013563_unmod
ENSG00000163444,0.351,5.17411357946551e-05,ENSG00000163444_unmod
ENSG00000105438,0.301,5.18421332791185e-05,ENSG00000105438_unmod
ENSG00000124151,0.299,5.23668050939472e-05,ENSG00000124151_unmod
ENSG00000133265,0.467,5.30157390536744e-05,ENSG00000133265_unmod
ENSG00000186591,0.353,5.3018973779777e-05,ENSG00000186591_unmod
ENSG00000130150,0.519,5.30920585471506e-05,ENSG00000130150_unmod
ENSG00000008952,0.413,5.30920585471506e-05,ENSG00000008952_unmod
ENSG00000139291,0.814,5.35712157310911e-05,ENSG00000139291_unmod
ENSG00000099864,-0.684,5.40777492809502e-05,ENSG00000099864_unmod
ENSG00000131508,0.27,5.46719211381593e-05,ENSG00000131508_unmod
ENSG00000113643,0.283,5.46720224598533e-05,ENSG00000113643_unmod
ENSG00000103067,0.726,5.52437414655577e-05,ENSG00000103067_unmod
ENSG00000171206,-0.461,5.52437414655577e-05,ENSG00000171206_unmod
ENSG00000065882,-0.421,5.52663006136749e-05,ENSG00000065882_unmod
ENSG00000110911,-0.293,5.53739978722272e-05,ENSG00000110911_unmod
ENSG00000136897,0.557,5.546219818348e-05,ENSG00000136897_unmod
ENSG00000235173,0.49,5.55645295883276e-05,ENSG00000235173_unmod
ENSG00000198682,-0.381,5.58544379761963e-05,ENSG00000198682_unmod
ENSG00000070081,-0.386,5.60251622728988e-05,ENSG00000070081_unmod
ENSG00000186283,-0.571,5.62633440189704e-05,ENSG00000186283_unmod
ENSG00000178105,0.535,5.63883338093407e-05,ENSG00000178105_unmod
ENSG00000135679,-0.312,5.67079771816006e-05,ENSG00000135679_unmod
ENSG00000163251,0.52,5.82425909693446e-05,ENSG00000163251_unmod
ENSG00000170264,-0.713,5.8923039891153e-05,ENSG00000170264_unmod
ENSG00000070159,0.547,5.98506546741866e-05,ENSG00000070159_unmod
ENSG00000135870,0.306,6.0094785145019e-05,ENSG00000135870_unmod
ENSG00000134755,-0.436,6.07780663080619e-05,ENSG00000134755_unmod
ENSG00000008300,0.401,6.08310578188706e-05,ENSG00000008300_unmod
ENSG00000073464,0.685,6.10545169534564e-05,ENSG00000073464_unmod
ENSG00000135074,-0.367,6.13094219152962e-05,ENSG00000135074_unmod
ENSG00000071967,-0.321,6.13708595109728e-05,ENSG00000071967_unmod
ENSG00000154743,0.517,6.21817310878563e-05,ENSG00000154743_unmod
ENSG00000047644,-0.303,6.34861148748304e-05,ENSG00000047644_unmod
ENSG00000107897,-0.58,6.35543890917771e-05,ENSG00000107897_unmod
ENSG00000105329,-0.335,6.40401153155322e-05,ENSG00000105329_unmod
ENSG00000132846,0.599,6.50001486922983e-05,ENSG00000132846_unmod
ENSG00000087152,0.445,6.52972300284823e-05,ENSG00000087152_unmod
ENSG00000131746,-0.314,6.53262480538967e-05,ENSG00000131746_unmod
ENSG00000100216,0.301,6.5589439713084e-05,ENSG00000100216_unmod
ENSG00000178202,-0.408,6.57605794768358e-05,ENSG00000178202_unmod
ENSG00000111674,-0.514,6.6944309352263e-05,ENSG00000111674_unmod
ENSG00000151292,0.372,6.7036545606718e-05,ENSG00000151292_unmod
ENSG00000109790,0.341,6.75903431875713e-05,ENSG00000109790_unmod
ENSG00000196141,-0.303,6.79448270094273e-05,ENSG00000196141_unmod
ENSG00000112406,-0.496,6.80034438013789e-05,ENSG00000112406_unmod
ENSG00000049167,0.689,6.80035795104924e-05,ENSG00000049167_unmod
ENSG00000196411,-0.483,7.15231702392116e-05,ENSG00000196411_unmod
ENSG00000100106,-0.411,7.18823821456068e-05,ENSG00000100106_unmod
ENSG00000165355,-0.547,7.19339980731493e-05,ENSG00000165355_unmod
ENSG00000005302,-0.602,7.31775721579574e-05,ENSG00000005302_unmod
ENSG00000177485,0.362,7.32118995232929e-05,ENSG00000177485_unmod
ENSG00000080608,0.434,7.35393898739688e-05,ENSG00000080608_unmod
ENSG00000111602,-0.423,7.35542898407684e-05,ENSG00000111602_unmod
ENSG00000137809,-0.208,7.41135135986806e-05,ENSG00000137809_unmod
ENSG00000177058,-0.474,7.46288873436829e-05,ENSG00000177058_unmod
ENSG00000116752,-0.368,7.50555223427374e-05,ENSG00000116752_unmod
ENSG00000150540,-0.618,7.56535464722458e-05,ENSG00000150540_unmod
ENSG00000100413,0.548,7.57595217443941e-05,ENSG00000100413_unmod
ENSG00000118689,0.349,7.60068616052775e-05,ENSG00000118689_unmod
ENSG00000162522,-0.257,7.72459224180101e-05,ENSG00000162522_unmod
ENSG00000164934,0.421,8.04448570807199e-05,ENSG00000164934_unmod
ENSG00000171865,0.447,8.05737990334043e-05,ENSG00000171865_unmod
ENSG00000186575,0.408,8.05737990334043e-05,ENSG00000186575_unmod
ENSG00000162769,0.422,8.1349024739566e-05,ENSG00000162769_unmod
ENSG00000153993,0.783,8.16822297080226e-05,ENSG00000153993_unmod
ENSG00000163975,-0.655,8.16822297080226e-05,ENSG00000163975_unmod
ENSG00000131459,-0.444,8.16822297080226e-05,ENSG00000131459_unmod
ENSG00000106399,-0.431,8.2422100005637e-05,ENSG00000106399_unmod
ENSG00000064042,0.261,8.26490954388751e-05,ENSG00000064042_unmod
ENSG00000109881,-0.618,8.28198805711406e-05,ENSG00000109881_unmod
ENSG00000174197,0.254,8.31496862861247e-05,ENSG00000174197_unmod
ENSG00000075151,0.29,8.34720046049617e-05,ENSG00000075151_unmod
ENSG00000013375,-0.343,8.34848404995002e-05,ENSG00000013375_unmod
ENSG00000116237,-0.337,8.39034906736723e-05,ENSG00000116237_unmod
ENSG00000044574,-0.659,8.4041426022558e-05,ENSG00000044574_unmod
ENSG00000138347,0.456,8.40925321993813e-05,ENSG00000138347_unmod
ENSG00000145375,0.317,8.40925321993813e-05,ENSG00000145375_unmod
ENSG00000102882,-0.496,8.41210940504058e-05,ENSG00000102882_unmod
ENSG00000056097,0.24,8.56751142696661e-05,ENSG00000056097_unmod
ENSG00000215193,-0.274,8.72026029868024e-05,ENSG00000215193_unmod
ENSG00000049883,0.476,8.7411866816838e-05,ENSG00000049883_unmod
ENSG00000134986,-0.497,8.78715443012173e-05,ENSG00000134986_unmod
ENSG00000166783,-0.386,8.78715443012173e-05,ENSG00000166783_unmod
ENSG00000132716,0.465,8.78715443012173e-05,ENSG00000132716_unmod
ENSG00000273760,0.523,8.98683948832295e-05,ENSG00000273760_unmod
ENSG00000123364,0.722,9.21782385899993e-05,ENSG00000123364_unmod
ENSG00000111786,-0.524,9.25091199914351e-05,ENSG00000111786_unmod
ENSG00000101310,0.309,9.26955039024437e-05,ENSG00000101310_unmod
ENSG00000158850,0.561,9.28239169407301e-05,ENSG00000158850_unmod
ENSG00000000971,-0.394,9.30092419373929e-05,ENSG00000000971_unmod
ENSG00000133026,-0.462,9.30154322828695e-05,ENSG00000133026_unmod
ENSG00000119403,-0.372,9.32866161628772e-05,ENSG00000119403_unmod
ENSG00000185624,-0.43,9.34479363829972e-05,ENSG00000185624_unmod
ENSG00000118898,-0.465,9.40974541525697e-05,ENSG00000118898_unmod
ENSG00000237649,-0.67,9.46728117698929e-05,ENSG00000237649_unmod
ENSG00000068323,-0.267,9.58375207284504e-05,ENSG00000068323_unmod
ENSG00000168778,-0.594,9.59139417060815e-05,ENSG00000168778_unmod
ENSG00000148840,0.26,9.62379551412913e-05,ENSG00000148840_unmod
ENSG00000116138,0.364,9.66123742515264e-05,ENSG00000116138_unmod
ENSG00000260032,-0.337,9.68070577411448e-05,ENSG00000260032_unmod
ENSG00000100221,-0.402,9.91185490431287e-05,ENSG00000100221_unmod
ENSG00000140750,0.248,9.94201042712297e-05,ENSG00000140750_unmod
ENSG00000173391,-0.606,9.96934388227087e-05,ENSG00000173391_unmod
ENSG00000138376,-0.343,9.97482977668913e-05,ENSG00000138376_unmod
ENSG00000138604,-0.388,0.0,ENSG00000138604_unmod
ENSG00000118193,-0.356,0.0,ENSG00000118193_unmod
ENSG00000115295,-0.343,0.0,ENSG00000115295_unmod
ENSG00000019186,-0.635,0.0,ENSG00000019186_unmod
ENSG00000127804,0.388,0.0,ENSG00000127804_unmod
ENSG00000128609,-0.498,0.0,ENSG00000128609_unmod
ENSG00000128512,-0.377,0.0,ENSG00000128512_unmod
ENSG00000169519,0.578,0.0,ENSG00000169519_unmod
ENSG00000090470,0.556,0.0,ENSG00000090470_unmod
ENSG00000167775,0.466,0.0,ENSG00000167775_unmod
ENSG00000066557,0.369,0.0,ENSG00000066557_unmod
ENSG00000081019,0.527,0.0,ENSG00000081019_unmod
ENSG00000124486,0.21,0.0,ENSG00000124486_unmod
ENSG00000066739,0.343,0.0,ENSG00000066739_unmod
ENSG00000085491,-0.627,0.0,ENSG00000085491_unmod
ENSG00000197565,-0.42,0.0,ENSG00000197565_unmod
ENSG00000133884,0.325,0.0,ENSG00000133884_unmod
ENSG00000101464,0.443,0.0,ENSG00000101464_unmod
ENSG00000128708,-0.359,0.0,ENSG00000128708_unmod
ENSG00000156502,0.395,0.0,ENSG00000156502_unmod
ENSG00000108179,0.303,0.0,ENSG00000108179_unmod
ENSG00000135002,-0.327,0.0,ENSG00000135002_unmod
ENSG00000281398,0.593,0.0,ENSG00000281398_unmod
ENSG00000181163,0.29,0.0,ENSG00000181163_unmod
ENSG00000178498,0.529,0.0,ENSG00000178498_unmod
ENSG00000275066,-0.543,0.0,ENSG00000275066_unmod
ENSG00000175591,-1.021,0.0,ENSG00000175591_unmod
ENSG00000165060,0.676,0.0,ENSG00000165060_unmod
ENSG00000164975,0.278,0.0,ENSG00000164975_unmod
ENSG00000149269,-0.376,0.0,ENSG00000149269_unmod
ENSG00000137413,0.484,0.0,ENSG00000137413_unmod
ENSG00000186522,-0.368,0.0,ENSG00000186522_unmod
ENSG00000198142,0.487,0.0,ENSG00000198142_unmod
ENSG00000149554,-0.424,0.0,ENSG00000149554_unmod
ENSG00000139684,0.398,0.0,ENSG00000139684_unmod
ENSG00000167130,0.485,0.0,ENSG00000167130_unmod
ENSG00000148481,0.516,0.0,ENSG00000148481_unmod
ENSG00000137834,0.363,0.0,ENSG00000137834_unmod
ENSG00000091127,0.381,0.0,ENSG00000091127_unmod
ENSG00000213551,-0.384,0.0,ENSG00000213551_unmod
ENSG00000116711,-0.351,0.0,ENSG00000116711_unmod
ENSG00000148700,-0.416,0.0,ENSG00000148700_unmod
ENSG00000181577,-0.726,0.0,ENSG00000181577_unmod
ENSG00000197043,-0.527,0.0,ENSG00000197043_unmod
ENSG00000093009,-0.586,0.0,ENSG00000093009_unmod
ENSG00000197321,-0.395,0.0,ENSG00000197321_unmod
ENSG00000126457,0.381,0.0,ENSG00000126457_unmod
ENSG00000169908,0.242,0.0,ENSG00000169908_unmod
ENSG00000082516,0.363,0.0,ENSG00000082516_unmod
ENSG00000014216,-0.394,0.0,ENSG00000014216_unmod
ENSG00000166938,0.524,0.0,ENSG00000166938_unmod
ENSG00000188706,0.359,0.0,ENSG00000188706_unmod
ENSG00000126012,-0.428,0.0,ENSG00000126012_unmod
ENSG00000066629,-0.706,0.0,ENSG00000066629_unmod
ENSG00000107201,-0.359,0.0,ENSG00000107201_unmod
ENSG00000239306,0.282,0.0,ENSG00000239306_unmod
ENSG00000100105,0.475,0.0,ENSG00000100105_unmod
ENSG00000238266,0.442,0.0,ENSG00000238266_unmod
ENSG00000006016,-0.573,0.0,ENSG00000006016_unmod
ENSG00000189241,0.317,0.0,ENSG00000189241_unmod
ENSG00000181826,-0.442,0.0,ENSG00000181826_unmod
ENSG00000149177,0.288,0.0,ENSG00000149177_unmod
ENSG00000198301,0.364,0.0,ENSG00000198301_unmod
ENSG00000146247,-0.27,0.0,ENSG00000146247_unmod
ENSG00000172086,-1.01,0.0,ENSG00000172086_unmod
ENSG00000135632,0.438,0.0,ENSG00000135632_unmod
ENSG00000168214,0.324,0.0,ENSG00000168214_unmod
ENSG00000147036,0.666,0.0,ENSG00000147036_unmod
ENSG00000145365,-0.525,0.0,ENSG00000145365_unmod
ENSG00000185818,1.158,0.0,ENSG00000185818_unmod
ENSG00000165802,0.379,0.0,ENSG00000165802_unmod
ENSG00000170312,-0.412,0.0,ENSG00000170312_unmod
ENSG00000275216,0.525,0.0,ENSG00000275216_unmod
ENSG00000135604,-0.764,0.0,ENSG00000135604_unmod
ENSG00000145687,-0.635,0.0,ENSG00000145687_unmod
ENSG00000116062,-0.417,0.0,ENSG00000116062_unmod
ENSG00000158966,0.516,0.0,ENSG00000158966_unmod
ENSG00000178718,0.406,0.0,ENSG00000178718_unmod
ENSG00000168175,0.339,0.0,ENSG00000168175_unmod
ENSG00000169925,-0.339,0.0,ENSG00000169925_unmod
ENSG00000152642,0.437,0.0,ENSG00000152642_unmod
ENSG00000204524,0.445,0.0,ENSG00000204524_unmod
ENSG00000158528,0.549,0.0,ENSG00000158528_unmod
ENSG00000155008,0.437,0.0,ENSG00000155008_unmod
ENSG00000163389,0.553,0.0,ENSG00000163389_unmod
ENSG00000160124,0.441,0.0,ENSG00000160124_unmod
ENSG00000163001,-0.651,0.0,ENSG00000163001_unmod
ENSG00000100028,0.405,0.0,ENSG00000100028_unmod
ENSG00000143367,0.467,0.0,ENSG00000143367_unmod
ENSG00000196139,-0.447,0.0,ENSG00000196139_unmod
ENSG00000116128,0.362,0.0,ENSG00000116128_unmod
ENSG00000130713,0.354,0.0,ENSG00000130713_unmod
ENSG00000150768,0.319,0.0,ENSG00000150768_unmod
ENSG00000159202,0.202,0.0,ENSG00000159202_unmod
ENSG00000111731,0.47,0.0,ENSG00000111731_unmod
ENSG00000173442,-0.522,0.0,ENSG00000173442_unmod
ENSG00000172466,0.294,0.0,ENSG00000172466_unmod
ENSG00000169826,-0.416,0.0,ENSG00000169826_unmod
ENSG00000103769,0.28,0.0,ENSG00000103769_unmod
ENSG00000144677,0.373,0.0,ENSG00000144677_unmod
ENSG00000133961,-0.41,0.0,ENSG00000133961_unmod
ENSG00000134709,-0.636,0.0,ENSG00000134709_unmod
ENSG00000083937,-0.461,0.0,ENSG00000083937_unmod
ENSG00000111816,0.521,0.0,ENSG00000111816_unmod
ENSG00000205808,1.097,0.0,ENSG00000205808_unmod
ENSG00000219545,0.607,0.0,ENSG00000219545_unmod
ENSG00000101138,0.332,0.0,ENSG00000101138_unmod
ENSG00000179820,-0.359,0.0,ENSG00000179820_unmod
ENSG00000176623,-0.541,0.0,ENSG00000176623_unmod
ENSG00000105723,0.359,0.0,ENSG00000105723_unmod
ENSG00000006453,-0.321,0.0,ENSG00000006453_unmod
ENSG00000189308,-0.357,0.0,ENSG00000189308_unmod
ENSG00000072062,-0.276,0.0,ENSG00000072062_unmod
ENSG00000113621,0.412,0.0,ENSG00000113621_unmod
ENSG00000107929,0.287,0.0,ENSG00000107929_unmod
ENSG00000124275,0.236,0.0,ENSG00000124275_unmod
ENSG00000100664,0.22,0.0,ENSG00000100664_unmod
ENSG00000159592,0.261,0.0,ENSG00000159592_unmod
ENSG00000114686,0.299,0.0,ENSG00000114686_unmod
ENSG00000196290,0.442,0.0,ENSG00000196290_unmod
ENSG00000117859,0.237,0.0,ENSG00000117859_unmod
ENSG00000108821,-0.446,0.0,ENSG00000108821_unmod
ENSG00000183578,-0.712,0.0,ENSG00000183578_unmod
ENSG00000178980,-0.419,0.0,ENSG00000178980_unmod
ENSG00000095015,0.41,0.0,ENSG00000095015_unmod
ENSG00000176834,-0.433,0.0,ENSG00000176834_unmod
ENSG00000123104,-0.311,0.0,ENSG00000123104_unmod
ENSG00000131149,0.316,0.0,ENSG00000131149_unmod
ENSG00000145817,-0.272,0.0,ENSG00000145817_unmod
ENSG00000138944,0.3,0.0,ENSG00000138944_unmod
ENSG00000138600,-0.276,0.0,ENSG00000138600_unmod
ENSG00000106605,-0.811,0.0,ENSG00000106605_unmod
ENSG00000173193,-0.291,0.0,ENSG00000173193_unmod
ENSG00000090447,0.576,0.0,ENSG00000090447_unmod
ENSG00000100485,-0.454,0.0,ENSG00000100485_unmod
ENSG00000140299,-0.301,0.0,ENSG00000140299_unmod
ENSG00000165660,0.424,0.0,ENSG00000165660_unmod
ENSG00000137776,-0.384,0.0,ENSG00000137776_unmod
ENSG00000187231,-0.311,0.0,ENSG00000187231_unmod
ENSG00000198718,0.406,0.0,ENSG00000198718_unmod
ENSG00000187908,-0.627,0.0,ENSG00000187908_unmod
ENSG00000029725,-0.413,0.0,ENSG00000029725_unmod
ENSG00000152413,0.541,0.0,ENSG00000152413_unmod
ENSG00000185252,1.009,0.0,ENSG00000185252_unmod
ENSG00000086200,-0.372,0.0,ENSG00000086200_unmod
ENSG00000066926,-0.395,0.0,ENSG00000066926_unmod
ENSG00000118873,0.269,0.0,ENSG00000118873_unmod
ENSG00000125520,-0.392,0.0,ENSG00000125520_unmod
ENSG00000116698,0.265,0.0,ENSG00000116698_unmod
ENSG00000166619,0.405,0.0,ENSG00000166619_unmod
ENSG00000119801,-0.454,0.0,ENSG00000119801_unmod
ENSG00000140937,-0.822,0.0,ENSG00000140937_unmod
ENSG00000101843,0.413,0.0,ENSG00000101843_unmod
ENSG00000156299,-0.738,0.0,ENSG00000156299_unmod
ENSG00000151612,0.378,0.0,ENSG00000151612_unmod
ENSG00000152580,0.374,0.0,ENSG00000152580_unmod
ENSG00000127616,-0.46,0.0,ENSG00000127616_unmod
ENSG00000122641,-1.15,0.0,ENSG00000122641_unmod
ENSG00000129173,-0.625,0.0,ENSG00000129173_unmod
ENSG00000257027,1.065,0.0,ENSG00000257027_unmod
ENSG00000110958,-0.251,0.0,ENSG00000110958_unmod
ENSG00000128487,-0.278,0.0,ENSG00000128487_unmod
ENSG00000162924,0.417,0.0,ENSG00000162924_unmod
ENSG00000122203,0.369,0.0,ENSG00000122203_unmod
ENSG00000107614,0.663,0.0,ENSG00000107614_unmod
ENSG00000178425,0.512,0.0,ENSG00000178425_unmod
ENSG00000171680,-0.571,0.0,ENSG00000171680_unmod
ENSG00000136770,-0.532,0.0,ENSG00000136770_unmod
ENSG00000124102,-0.769,0.0,ENSG00000124102_unmod
ENSG00000139211,0.29,0.0,ENSG00000139211_unmod
ENSG00000110066,0.453,0.0,ENSG00000110066_unmod
ENSG00000007968,-1.093,0.0,ENSG00000007968_unmod
ENSG00000217128,-0.253,0.0,ENSG00000217128_unmod
ENSG00000102312,0.669,0.0,ENSG00000102312_unmod
ENSG00000182263,0.494,0.0,ENSG00000182263_unmod
ENSG00000135114,-0.414,0.0,ENSG00000135114_unmod
ENSG00000171928,-0.385,0.0,ENSG00000171928_unmod
ENSG00000143473,0.547,0.0,ENSG00000143473_unmod
ENSG00000118985,-0.227,0.0,ENSG00000118985_unmod
ENSG00000131153,-0.483,0.0,ENSG00000131153_unmod
ENSG00000122140,0.323,0.0,ENSG00000122140_unmod
ENSG00000150961,-0.271,0.0,ENSG00000150961_unmod
ENSG00000116199,-0.313,0.0,ENSG00000116199_unmod
ENSG00000117505,0.271,0.0,ENSG00000117505_unmod
ENSG00000132286,0.545,0.0,ENSG00000132286_unmod
ENSG00000112208,0.287,0.0,ENSG00000112208_unmod
ENSG00000178726,0.598,0.0,ENSG00000178726_unmod
ENSG00000109805,-0.332,0.0,ENSG00000109805_unmod
ENSG00000107104,0.279,0.0,ENSG00000107104_unmod
ENSG00000240891,0.401,0.0,ENSG00000240891_unmod
ENSG00000168890,1.345,0.0,ENSG00000168890_unmod
ENSG00000015532,-0.481,0.0,ENSG00000015532_unmod
ENSG00000135924,-0.394,0.0,ENSG00000135924_unmod
ENSG00000197381,0.331,0.0,ENSG00000197381_unmod
ENSG00000082701,-0.261,0.0,ENSG00000082701_unmod
ENSG00000118246,0.35,0.0,ENSG00000118246_unmod
ENSG00000126067,0.188,0.0,ENSG00000126067_unmod
ENSG00000169398,-0.259,0.0,ENSG00000169398_unmod
ENSG00000085788,0.405,0.0,ENSG00000085788_unmod
ENSG00000173166,-0.255,0.0,ENSG00000173166_unmod
ENSG00000119231,0.295,0.0,ENSG00000119231_unmod
ENSG00000196372,0.597,0.0,ENSG00000196372_unmod
ENSG00000196363,0.314,0.0,ENSG00000196363_unmod
ENSG00000116685,0.337,0.0,ENSG00000116685_unmod
ENSG00000058056,-0.321,0.0,ENSG00000058056_unmod
ENSG00000153046,-0.34,0.0,ENSG00000153046_unmod
ENSG00000177570,0.418,0.0,ENSG00000177570_unmod
ENSG00000251381,0.39,0.0,ENSG00000251381_unmod
ENSG00000100029,0.383,0.0,ENSG00000100029_unmod
ENSG00000170113,-0.35,0.0,ENSG00000170113_unmod
ENSG00000165304,-0.341,0.0,ENSG00000165304_unmod
ENSG00000188895,0.297,0.0,ENSG00000188895_unmod
ENSG00000107789,-0.634,0.0,ENSG00000107789_unmod
ENSG00000213853,-0.316,0.0,ENSG00000213853_unmod
ENSG00000084093,0.353,0.0,ENSG00000084093_unmod
ENSG00000114446,-0.654,0.0,ENSG00000114446_unmod
ENSG00000269729,-0.679,0.0,ENSG00000269729_unmod
ENSG00000172534,-0.247,0.0,ENSG00000172534_unmod
ENSG00000170275,0.213,0.0,ENSG00000170275_unmod
ENSG00000106804,-1.012,0.0,ENSG00000106804_unmod
ENSG00000169258,-0.578,0.0,ENSG00000169258_unmod
ENSG00000152104,0.271,0.0,ENSG00000152104_unmod
ENSG00000153395,0.534,0.0,ENSG00000153395_unmod
ENSG00000036549,0.307,0.0,ENSG00000036549_unmod
ENSG00000078043,0.386,0.0,ENSG00000078043_unmod
ENSG00000122882,0.334,0.0,ENSG00000122882_unmod
ENSG00000130741,0.175,0.0,ENSG00000130741_unmod
ENSG00000111142,0.333,0.0,ENSG00000111142_unmod
ENSG00000097096,0.567,0.0,ENSG00000097096_unmod
ENSG00000166483,-0.282,0.0,ENSG00000166483_unmod
ENSG00000102317,-0.31,0.0,ENSG00000102317_unmod
ENSG00000123600,0.474,0.0,ENSG00000123600_unmod
ENSG00000145022,0.432,0.0,ENSG00000145022_unmod
ENSG00000172115,0.291,0.0,ENSG00000172115_unmod
ENSG00000133639,-0.328,0.0,ENSG00000133639_unmod
ENSG00000136636,-0.361,0.0,ENSG00000136636_unmod
ENSG00000126458,-0.498,0.0,ENSG00000126458_unmod
ENSG00000156453,-0.756,0.0,ENSG00000156453_unmod
ENSG00000185728,0.244,0.0,ENSG00000185728_unmod
ENSG00000133316,0.43,0.0,ENSG00000133316_unmod
ENSG00000143612,0.274,0.0,ENSG00000143612_unmod
ENSG00000137266,-0.438,0.0,ENSG00000137266_unmod
ENSG00000168461,-0.223,0.0,ENSG00000168461_unmod
ENSG00000134900,0.249,0.0,ENSG00000134900_unmod
ENSG00000137710,-0.259,0.0,ENSG00000137710_unmod
ENSG00000064726,0.27,0.0,ENSG00000064726_unmod
ENSG00000106603,0.364,0.0,ENSG00000106603_unmod
ENSG00000204272,0.432,0.0,ENSG00000204272_unmod
ENSG00000184164,-0.656,0.0,ENSG00000184164_unmod
ENSG00000196961,-0.407,0.0,ENSG00000196961_unmod
ENSG00000230615,-0.662,0.0,ENSG00000230615_unmod
ENSG00000147874,0.278,0.0,ENSG00000147874_unmod
ENSG00000165238,0.471,0.0,ENSG00000165238_unmod
ENSG00000167995,1.428,0.0,ENSG00000167995_unmod
ENSG00000138375,-0.455,0.0,ENSG00000138375_unmod
ENSG00000113569,-0.183,0.0,ENSG00000113569_unmod
ENSG00000161179,0.717,0.0,ENSG00000161179_unmod
ENSG00000164022,0.353,0.0,ENSG00000164022_unmod
ENSG00000253368,1.065,0.0,ENSG00000253368_unmod
ENSG00000134109,-0.275,0.0,ENSG00000134109_unmod
ENSG00000004777,-0.828,0.0,ENSG00000004777_unmod
ENSG00000184922,-0.268,0.0,ENSG00000184922_unmod
ENSG00000140525,-0.363,0.0,ENSG00000140525_unmod
ENSG00000099958,-1.294,0.0,ENSG00000099958_unmod
ENSG00000162241,-0.659,0.0,ENSG00000162241_unmod
ENSG00000167110,-0.435,0.0,ENSG00000167110_unmod
ENSG00000108883,0.31,0.0,ENSG00000108883_unmod
ENSG00000111358,0.442,0.0,ENSG00000111358_unmod
ENSG00000109084,0.257,0.0,ENSG00000109084_unmod
ENSG00000073536,0.553,0.0,ENSG00000073536_unmod
ENSG00000196821,-0.531,0.0,ENSG00000196821_unmod
ENSG00000170027,0.18,0.0,ENSG00000170027_unmod
ENSG00000008256,0.379,0.0,ENSG00000008256_unmod
ENSG00000140307,0.37,0.0,ENSG00000140307_unmod
ENSG00000102096,0.562,0.0,ENSG00000102096_unmod
ENSG00000138160,-0.283,0.0,ENSG00000138160_unmod
ENSG00000110888,-0.394,0.0,ENSG00000110888_unmod
ENSG00000057757,0.402,0.0,ENSG00000057757_unmod
ENSG00000163535,-0.347,0.0,ENSG00000163535_unmod
ENSG00000099331,-0.385,0.0,ENSG00000099331_unmod
ENSG00000052749,0.424,0.0,ENSG00000052749_unmod
ENSG00000254635,-0.759,0.0,ENSG00000254635_unmod
ENSG00000276293,-0.634,0.0,ENSG00000276293_unmod
ENSG00000127955,0.362,0.0,ENSG00000127955_unmod
ENSG00000124466,-0.897,0.0,ENSG00000124466_unmod
ENSG00000119669,-0.448,0.0,ENSG00000119669_unmod
ENSG00000221829,-0.454,0.0,ENSG00000221829_unmod
ENSG00000160767,0.424,0.0,ENSG00000160767_unmod
ENSG00000159335,-0.418,0.0,ENSG00000159335_unmod
ENSG00000109674,-0.398,0.0,ENSG00000109674_unmod
ENSG00000109685,-0.346,0.0,ENSG00000109685_unmod
ENSG00000101856,0.254,0.0,ENSG00000101856_unmod
ENSG00000143507,-0.407,0.0,ENSG00000143507_unmod
ENSG00000139697,0.28,0.0,ENSG00000139697_unmod
ENSG00000178502,0.361,0.0,ENSG00000178502_unmod
ENSG00000164111,-0.236,0.0,ENSG00000164111_unmod
ENSG00000168385,0.231,0.0,ENSG00000168385_unmod
ENSG00000143401,-0.318,0.0,ENSG00000143401_unmod
ENSG00000196371,0.713,0.0,ENSG00000196371_unmod
ENSG00000132003,-0.297,0.0,ENSG00000132003_unmod
ENSG00000175215,0.345,0.0,ENSG00000175215_unmod
ENSG00000107815,0.59,0.0,ENSG00000107815_unmod
ENSG00000136286,-0.793,0.0,ENSG00000136286_unmod
ENSG00000158292,-0.684,0.0,ENSG00000158292_unmod
ENSG00000072682,-0.456,0.0,ENSG00000072682_unmod
ENSG00000152242,-0.321,0.0,ENSG00000152242_unmod
ENSG00000122729,-0.318,0.0,ENSG00000122729_unmod
ENSG00000113575,0.209,0.0,ENSG00000113575_unmod
ENSG00000196743,0.355,0.0,ENSG00000196743_unmod
ENSG00000151414,-0.216,0.0,ENSG00000151414_unmod
ENSG00000130164,-0.315,0.0,ENSG00000130164_unmod
ENSG00000159200,-0.464,0.0,ENSG00000159200_unmod
ENSG00000170142,0.302,0.0,ENSG00000170142_unmod
ENSG00000145414,0.398,0.0,ENSG00000145414_unmod
ENSG00000005100,0.311,0.0,ENSG00000005100_unmod
ENSG00000167112,0.277,0.0,ENSG00000167112_unmod
ENSG00000225733,-0.254,0.0,ENSG00000225733_unmod
ENSG00000146109,0.634,0.0,ENSG00000146109_unmod
ENSG00000117519,0.272,0.0,ENSG00000117519_unmod
ENSG00000140265,0.364,0.0,ENSG00000140265_unmod
ENSG00000003137,-0.578,0.0,ENSG00000003137_unmod
ENSG00000169554,-0.406,0.0,ENSG00000169554_unmod
ENSG00000140564,-0.407,0.0,ENSG00000140564_unmod
ENSG00000092445,0.366,0.0,ENSG00000092445_unmod
ENSG00000167535,-0.636,0.0,ENSG00000167535_unmod
ENSG00000185163,0.484,0.0,ENSG00000185163_unmod
ENSG00000070831,-0.2,0.0,ENSG00000070831_unmod
ENSG00000131470,-0.494,0.0,ENSG00000131470_unmod
ENSG00000128011,1.349,0.0,ENSG00000128011_unmod
ENSG00000138119,0.243,0.0,ENSG00000138119_unmod
ENSG00000114902,0.289,0.0,ENSG00000114902_unmod
ENSG00000059122,0.394,0.0,ENSG00000059122_unmod
ENSG00000168077,-0.216,0.0,ENSG00000168077_unmod
ENSG00000122126,0.382,0.0,ENSG00000122126_unmod
ENSG00000102316,-0.419,0.0,ENSG00000102316_unmod
ENSG00000165449,1.14,0.0,ENSG00000165449_unmod
ENSG00000133401,-0.34,0.0,ENSG00000133401_unmod
ENSG00000172340,0.358,0.0,ENSG00000172340_unmod
ENSG00000156976,0.307,0.0,ENSG00000156976_unmod
ENSG00000152457,0.407,0.0,ENSG00000152457_unmod
ENSG00000104408,0.284,0.0,ENSG00000104408_unmod
ENSG00000100522,0.337,0.0,ENSG00000100522_unmod
ENSG00000174010,0.349,0.0,ENSG00000174010_unmod
ENSG00000131148,-0.773,0.0,ENSG00000131148_unmod
ENSG00000151465,0.274,0.0,ENSG00000151465_unmod
ENSG00000124279,0.442,0.0,ENSG00000124279_unmod
ENSG00000119950,0.565,0.0,ENSG00000119950_unmod
ENSG00000102384,-0.327,0.0,ENSG00000102384_unmod
ENSG00000213516,0.405,0.0,ENSG00000213516_unmod
ENSG00000141198,-0.362,0.0,ENSG00000141198_unmod
ENSG00000100526,-0.38,0.0,ENSG00000100526_unmod
ENSG00000092964,-0.28,0.0,ENSG00000092964_unmod
ENSG00000160957,-0.464,0.0,ENSG00000160957_unmod
ENSG00000148606,0.375,0.0,ENSG00000148606_unmod
ENSG00000142303,-0.627,0.0,ENSG00000142303_unmod
ENSG00000149476,0.459,0.0,ENSG00000149476_unmod
ENSG00000164400,-2.763,0.0,ENSG00000164400_unmod
ENSG00000135372,0.395,0.0,ENSG00000135372_unmod
ENSG00000111665,-0.443,0.0,ENSG00000111665_unmod
ENSG00000272391,0.232,0.0,ENSG00000272391_unmod
ENSG00000166845,-0.441,0.0,ENSG00000166845_unmod
ENSG00000145495,0.3,0.0,ENSG00000145495_unmod
ENSG00000114054,0.464,0.0,ENSG00000114054_unmod
ENSG00000198853,0.254,0.0,ENSG00000198853_unmod
ENSG00000170088,0.434,0.0,ENSG00000170088_unmod
ENSG00000173848,-0.283,0.0,ENSG00000173848_unmod
ENSG00000116786,-0.463,0.0,ENSG00000116786_unmod
ENSG00000137135,-0.455,0.0,ENSG00000137135_unmod
ENSG00000106665,-0.48,0.0,ENSG00000106665_unmod
ENSG00000175550,-0.66,0.0,ENSG00000175550_unmod
ENSG00000100441,-0.376,0.0,ENSG00000100441_unmod
ENSG00000172269,0.332,0.0,ENSG00000172269_unmod
ENSG00000044459,-0.387,0.0,ENSG00000044459_unmod
ENSG00000105825,-0.369,0.0,ENSG00000105825_unmod
ENSG00000172775,0.386,0.0,ENSG00000172775_unmod
ENSG00000171681,0.285,0.0,ENSG00000171681_unmod
ENSG00000176871,-0.304,0.0,ENSG00000176871_unmod
ENSG00000104267,-0.703,0.0,ENSG00000104267_unmod
ENSG00000105552,0.585,0.0,ENSG00000105552_unmod
ENSG00000119487,-0.343,0.0,ENSG00000119487_unmod
ENSG00000173546,-0.415,0.0,ENSG00000173546_unmod
ENSG00000121289,-0.447,0.0,ENSG00000121289_unmod
ENSG00000126945,-0.31,0.0,ENSG00000126945_unmod
ENSG00000182795,0.867,0.0,ENSG00000182795_unmod
ENSG00000158715,1.117,0.0,ENSG00000158715_unmod
ENSG00000117500,0.259,0.0,ENSG00000117500_unmod
ENSG00000175305,-0.583,0.0,ENSG00000175305_unmod
ENSG00000105447,0.362,0.0,ENSG00000105447_unmod
ENSG00000107295,-0.48,0.0,ENSG00000107295_unmod
ENSG00000180357,0.194,0.0,ENSG00000180357_unmod
ENSG00000184731,-0.857,0.0,ENSG00000184731_unmod
ENSG00000115084,0.29,0.0,ENSG00000115084_unmod
ENSG00000113716,0.296,0.0,ENSG00000113716_unmod
ENSG00000120899,-0.568,0.0,ENSG00000120899_unmod
ENSG00000156471,0.28,0.0,ENSG00000156471_unmod
ENSG00000100523,-0.374,0.0,ENSG00000100523_unmod
ENSG00000124225,-0.383,0.0,ENSG00000124225_unmod
ENSG00000142733,-0.397,0.0,ENSG00000142733_unmod
ENSG00000186432,0.203,0.0,ENSG00000186432_unmod
ENSG00000146374,-0.589,0.0,ENSG00000146374_unmod
ENSG00000164161,-0.55,0.0,ENSG00000164161_unmod
ENSG00000108342,-2.795,0.0,ENSG00000108342_unmod
ENSG00000144445,-0.436,0.0,ENSG00000144445_unmod
ENSG00000107130,0.333,0.0,ENSG00000107130_unmod
ENSG00000139793,0.247,0.0,ENSG00000139793_unmod
ENSG00000162222,-0.406,0.0,ENSG00000162222_unmod
ENSG00000089127,-0.389,0.0,ENSG00000089127_unmod
ENSG00000139289,-0.342,0.0,ENSG00000139289_unmod
ENSG00000023330,0.243,0.0,ENSG00000023330_unmod
ENSG00000092140,0.361,0.0,ENSG00000092140_unmod
ENSG00000030419,-0.615,0.0,ENSG00000030419_unmod
ENSG00000122390,0.348,0.0,ENSG00000122390_unmod
ENSG00000182957,0.67,0.0,ENSG00000182957_unmod
ENSG00000064703,0.339,0.0,ENSG00000064703_unmod
ENSG00000162627,-0.547,0.0,ENSG00000162627_unmod
ENSG00000165689,0.352,0.0,ENSG00000165689_unmod
ENSG00000132819,0.509,0.0,ENSG00000132819_unmod
ENSG00000182463,-0.315,0.0,ENSG00000182463_unmod
ENSG00000176542,0.34,0.0,ENSG00000176542_unmod
ENSG00000117748,-0.46,0.0,ENSG00000117748_unmod
ENSG00000137337,-0.453,0.0,ENSG00000137337_unmod
ENSG00000132613,0.286,0.0,ENSG00000132613_unmod
ENSG00000187764,-0.653,0.0,ENSG00000187764_unmod
ENSG00000099385,-0.599,0.0,ENSG00000099385_unmod
ENSG00000090905,0.213,0.0,ENSG00000090905_unmod
ENSG00000154734,0.395,0.0,ENSG00000154734_unmod
ENSG00000164465,-0.321,0.0,ENSG00000164465_unmod
ENSG00000047315,0.236,0.0,ENSG00000047315_unmod
ENSG00000222724,-1.371,0.0,ENSG00000222724_unmod
ENSG00000071537,-0.228,0.0,ENSG00000071537_unmod
ENSG00000107779,-0.395,0.0,ENSG00000107779_unmod
ENSG00000166949,-0.212,0.0,ENSG00000166949_unmod
ENSG00000106689,-0.608,0.0,ENSG00000106689_unmod
ENSG00000112972,0.296,0.0,ENSG00000112972_unmod
ENSG00000089685,-0.507,0.0,ENSG00000089685_unmod
ENSG00000164532,-1.331,0.0,ENSG00000164532_unmod
ENSG00000215012,0.502,0.0,ENSG00000215012_unmod
ENSG00000214944,0.374,0.0,ENSG00000214944_unmod
ENSG00000127337,-0.512,0.0,ENSG00000127337_unmod
ENSG00000028137,-1.155,0.0,ENSG00000028137_unmod
ENSG00000073711,0.567,0.0,ENSG00000073711_unmod
ENSG00000166446,-0.496,0.0,ENSG00000166446_unmod
ENSG00000066044,-0.302,0.0,ENSG00000066044_unmod
ENSG00000146858,0.585,0.0,ENSG00000146858_unmod
ENSG00000163026,0.515,0.0,ENSG00000163026_unmod
ENSG00000258602,-1.677,0.0,ENSG00000258602_unmod
ENSG00000146457,-0.251,0.0,ENSG00000146457_unmod
ENSG00000149313,0.431,0.0,ENSG00000149313_unmod
ENSG00000145041,0.29,0.0,ENSG00000145041_unmod
ENSG00000168813,0.323,0.0,ENSG00000168813_unmod
ENSG00000132330,0.768,0.0,ENSG00000132330_unmod
ENSG00000141380,-0.301,0.0,ENSG00000141380_unmod
ENSG00000138468,-0.6,0.0,ENSG00000138468_unmod
ENSG00000007923,0.288,0.0,ENSG00000007923_unmod
ENSG00000100239,-0.437,0.0,ENSG00000100239_unmod
ENSG00000136935,-0.313,0.0,ENSG00000136935_unmod
ENSG00000132694,-0.305,0.0,ENSG00000132694_unmod
ENSG00000108439,0.386,0.0,ENSG00000108439_unmod
ENSG00000235408,0.93,0.0,ENSG00000235408_unmod
ENSG00000106144,0.38,0.0,ENSG00000106144_unmod
ENSG00000078401,0.639,0.0,ENSG00000078401_unmod
ENSG00000166508,-0.416,0.0,ENSG00000166508_unmod
ENSG00000159788,-0.66,0.0,ENSG00000159788_unmod
ENSG00000092201,-0.243,0.0,ENSG00000092201_unmod
ENSG00000214022,0.315,0.0,ENSG00000214022_unmod
ENSG00000066322,0.298,0.0,ENSG00000066322_unmod
ENSG00000178053,0.598,0.0,ENSG00000178053_unmod
ENSG00000157500,0.275,0.0,ENSG00000157500_unmod
ENSG00000162236,-0.313,0.0,ENSG00000162236_unmod
ENSG00000160179,-0.496,0.0,ENSG00000160179_unmod
ENSG00000197442,-0.424,0.0,ENSG00000197442_unmod
ENSG00000137575,-0.256,0.0,ENSG00000137575_unmod
ENSG00000186222,0.842,0.0,ENSG00000186222_unmod
ENSG00000158092,-0.408,0.0,ENSG00000158092_unmod
ENSG00000114859,0.688,0.0,ENSG00000114859_unmod
ENSG00000128973,0.34,0.0,ENSG00000128973_unmod
ENSG00000122299,-0.278,0.0,ENSG00000122299_unmod
ENSG00000168246,0.37,0.0,ENSG00000168246_unmod
ENSG00000242125,0.37,0.0,ENSG00000242125_unmod
ENSG00000169710,0.391,0.0,ENSG00000169710_unmod
ENSG00000177200,-0.225,0.0,ENSG00000177200_unmod
ENSG00000177383,-0.544,0.0,ENSG00000177383_unmod
ENSG00000162852,0.394,0.0,ENSG00000162852_unmod
ENSG00000141127,0.507,0.0,ENSG00000141127_unmod
ENSG00000128050,0.255,0.0,ENSG00000128050_unmod
ENSG00000197614,0.341,0.0,ENSG00000197614_unmod
ENSG00000174669,0.826,0.0,ENSG00000174669_unmod
ENSG00000003096,0.38,0.0,ENSG00000003096_unmod
ENSG00000139687,-0.242,0.0,ENSG00000139687_unmod
ENSG00000157483,0.318,0.0,ENSG00000157483_unmod
ENSG00000221838,-0.646,0.0,ENSG00000221838_unmod
ENSG00000143797,0.376,0.0,ENSG00000143797_unmod
ENSG00000096070,-0.267,0.0,ENSG00000096070_unmod
ENSG00000169714,0.359,0.0,ENSG00000169714_unmod
ENSG00000154222,-0.395,0.0,ENSG00000154222_unmod
ENSG00000143147,-0.612,0.0,ENSG00000143147_unmod
ENSG00000155850,-0.3,0.0,ENSG00000155850_unmod
ENSG00000198055,-0.464,0.0,ENSG00000198055_unmod
ENSG00000153234,-0.365,0.0,ENSG00000153234_unmod
ENSG00000145911,-0.833,0.0,ENSG00000145911_unmod
ENSG00000163374,0.246,0.0,ENSG00000163374_unmod
ENSG00000114125,0.524,0.0,ENSG00000114125_unmod
ENSG00000005339,-0.195,0.0,ENSG00000005339_unmod
ENSG00000140105,-0.232,0.0,ENSG00000140105_unmod
ENSG00000126775,0.466,0.0,ENSG00000126775_unmod
ENSG00000173540,-0.446,0.0,ENSG00000173540_unmod
ENSG00000143155,0.385,0.0,ENSG00000143155_unmod
ENSG00000158122,-0.498,0.0,ENSG00000158122_unmod
ENSG00000181026,0.342,0.0,ENSG00000181026_unmod
ENSG00000157600,0.249,0.0,ENSG00000157600_unmod
ENSG00000174007,-1.867,0.0,ENSG00000174007_unmod
ENSG00000070367,-0.277,0.0,ENSG00000070367_unmod
ENSG00000090889,-0.357,0.0,ENSG00000090889_unmod
ENSG00000133121,0.56,0.0,ENSG00000133121_unmod
ENSG00000112276,-0.429,0.0,ENSG00000112276_unmod
ENSG00000138363,0.26,0.0,ENSG00000138363_unmod
ENSG00000157617,0.431,0.0,ENSG00000157617_unmod
ENSG00000154760,-0.822,0.0,ENSG00000154760_unmod
ENSG00000159147,-0.331,0.0,ENSG00000159147_unmod
ENSG00000250312,-1.042,0.0,ENSG00000250312_unmod
ENSG00000076928,-0.358,0.0,ENSG00000076928_unmod
ENSG00000120253,0.276,0.0,ENSG00000120253_unmod
ENSG00000234373,0.909,0.0,ENSG00000234373_unmod
ENSG00000110429,0.382,0.0,ENSG00000110429_unmod
ENSG00000178773,0.588,0.0,ENSG00000178773_unmod
ENSG00000107679,0.321,0.0,ENSG00000107679_unmod
ENSG00000113595,-0.635,0.0,ENSG00000113595_unmod
ENSG00000048991,0.248,0.0,ENSG00000048991_unmod
ENSG00000060982,0.3,0.0,ENSG00000060982_unmod
ENSG00000197724,-0.3,0.0,ENSG00000197724_unmod
ENSG00000007384,-0.489,0.0,ENSG00000007384_unmod
ENSG00000186638,-0.356,0.0,ENSG00000186638_unmod
ENSG00000084623,0.21,0.0,ENSG00000084623_unmod
ENSG00000237172,-0.443,0.0,ENSG00000237172_unmod
ENSG00000136807,0.304,0.0,ENSG00000136807_unmod
ENSG00000069966,-0.336,0.0,ENSG00000069966_unmod
ENSG00000155115,-0.459,0.0,ENSG00000155115_unmod
ENSG00000164251,-0.783,0.0,ENSG00000164251_unmod
ENSG00000161888,-0.471,0.0,ENSG00000161888_unmod
ENSG00000140943,-0.265,0.0,ENSG00000140943_unmod
ENSG00000070061,-0.247,0.0,ENSG00000070061_unmod
ENSG00000110092,0.325,0.0,ENSG00000110092_unmod
ENSG00000241878,0.344,0.0,ENSG00000241878_unmod
ENSG00000171729,-0.706,0.0,ENSG00000171729_unmod
ENSG00000161813,0.264,0.0,ENSG00000161813_unmod
ENSG00000106089,-0.395,0.0,ENSG00000106089_unmod
ENSG00000104687,-0.366,0.0,ENSG00000104687_unmod
ENSG00000116455,0.389,0.0,ENSG00000116455_unmod
ENSG00000140988,0.247,0.0,ENSG00000140988_unmod
ENSG00000152683,0.298,0.0,ENSG00000152683_unmod
ENSG00000279453,0.742,0.0,ENSG00000279453_unmod
ENSG00000151135,-0.249,0.0,ENSG00000151135_unmod
ENSG00000197860,-0.348,0.0,ENSG00000197860_unmod
ENSG00000127863,-0.687,0.0,ENSG00000127863_unmod
ENSG00000246334,0.687,0.0,ENSG00000246334_unmod
ENSG00000109189,0.513,0.0,ENSG00000109189_unmod
ENSG00000085433,-0.428,0.0,ENSG00000085433_unmod
ENSG00000143222,0.342,0.0,ENSG00000143222_unmod
ENSG00000101596,-0.271,0.0,ENSG00000101596_unmod
ENSG00000198924,-0.371,0.0,ENSG00000198924_unmod
ENSG00000272398,-0.202,0.0,ENSG00000272398_unmod
ENSG00000072786,-0.331,0.0,ENSG00000072786_unmod
ENSG00000142875,0.285,0.0,ENSG00000142875_unmod
ENSG00000188419,0.33,0.0,ENSG00000188419_unmod
ENSG00000145901,-0.414,0.0,ENSG00000145901_unmod
ENSG00000065613,-0.317,0.0,ENSG00000065613_unmod
ENSG00000196776,-0.278,0.0,ENSG00000196776_unmod
ENSG00000197969,0.256,0.0,ENSG00000197969_unmod
ENSG00000077232,0.208,0.0,ENSG00000077232_unmod
ENSG00000099204,0.23,0.0,ENSG00000099204_unmod
ENSG00000253304,-0.893,0.0,ENSG00000253304_unmod
ENSG00000188641,-0.405,0.0,ENSG00000188641_unmod
ENSG00000007372,-0.434,0.0,ENSG00000007372_unmod
ENSG00000067082,-0.24,0.0,ENSG00000067082_unmod
ENSG00000111799,0.282,0.0,ENSG00000111799_unmod
ENSG00000087111,0.227,0.0,ENSG00000087111_unmod
ENSG00000124356,-0.331,0.0,ENSG00000124356_unmod
ENSG00000105722,0.242,0.0,ENSG00000105722_unmod
ENSG00000164576,-0.554,0.0,ENSG00000164576_unmod
ENSG00000104497,-0.586,0.0,ENSG00000104497_unmod
ENSG00000166266,0.349,0.0,ENSG00000166266_unmod
ENSG00000178104,-0.451,0.0,ENSG00000178104_unmod
ENSG00000119946,0.617,0.0,ENSG00000119946_unmod
ENSG00000130935,0.248,0.0,ENSG00000130935_unmod
ENSG00000242485,0.313,0.0,ENSG00000242485_unmod
ENSG00000090924,-0.26,0.0,ENSG00000090924_unmod
ENSG00000276180,-0.601,0.0,ENSG00000276180_unmod
ENSG00000137100,-0.427,0.0,ENSG00000137100_unmod
ENSG00000167566,0.329,0.0,ENSG00000167566_unmod
ENSG00000147526,-0.275,0.0,ENSG00000147526_unmod
ENSG00000133104,-0.362,0.0,ENSG00000133104_unmod
ENSG00000168487,-0.284,0.0,ENSG00000168487_unmod
ENSG00000102054,-0.195,0.0,ENSG00000102054_unmod
ENSG00000183963,-0.319,0.0,ENSG00000183963_unmod
ENSG00000198053,-0.593,0.0,ENSG00000198053_unmod
ENSG00000128829,0.269,0.0,ENSG00000128829_unmod
ENSG00000123179,0.446,0.0,ENSG00000123179_unmod
ENSG00000110237,0.379,0.0,ENSG00000110237_unmod
ENSG00000277224,-0.321,0.0,ENSG00000277224_unmod
ENSG00000168209,-0.44,0.0,ENSG00000168209_unmod
ENSG00000180979,0.425,0.0,ENSG00000180979_unmod
ENSG00000112294,0.761,0.0,ENSG00000112294_unmod
ENSG00000143816,-0.743,0.0,ENSG00000143816_unmod
ENSG00000075391,0.321,0.0,ENSG00000075391_unmod
ENSG00000171843,0.265,0.0,ENSG00000171843_unmod
ENSG00000197894,0.319,0.0,ENSG00000197894_unmod
ENSG00000115806,0.267,0.0,ENSG00000115806_unmod
ENSG00000135709,-0.685,0.0,ENSG00000135709_unmod
ENSG00000142751,0.336,0.0,ENSG00000142751_unmod
ENSG00000234771,0.699,0.0,ENSG00000234771_unmod
ENSG00000095794,-0.368,0.0,ENSG00000095794_unmod
ENSG00000164985,-0.246,0.0,ENSG00000164985_unmod
ENSG00000113048,0.213,0.0,ENSG00000113048_unmod
ENSG00000080200,0.365,0.0,ENSG00000080200_unmod
ENSG00000070540,-0.463,0.0,ENSG00000070540_unmod
ENSG00000122778,-0.247,0.0,ENSG00000122778_unmod
ENSG00000146776,0.523,0.0,ENSG00000146776_unmod
ENSG00000074410,0.328,0.0,ENSG00000074410_unmod
ENSG00000130508,-0.273,0.0,ENSG00000130508_unmod
ENSG00000115020,0.215,0.0,ENSG00000115020_unmod
ENSG00000120519,0.403,0.0,ENSG00000120519_unmod
ENSG00000104368,-1.017,0.0,ENSG00000104368_unmod
ENSG00000188976,0.304,0.0,ENSG00000188976_unmod
ENSG00000198286,-0.632,0.0,ENSG00000198286_unmod
ENSG00000187720,-0.236,0.0,ENSG00000187720_unmod
ENSG00000120896,-0.334,0.0,ENSG00000120896_unmod
ENSG00000135414,0.396,0.0,ENSG00000135414_unmod
ENSG00000261236,0.413,0.0,ENSG00000261236_unmod
ENSG00000133703,0.229,0.0,ENSG00000133703_unmod
ENSG00000134905,0.349,0.0,ENSG00000134905_unmod
ENSG00000132561,-0.912,0.0,ENSG00000132561_unmod
ENSG00000165637,0.246,0.0,ENSG00000165637_unmod
ENSG00000197372,0.566,0.0,ENSG00000197372_unmod
ENSG00000110195,-0.405,0.0,ENSG00000110195_unmod
ENSG00000226950,0.378,0.0,ENSG00000226950_unmod
ENSG00000087470,0.241,0.0,ENSG00000087470_unmod
ENSG00000164078,-0.525,0.0,ENSG00000164078_unmod
ENSG00000134283,0.284,0.0,ENSG00000134283_unmod
ENSG00000104885,-0.304,0.0,ENSG00000104885_unmod
ENSG00000059758,-0.373,0.0,ENSG00000059758_unmod
ENSG00000132507,0.213,0.0,ENSG00000132507_unmod
ENSG00000073050,-0.5,0.0,ENSG00000073050_unmod
ENSG00000055483,0.232,0.0,ENSG00000055483_unmod
ENSG00000122863,-0.286,0.0,ENSG00000122863_unmod
ENSG00000154451,-1.086,0.0,ENSG00000154451_unmod
ENSG00000103148,0.305,0.0,ENSG00000103148_unmod
ENSG00000130816,-0.295,0.0,ENSG00000130816_unmod
ENSG00000108846,-0.249,0.0,ENSG00000108846_unmod
ENSG00000150459,-0.276,0.0,ENSG00000150459_unmod
ENSG00000164283,-1.743,0.0,ENSG00000164283_unmod
ENSG00000131748,-0.442,0.0,ENSG00000131748_unmod
ENSG00000198625,0.32,0.0,ENSG00000198625_unmod
ENSG00000168795,0.285,0.0,ENSG00000168795_unmod
ENSG00000224531,0.323,0.0,ENSG00000224531_unmod
ENSG00000130396,-0.323,0.0,ENSG00000130396_unmod
ENSG00000179051,0.317,0.0,ENSG00000179051_unmod
ENSG00000115946,0.535,0.0,ENSG00000115946_unmod
ENSG00000259354,-1.088,0.0,ENSG00000259354_unmod
ENSG00000131711,-0.223,0.0,ENSG00000131711_unmod
ENSG00000164542,-0.514,0.0,ENSG00000164542_unmod
ENSG00000108774,0.315,0.0,ENSG00000108774_unmod
ENSG00000082258,0.331,0.0,ENSG00000082258_unmod
ENSG00000107954,0.509,0.0,ENSG00000107954_unmod
ENSG00000140948,0.261,0.0,ENSG00000140948_unmod
ENSG00000104228,0.396,0.0,ENSG00000104228_unmod
ENSG00000143443,1.326,0.0,ENSG00000143443_unmod
ENSG00000170348,-0.171,0.0,ENSG00000170348_unmod
ENSG00000138382,0.474,0.0,ENSG00000138382_unmod
ENSG00000148339,0.469,0.0,ENSG00000148339_unmod
ENSG00000120526,0.482,0.0,ENSG00000120526_unmod
ENSG00000109381,-0.311,0.0,ENSG00000109381_unmod
ENSG00000196453,0.487,0.0,ENSG00000196453_unmod
ENSG00000056586,0.196,0.0,ENSG00000056586_unmod
ENSG00000071564,-0.268,0.0,ENSG00000071564_unmod
ENSG00000113552,-0.268,0.0,ENSG00000113552_unmod
ENSG00000132356,0.211,0.0,ENSG00000132356_unmod
ENSG00000093010,0.494,0.0,ENSG00000093010_unmod
ENSG00000132849,-0.328,0.0,ENSG00000132849_unmod
ENSG00000125844,-0.541,0.0,ENSG00000125844_unmod
ENSG00000106615,-0.265,0.0,ENSG00000106615_unmod
ENSG00000111885,-0.344,0.0,ENSG00000111885_unmod
ENSG00000103066,-0.583,0.0,ENSG00000103066_unmod
ENSG00000278259,-0.411,0.0,ENSG00000278259_unmod
ENSG00000167548,0.295,0.0,ENSG00000167548_unmod
ENSG00000230453,0.418,0.0,ENSG00000230453_unmod
ENSG00000137831,-0.424,0.0,ENSG00000137831_unmod
ENSG00000143258,0.441,0.0,ENSG00000143258_unmod
ENSG00000075790,-0.376,0.0,ENSG00000075790_unmod
ENSG00000101384,-0.272,0.0,ENSG00000101384_unmod
ENSG00000111666,0.504,0.0,ENSG00000111666_unmod
ENSG00000125170,-0.539,0.0,ENSG00000125170_unmod
ENSG00000181027,0.561,0.0,ENSG00000181027_unmod
ENSG00000117133,0.327,0.0,ENSG00000117133_unmod
ENSG00000171766,1.393,0.0,ENSG00000171766_unmod
ENSG00000169905,-0.256,0.0,ENSG00000169905_unmod
ENSG00000140382,0.299,0.0,ENSG00000140382_unmod
ENSG00000133318,0.213,0.0,ENSG00000133318_unmod
ENSG00000221914,0.249,0.0,ENSG00000221914_unmod
ENSG00000213341,-0.344,0.0,ENSG00000213341_unmod
ENSG00000132388,0.315,0.0,ENSG00000132388_unmod
ENSG00000074201,0.383,0.0,ENSG00000074201_unmod
ENSG00000169184,-0.2,0.0,ENSG00000169184_unmod
ENSG00000214194,0.35,0.0,ENSG00000214194_unmod
ENSG00000278129,0.405,0.0,ENSG00000278129_unmod
ENSG00000087494,-0.601,0.0,ENSG00000087494_unmod
ENSG00000127989,0.501,0.0,ENSG00000127989_unmod
ENSG00000125347,-0.446,0.0,ENSG00000125347_unmod
ENSG00000114450,0.193,0.0,ENSG00000114450_unmod
ENSG00000198947,0.274,0.0,ENSG00000198947_unmod
ENSG00000164077,0.53,0.0,ENSG00000164077_unmod
ENSG00000104133,-0.281,0.0,ENSG00000104133_unmod
ENSG00000147454,-0.203,0.0,ENSG00000147454_unmod
ENSG00000111335,-0.523,0.0,ENSG00000111335_unmod
ENSG00000179750,-0.842,0.0,ENSG00000179750_unmod
ENSG00000135968,-0.345,0.0,ENSG00000135968_unmod
ENSG00000133119,-0.284,0.0,ENSG00000133119_unmod
ENSG00000188910,0.421,0.0,ENSG00000188910_unmod
ENSG00000170515,0.194,0.0,ENSG00000170515_unmod
ENSG00000118596,0.299,0.0,ENSG00000118596_unmod
ENSG00000049249,-0.617,0.0,ENSG00000049249_unmod
ENSG00000177169,-0.331,0.0,ENSG00000177169_unmod
ENSG00000115129,-0.708,0.0,ENSG00000115129_unmod
ENSG00000147421,0.361,0.0,ENSG00000147421_unmod
ENSG00000134686,-0.26,0.0,ENSG00000134686_unmod
ENSG00000103275,0.208,0.0,ENSG00000103275_unmod
ENSG00000198113,-0.402,0.0,ENSG00000198113_unmod
ENSG00000109270,0.336,0.0,ENSG00000109270_unmod
ENSG00000125454,0.534,0.0,ENSG00000125454_unmod
ENSG00000162139,0.366,0.0,ENSG00000162139_unmod
ENSG00000139618,-0.268,0.0,ENSG00000139618_unmod
ENSG00000076864,-0.48,0.0,ENSG00000076864_unmod
ENSG00000144136,-0.258,0.0,ENSG00000144136_unmod
ENSG00000005801,0.337,0.0,ENSG00000005801_unmod
ENSG00000174173,0.457,0.0,ENSG00000174173_unmod
ENSG00000213066,-0.523,0.0,ENSG00000213066_unmod
ENSG00000197555,-0.266,0.0,ENSG00000197555_unmod
ENSG00000143344,-0.622,0.0,ENSG00000143344_unmod
ENSG00000131899,-0.465,0.0,ENSG00000131899_unmod
ENSG00000127870,-0.308,0.0,ENSG00000127870_unmod
ENSG00000122958,0.267,0.0,ENSG00000122958_unmod
ENSG00000157224,0.325,0.0,ENSG00000157224_unmod
ENSG00000116954,-0.387,0.0,ENSG00000116954_unmod
ENSG00000151689,-0.47,0.0,ENSG00000151689_unmod
ENSG00000214826,-0.628,0.0,ENSG00000214826_unmod
ENSG00000145332,0.41,0.0,ENSG00000145332_unmod
ENSG00000129534,-0.285,0.0,ENSG00000129534_unmod
ENSG00000065150,0.167,0.0,ENSG00000065150_unmod
ENSG00000282826,-0.427,0.0,ENSG00000282826_unmod
ENSG00000108654,0.163,0.0,ENSG00000108654_unmod
ENSG00000137767,-0.69,0.0,ENSG00000137767_unmod
ENSG00000183665,0.629,0.0,ENSG00000183665_unmod
ENSG00000005483,0.223,0.0,ENSG00000005483_unmod
ENSG00000074935,0.537,0.0,ENSG00000074935_unmod
ENSG00000143458,-0.464,0.0,ENSG00000143458_unmod
ENSG00000136869,-0.331,0.0,ENSG00000136869_unmod
ENSG00000155158,-0.443,0.0,ENSG00000155158_unmod
ENSG00000159231,-1.092,0.0,ENSG00000159231_unmod
ENSG00000150990,0.419,0.0,ENSG00000150990_unmod
ENSG00000180044,-1.24,0.0,ENSG00000180044_unmod
ENSG00000127561,-1.039,0.0,ENSG00000127561_unmod
ENSG00000249859,0.354,0.0,ENSG00000249859_unmod
ENSG00000153531,-0.625,0.0,ENSG00000153531_unmod
ENSG00000166912,0.443,0.0,ENSG00000166912_unmod
ENSG00000100242,0.395,0.0,ENSG00000100242_unmod
ENSG00000197217,0.308,0.0,ENSG00000197217_unmod
ENSG00000171940,0.234,0.0,ENSG00000171940_unmod
ENSG00000078674,-0.23,0.0,ENSG00000078674_unmod
ENSG00000078081,-0.547,0.0,ENSG00000078081_unmod
ENSG00000129521,0.445,0.0,ENSG00000129521_unmod
ENSG00000125447,0.287,0.0,ENSG00000125447_unmod
ENSG00000005189,-0.7,0.0,ENSG00000005189_unmod
ENSG00000095321,-0.496,0.0,ENSG00000095321_unmod
ENSG00000163644,-0.416,0.0,ENSG00000163644_unmod
ENSG00000116962,-0.293,0.0,ENSG00000116962_unmod
ENSG00000165905,1.497,0.0,ENSG00000165905_unmod
ENSG00000163938,0.235,0.0,ENSG00000163938_unmod
ENSG00000044115,-0.329,0.0,ENSG00000044115_unmod
ENSG00000118961,0.496,0.0,ENSG00000118961_unmod
ENSG00000008394,0.246,0.0,ENSG00000008394_unmod
ENSG00000079819,-0.232,0.0,ENSG00000079819_unmod
ENSG00000011376,0.354,0.0,ENSG00000011376_unmod
ENSG00000277775,-0.402,0.0,ENSG00000277775_unmod
ENSG00000124688,0.612,0.0,ENSG00000124688_unmod
ENSG00000115145,-0.315,0.0,ENSG00000115145_unmod
ENSG00000114126,0.433,0.0,ENSG00000114126_unmod
ENSG00000148180,-0.435,0.0,ENSG00000148180_unmod
ENSG00000113504,-0.508,0.0,ENSG00000113504_unmod
ENSG00000177409,-0.443,0.0,ENSG00000177409_unmod
ENSG00000136052,-0.351,0.0,ENSG00000136052_unmod
ENSG00000174564,-0.379,0.0,ENSG00000174564_unmod
ENSG00000108588,0.181,0.0,ENSG00000108588_unmod
ENSG00000100439,0.25,0.0,ENSG00000100439_unmod
ENSG00000106799,-0.288,0.0,ENSG00000106799_unmod
ENSG00000172728,0.415,0.0,ENSG00000172728_unmod
ENSG00000120279,-1.47,0.0,ENSG00000120279_unmod
ENSG00000020922,0.343,0.0,ENSG00000020922_unmod
ENSG00000131196,-0.658,0.0,ENSG00000131196_unmod
ENSG00000111490,0.654,0.0,ENSG00000111490_unmod
ENSG00000198663,-0.23,0.0,ENSG00000198663_unmod
ENSG00000114650,0.292,0.0,ENSG00000114650_unmod
ENSG00000184014,-0.263,0.0,ENSG00000184014_unmod
ENSG00000171163,0.38,0.0,ENSG00000171163_unmod
ENSG00000077150,-0.433,0.0,ENSG00000077150_unmod
ENSG00000067992,-0.328,0.0,ENSG00000067992_unmod
ENSG00000258441,0.523,0.0,ENSG00000258441_unmod
ENSG00000073614,-0.306,0.0,ENSG00000073614_unmod
ENSG00000212195,-0.872,0.0,ENSG00000212195_unmod
ENSG00000172936,-0.345,0.0,ENSG00000172936_unmod
ENSG00000168924,0.376,0.0,ENSG00000168924_unmod
ENSG00000114745,0.284,0.0,ENSG00000114745_unmod
ENSG00000108021,0.274,0.0,ENSG00000108021_unmod
ENSG00000221926,0.278,0.0,ENSG00000221926_unmod
ENSG00000206337,-1.269,0.0,ENSG00000206337_unmod
ENSG00000196227,0.448,0.0,ENSG00000196227_unmod
ENSG00000117640,0.395,0.0,ENSG00000117640_unmod
ENSG00000174485,-0.264,0.0,ENSG00000174485_unmod
ENSG00000185697,-0.316,0.0,ENSG00000185697_unmod
ENSG00000013523,0.514,0.0,ENSG00000013523_unmod
ENSG00000120370,-0.373,0.0,ENSG00000120370_unmod
ENSG00000140859,0.482,0.0,ENSG00000140859_unmod
ENSG00000134440,0.228,0.0,ENSG00000134440_unmod
ENSG00000247077,0.352,0.0,ENSG00000247077_unmod
ENSG00000197312,-0.282,0.0,ENSG00000197312_unmod
ENSG00000038219,-0.31,0.0,ENSG00000038219_unmod
ENSG00000112685,0.389,0.0,ENSG00000112685_unmod
ENSG00000071243,-0.366,0.0,ENSG00000071243_unmod
ENSG00000132199,0.371,0.0,ENSG00000132199_unmod
ENSG00000138496,-0.367,0.0,ENSG00000138496_unmod
ENSG00000108448,0.209,0.0,ENSG00000108448_unmod
ENSG00000124120,0.319,0.0,ENSG00000124120_unmod
ENSG00000138071,0.229,0.0,ENSG00000138071_unmod
ENSG00000050730,-0.73,0.0,ENSG00000050730_unmod
ENSG00000100284,-0.44,0.0,ENSG00000100284_unmod
ENSG00000155099,0.726,0.0,ENSG00000155099_unmod
ENSG00000175063,-0.247,0.0,ENSG00000175063_unmod
ENSG00000075785,0.252,0.0,ENSG00000075785_unmod
ENSG00000163006,0.455,0.0,ENSG00000163006_unmod
ENSG00000068097,0.347,0.0,ENSG00000068097_unmod
ENSG00000115520,-0.315,0.0,ENSG00000115520_unmod
ENSG00000096080,0.339,0.0,ENSG00000096080_unmod
ENSG00000143322,0.255,0.0,ENSG00000143322_unmod
ENSG00000162441,-0.303,0.0,ENSG00000162441_unmod
ENSG00000164040,-0.273,0.0,ENSG00000164040_unmod
ENSG00000136238,-0.201,0.0,ENSG00000136238_unmod
ENSG00000147140,0.153,0.0,ENSG00000147140_unmod
ENSG00000132535,-0.343,0.0,ENSG00000132535_unmod
ENSG00000147471,0.322,0.0,ENSG00000147471_unmod
ENSG00000161021,0.455,0.0,ENSG00000161021_unmod
ENSG00000112159,0.349,0.0,ENSG00000112159_unmod
ENSG00000176994,0.764,0.0,ENSG00000176994_unmod
ENSG00000149948,0.558,0.0,ENSG00000149948_unmod
ENSG00000178409,0.427,0.0,ENSG00000178409_unmod
ENSG00000168003,0.285,0.0,ENSG00000168003_unmod
ENSG00000142856,-0.326,0.0,ENSG00000142856_unmod
ENSG00000276107,0.901,0.0,ENSG00000276107_unmod
ENSG00000177119,0.215,0.0,ENSG00000177119_unmod
ENSG00000169857,-0.613,0.0,ENSG00000169857_unmod
ENSG00000136940,0.355,0.0,ENSG00000136940_unmod
ENSG00000264230,-0.844,0.0,ENSG00000264230_unmod
ENSG00000075914,0.607,0.0,ENSG00000075914_unmod
ENSG00000139746,0.214,0.0,ENSG00000139746_unmod
ENSG00000145604,0.187,0.0,ENSG00000145604_unmod
ENSG00000147400,-0.414,0.0,ENSG00000147400_unmod
ENSG00000135823,0.365,0.0,ENSG00000135823_unmod
ENSG00000100934,-0.195,0.0,ENSG00000100934_unmod
ENSG00000088826,-0.518,0.0,ENSG00000088826_unmod
ENSG00000125827,-0.423,0.0,ENSG00000125827_unmod
ENSG00000169641,0.248,0.0,ENSG00000169641_unmod
ENSG00000169902,0.414,0.0,ENSG00000169902_unmod
ENSG00000153832,-1.06,0.0,ENSG00000153832_unmod
ENSG00000261061,0.524,0.0,ENSG00000261061_unmod
ENSG00000123472,-0.293,0.0,ENSG00000123472_unmod
ENSG00000006194,0.468,0.0,ENSG00000006194_unmod
ENSG00000187775,-0.536,0.0,ENSG00000187775_unmod
ENSG00000243444,-0.347,0.0,ENSG00000243444_unmod
ENSG00000133935,0.351,0.0,ENSG00000133935_unmod
ENSG00000137812,-0.203,0.0,ENSG00000137812_unmod
ENSG00000154001,0.235,0.0,ENSG00000154001_unmod
ENSG00000160190,-0.635,0.0,ENSG00000160190_unmod
ENSG00000278637,-0.772,0.0,ENSG00000278637_unmod
ENSG00000109466,-0.445,0.0,ENSG00000109466_unmod
ENSG00000143442,0.258,0.0,ENSG00000143442_unmod
ENSG00000007047,-0.454,0.0,ENSG00000007047_unmod
ENSG00000171368,-0.589,0.0,ENSG00000171368_unmod
ENSG00000168763,0.365,0.0,ENSG00000168763_unmod
ENSG00000144749,-0.487,0.0,ENSG00000144749_unmod
ENSG00000115307,0.198,0.0,ENSG00000115307_unmod
ENSG00000146918,-0.212,0.0,ENSG00000146918_unmod
ENSG00000204536,-0.92,0.0,ENSG00000204536_unmod
ENSG00000196704,0.358,0.0,ENSG00000196704_unmod
ENSG00000159884,-0.721,0.01,ENSG00000159884_unmod
ENSG00000136280,-0.485,0.01,ENSG00000136280_unmod
ENSG00000204954,0.841,0.01,ENSG00000204954_unmod
ENSG00000204604,0.409,0.01,ENSG00000204604_unmod
ENSG00000004866,0.432,0.01,ENSG00000004866_unmod
ENSG00000001617,-0.19,0.01,ENSG00000001617_unmod
ENSG00000259768,-0.755,0.01,ENSG00000259768_unmod
ENSG00000172197,-0.675,0.01,ENSG00000172197_unmod
ENSG00000166479,-0.283,0.01,ENSG00000166479_unmod
ENSG00000141759,0.44,0.01,ENSG00000141759_unmod
ENSG00000080986,-0.384,0.01,ENSG00000080986_unmod
ENSG00000143179,0.343,0.01,ENSG00000143179_unmod
ENSG00000158480,0.369,0.01,ENSG00000158480_unmod
ENSG00000170340,-0.374,0.01,ENSG00000170340_unmod
ENSG00000076248,-0.308,0.01,ENSG00000076248_unmod
ENSG00000107864,-0.421,0.01,ENSG00000107864_unmod
ENSG00000141252,0.301,0.01,ENSG00000141252_unmod
ENSG00000066279,-0.192,0.01,ENSG00000066279_unmod
ENSG00000173153,0.391,0.01,ENSG00000173153_unmod
ENSG00000118680,0.175,0.01,ENSG00000118680_unmod
ENSG00000240498,-0.32,0.01,ENSG00000240498_unmod
ENSG00000123094,0.249,0.01,ENSG00000123094_unmod
ENSG00000185630,0.214,0.01,ENSG00000185630_unmod
ENSG00000153904,-0.282,0.01,ENSG00000153904_unmod
ENSG00000181690,0.756,0.01,ENSG00000181690_unmod
ENSG00000134250,-0.212,0.01,ENSG00000134250_unmod
ENSG00000138814,-0.193,0.01,ENSG00000138814_unmod
ENSG00000177683,-0.289,0.01,ENSG00000177683_unmod
ENSG00000184445,-0.269,0.01,ENSG00000184445_unmod
ENSG00000184178,0.37,0.01,ENSG00000184178_unmod
ENSG00000110330,-0.28,0.01,ENSG00000110330_unmod
ENSG00000030582,-0.248,0.01,ENSG00000030582_unmod
ENSG00000031003,-0.339,0.01,ENSG00000031003_unmod
ENSG00000147535,-0.395,0.01,ENSG00000147535_unmod
ENSG00000188070,0.518,0.01,ENSG00000188070_unmod
ENSG00000186566,0.271,0.01,ENSG00000186566_unmod
ENSG00000077585,0.936,0.01,ENSG00000077585_unmod
ENSG00000147669,-0.29,0.01,ENSG00000147669_unmod
ENSG00000006530,0.578,0.01,ENSG00000006530_unmod
ENSG00000165861,-0.473,0.01,ENSG00000165861_unmod
ENSG00000173905,-0.382,0.01,ENSG00000173905_unmod
ENSG00000198805,-0.341,0.01,ENSG00000198805_unmod
ENSG00000135317,-0.356,0.01,ENSG00000135317_unmod
ENSG00000105321,-0.642,0.01,ENSG00000105321_unmod
ENSG00000109332,0.273,0.01,ENSG00000109332_unmod
ENSG00000131018,-0.327,0.01,ENSG00000131018_unmod
ENSG00000130052,-0.777,0.01,ENSG00000130052_unmod
ENSG00000068079,-0.558,0.01,ENSG00000068079_unmod
ENSG00000125814,0.637,0.01,ENSG00000125814_unmod
ENSG00000136270,0.304,0.01,ENSG00000136270_unmod
ENSG00000047365,-0.333,0.01,ENSG00000047365_unmod
ENSG00000145685,0.266,0.01,ENSG00000145685_unmod
ENSG00000146729,0.32,0.01,ENSG00000146729_unmod
ENSG00000254884,-2.103,0.01,ENSG00000254884_unmod
ENSG00000100034,-0.354,0.01,ENSG00000100034_unmod
ENSG00000023516,0.216,0.01,ENSG00000023516_unmod
ENSG00000204186,-0.891,0.01,ENSG00000204186_unmod
ENSG00000151572,-0.467,0.01,ENSG00000151572_unmod
ENSG00000104973,-0.268,0.01,ENSG00000104973_unmod
ENSG00000167601,0.209,0.01,ENSG00000167601_unmod
ENSG00000089234,0.376,0.01,ENSG00000089234_unmod
ENSG00000092621,-0.338,0.01,ENSG00000092621_unmod
ENSG00000169299,0.42,0.01,ENSG00000169299_unmod
ENSG00000143850,-0.357,0.01,ENSG00000143850_unmod
ENSG00000105726,0.279,0.01,ENSG00000105726_unmod
ENSG00000198961,-0.181,0.01,ENSG00000198961_unmod
ENSG00000160685,-0.277,0.01,ENSG00000160685_unmod
ENSG00000163430,0.231,0.01,ENSG00000163430_unmod
ENSG00000151093,0.519,0.01,ENSG00000151093_unmod
ENSG00000110108,-0.252,0.01,ENSG00000110108_unmod
ENSG00000153561,0.256,0.01,ENSG00000153561_unmod
ENSG00000271254,-0.548,0.01,ENSG00000271254_unmod
ENSG00000058091,-0.209,0.01,ENSG00000058091_unmod
ENSG00000168917,-0.402,0.01,ENSG00000168917_unmod
ENSG00000205937,0.246,0.01,ENSG00000205937_unmod
ENSG00000127054,0.296,0.01,ENSG00000127054_unmod
ENSG00000154978,0.498,0.01,ENSG00000154978_unmod
ENSG00000107731,-0.687,0.01,ENSG00000107731_unmod
ENSG00000118894,0.485,0.01,ENSG00000118894_unmod
ENSG00000198646,0.214,0.01,ENSG00000198646_unmod
ENSG00000184076,-0.356,0.01,ENSG00000184076_unmod
ENSG00000163235,-0.551,0.01,ENSG00000163235_unmod
ENSG00000114023,0.434,0.01,ENSG00000114023_unmod
ENSG00000157693,0.321,0.01,ENSG00000157693_unmod
ENSG00000174501,-0.461,0.01,ENSG00000174501_unmod
ENSG00000169635,0.603,0.01,ENSG00000169635_unmod
ENSG00000168827,0.363,0.01,ENSG00000168827_unmod
ENSG00000219891,-1.278,0.01,ENSG00000219891_unmod
ENSG00000168591,-0.304,0.01,ENSG00000168591_unmod
ENSG00000088992,-0.718,0.01,ENSG00000088992_unmod
ENSG00000204271,0.394,0.01,ENSG00000204271_unmod
ENSG00000196639,-0.24,0.01,ENSG00000196639_unmod
ENSG00000020129,0.337,0.01,ENSG00000020129_unmod
ENSG00000186815,-0.361,0.01,ENSG00000186815_unmod
ENSG00000169410,0.284,0.01,ENSG00000169410_unmod
ENSG00000176678,-0.324,0.01,ENSG00000176678_unmod
ENSG00000105643,-0.606,0.01,ENSG00000105643_unmod
ENSG00000244005,0.369,0.01,ENSG00000244005_unmod
ENSG00000197208,-0.583,0.01,ENSG00000197208_unmod
ENSG00000108773,0.273,0.01,ENSG00000108773_unmod
ENSG00000132854,-0.652,0.01,ENSG00000132854_unmod
ENSG00000180537,-0.332,0.01,ENSG00000180537_unmod
ENSG00000173950,0.442,0.01,ENSG00000173950_unmod
ENSG00000121864,0.33,0.01,ENSG00000121864_unmod
ENSG00000010322,0.282,0.01,ENSG00000010322_unmod
ENSG00000141314,-0.957,0.01,ENSG00000141314_unmod
ENSG00000198015,0.218,0.01,ENSG00000198015_unmod
ENSG00000080823,-0.637,0.01,ENSG00000080823_unmod
ENSG00000196510,0.303,0.01,ENSG00000196510_unmod
ENSG00000125962,0.43,0.01,ENSG00000125962_unmod
ENSG00000119314,0.168,0.01,ENSG00000119314_unmod
ENSG00000156030,0.209,0.01,ENSG00000156030_unmod
ENSG00000166037,-0.228,0.01,ENSG00000166037_unmod
ENSG00000113456,-0.238,0.01,ENSG00000113456_unmod
ENSG00000164305,-0.35,0.01,ENSG00000164305_unmod
ENSG00000011021,0.31,0.01,ENSG00000011021_unmod
ENSG00000108055,-0.34,0.01,ENSG00000108055_unmod
ENSG00000233822,-0.327,0.01,ENSG00000233822_unmod
ENSG00000110841,-0.235,0.01,ENSG00000110841_unmod
ENSG00000162636,0.202,0.01,ENSG00000162636_unmod
ENSG00000144642,-0.238,0.01,ENSG00000144642_unmod
ENSG00000006652,0.201,0.01,ENSG00000006652_unmod
ENSG00000104131,0.211,0.01,ENSG00000104131_unmod
ENSG00000141582,-0.275,0.01,ENSG00000141582_unmod
ENSG00000175048,0.524,0.01,ENSG00000175048_unmod
ENSG00000265190,-0.479,0.01,ENSG00000265190_unmod
ENSG00000070404,0.312,0.01,ENSG00000070404_unmod
ENSG00000227372,0.378,0.01,ENSG00000227372_unmod
ENSG00000196182,0.321,0.01,ENSG00000196182_unmod
ENSG00000170525,0.405,0.01,ENSG00000170525_unmod
ENSG00000182158,0.179,0.01,ENSG00000182158_unmod
ENSG00000123728,0.25,0.01,ENSG00000123728_unmod
ENSG00000170537,-0.445,0.01,ENSG00000170537_unmod
ENSG00000162736,0.169,0.01,ENSG00000162736_unmod
ENSG00000145050,-0.268,0.01,ENSG00000145050_unmod
ENSG00000198642,0.227,0.01,ENSG00000198642_unmod
ENSG00000182606,0.266,0.01,ENSG00000182606_unmod
ENSG00000166246,-2.152,0.01,ENSG00000166246_unmod
ENSG00000160360,-0.392,0.01,ENSG00000160360_unmod
ENSG00000198728,0.341,0.01,ENSG00000198728_unmod
ENSG00000186017,0.503,0.01,ENSG00000186017_unmod
ENSG00000188042,-0.514,0.01,ENSG00000188042_unmod
ENSG00000106025,-0.477,0.01,ENSG00000106025_unmod
ENSG00000160563,0.292,0.01,ENSG00000160563_unmod
ENSG00000132478,-0.316,0.01,ENSG00000132478_unmod
ENSG00000120942,0.339,0.01,ENSG00000120942_unmod
ENSG00000198315,0.366,0.01,ENSG00000198315_unmod
ENSG00000083844,0.262,0.01,ENSG00000083844_unmod
ENSG00000176986,0.202,0.01,ENSG00000176986_unmod
ENSG00000049192,-0.214,0.01,ENSG00000049192_unmod
ENSG00000117650,-0.358,0.01,ENSG00000117650_unmod
ENSG00000105939,-0.215,0.01,ENSG00000105939_unmod
ENSG00000144815,-0.284,0.01,ENSG00000144815_unmod
ENSG00000170577,0.387,0.01,ENSG00000170577_unmod
ENSG00000126432,-0.345,0.01,ENSG00000126432_unmod
ENSG00000143742,-0.237,0.01,ENSG00000143742_unmod
ENSG00000164142,0.248,0.01,ENSG00000164142_unmod
ENSG00000135698,0.514,0.01,ENSG00000135698_unmod
ENSG00000006451,-0.295,0.01,ENSG00000006451_unmod
ENSG00000114529,-0.786,0.01,ENSG00000114529_unmod
ENSG00000139318,-0.586,0.01,ENSG00000139318_unmod
ENSG00000213445,-0.494,0.01,ENSG00000213445_unmod
ENSG00000164307,-0.298,0.01,ENSG00000164307_unmod
ENSG00000155256,0.388,0.01,ENSG00000155256_unmod
ENSG00000144120,0.761,0.01,ENSG00000144120_unmod
ENSG00000130363,-0.445,0.01,ENSG00000130363_unmod
ENSG00000102287,-0.327,0.01,ENSG00000102287_unmod
ENSG00000139197,0.402,0.01,ENSG00000139197_unmod
ENSG00000133027,0.39,0.01,ENSG00000133027_unmod
ENSG00000137801,0.28,0.01,ENSG00000137801_unmod
ENSG00000076201,0.187,0.01,ENSG00000076201_unmod
ENSG00000060558,-1.965,0.01,ENSG00000060558_unmod
ENSG00000213160,-0.4,0.01,ENSG00000213160_unmod
ENSG00000104812,0.288,0.01,ENSG00000104812_unmod
ENSG00000164048,0.715,0.01,ENSG00000164048_unmod
ENSG00000198431,-0.211,0.01,ENSG00000198431_unmod
ENSG00000163590,0.424,0.01,ENSG00000163590_unmod
ENSG00000170759,-0.263,0.01,ENSG00000170759_unmod
ENSG00000136271,0.261,0.01,ENSG00000136271_unmod
ENSG00000005156,0.267,0.01,ENSG00000005156_unmod
ENSG00000188811,0.432,0.01,ENSG00000188811_unmod
ENSG00000215021,0.299,0.01,ENSG00000215021_unmod
ENSG00000181019,-0.209,0.01,ENSG00000181019_unmod
ENSG00000239672,0.22,0.01,ENSG00000239672_unmod
ENSG00000178996,0.324,0.01,ENSG00000178996_unmod
ENSG00000166747,0.189,0.01,ENSG00000166747_unmod
ENSG00000181523,0.322,0.01,ENSG00000181523_unmod
ENSG00000124313,-0.534,0.01,ENSG00000124313_unmod
ENSG00000278272,-0.403,0.01,ENSG00000278272_unmod
ENSG00000135932,0.264,0.01,ENSG00000135932_unmod
ENSG00000197063,-0.284,0.01,ENSG00000197063_unmod
ENSG00000115652,0.431,0.01,ENSG00000115652_unmod
ENSG00000169991,0.523,0.01,ENSG00000169991_unmod
ENSG00000173473,0.234,0.01,ENSG00000173473_unmod
ENSG00000115317,-0.443,0.01,ENSG00000115317_unmod
ENSG00000168528,-0.279,0.01,ENSG00000168528_unmod
ENSG00000158636,0.243,0.01,ENSG00000158636_unmod
ENSG00000105649,1.078,0.01,ENSG00000105649_unmod
ENSG00000127311,0.359,0.01,ENSG00000127311_unmod
ENSG00000134371,-0.194,0.01,ENSG00000134371_unmod
ENSG00000116984,-0.245,0.01,ENSG00000116984_unmod
ENSG00000104805,-0.291,0.01,ENSG00000104805_unmod
ENSG00000065427,0.306,0.01,ENSG00000065427_unmod
ENSG00000144559,0.502,0.01,ENSG00000144559_unmod
ENSG00000075303,-0.339,0.01,ENSG00000075303_unmod
ENSG00000173267,-0.309,0.01,ENSG00000173267_unmod
ENSG00000177084,-0.286,0.01,ENSG00000177084_unmod
ENSG00000157193,-0.239,0.01,ENSG00000157193_unmod
ENSG00000181035,-0.935,0.01,ENSG00000181035_unmod
ENSG00000139636,0.6,0.01,ENSG00000139636_unmod
ENSG00000171914,0.298,0.01,ENSG00000171914_unmod
ENSG00000139668,0.427,0.01,ENSG00000139668_unmod
ENSG00000169105,0.374,0.01,ENSG00000169105_unmod
ENSG00000176619,0.239,0.01,ENSG00000176619_unmod
ENSG00000164070,0.251,0.01,ENSG00000164070_unmod
ENSG00000039523,0.249,0.01,ENSG00000039523_unmod
ENSG00000163257,0.368,0.01,ENSG00000163257_unmod
ENSG00000188559,-0.364,0.01,ENSG00000188559_unmod
ENSG00000070882,-0.298,0.01,ENSG00000070882_unmod
ENSG00000129422,0.264,0.01,ENSG00000129422_unmod
ENSG00000147601,0.392,0.01,ENSG00000147601_unmod
ENSG00000166965,0.34,0.01,ENSG00000166965_unmod
ENSG00000077097,-0.321,0.01,ENSG00000077097_unmod
ENSG00000132359,0.267,0.01,ENSG00000132359_unmod
ENSG00000101255,-0.317,0.01,ENSG00000101255_unmod
ENSG00000132361,0.377,0.01,ENSG00000132361_unmod
ENSG00000076043,0.479,0.01,ENSG00000076043_unmod
ENSG00000094880,0.253,0.01,ENSG00000094880_unmod
ENSG00000089177,-0.374,0.01,ENSG00000089177_unmod
ENSG00000116729,0.292,0.01,ENSG00000116729_unmod
ENSG00000101846,0.249,0.01,ENSG00000101846_unmod
ENSG00000104856,-0.48,0.01,ENSG00000104856_unmod
ENSG00000189362,-0.395,0.01,ENSG00000189362_unmod
ENSG00000151491,-0.213,0.01,ENSG00000151491_unmod
ENSG00000136295,-0.242,0.01,ENSG00000136295_unmod
ENSG00000196455,0.267,0.01,ENSG00000196455_unmod
ENSG00000145247,-0.374,0.01,ENSG00000145247_unmod
ENSG00000179889,-0.369,0.01,ENSG00000179889_unmod
ENSG00000166471,-0.299,0.01,ENSG00000166471_unmod
ENSG00000165684,0.348,0.01,ENSG00000165684_unmod
ENSG00000126351,-0.32,0.01,ENSG00000126351_unmod
ENSG00000153551,0.863,0.01,ENSG00000153551_unmod
ENSG00000108578,0.26,0.01,ENSG00000108578_unmod
ENSG00000124570,-0.338,0.01,ENSG00000124570_unmod
ENSG00000183337,0.198,0.01,ENSG00000183337_unmod
ENSG00000162734,0.182,0.01,ENSG00000162734_unmod
ENSG00000124380,-0.394,0.01,ENSG00000124380_unmod
ENSG00000159111,0.259,0.01,ENSG00000159111_unmod
ENSG00000109089,-0.26,0.01,ENSG00000109089_unmod
ENSG00000125149,0.393,0.01,ENSG00000125149_unmod
ENSG00000084636,-0.442,0.01,ENSG00000084636_unmod
ENSG00000167549,-0.741,0.01,ENSG00000167549_unmod
ENSG00000184208,-0.546,0.01,ENSG00000184208_unmod
ENSG00000006432,0.291,0.01,ENSG00000006432_unmod
ENSG00000072401,0.468,0.01,ENSG00000072401_unmod
ENSG00000205084,0.74,0.01,ENSG00000205084_unmod
ENSG00000116604,0.22,0.01,ENSG00000116604_unmod
ENSG00000060339,0.199,0.01,ENSG00000060339_unmod
ENSG00000172927,0.383,0.01,ENSG00000172927_unmod
ENSG00000198899,0.325,0.01,ENSG00000198899_unmod
ENSG00000024422,0.177,0.01,ENSG00000024422_unmod
ENSG00000129484,-0.323,0.01,ENSG00000129484_unmod
ENSG00000196792,0.332,0.01,ENSG00000196792_unmod
ENSG00000197971,0.338,0.01,ENSG00000197971_unmod
ENSG00000185338,0.663,0.01,ENSG00000185338_unmod
ENSG00000174106,-0.306,0.01,ENSG00000174106_unmod
ENSG00000166822,-0.449,0.01,ENSG00000166822_unmod
ENSG00000172059,-0.284,0.01,ENSG00000172059_unmod
ENSG00000125912,0.347,0.01,ENSG00000125912_unmod
ENSG00000105849,-0.268,0.01,ENSG00000105849_unmod
ENSG00000164970,-0.288,0.01,ENSG00000164970_unmod
ENSG00000122644,-0.305,0.01,ENSG00000122644_unmod
ENSG00000213719,-0.249,0.01,ENSG00000213719_unmod
ENSG00000178719,0.182,0.01,ENSG00000178719_unmod
ENSG00000198909,-0.394,0.01,ENSG00000198909_unmod
ENSG00000120278,-0.455,0.01,ENSG00000120278_unmod
ENSG00000163702,-0.463,0.01,ENSG00000163702_unmod
ENSG00000118655,-0.32,0.01,ENSG00000118655_unmod
ENSG00000226562,0.862,0.01,ENSG00000226562_unmod
ENSG00000162909,-0.246,0.01,ENSG00000162909_unmod
ENSG00000125898,-0.739,0.01,ENSG00000125898_unmod
ENSG00000131389,-0.188,0.01,ENSG00000131389_unmod
ENSG00000130956,-0.704,0.01,ENSG00000130956_unmod
ENSG00000130826,0.353,0.01,ENSG00000130826_unmod
ENSG00000138175,-0.505,0.01,ENSG00000138175_unmod
ENSG00000139641,-0.335,0.01,ENSG00000139641_unmod
ENSG00000180611,0.472,0.01,ENSG00000180611_unmod
ENSG00000143126,0.331,0.01,ENSG00000143126_unmod
ENSG00000122406,0.222,0.01,ENSG00000122406_unmod
ENSG00000123358,-0.257,0.01,ENSG00000123358_unmod
ENSG00000153132,-0.471,0.01,ENSG00000153132_unmod
ENSG00000154240,-0.724,0.01,ENSG00000154240_unmod
ENSG00000108061,0.262,0.01,ENSG00000108061_unmod
ENSG00000156172,0.757,0.01,ENSG00000156172_unmod
ENSG00000187498,-0.2,0.01,ENSG00000187498_unmod
ENSG00000130707,-0.299,0.01,ENSG00000130707_unmod
ENSG00000180998,-0.757,0.01,ENSG00000180998_unmod
ENSG00000196747,-0.566,0.01,ENSG00000196747_unmod
ENSG00000198792,-0.236,0.01,ENSG00000198792_unmod
ENSG00000157168,-0.36,0.01,ENSG00000157168_unmod
ENSG00000198933,0.722,0.01,ENSG00000198933_unmod
ENSG00000067066,-0.259,0.01,ENSG00000067066_unmod
ENSG00000213463,0.329,0.01,ENSG00000213463_unmod
ENSG00000105669,-0.509,0.01,ENSG00000105669_unmod
ENSG00000116704,-0.265,0.01,ENSG00000116704_unmod
ENSG00000100353,0.194,0.01,ENSG00000100353_unmod
ENSG00000133131,-0.313,0.01,ENSG00000133131_unmod
ENSG00000131876,0.415,0.01,ENSG00000131876_unmod
ENSG00000128699,0.292,0.01,ENSG00000128699_unmod
ENSG00000149548,-0.79,0.01,ENSG00000149548_unmod
ENSG00000012211,0.462,0.01,ENSG00000012211_unmod
ENSG00000129595,0.298,0.01,ENSG00000129595_unmod
ENSG00000011258,0.333,0.01,ENSG00000011258_unmod
ENSG00000143756,0.211,0.01,ENSG00000143756_unmod
ENSG00000152382,0.418,0.01,ENSG00000152382_unmod
ENSG00000186684,-0.689,0.01,ENSG00000186684_unmod
ENSG00000056277,0.385,0.01,ENSG00000056277_unmod
ENSG00000128513,-0.307,0.01,ENSG00000128513_unmod
ENSG00000136861,-0.202,0.01,ENSG00000136861_unmod
ENSG00000166900,0.266,0.01,ENSG00000166900_unmod
ENSG00000122877,-1.082,0.01,ENSG00000122877_unmod
ENSG00000166197,0.242,0.01,ENSG00000166197_unmod
ENSG00000117543,0.437,0.01,ENSG00000117543_unmod
ENSG00000198380,0.211,0.01,ENSG00000198380_unmod
ENSG00000140992,-0.247,0.01,ENSG00000140992_unmod
ENSG00000167193,0.707,0.01,ENSG00000167193_unmod
ENSG00000131507,0.208,0.01,ENSG00000131507_unmod
ENSG00000107175,-0.474,0.01,ENSG00000107175_unmod
ENSG00000169926,-0.44,0.01,ENSG00000169926_unmod
ENSG00000134243,-0.247,0.01,ENSG00000134243_unmod
ENSG00000157800,-0.382,0.01,ENSG00000157800_unmod
ENSG00000185808,-0.646,0.01,ENSG00000185808_unmod
ENSG00000088986,0.202,0.01,ENSG00000088986_unmod
ENSG00000123080,-0.302,0.01,ENSG00000123080_unmod
ENSG00000131871,-0.386,0.01,ENSG00000131871_unmod
ENSG00000152936,-1.03,0.01,ENSG00000152936_unmod
ENSG00000076513,0.287,0.01,ENSG00000076513_unmod
ENSG00000042493,-0.426,0.01,ENSG00000042493_unmod
ENSG00000105793,0.406,0.01,ENSG00000105793_unmod
ENSG00000083535,-0.355,0.01,ENSG00000083535_unmod
ENSG00000072832,-0.429,0.01,ENSG00000072832_unmod
ENSG00000114439,0.185,0.01,ENSG00000114439_unmod
ENSG00000147883,-0.221,0.01,ENSG00000147883_unmod
ENSG00000133067,-0.474,0.01,ENSG00000133067_unmod
ENSG00000254999,-0.299,0.01,ENSG00000254999_unmod
ENSG00000121741,0.227,0.01,ENSG00000121741_unmod
ENSG00000130544,0.438,0.01,ENSG00000130544_unmod
ENSG00000100941,0.292,0.01,ENSG00000100941_unmod
ENSG00000119912,0.199,0.01,ENSG00000119912_unmod
ENSG00000140367,0.253,0.01,ENSG00000140367_unmod
ENSG00000100162,-0.493,0.01,ENSG00000100162_unmod
ENSG00000141219,0.315,0.01,ENSG00000141219_unmod
ENSG00000187678,-0.496,0.01,ENSG00000187678_unmod
ENSG00000159403,-0.599,0.01,ENSG00000159403_unmod
ENSG00000054118,0.209,0.01,ENSG00000054118_unmod
ENSG00000164520,-0.477,0.01,ENSG00000164520_unmod
ENSG00000118454,-0.283,0.01,ENSG00000118454_unmod
ENSG00000133789,-0.309,0.01,ENSG00000133789_unmod
ENSG00000164466,-0.188,0.01,ENSG00000164466_unmod
ENSG00000152217,0.416,0.01,ENSG00000152217_unmod
ENSG00000123219,-0.392,0.01,ENSG00000123219_unmod
ENSG00000176273,0.434,0.01,ENSG00000176273_unmod
ENSG00000064999,0.312,0.01,ENSG00000064999_unmod
ENSG00000169884,0.921,0.01,ENSG00000169884_unmod
ENSG00000171634,-0.208,0.01,ENSG00000171634_unmod
ENSG00000142149,-0.328,0.01,ENSG00000142149_unmod
ENSG00000137106,0.218,0.01,ENSG00000137106_unmod
ENSG00000164961,0.251,0.01,ENSG00000164961_unmod
ENSG00000168014,0.217,0.01,ENSG00000168014_unmod
ENSG00000196715,0.202,0.01,ENSG00000196715_unmod
ENSG00000164032,-0.26,0.01,ENSG00000164032_unmod
ENSG00000198818,0.358,0.01,ENSG00000198818_unmod
ENSG00000086232,0.248,0.01,ENSG00000086232_unmod
ENSG00000139515,-0.53,0.01,ENSG00000139515_unmod
ENSG00000175505,-0.375,0.01,ENSG00000175505_unmod
ENSG00000126226,0.326,0.01,ENSG00000126226_unmod
ENSG00000157077,-0.37,0.01,ENSG00000157077_unmod
ENSG00000147316,-0.316,0.01,ENSG00000147316_unmod
ENSG00000171155,0.326,0.01,ENSG00000171155_unmod
ENSG00000017483,0.234,0.01,ENSG00000017483_unmod
ENSG00000134852,0.234,0.01,ENSG00000134852_unmod
ENSG00000108306,-0.378,0.01,ENSG00000108306_unmod
ENSG00000166012,0.209,0.01,ENSG00000166012_unmod
ENSG00000145730,0.215,0.01,ENSG00000145730_unmod
ENSG00000153933,0.271,0.01,ENSG00000153933_unmod
ENSG00000180340,0.659,0.01,ENSG00000180340_unmod
ENSG00000114107,-0.453,0.01,ENSG00000114107_unmod
ENSG00000037757,0.365,0.01,ENSG00000037757_unmod
ENSG00000149639,0.205,0.01,ENSG00000149639_unmod
ENSG00000100410,0.29,0.01,ENSG00000100410_unmod
ENSG00000144063,-0.695,0.01,ENSG00000144063_unmod
ENSG00000112667,0.49,0.01,ENSG00000112667_unmod
ENSG00000053372,0.277,0.01,ENSG00000053372_unmod
ENSG00000161970,0.5,0.01,ENSG00000161970_unmod
ENSG00000106638,0.35,0.01,ENSG00000106638_unmod
ENSG00000106348,0.306,0.01,ENSG00000106348_unmod
ENSG00000017427,-0.669,0.01,ENSG00000017427_unmod
ENSG00000122970,-0.49,0.01,ENSG00000122970_unmod
ENSG00000163684,0.375,0.01,ENSG00000163684_unmod
ENSG00000106571,-0.263,0.01,ENSG00000106571_unmod
ENSG00000126746,-0.203,0.01,ENSG00000126746_unmod
ENSG00000204590,-0.408,0.01,ENSG00000204590_unmod
ENSG00000154814,0.397,0.01,ENSG00000154814_unmod
ENSG00000066084,0.196,0.01,ENSG00000066084_unmod
ENSG00000116478,0.243,0.01,ENSG00000116478_unmod
ENSG00000078246,-0.266,0.01,ENSG00000078246_unmod
ENSG00000165819,0.335,0.01,ENSG00000165819_unmod
ENSG00000146670,-0.346,0.01,ENSG00000146670_unmod
ENSG00000213722,-0.844,0.01,ENSG00000213722_unmod
ENSG00000090060,0.144,0.01,ENSG00000090060_unmod
ENSG00000100911,-0.379,0.01,ENSG00000100911_unmod
ENSG00000100258,-0.229,0.01,ENSG00000100258_unmod
ENSG00000275708,-7.289,0.01,ENSG00000275708_unmod
ENSG00000168502,0.343,0.01,ENSG00000168502_unmod
ENSG00000019582,-0.493,0.01,ENSG00000019582_unmod
ENSG00000182544,0.38,0.01,ENSG00000182544_unmod
ENSG00000129315,0.204,0.01,ENSG00000129315_unmod
ENSG00000112234,0.371,0.01,ENSG00000112234_unmod
ENSG00000054282,-0.609,0.01,ENSG00000054282_unmod
ENSG00000173409,0.442,0.01,ENSG00000173409_unmod
ENSG00000170558,0.123,0.01,ENSG00000170558_unmod
ENSG00000120756,0.54,0.01,ENSG00000120756_unmod
ENSG00000162772,-0.28,0.01,ENSG00000162772_unmod
ENSG00000074964,-0.393,0.01,ENSG00000074964_unmod
ENSG00000138640,0.383,0.01,ENSG00000138640_unmod
ENSG00000163629,-0.261,0.01,ENSG00000163629_unmod
ENSG00000173705,0.548,0.01,ENSG00000173705_unmod
ENSG00000204438,-0.489,0.01,ENSG00000204438_unmod
ENSG00000047346,0.333,0.01,ENSG00000047346_unmod
ENSG00000119718,0.315,0.01,ENSG00000119718_unmod
ENSG00000162231,0.219,0.01,ENSG00000162231_unmod
ENSG00000115568,0.251,0.01,ENSG00000115568_unmod
ENSG00000126243,0.524,0.01,ENSG00000126243_unmod
ENSG00000140323,-0.824,0.01,ENSG00000140323_unmod
ENSG00000101986,0.324,0.01,ENSG00000101986_unmod
ENSG00000163482,0.358,0.01,ENSG00000163482_unmod
ENSG00000144909,0.276,0.01,ENSG00000144909_unmod
ENSG00000204946,0.656,0.01,ENSG00000204946_unmod
ENSG00000133657,-0.176,0.01,ENSG00000133657_unmod
ENSG00000136738,0.272,0.01,ENSG00000136738_unmod
ENSG00000230076,0.63,0.01,ENSG00000230076_unmod
ENSG00000135045,-0.536,0.01,ENSG00000135045_unmod
ENSG00000100625,0.304,0.01,ENSG00000100625_unmod
ENSG00000107968,-0.341,0.01,ENSG00000107968_unmod
ENSG00000203875,0.481,0.01,ENSG00000203875_unmod
ENSG00000275894,-0.724,0.01,ENSG00000275894_unmod
ENSG00000163808,-0.388,0.01,ENSG00000163808_unmod
ENSG00000130193,0.545,0.01,ENSG00000130193_unmod
ENSG00000139354,-0.239,0.01,ENSG00000139354_unmod
ENSG00000267121,-0.57,0.01,ENSG00000267121_unmod
ENSG00000260404,0.388,0.01,ENSG00000260404_unmod
ENSG00000173715,-0.389,0.01,ENSG00000173715_unmod
ENSG00000184254,0.501,0.01,ENSG00000184254_unmod
ENSG00000225345,0.56,0.01,ENSG00000225345_unmod
ENSG00000163348,-0.334,0.01,ENSG00000163348_unmod
ENSG00000141627,0.266,0.01,ENSG00000141627_unmod
ENSG00000108582,0.168,0.01,ENSG00000108582_unmod
ENSG00000085999,-0.276,0.01,ENSG00000085999_unmod
ENSG00000106070,-0.26,0.01,ENSG00000106070_unmod
ENSG00000204104,-0.439,0.01,ENSG00000204104_unmod
ENSG00000105926,0.221,0.01,ENSG00000105926_unmod
ENSG00000108509,-0.203,0.01,ENSG00000108509_unmod
ENSG00000140854,0.362,0.01,ENSG00000140854_unmod
ENSG00000104320,0.272,0.01,ENSG00000104320_unmod
ENSG00000286113,1.457,0.01,ENSG00000286113_unmod
ENSG00000122884,0.308,0.01,ENSG00000122884_unmod
ENSG00000140262,0.163,0.01,ENSG00000140262_unmod
ENSG00000214106,1.023,0.01,ENSG00000214106_unmod
ENSG00000147364,0.399,0.01,ENSG00000147364_unmod
ENSG00000087263,0.191,0.01,ENSG00000087263_unmod
ENSG00000158623,0.411,0.01,ENSG00000158623_unmod
ENSG00000134508,0.343,0.01,ENSG00000134508_unmod
ENSG00000134153,0.232,0.01,ENSG00000134153_unmod
ENSG00000120451,0.228,0.01,ENSG00000120451_unmod
ENSG00000134775,-0.522,0.01,ENSG00000134775_unmod
ENSG00000266903,-1.68,0.01,ENSG00000266903_unmod
ENSG00000010818,-0.225,0.01,ENSG00000010818_unmod
ENSG00000158483,0.452,0.01,ENSG00000158483_unmod
ENSG00000137331,-0.292,0.01,ENSG00000137331_unmod
ENSG00000097046,-0.344,0.01,ENSG00000097046_unmod
ENSG00000114999,0.177,0.01,ENSG00000114999_unmod
ENSG00000009954,-0.21,0.02,ENSG00000009954_unmod
ENSG00000154237,0.238,0.02,ENSG00000154237_unmod
ENSG00000127540,0.789,0.02,ENSG00000127540_unmod
ENSG00000151239,-0.206,0.02,ENSG00000151239_unmod
ENSG00000085449,0.228,0.02,ENSG00000085449_unmod
ENSG00000201998,0.642,0.02,ENSG00000201998_unmod
ENSG00000143368,0.206,0.02,ENSG00000143368_unmod
ENSG00000166164,-0.257,0.02,ENSG00000166164_unmod
ENSG00000171453,0.358,0.02,ENSG00000171453_unmod
ENSG00000184916,0.468,0.02,ENSG00000184916_unmod
ENSG00000138430,0.242,0.02,ENSG00000138430_unmod
ENSG00000140015,-0.458,0.02,ENSG00000140015_unmod
ENSG00000100823,0.26,0.02,ENSG00000100823_unmod
ENSG00000167491,0.17,0.02,ENSG00000167491_unmod
ENSG00000114302,0.165,0.02,ENSG00000114302_unmod
ENSG00000144231,-0.37,0.02,ENSG00000144231_unmod
ENSG00000109320,-0.297,0.02,ENSG00000109320_unmod
ENSG00000255302,0.296,0.02,ENSG00000255302_unmod
ENSG00000186063,-0.25,0.02,ENSG00000186063_unmod
ENSG00000165300,0.337,0.02,ENSG00000165300_unmod
ENSG00000106012,-0.319,0.02,ENSG00000106012_unmod
ENSG00000181915,0.284,0.02,ENSG00000181915_unmod
ENSG00000163918,-0.385,0.02,ENSG00000163918_unmod
ENSG00000161011,-0.222,0.02,ENSG00000161011_unmod
ENSG00000249306,-0.475,0.02,ENSG00000249306_unmod
ENSG00000178567,-0.322,0.02,ENSG00000178567_unmod
ENSG00000101079,-0.269,0.02,ENSG00000101079_unmod
ENSG00000157827,-0.289,0.02,ENSG00000157827_unmod
ENSG00000182768,0.3,0.02,ENSG00000182768_unmod
ENSG00000124795,-0.24,0.02,ENSG00000124795_unmod
ENSG00000006283,-0.706,0.02,ENSG00000006283_unmod
ENSG00000185070,-0.286,0.02,ENSG00000185070_unmod
ENSG00000151702,-0.655,0.02,ENSG00000151702_unmod
ENSG00000151247,0.276,0.02,ENSG00000151247_unmod
ENSG00000112578,0.429,0.02,ENSG00000112578_unmod
ENSG00000106290,-0.199,0.02,ENSG00000106290_unmod
ENSG00000163466,0.289,0.02,ENSG00000163466_unmod
ENSG00000267432,0.311,0.02,ENSG00000267432_unmod
ENSG00000196422,-0.378,0.02,ENSG00000196422_unmod
ENSG00000079432,-0.225,0.02,ENSG00000079432_unmod
ENSG00000127483,-0.168,0.02,ENSG00000127483_unmod
ENSG00000138821,-0.217,0.02,ENSG00000138821_unmod
ENSG00000285043,-0.858,0.02,ENSG00000285043_unmod
ENSG00000164897,0.251,0.02,ENSG00000164897_unmod
ENSG00000136026,-0.158,0.02,ENSG00000136026_unmod
ENSG00000198088,-0.545,0.02,ENSG00000198088_unmod
ENSG00000156990,0.359,0.02,ENSG00000156990_unmod
ENSG00000145741,0.195,0.02,ENSG00000145741_unmod
ENSG00000138092,-0.297,0.02,ENSG00000138092_unmod
ENSG00000158186,0.587,0.02,ENSG00000158186_unmod
ENSG00000127990,-0.236,0.02,ENSG00000127990_unmod
ENSG00000187713,0.391,0.02,ENSG00000187713_unmod
ENSG00000179604,-0.236,0.02,ENSG00000179604_unmod
ENSG00000189007,0.422,0.02,ENSG00000189007_unmod
ENSG00000035928,0.207,0.02,ENSG00000035928_unmod
ENSG00000118007,-0.211,0.02,ENSG00000118007_unmod
ENSG00000151929,-0.315,0.02,ENSG00000151929_unmod
ENSG00000144713,0.199,0.02,ENSG00000144713_unmod
ENSG00000197324,0.242,0.02,ENSG00000197324_unmod
ENSG00000090487,0.243,0.02,ENSG00000090487_unmod
ENSG00000183579,0.403,0.02,ENSG00000183579_unmod
ENSG00000122779,-0.224,0.02,ENSG00000122779_unmod
ENSG00000205763,-0.692,0.02,ENSG00000205763_unmod
ENSG00000106415,0.34,0.02,ENSG00000106415_unmod
ENSG00000226479,0.286,0.02,ENSG00000226479_unmod
ENSG00000128228,-0.663,0.02,ENSG00000128228_unmod
ENSG00000150093,-0.254,0.02,ENSG00000150093_unmod
ENSG00000119878,0.417,0.02,ENSG00000119878_unmod
ENSG00000117625,0.244,0.02,ENSG00000117625_unmod
ENSG00000167720,-0.519,0.02,ENSG00000167720_unmod
ENSG00000172548,0.527,0.02,ENSG00000172548_unmod
ENSG00000138623,-0.541,0.02,ENSG00000138623_unmod
ENSG00000167232,0.432,0.02,ENSG00000167232_unmod
ENSG00000078804,-0.458,0.02,ENSG00000078804_unmod
ENSG00000198298,1.129,0.02,ENSG00000198298_unmod
ENSG00000047056,0.433,0.02,ENSG00000047056_unmod
ENSG00000120992,0.218,0.02,ENSG00000120992_unmod
ENSG00000226472,-1.248,0.02,ENSG00000226472_unmod
ENSG00000004487,0.208,0.02,ENSG00000004487_unmod
ENSG00000151012,0.195,0.02,ENSG00000151012_unmod
ENSG00000100461,-0.257,0.02,ENSG00000100461_unmod
ENSG00000101367,0.164,0.02,ENSG00000101367_unmod
ENSG00000149658,0.209,0.02,ENSG00000149658_unmod
ENSG00000115363,0.874,0.02,ENSG00000115363_unmod
ENSG00000099860,0.402,0.02,ENSG00000099860_unmod
ENSG00000143776,-0.201,0.02,ENSG00000143776_unmod
ENSG00000130803,0.282,0.02,ENSG00000130803_unmod
ENSG00000186603,0.587,0.02,ENSG00000186603_unmod
ENSG00000112146,0.382,0.02,ENSG00000112146_unmod
ENSG00000135535,-0.182,0.02,ENSG00000135535_unmod
ENSG00000096654,-0.457,0.02,ENSG00000096654_unmod
ENSG00000112739,-0.242,0.02,ENSG00000112739_unmod
ENSG00000267519,-0.329,0.02,ENSG00000267519_unmod
ENSG00000176532,-0.701,0.02,ENSG00000176532_unmod
ENSG00000198408,-0.211,0.02,ENSG00000198408_unmod
ENSG00000135457,0.279,0.02,ENSG00000135457_unmod
ENSG00000206075,-0.21,0.02,ENSG00000206075_unmod
ENSG00000240583,-0.568,0.02,ENSG00000240583_unmod
ENSG00000260257,0.59,0.02,ENSG00000260257_unmod
ENSG00000109917,0.31,0.02,ENSG00000109917_unmod
ENSG00000135365,-0.255,0.02,ENSG00000135365_unmod
ENSG00000108395,-0.243,0.02,ENSG00000108395_unmod
ENSG00000165105,-0.323,0.02,ENSG00000165105_unmod
ENSG00000116871,-0.292,0.02,ENSG00000116871_unmod
ENSG00000103037,0.472,0.02,ENSG00000103037_unmod
ENSG00000102967,0.607,0.02,ENSG00000102967_unmod
ENSG00000134759,0.278,0.02,ENSG00000134759_unmod
ENSG00000131263,0.219,0.02,ENSG00000131263_unmod
ENSG00000089693,0.19,0.02,ENSG00000089693_unmod
ENSG00000128266,-0.479,0.02,ENSG00000128266_unmod
ENSG00000111237,-0.282,0.02,ENSG00000111237_unmod
ENSG00000198858,0.24,0.02,ENSG00000198858_unmod
ENSG00000100320,-0.31,0.02,ENSG00000100320_unmod
ENSG00000128965,-0.373,0.02,ENSG00000128965_unmod
ENSG00000178605,0.422,0.02,ENSG00000178605_unmod
ENSG00000076555,-0.43,0.02,ENSG00000076555_unmod
ENSG00000103932,0.271,0.02,ENSG00000103932_unmod
ENSG00000005020,-0.354,0.02,ENSG00000005020_unmod
ENSG00000113594,0.173,0.02,ENSG00000113594_unmod
ENSG00000187398,-0.793,0.02,ENSG00000187398_unmod
ENSG00000172301,0.28,0.02,ENSG00000172301_unmod
ENSG00000089159,0.166,0.02,ENSG00000089159_unmod
ENSG00000143252,-0.172,0.02,ENSG00000143252_unmod
ENSG00000140471,0.369,0.02,ENSG00000140471_unmod
ENSG00000175832,-0.274,0.02,ENSG00000175832_unmod
ENSG00000178607,-0.237,0.02,ENSG00000178607_unmod
ENSG00000198712,0.292,0.02,ENSG00000198712_unmod
ENSG00000109321,-0.667,0.02,ENSG00000109321_unmod
ENSG00000248092,-0.208,0.02,ENSG00000248092_unmod
ENSG00000166167,0.35,0.02,ENSG00000166167_unmod
ENSG00000158246,1.23,0.02,ENSG00000158246_unmod
ENSG00000135446,0.205,0.02,ENSG00000135446_unmod
ENSG00000115884,-0.363,0.02,ENSG00000115884_unmod
ENSG00000063245,-0.299,0.02,ENSG00000063245_unmod
ENSG00000101220,0.501,0.02,ENSG00000101220_unmod
ENSG00000103042,0.217,0.02,ENSG00000103042_unmod
ENSG00000141738,-1.128,0.02,ENSG00000141738_unmod
ENSG00000166987,-0.21,0.02,ENSG00000166987_unmod
ENSG00000196911,-0.394,0.02,ENSG00000196911_unmod
ENSG00000169871,-0.287,0.02,ENSG00000169871_unmod
ENSG00000138495,-0.783,0.02,ENSG00000138495_unmod
ENSG00000106400,-0.43,0.02,ENSG00000106400_unmod
ENSG00000146094,0.536,0.02,ENSG00000146094_unmod
ENSG00000160877,0.247,0.02,ENSG00000160877_unmod
ENSG00000089916,0.22,0.02,ENSG00000089916_unmod
ENSG00000153936,-0.264,0.02,ENSG00000153936_unmod
ENSG00000113615,-0.207,0.02,ENSG00000113615_unmod
ENSG00000225484,0.322,0.02,ENSG00000225484_unmod
ENSG00000162687,-0.499,0.02,ENSG00000162687_unmod
ENSG00000007202,0.167,0.02,ENSG00000007202_unmod
ENSG00000093183,0.316,0.02,ENSG00000093183_unmod
ENSG00000174953,0.282,0.02,ENSG00000174953_unmod
ENSG00000074582,0.308,0.02,ENSG00000074582_unmod
ENSG00000123066,0.201,0.02,ENSG00000123066_unmod
ENSG00000148426,0.397,0.02,ENSG00000148426_unmod
ENSG00000167674,-0.417,0.02,ENSG00000167674_unmod
ENSG00000115762,0.284,0.02,ENSG00000115762_unmod
ENSG00000116678,-0.34,0.02,ENSG00000116678_unmod
ENSG00000134480,0.276,0.02,ENSG00000134480_unmod
ENSG00000103381,0.358,0.02,ENSG00000103381_unmod
ENSG00000167447,0.321,0.02,ENSG00000167447_unmod
ENSG00000043355,0.394,0.02,ENSG00000043355_unmod
ENSG00000103326,0.265,0.02,ENSG00000103326_unmod
ENSG00000258634,0.496,0.02,ENSG00000258634_unmod
ENSG00000078061,0.201,0.02,ENSG00000078061_unmod
ENSG00000153944,0.167,0.02,ENSG00000153944_unmod
ENSG00000052126,-0.229,0.02,ENSG00000052126_unmod
ENSG00000204592,-0.452,0.02,ENSG00000204592_unmod
ENSG00000158079,-0.365,0.02,ENSG00000158079_unmod
ENSG00000186908,0.324,0.02,ENSG00000186908_unmod
ENSG00000149792,0.24,0.02,ENSG00000149792_unmod
ENSG00000144320,-0.238,0.02,ENSG00000144320_unmod
ENSG00000087269,0.281,0.02,ENSG00000087269_unmod
ENSG00000113597,-0.39,0.02,ENSG00000113597_unmod
ENSG00000101160,-0.32,0.02,ENSG00000101160_unmod
ENSG00000120699,-0.284,0.02,ENSG00000120699_unmod
ENSG00000163818,-0.261,0.02,ENSG00000163818_unmod
ENSG00000112893,-0.189,0.02,ENSG00000112893_unmod
ENSG00000111481,0.155,0.02,ENSG00000111481_unmod
ENSG00000101181,0.272,0.02,ENSG00000101181_unmod
ENSG00000206418,-0.315,0.02,ENSG00000206418_unmod
ENSG00000159176,0.161,0.02,ENSG00000159176_unmod
ENSG00000095787,0.204,0.02,ENSG00000095787_unmod
ENSG00000168300,-0.283,0.02,ENSG00000168300_unmod
ENSG00000165685,-1.039,0.02,ENSG00000165685_unmod
ENSG00000181649,-0.877,0.02,ENSG00000181649_unmod
ENSG00000135506,-0.283,0.02,ENSG00000135506_unmod
ENSG00000156050,-0.758,0.02,ENSG00000156050_unmod
ENSG00000004799,0.207,0.02,ENSG00000004799_unmod
ENSG00000166444,-0.289,0.02,ENSG00000166444_unmod
ENSG00000122484,0.252,0.02,ENSG00000122484_unmod
ENSG00000234741,0.27,0.02,ENSG00000234741_unmod
ENSG00000177311,0.135,0.02,ENSG00000177311_unmod
ENSG00000130703,-0.345,0.02,ENSG00000130703_unmod
ENSG00000177432,-0.567,0.02,ENSG00000177432_unmod
ENSG00000110367,0.204,0.02,ENSG00000110367_unmod
ENSG00000163840,-0.23,0.02,ENSG00000163840_unmod
ENSG00000068305,-0.189,0.02,ENSG00000068305_unmod
ENSG00000143158,-0.401,0.02,ENSG00000143158_unmod
ENSG00000203666,-0.529,0.02,ENSG00000203666_unmod
ENSG00000165055,0.227,0.02,ENSG00000165055_unmod
ENSG00000018699,0.352,0.02,ENSG00000018699_unmod
ENSG00000137261,-0.463,0.02,ENSG00000137261_unmod
ENSG00000177283,-0.348,0.02,ENSG00000177283_unmod
ENSG00000206538,-0.296,0.02,ENSG00000206538_unmod
ENSG00000022567,-0.44,0.02,ENSG00000022567_unmod
ENSG00000090372,0.197,0.02,ENSG00000090372_unmod
ENSG00000117395,0.342,0.02,ENSG00000117395_unmod
ENSG00000110075,0.226,0.02,ENSG00000110075_unmod
ENSG00000100116,0.64,0.02,ENSG00000100116_unmod
ENSG00000146007,0.255,0.02,ENSG00000146007_unmod
ENSG00000135018,0.177,0.02,ENSG00000135018_unmod
ENSG00000169245,-1.322,0.02,ENSG00000169245_unmod
ENSG00000131019,0.484,0.02,ENSG00000131019_unmod
ENSG00000087258,-0.533,0.02,ENSG00000087258_unmod
ENSG00000235106,0.293,0.02,ENSG00000235106_unmod
ENSG00000160447,-0.286,0.02,ENSG00000160447_unmod
ENSG00000094916,0.148,0.02,ENSG00000094916_unmod
ENSG00000132382,0.246,0.02,ENSG00000132382_unmod
ENSG00000067057,0.321,0.02,ENSG00000067057_unmod
ENSG00000224032,0.481,0.02,ENSG00000224032_unmod
ENSG00000148450,-0.377,0.02,ENSG00000148450_unmod
ENSG00000272031,0.951,0.02,ENSG00000272031_unmod
ENSG00000124217,0.37,0.02,ENSG00000124217_unmod
ENSG00000177410,0.403,0.02,ENSG00000177410_unmod
ENSG00000106049,0.217,0.02,ENSG00000106049_unmod
ENSG00000188997,-0.326,0.02,ENSG00000188997_unmod
ENSG00000278588,-0.627,0.02,ENSG00000278588_unmod
ENSG00000269968,1.705,0.02,ENSG00000269968_unmod
ENSG00000084112,-0.2,0.02,ENSG00000084112_unmod
ENSG00000143970,0.181,0.02,ENSG00000143970_unmod
ENSG00000143093,0.37,0.02,ENSG00000143093_unmod
ENSG00000174977,0.543,0.02,ENSG00000174977_unmod
ENSG00000066777,-0.191,0.02,ENSG00000066777_unmod
ENSG00000149600,-0.338,0.02,ENSG00000149600_unmod
ENSG00000141446,-0.327,0.02,ENSG00000141446_unmod
ENSG00000197905,0.313,0.02,ENSG00000197905_unmod
ENSG00000116539,0.175,0.02,ENSG00000116539_unmod
ENSG00000275221,-0.575,0.02,ENSG00000275221_unmod
ENSG00000205423,0.478,0.02,ENSG00000205423_unmod
ENSG00000146416,0.434,0.02,ENSG00000146416_unmod
ENSG00000171365,-0.286,0.02,ENSG00000171365_unmod
ENSG00000117592,0.178,0.02,ENSG00000117592_unmod
ENSG00000138771,0.255,0.02,ENSG00000138771_unmod
ENSG00000129472,0.483,0.02,ENSG00000129472_unmod
ENSG00000158161,0.226,0.02,ENSG00000158161_unmod
ENSG00000161912,-0.942,0.02,ENSG00000161912_unmod
ENSG00000011007,0.202,0.02,ENSG00000011007_unmod
ENSG00000126107,0.238,0.02,ENSG00000126107_unmod
ENSG00000037042,-0.381,0.02,ENSG00000037042_unmod
ENSG00000105855,0.167,0.02,ENSG00000105855_unmod
ENSG00000126368,0.218,0.02,ENSG00000126368_unmod
ENSG00000146463,0.168,0.02,ENSG00000146463_unmod
ENSG00000165813,-0.312,0.02,ENSG00000165813_unmod
ENSG00000163703,-0.336,0.02,ENSG00000163703_unmod
ENSG00000054267,-0.29,0.02,ENSG00000054267_unmod
ENSG00000101337,0.188,0.02,ENSG00000101337_unmod
ENSG00000108819,0.19,0.02,ENSG00000108819_unmod
ENSG00000167323,0.261,0.02,ENSG00000167323_unmod
ENSG00000188290,-0.544,0.02,ENSG00000188290_unmod
ENSG00000166439,0.242,0.02,ENSG00000166439_unmod
ENSG00000119041,0.212,0.02,ENSG00000119041_unmod
ENSG00000174606,0.326,0.02,ENSG00000174606_unmod
ENSG00000144460,0.497,0.02,ENSG00000144460_unmod
ENSG00000065485,-0.352,0.02,ENSG00000065485_unmod
ENSG00000157741,-0.227,0.02,ENSG00000157741_unmod
ENSG00000167536,0.501,0.02,ENSG00000167536_unmod
ENSG00000150403,-0.29,0.02,ENSG00000150403_unmod
ENSG00000088888,0.223,0.02,ENSG00000088888_unmod
ENSG00000004864,0.184,0.02,ENSG00000004864_unmod
ENSG00000185008,-0.623,0.02,ENSG00000185008_unmod
ENSG00000104691,0.539,0.02,ENSG00000104691_unmod
ENSG00000179111,0.603,0.02,ENSG00000179111_unmod
ENSG00000103313,-1.6,0.02,ENSG00000103313_unmod
ENSG00000198763,0.449,0.02,ENSG00000198763_unmod
ENSG00000033867,-0.229,0.02,ENSG00000033867_unmod
ENSG00000158793,-0.384,0.02,ENSG00000158793_unmod
ENSG00000099381,0.194,0.02,ENSG00000099381_unmod
ENSG00000234465,-1.217,0.02,ENSG00000234465_unmod
ENSG00000077254,0.193,0.02,ENSG00000077254_unmod
ENSG00000236144,0.65,0.02,ENSG00000236144_unmod
ENSG00000089050,0.381,0.02,ENSG00000089050_unmod
ENSG00000176946,0.303,0.02,ENSG00000176946_unmod
ENSG00000198964,0.208,0.02,ENSG00000198964_unmod
ENSG00000064102,0.203,0.02,ENSG00000064102_unmod
ENSG00000116497,-0.238,0.02,ENSG00000116497_unmod
ENSG00000136504,0.202,0.02,ENSG00000136504_unmod
ENSG00000185305,0.361,0.03,ENSG00000185305_unmod
ENSG00000137558,1.646,0.03,ENSG00000137558_unmod
ENSG00000150867,0.21,0.03,ENSG00000150867_unmod
ENSG00000112511,-0.472,0.03,ENSG00000112511_unmod
ENSG00000033627,0.204,0.03,ENSG00000033627_unmod
ENSG00000138193,-0.27,0.03,ENSG00000138193_unmod
ENSG00000231607,-0.443,0.03,ENSG00000231607_unmod
ENSG00000089335,-0.44,0.03,ENSG00000089335_unmod
ENSG00000094631,-0.341,0.03,ENSG00000094631_unmod
ENSG00000146576,0.354,0.03,ENSG00000146576_unmod
ENSG00000120948,0.28,0.03,ENSG00000120948_unmod
ENSG00000168036,-0.208,0.03,ENSG00000168036_unmod
ENSG00000100395,-0.268,0.03,ENSG00000100395_unmod
ENSG00000103852,-0.383,0.03,ENSG00000103852_unmod
ENSG00000116701,-0.442,0.03,ENSG00000116701_unmod
ENSG00000134830,-0.577,0.03,ENSG00000134830_unmod
ENSG00000104969,0.202,0.03,ENSG00000104969_unmod
ENSG00000129083,-0.19,0.03,ENSG00000129083_unmod
ENSG00000138587,-0.79,0.03,ENSG00000138587_unmod
ENSG00000163512,-0.214,0.03,ENSG00000163512_unmod
ENSG00000173598,0.247,0.03,ENSG00000173598_unmod
ENSG00000164649,-0.267,0.03,ENSG00000164649_unmod
ENSG00000101311,0.254,0.03,ENSG00000101311_unmod
ENSG00000179021,0.334,0.03,ENSG00000179021_unmod
ENSG00000135049,0.259,0.03,ENSG00000135049_unmod
ENSG00000103496,-0.424,0.03,ENSG00000103496_unmod
ENSG00000068137,-0.394,0.03,ENSG00000068137_unmod
ENSG00000124831,-0.213,0.03,ENSG00000124831_unmod
ENSG00000171262,0.262,0.03,ENSG00000171262_unmod
ENSG00000005812,-0.209,0.03,ENSG00000005812_unmod
ENSG00000124641,0.325,0.03,ENSG00000124641_unmod
ENSG00000163214,0.207,0.03,ENSG00000163214_unmod
ENSG00000163104,0.199,0.03,ENSG00000163104_unmod
ENSG00000157613,-0.414,0.03,ENSG00000157613_unmod
ENSG00000197977,-0.442,0.03,ENSG00000197977_unmod
ENSG00000255874,-0.363,0.03,ENSG00000255874_unmod
ENSG00000184787,0.256,0.03,ENSG00000184787_unmod
ENSG00000155744,0.215,0.03,ENSG00000155744_unmod
ENSG00000131504,-0.167,0.03,ENSG00000131504_unmod
ENSG00000172766,0.342,0.03,ENSG00000172766_unmod
ENSG00000215251,0.337,0.03,ENSG00000215251_unmod
ENSG00000106537,0.509,0.03,ENSG00000106537_unmod
ENSG00000138399,0.348,0.03,ENSG00000138399_unmod
ENSG00000171345,-0.639,0.03,ENSG00000171345_unmod
ENSG00000198799,0.254,0.03,ENSG00000198799_unmod
ENSG00000175471,-0.236,0.03,ENSG00000175471_unmod
ENSG00000161791,-0.375,0.03,ENSG00000161791_unmod
ENSG00000135525,-0.159,0.03,ENSG00000135525_unmod
ENSG00000104093,-0.213,0.03,ENSG00000104093_unmod
ENSG00000174799,-0.333,0.03,ENSG00000174799_unmod
ENSG00000275131,-0.705,0.03,ENSG00000275131_unmod
ENSG00000189410,0.548,0.03,ENSG00000189410_unmod
ENSG00000151176,0.497,0.03,ENSG00000151176_unmod
ENSG00000139505,-0.245,0.03,ENSG00000139505_unmod
ENSG00000153487,-0.407,0.03,ENSG00000153487_unmod
ENSG00000049245,0.201,0.03,ENSG00000049245_unmod
ENSG00000140284,0.452,0.03,ENSG00000140284_unmod
ENSG00000182378,-0.385,0.03,ENSG00000182378_unmod
ENSG00000158985,0.231,0.03,ENSG00000158985_unmod
ENSG00000181274,0.643,0.03,ENSG00000181274_unmod
ENSG00000248333,-0.281,0.03,ENSG00000248333_unmod
ENSG00000101544,0.248,0.03,ENSG00000101544_unmod
ENSG00000101680,0.245,0.03,ENSG00000101680_unmod
ENSG00000148925,-0.32,0.03,ENSG00000148925_unmod
ENSG00000169715,0.233,0.03,ENSG00000169715_unmod
ENSG00000186889,-0.98,0.03,ENSG00000186889_unmod
ENSG00000148459,0.407,0.03,ENSG00000148459_unmod
ENSG00000064961,-0.306,0.03,ENSG00000064961_unmod
ENSG00000125971,0.243,0.03,ENSG00000125971_unmod
ENSG00000121486,0.329,0.03,ENSG00000121486_unmod
ENSG00000135127,-0.925,0.03,ENSG00000135127_unmod
ENSG00000204147,0.364,0.03,ENSG00000204147_unmod
ENSG00000175066,0.3,0.03,ENSG00000175066_unmod
ENSG00000106299,-0.178,0.03,ENSG00000106299_unmod
ENSG00000076321,-0.266,0.03,ENSG00000076321_unmod
ENSG00000010292,-0.198,0.03,ENSG00000010292_unmod
ENSG00000170581,-0.26,0.03,ENSG00000170581_unmod
ENSG00000038382,0.242,0.03,ENSG00000038382_unmod
ENSG00000110090,0.228,0.03,ENSG00000110090_unmod
ENSG00000131979,-0.415,0.03,ENSG00000131979_unmod
ENSG00000135750,-0.241,0.03,ENSG00000135750_unmod
ENSG00000111364,-0.328,0.03,ENSG00000111364_unmod
ENSG00000127081,0.427,0.03,ENSG00000127081_unmod
ENSG00000198146,0.155,0.03,ENSG00000198146_unmod
ENSG00000174502,-0.98,0.03,ENSG00000174502_unmod
ENSG00000135503,0.359,0.03,ENSG00000135503_unmod
ENSG00000144655,-0.348,0.03,ENSG00000144655_unmod
ENSG00000182919,-0.446,0.03,ENSG00000182919_unmod
ENSG00000148153,-0.238,0.03,ENSG00000148153_unmod
ENSG00000185043,-0.352,0.03,ENSG00000185043_unmod
ENSG00000166575,0.327,0.03,ENSG00000166575_unmod
ENSG00000152076,-0.844,0.03,ENSG00000152076_unmod
ENSG00000151692,-0.443,0.03,ENSG00000151692_unmod
ENSG00000119977,0.271,0.03,ENSG00000119977_unmod
ENSG00000154822,-1.099,0.03,ENSG00000154822_unmod
ENSG00000174842,0.46,0.03,ENSG00000174842_unmod
ENSG00000075142,0.25,0.03,ENSG00000075142_unmod
ENSG00000108984,-0.551,0.03,ENSG00000108984_unmod
ENSG00000048405,0.235,0.03,ENSG00000048405_unmod
ENSG00000213983,0.339,0.03,ENSG00000213983_unmod
ENSG00000124214,-0.189,0.03,ENSG00000124214_unmod
ENSG00000133627,0.582,0.03,ENSG00000133627_unmod
ENSG00000175893,0.237,0.03,ENSG00000175893_unmod
ENSG00000273373,-0.782,0.03,ENSG00000273373_unmod
ENSG00000116044,0.156,0.03,ENSG00000116044_unmod
ENSG00000169564,-0.213,0.03,ENSG00000169564_unmod
ENSG00000171604,-0.337,0.03,ENSG00000171604_unmod
ENSG00000173227,-0.338,0.03,ENSG00000173227_unmod
ENSG00000099968,0.24,0.03,ENSG00000099968_unmod
ENSG00000006695,0.241,0.03,ENSG00000006695_unmod
ENSG00000169139,-0.263,0.03,ENSG00000169139_unmod
ENSG00000125821,0.774,0.03,ENSG00000125821_unmod
ENSG00000162496,-0.408,0.03,ENSG00000162496_unmod
ENSG00000156970,-0.162,0.03,ENSG00000156970_unmod
ENSG00000198911,0.211,0.03,ENSG00000198911_unmod
ENSG00000140332,-0.175,0.03,ENSG00000140332_unmod
ENSG00000091542,0.23,0.03,ENSG00000091542_unmod
ENSG00000128335,-0.392,0.03,ENSG00000128335_unmod
ENSG00000100401,0.258,0.03,ENSG00000100401_unmod
ENSG00000121892,0.135,0.03,ENSG00000121892_unmod
ENSG00000126391,-0.4,0.03,ENSG00000126391_unmod
ENSG00000186871,-0.471,0.03,ENSG00000186871_unmod
ENSG00000264364,0.229,0.03,ENSG00000264364_unmod
ENSG00000162645,-0.475,0.03,ENSG00000162645_unmod
ENSG00000124459,-0.37,0.03,ENSG00000124459_unmod
ENSG00000156853,0.367,0.03,ENSG00000156853_unmod
ENSG00000132383,-0.276,0.03,ENSG00000132383_unmod
ENSG00000274641,-0.225,0.03,ENSG00000274641_unmod
ENSG00000166200,0.171,0.03,ENSG00000166200_unmod
ENSG00000164651,-0.675,0.03,ENSG00000164651_unmod
ENSG00000040531,0.248,0.03,ENSG00000040531_unmod
ENSG00000100084,0.589,0.03,ENSG00000100084_unmod
ENSG00000137959,-0.244,0.03,ENSG00000137959_unmod
ENSG00000105379,-0.533,0.03,ENSG00000105379_unmod
ENSG00000198121,-0.545,0.03,ENSG00000198121_unmod
ENSG00000107443,-0.427,0.03,ENSG00000107443_unmod
ENSG00000168256,0.294,0.03,ENSG00000168256_unmod
ENSG00000198888,0.238,0.03,ENSG00000198888_unmod
ENSG00000119681,-0.247,0.03,ENSG00000119681_unmod
ENSG00000134278,-0.205,0.03,ENSG00000134278_unmod
ENSG00000141580,0.165,0.03,ENSG00000141580_unmod
ENSG00000006118,-0.307,0.03,ENSG00000006118_unmod
ENSG00000169718,0.341,0.03,ENSG00000169718_unmod
ENSG00000053747,-0.356,0.03,ENSG00000053747_unmod
ENSG00000139323,-0.396,0.03,ENSG00000139323_unmod
ENSG00000114956,0.291,0.03,ENSG00000114956_unmod
ENSG00000114383,0.37,0.03,ENSG00000114383_unmod
ENSG00000167543,-0.358,0.03,ENSG00000167543_unmod
ENSG00000108963,0.393,0.03,ENSG00000108963_unmod
ENSG00000005810,0.191,0.03,ENSG00000005810_unmod
ENSG00000207181,0.574,0.03,ENSG00000207181_unmod
ENSG00000136146,-0.321,0.03,ENSG00000136146_unmod
ENSG00000181061,0.339,0.03,ENSG00000181061_unmod
ENSG00000134014,0.332,0.03,ENSG00000134014_unmod
ENSG00000105520,-0.343,0.03,ENSG00000105520_unmod
ENSG00000153044,-0.367,0.03,ENSG00000153044_unmod
ENSG00000100417,-0.497,0.03,ENSG00000100417_unmod
ENSG00000184988,-0.469,0.03,ENSG00000184988_unmod
ENSG00000100372,0.314,0.03,ENSG00000100372_unmod
ENSG00000137275,-0.345,0.03,ENSG00000137275_unmod
ENSG00000156860,0.209,0.03,ENSG00000156860_unmod
ENSG00000269929,-0.641,0.03,ENSG00000269929_unmod
ENSG00000178919,0.265,0.03,ENSG00000178919_unmod
ENSG00000198586,0.173,0.03,ENSG00000198586_unmod
ENSG00000198168,-0.34,0.03,ENSG00000198168_unmod
ENSG00000124635,-0.381,0.03,ENSG00000124635_unmod
ENSG00000156384,-0.438,0.03,ENSG00000156384_unmod
ENSG00000135916,-0.261,0.03,ENSG00000135916_unmod
ENSG00000250899,0.579,0.03,ENSG00000250899_unmod
ENSG00000201457,0.993,0.03,ENSG00000201457_unmod
ENSG00000170234,-0.293,0.03,ENSG00000170234_unmod
ENSG00000107833,0.411,0.03,ENSG00000107833_unmod
ENSG00000239900,0.398,0.03,ENSG00000239900_unmod
ENSG00000166133,0.522,0.03,ENSG00000166133_unmod
ENSG00000158987,0.385,0.03,ENSG00000158987_unmod
ENSG00000162631,-0.542,0.03,ENSG00000162631_unmod
ENSG00000135185,0.376,0.03,ENSG00000135185_unmod
ENSG00000138688,-0.156,0.03,ENSG00000138688_unmod
ENSG00000168152,0.911,0.03,ENSG00000168152_unmod
ENSG00000120318,-0.337,0.03,ENSG00000120318_unmod
ENSG00000163755,-0.24,0.03,ENSG00000163755_unmod
ENSG00000085511,-0.287,0.03,ENSG00000085511_unmod
ENSG00000166398,-0.466,0.03,ENSG00000166398_unmod
ENSG00000164535,0.339,0.03,ENSG00000164535_unmod
ENSG00000273680,-1.267,0.03,ENSG00000273680_unmod
ENSG00000197045,0.196,0.03,ENSG00000197045_unmod
ENSG00000073350,-0.541,0.03,ENSG00000073350_unmod
ENSG00000152422,0.508,0.03,ENSG00000152422_unmod
ENSG00000119900,0.183,0.03,ENSG00000119900_unmod
ENSG00000165804,-0.343,0.03,ENSG00000165804_unmod
ENSG00000164211,-0.232,0.03,ENSG00000164211_unmod
ENSG00000054148,-0.393,0.03,ENSG00000054148_unmod
ENSG00000123106,-0.259,0.03,ENSG00000123106_unmod
ENSG00000165233,-0.517,0.03,ENSG00000165233_unmod
ENSG00000232098,0.582,0.03,ENSG00000232098_unmod
ENSG00000115350,-0.454,0.03,ENSG00000115350_unmod
ENSG00000198938,0.265,0.03,ENSG00000198938_unmod
ENSG00000173273,-0.273,0.03,ENSG00000173273_unmod
ENSG00000090013,-0.482,0.03,ENSG00000090013_unmod
ENSG00000176692,-0.197,0.03,ENSG00000176692_unmod
ENSG00000143228,-0.257,0.03,ENSG00000143228_unmod
ENSG00000120675,0.289,0.03,ENSG00000120675_unmod
ENSG00000075702,-0.29,0.03,ENSG00000075702_unmod
ENSG00000107021,0.205,0.03,ENSG00000107021_unmod
ENSG00000164949,-0.322,0.03,ENSG00000164949_unmod
ENSG00000135913,0.182,0.03,ENSG00000135913_unmod
ENSG00000280587,-1.026,0.03,ENSG00000280587_unmod
ENSG00000167635,0.206,0.03,ENSG00000167635_unmod
ENSG00000198585,0.422,0.03,ENSG00000198585_unmod
ENSG00000137074,0.293,0.03,ENSG00000137074_unmod
ENSG00000112312,-0.267,0.03,ENSG00000112312_unmod
ENSG00000026103,0.284,0.03,ENSG00000026103_unmod
ENSG00000100897,-0.466,0.03,ENSG00000100897_unmod
ENSG00000278311,-0.356,0.03,ENSG00000278311_unmod
ENSG00000129295,-1.025,0.03,ENSG00000129295_unmod
ENSG00000273301,0.487,0.03,ENSG00000273301_unmod
ENSG00000170903,0.382,0.03,ENSG00000170903_unmod
ENSG00000129195,-0.398,0.03,ENSG00000129195_unmod
ENSG00000148120,-0.229,0.03,ENSG00000148120_unmod
ENSG00000155368,0.423,0.03,ENSG00000155368_unmod
ENSG00000118515,0.166,0.03,ENSG00000118515_unmod
ENSG00000126749,0.243,0.04,ENSG00000126749_unmod
ENSG00000070770,0.165,0.04,ENSG00000070770_unmod
ENSG00000126814,0.375,0.04,ENSG00000126814_unmod
ENSG00000224546,0.648,0.04,ENSG00000224546_unmod
ENSG00000180098,-0.468,0.04,ENSG00000180098_unmod
ENSG00000133083,-0.292,0.04,ENSG00000133083_unmod
ENSG00000082438,-0.255,0.04,ENSG00000082438_unmod
ENSG00000101407,0.177,0.04,ENSG00000101407_unmod
ENSG00000104375,0.327,0.04,ENSG00000104375_unmod
ENSG00000133739,-0.479,0.04,ENSG00000133739_unmod
ENSG00000138073,-0.269,0.04,ENSG00000138073_unmod
ENSG00000163900,0.312,0.04,ENSG00000163900_unmod
ENSG00000198270,-0.443,0.04,ENSG00000198270_unmod
ENSG00000148841,-0.184,0.04,ENSG00000148841_unmod
ENSG00000211584,0.177,0.04,ENSG00000211584_unmod
ENSG00000075975,0.257,0.04,ENSG00000075975_unmod
ENSG00000142178,-0.303,0.04,ENSG00000142178_unmod
ENSG00000065518,0.366,0.04,ENSG00000065518_unmod
ENSG00000124006,-0.406,0.04,ENSG00000124006_unmod
ENSG00000179029,-0.475,0.04,ENSG00000179029_unmod
ENSG00000067177,0.316,0.04,ENSG00000067177_unmod
ENSG00000143621,0.151,0.04,ENSG00000143621_unmod
ENSG00000000003,0.295,0.04,ENSG00000000003_unmod
ENSG00000174099,-0.207,0.04,ENSG00000174099_unmod
ENSG00000118276,-0.679,0.04,ENSG00000118276_unmod
ENSG00000159079,0.527,0.04,ENSG00000159079_unmod
ENSG00000181192,-0.356,0.04,ENSG00000181192_unmod
ENSG00000109452,-0.288,0.04,ENSG00000109452_unmod
ENSG00000134815,0.235,0.04,ENSG00000134815_unmod
ENSG00000198399,-0.192,0.04,ENSG00000198399_unmod
ENSG00000070423,0.29,0.04,ENSG00000070423_unmod
ENSG00000139433,-0.267,0.04,ENSG00000139433_unmod
ENSG00000136235,0.327,0.04,ENSG00000136235_unmod
ENSG00000100196,-0.295,0.04,ENSG00000100196_unmod
ENSG00000198727,0.287,0.04,ENSG00000198727_unmod
ENSG00000047621,-0.239,0.04,ENSG00000047621_unmod
ENSG00000122483,-0.342,0.04,ENSG00000122483_unmod
ENSG00000001629,-0.144,0.04,ENSG00000001629_unmod
ENSG00000115163,-0.398,0.04,ENSG00000115163_unmod
ENSG00000164938,-0.477,0.04,ENSG00000164938_unmod
ENSG00000146574,0.319,0.04,ENSG00000146574_unmod
ENSG00000065154,0.339,0.04,ENSG00000065154_unmod
ENSG00000117724,-0.215,0.04,ENSG00000117724_unmod
ENSG00000141349,0.19,0.04,ENSG00000141349_unmod
ENSG00000136758,0.18,0.04,ENSG00000136758_unmod
ENSG00000201558,-0.467,0.04,ENSG00000201558_unmod
ENSG00000233621,-0.59,0.04,ENSG00000233621_unmod
ENSG00000090975,-0.281,0.04,ENSG00000090975_unmod
ENSG00000171606,-0.366,0.04,ENSG00000171606_unmod
ENSG00000196204,0.337,0.04,ENSG00000196204_unmod
ENSG00000115963,-0.236,0.04,ENSG00000115963_unmod
ENSG00000135974,0.253,0.04,ENSG00000135974_unmod
ENSG00000163785,0.206,0.04,ENSG00000163785_unmod
ENSG00000269826,-0.853,0.04,ENSG00000269826_unmod
ENSG00000166173,-0.237,0.04,ENSG00000166173_unmod
ENSG00000168612,0.34,0.04,ENSG00000168612_unmod
ENSG00000184828,-0.376,0.04,ENSG00000184828_unmod
ENSG00000228192,0.752,0.04,ENSG00000228192_unmod
ENSG00000139842,0.201,0.04,ENSG00000139842_unmod
ENSG00000201183,-1.498,0.04,ENSG00000201183_unmod
ENSG00000184220,0.282,0.04,ENSG00000184220_unmod
ENSG00000184557,-0.32,0.04,ENSG00000184557_unmod
ENSG00000124766,0.172,0.04,ENSG00000124766_unmod
ENSG00000119778,-0.282,0.04,ENSG00000119778_unmod
ENSG00000176422,0.356,0.04,ENSG00000176422_unmod
ENSG00000185344,0.245,0.04,ENSG00000185344_unmod
ENSG00000142173,-1.109,0.04,ENSG00000142173_unmod
ENSG00000103043,0.277,0.04,ENSG00000103043_unmod
ENSG00000197296,0.392,0.04,ENSG00000197296_unmod
ENSG00000137309,0.139,0.04,ENSG00000137309_unmod
ENSG00000187815,0.598,0.04,ENSG00000187815_unmod
ENSG00000188483,0.237,0.04,ENSG00000188483_unmod
ENSG00000001167,-0.323,0.04,ENSG00000001167_unmod
ENSG00000103241,-0.551,0.04,ENSG00000103241_unmod
ENSG00000110318,-0.437,0.04,ENSG00000110318_unmod
ENSG00000133226,0.134,0.04,ENSG00000133226_unmod
ENSG00000108733,0.478,0.04,ENSG00000108733_unmod
ENSG00000163655,-0.151,0.04,ENSG00000163655_unmod
ENSG00000278175,0.724,0.04,ENSG00000278175_unmod
ENSG00000139163,-0.244,0.04,ENSG00000139163_unmod
ENSG00000135775,0.272,0.04,ENSG00000135775_unmod
ENSG00000110344,0.172,0.04,ENSG00000110344_unmod
ENSG00000174684,0.402,0.04,ENSG00000174684_unmod
ENSG00000245694,-0.446,0.04,ENSG00000245694_unmod
ENSG00000080824,-0.233,0.04,ENSG00000080824_unmod
ENSG00000172732,0.263,0.04,ENSG00000172732_unmod
ENSG00000162688,0.185,0.04,ENSG00000162688_unmod
ENSG00000161800,-0.164,0.04,ENSG00000161800_unmod
ENSG00000141232,0.152,0.04,ENSG00000141232_unmod
ENSG00000154217,0.211,0.04,ENSG00000154217_unmod
ENSG00000170876,0.185,0.04,ENSG00000170876_unmod
ENSG00000117472,-0.818,0.04,ENSG00000117472_unmod
ENSG00000136243,0.239,0.04,ENSG00000136243_unmod
ENSG00000126698,0.198,0.04,ENSG00000126698_unmod
ENSG00000148719,0.292,0.04,ENSG00000148719_unmod
ENSG00000126602,0.302,0.04,ENSG00000126602_unmod
ENSG00000168505,1.16,0.04,ENSG00000168505_unmod
ENSG00000103502,0.234,0.04,ENSG00000103502_unmod
ENSG00000139131,0.337,0.04,ENSG00000139131_unmod
ENSG00000156398,0.419,0.04,ENSG00000156398_unmod
ENSG00000139579,0.192,0.04,ENSG00000139579_unmod
ENSG00000172432,-0.214,0.04,ENSG00000172432_unmod
ENSG00000091490,-0.178,0.04,ENSG00000091490_unmod
ENSG00000167861,-0.378,0.04,ENSG00000167861_unmod
ENSG00000163013,0.357,0.04,ENSG00000163013_unmod
ENSG00000117758,0.312,0.04,ENSG00000117758_unmod
ENSG00000196284,0.434,0.04,ENSG00000196284_unmod
ENSG00000074054,0.192,0.04,ENSG00000074054_unmod
ENSG00000198435,0.454,0.04,ENSG00000198435_unmod
ENSG00000021776,0.165,0.04,ENSG00000021776_unmod
ENSG00000168872,-0.452,0.04,ENSG00000168872_unmod
ENSG00000133872,-0.244,0.04,ENSG00000133872_unmod
ENSG00000172000,0.609,0.04,ENSG00000172000_unmod
ENSG00000145425,0.19,0.04,ENSG00000145425_unmod
ENSG00000143669,0.223,0.04,ENSG00000143669_unmod
ENSG00000000457,-0.407,0.04,ENSG00000000457_unmod
ENSG00000206828,-0.687,0.04,ENSG00000206828_unmod
ENSG00000027075,-0.598,0.04,ENSG00000027075_unmod
ENSG00000118495,-0.183,0.04,ENSG00000118495_unmod
ENSG00000050820,-0.397,0.04,ENSG00000050820_unmod
ENSG00000055208,0.194,0.04,ENSG00000055208_unmod
ENSG00000108679,0.126,0.04,ENSG00000108679_unmod
ENSG00000100564,0.569,0.04,ENSG00000100564_unmod
ENSG00000171612,0.447,0.04,ENSG00000171612_unmod
ENSG00000166797,-0.291,0.04,ENSG00000166797_unmod
ENSG00000124181,-0.232,0.04,ENSG00000124181_unmod
ENSG00000139514,0.133,0.04,ENSG00000139514_unmod
ENSG00000186174,-0.161,0.04,ENSG00000186174_unmod
ENSG00000119986,0.282,0.04,ENSG00000119986_unmod
ENSG00000168092,0.182,0.04,ENSG00000168092_unmod
ENSG00000089351,0.225,0.04,ENSG00000089351_unmod
ENSG00000130382,-0.246,0.04,ENSG00000130382_unmod
ENSG00000082805,-0.176,0.04,ENSG00000082805_unmod
ENSG00000002834,0.123,0.04,ENSG00000002834_unmod
ENSG00000167524,0.557,0.04,ENSG00000167524_unmod
ENSG00000086065,-0.328,0.04,ENSG00000086065_unmod
ENSG00000131584,-0.3,0.04,ENSG00000131584_unmod
ENSG00000108771,-0.4,0.04,ENSG00000108771_unmod
ENSG00000174721,-0.721,0.04,ENSG00000174721_unmod
ENSG00000105708,0.707,0.04,ENSG00000105708_unmod
ENSG00000151665,0.606,0.04,ENSG00000151665_unmod
ENSG00000134970,-0.17,0.04,ENSG00000134970_unmod
ENSG00000212978,-0.431,0.04,ENSG00000212978_unmod
ENSG00000245937,0.329,0.04,ENSG00000245937_unmod
ENSG00000177614,-0.944,0.04,ENSG00000177614_unmod
ENSG00000063322,0.231,0.04,ENSG00000063322_unmod
ENSG00000151490,-0.561,0.04,ENSG00000151490_unmod
ENSG00000168792,-0.416,0.04,ENSG00000168792_unmod
ENSG00000198830,-0.27,0.04,ENSG00000198830_unmod
ENSG00000136811,-0.218,0.04,ENSG00000136811_unmod
ENSG00000196998,-0.23,0.04,ENSG00000196998_unmod
ENSG00000183741,-0.257,0.04,ENSG00000183741_unmod
ENSG00000180370,0.164,0.04,ENSG00000180370_unmod
ENSG00000146555,-0.585,0.04,ENSG00000146555_unmod
ENSG00000084676,-0.255,0.04,ENSG00000084676_unmod
ENSG00000167972,0.376,0.04,ENSG00000167972_unmod
ENSG00000154265,-0.28,0.04,ENSG00000154265_unmod
ENSG00000273329,0.618,0.04,ENSG00000273329_unmod
ENSG00000228474,0.231,0.04,ENSG00000228474_unmod
ENSG00000233608,-0.322,0.04,ENSG00000233608_unmod
ENSG00000143624,-0.201,0.04,ENSG00000143624_unmod
ENSG00000148842,0.293,0.04,ENSG00000148842_unmod
ENSG00000257621,-0.36,0.04,ENSG00000257621_unmod
ENSG00000205413,-0.202,0.04,ENSG00000205413_unmod
ENSG00000107890,-0.302,0.04,ENSG00000107890_unmod
ENSG00000215717,0.306,0.04,ENSG00000215717_unmod
ENSG00000121621,0.215,0.04,ENSG00000121621_unmod
ENSG00000140961,-0.272,0.04,ENSG00000140961_unmod
ENSG00000006757,0.425,0.04,ENSG00000006757_unmod
ENSG00000120963,0.307,0.04,ENSG00000120963_unmod
ENSG00000156110,-0.241,0.04,ENSG00000156110_unmod
ENSG00000100473,-0.422,0.04,ENSG00000100473_unmod
ENSG00000198720,0.196,0.04,ENSG00000198720_unmod
ENSG00000159267,-0.282,0.04,ENSG00000159267_unmod
ENSG00000109654,-0.22,0.04,ENSG00000109654_unmod
ENSG00000158163,-0.533,0.04,ENSG00000158163_unmod
ENSG00000177732,0.287,0.04,ENSG00000177732_unmod
ENSG00000013810,-0.356,0.04,ENSG00000013810_unmod
ENSG00000142684,0.349,0.04,ENSG00000142684_unmod
ENSG00000197345,0.263,0.04,ENSG00000197345_unmod
ENSG00000162819,-0.143,0.04,ENSG00000162819_unmod
ENSG00000117602,-0.382,0.04,ENSG00000117602_unmod
ENSG00000013503,0.274,0.04,ENSG00000013503_unmod
ENSG00000185049,0.322,0.04,ENSG00000185049_unmod
ENSG00000122042,0.275,0.04,ENSG00000122042_unmod
ENSG00000163378,-0.234,0.04,ENSG00000163378_unmod
ENSG00000176046,-0.373,0.04,ENSG00000176046_unmod
ENSG00000159082,-0.259,0.04,ENSG00000159082_unmod
ENSG00000119326,-0.276,0.04,ENSG00000119326_unmod
ENSG00000119547,0.215,0.04,ENSG00000119547_unmod
ENSG00000101236,-0.186,0.04,ENSG00000101236_unmod
ENSG00000166033,-0.302,0.04,ENSG00000166033_unmod
ENSG00000109534,0.34,0.04,ENSG00000109534_unmod
ENSG00000160691,-0.199,0.04,ENSG00000160691_unmod
ENSG00000115267,-0.338,0.04,ENSG00000115267_unmod
ENSG00000025708,-0.36,0.04,ENSG00000025708_unmod
ENSG00000117676,0.304,0.04,ENSG00000117676_unmod
ENSG00000152253,-0.381,0.05,ENSG00000152253_unmod
ENSG00000057657,-0.495,0.05,ENSG00000057657_unmod
ENSG00000111424,-0.305,0.05,ENSG00000111424_unmod
ENSG00000180448,-0.365,0.05,ENSG00000180448_unmod
ENSG00000123200,0.263,0.05,ENSG00000123200_unmod
ENSG00000164096,-0.335,0.05,ENSG00000164096_unmod
ENSG00000269940,-0.847,0.05,ENSG00000269940_unmod
ENSG00000175426,-0.4,0.05,ENSG00000175426_unmod
ENSG00000115947,0.262,0.05,ENSG00000115947_unmod
ENSG00000121690,0.598,0.05,ENSG00000121690_unmod
ENSG00000270885,0.387,0.05,ENSG00000270885_unmod
ENSG00000172123,0.371,0.05,ENSG00000172123_unmod
ENSG00000271503,-0.527,0.05,ENSG00000271503_unmod
ENSG00000126561,-0.316,0.05,ENSG00000126561_unmod
ENSG00000135047,-0.288,0.05,ENSG00000135047_unmod
ENSG00000117616,-0.322,0.05,ENSG00000117616_unmod
ENSG00000189050,0.374,0.05,ENSG00000189050_unmod
ENSG00000261618,-1.134,0.05,ENSG00000261618_unmod
ENSG00000174951,-0.765,0.05,ENSG00000174951_unmod
ENSG00000185507,-0.724,0.05,ENSG00000185507_unmod
ENSG00000156463,-0.198,0.05,ENSG00000156463_unmod
ENSG00000064651,0.198,0.05,ENSG00000064651_unmod
ENSG00000154359,-0.951,0.05,ENSG00000154359_unmod
ENSG00000092820,0.183,0.05,ENSG00000092820_unmod
ENSG00000198538,0.33,0.05,ENSG00000198538_unmod
ENSG00000136982,-0.453,0.05,ENSG00000136982_unmod
ENSG00000140987,0.358,0.05,ENSG00000140987_unmod
ENSG00000099810,0.194,0.05,ENSG00000099810_unmod
ENSG00000147854,0.19,0.05,ENSG00000147854_unmod
ENSG00000128534,-0.328,0.05,ENSG00000128534_unmod
ENSG00000120885,-0.15,0.05,ENSG00000120885_unmod
ENSG00000107771,-0.216,0.05,ENSG00000107771_unmod
ENSG00000162599,0.171,0.05,ENSG00000162599_unmod
ENSG00000130731,0.294,0.05,ENSG00000130731_unmod
ENSG00000176907,-0.358,0.05,ENSG00000176907_unmod
ENSG00000285976,-0.29,0.05,ENSG00000285976_unmod
ENSG00000125863,0.406,0.05,ENSG00000125863_unmod
ENSG00000163743,0.376,0.05,ENSG00000163743_unmod
ENSG00000105245,-0.182,0.05,ENSG00000105245_unmod
ENSG00000163888,-1.093,0.05,ENSG00000163888_unmod
ENSG00000143162,0.186,0.05,ENSG00000143162_unmod
ENSG00000144579,-0.24,0.05,ENSG00000144579_unmod
ENSG00000153179,0.213,0.05,ENSG00000153179_unmod
ENSG00000178904,0.222,0.05,ENSG00000178904_unmod
ENSG00000100949,0.355,0.05,ENSG00000100949_unmod
ENSG00000170962,0.701,0.05,ENSG00000170962_unmod
ENSG00000141858,-0.222,0.05,ENSG00000141858_unmod
ENSG00000067606,-0.379,0.05,ENSG00000067606_unmod
ENSG00000154358,-0.272,0.05,ENSG00000154358_unmod
ENSG00000171621,-0.202,0.05,ENSG00000171621_unmod
ENSG00000125843,0.485,0.05,ENSG00000125843_unmod
ENSG00000116690,-0.379,0.05,ENSG00000116690_unmod
ENSG00000179954,-0.392,0.05,ENSG00000179954_unmod
ENSG00000160298,-0.463,0.05,ENSG00000160298_unmod
ENSG00000197892,-0.433,0.05,ENSG00000197892_unmod
ENSG00000135862,0.137,0.05,ENSG00000135862_unmod
ENSG00000246082,0.774,0.05,ENSG00000246082_unmod
ENSG00000060762,0.387,0.05,ENSG00000060762_unmod
ENSG00000131069,0.344,0.05,ENSG00000131069_unmod
ENSG00000103343,0.471,0.05,ENSG00000103343_unmod
ENSG00000272808,-0.689,0.05,ENSG00000272808_unmod
ENSG00000142677,-0.873,0.05,ENSG00000142677_unmod
ENSG00000152409,0.23,0.05,ENSG00000152409_unmod
ENSG00000118420,0.518,0.05,ENSG00000118420_unmod
ENSG00000108298,0.152,0.05,ENSG00000108298_unmod
ENSG00000151687,-0.89,0.05,ENSG00000151687_unmod
ENSG00000142168,-0.317,0.05,ENSG00000142168_unmod
ENSG00000115211,0.281,0.05,ENSG00000115211_unmod
ENSG00000113712,-0.274,0.05,ENSG00000113712_unmod
ENSG00000215883,0.471,0.05,ENSG00000215883_unmod
ENSG00000243232,-0.33,0.05,ENSG00000243232_unmod
ENSG00000025770,-0.382,0.05,ENSG00000025770_unmod
ENSG00000124333,0.192,0.05,ENSG00000124333_unmod
ENSG00000173611,0.268,0.05,ENSG00000173611_unmod
ENSG00000138035,0.242,0.05,ENSG00000138035_unmod
ENSG00000159346,0.176,0.05,ENSG00000159346_unmod
ENSG00000132275,0.244,0.05,ENSG00000132275_unmod
ENSG00000105443,-0.263,0.05,ENSG00000105443_unmod
ENSG00000170315,-0.397,0.05,ENSG00000170315_unmod
ENSG00000150477,-0.384,0.05,ENSG00000150477_unmod
ENSG00000136826,-0.186,0.05,ENSG00000136826_unmod
ENSG00000134744,0.191,0.05,ENSG00000134744_unmod
ENSG00000139826,0.284,0.05,ENSG00000139826_unmod
ENSG00000175727,0.275,0.05,ENSG00000175727_unmod
ENSG00000170955,-0.351,0.05,ENSG00000170955_unmod
ENSG00000112769,-0.193,0.05,ENSG00000112769_unmod
ENSG00000101290,0.268,0.05,ENSG00000101290_unmod
ENSG00000116273,-0.392,0.05,ENSG00000116273_unmod
ENSG00000011028,-0.273,0.05,ENSG00000011028_unmod
ENSG00000198952,0.186,0.05,ENSG00000198952_unmod
ENSG00000092929,0.199,0.05,ENSG00000092929_unmod
ENSG00000142627,-0.25,0.05,ENSG00000142627_unmod
ENSG00000077782,-0.184,0.05,ENSG00000077782_unmod
ENSG00000106367,0.217,0.05,ENSG00000106367_unmod
ENSG00000276966,-0.45,0.05,ENSG00000276966_unmod
ENSG00000157657,0.519,0.05,ENSG00000157657_unmod
ENSG00000183826,0.426,0.05,ENSG00000183826_unmod
ENSG00000157540,0.158,0.05,ENSG00000157540_unmod
ENSG00000135723,-0.298,0.05,ENSG00000135723_unmod
ENSG00000196090,-1.141,0.05,ENSG00000196090_unmod
ENSG00000173588,0.385,0.05,ENSG00000173588_unmod
ENSG00000274210,-0.59,0.05,ENSG00000274210_unmod
ENSG00000197299,-0.215,0.05,ENSG00000197299_unmod
ENSG00000138768,-0.194,0.05,ENSG00000138768_unmod
ENSG00000130449,0.179,0.05,ENSG00000130449_unmod
ENSG00000259207,-0.506,0.05,ENSG00000259207_unmod
ENSG00000104388,0.186,0.05,ENSG00000104388_unmod
ENSG00000162972,-0.457,0.05,ENSG00000162972_unmod
ENSG00000008294,-0.214,0.05,ENSG00000008294_unmod
ENSG00000166226,0.194,0.05,ENSG00000166226_unmod
ENSG00000251493,-0.77,0.05,ENSG00000251493_unmod
ENSG00000237686,-0.538,0.05,ENSG00000237686_unmod
ENSG00000128567,-0.156,0.05,ENSG00000128567_unmod
ENSG00000188760,-0.763,0.05,ENSG00000188760_unmod
ENSG00000169692,-0.334,0.05,ENSG00000169692_unmod
ENSG00000153823,-0.202,0.05,ENSG00000153823_unmod
ENSG00000147133,-0.222,0.05,ENSG00000147133_unmod
ENSG00000154654,-0.557,0.05,ENSG00000154654_unmod
ENSG00000132825,0.398,0.05,ENSG00000132825_unmod
ENSG00000174574,-0.166,0.05,ENSG00000174574_unmod
ENSG00000121879,-0.227,0.05,ENSG00000121879_unmod
ENSG00000150593,-0.268,0.05,ENSG00000150593_unmod
ENSG00000099940,-0.252,0.05,ENSG00000099940_unmod
ENSG00000093167,-0.219,0.05,ENSG00000093167_unmod
ENSG00000156531,0.151,0.05,ENSG00000156531_unmod
ENSG00000183671,-1.23,0.05,ENSG00000183671_unmod
ENSG00000163528,0.364,0.05,ENSG00000163528_unmod
ENSG00000102309,-0.51,0.05,ENSG00000102309_unmod
ENSG00000168137,0.141,0.05,ENSG00000168137_unmod
ENSG00000225138,-0.356,0.05,ENSG00000225138_unmod
ENSG00000278463,-0.572,0.05,ENSG00000278463_unmod
ENSG00000169116,-1.19,0.05,ENSG00000169116_unmod
ENSG00000268001,-0.881,0.05,ENSG00000268001_unmod
ENSG00000183137,-0.396,0.05,ENSG00000183137_unmod
ENSG00000013583,-0.342,0.05,ENSG00000013583_unmod
ENSG00000120696,0.442,0.05,ENSG00000120696_unmod
ENSG00000161542,-0.347,0.05,ENSG00000161542_unmod
ENSG00000156697,0.22,0.05,ENSG00000156697_unmod
ENSG00000261420,1.541,0.05,ENSG00000261420_unmod
ENSG00000126883,0.13,0.05,ENSG00000126883_unmod
ENSG00000118997,-0.694,0.05,ENSG00000118997_unmod
ENSG00000167797,-0.175,0.05,ENSG00000167797_unmod
ENSG00000214756,0.723,0.05,ENSG00000214756_unmod
ENSG00000126653,-0.405,0.05,ENSG00000126653_unmod
ENSG00000111432,-1.049,0.05,ENSG00000111432_unmod
ENSG00000185386,-0.623,0.05,ENSG00000185386_unmod
ENSG00000204219,-1.156,0.05,ENSG00000204219_unmod
ENSG00000140939,-0.408,0.05,ENSG00000140939_unmod
ENSG00000140479,0.348,0.05,ENSG00000140479_unmod
ENSG00000100796,0.186,0.05,ENSG00000100796_unmod
ENSG00000181722,0.215,0.05,ENSG00000181722_unmod
ENSG00000184564,-1.189,0.05,ENSG00000184564_unmod
ENSG00000054967,-0.3,0.05,ENSG00000054967_unmod
ENSG00000143748,0.244,0.05,ENSG00000143748_unmod
ENSG00000165527,0.16,0.05,ENSG00000165527_unmod
ENSG00000173482,-0.235,0.05,ENSG00000173482_unmod
ENSG00000138231,-0.289,0.05,ENSG00000138231_unmod
ENSG00000146731,0.228,0.05,ENSG00000146731_unmod
ENSG00000134668,-0.264,0.05,ENSG00000134668_unmod
ENSG00000105819,0.165,0.05,ENSG00000105819_unmod
ENSG00000156639,-0.237,0.05,ENSG00000156639_unmod
ENSG00000092108,-0.206,0.05,ENSG00000092108_unmod
ENSG00000225630,1.151,0.05,ENSG00000225630_unmod
ENSG00000182963,-0.166,0.05,ENSG00000182963_unmod
ENSG00000158747,-0.297,0.05,ENSG00000158747_unmod
