comp_name,rna1,rna2,rna3,rna4,rna5,rna6,rna7,rna8,rna9,rna10,rna11,rna12,rna13,rna14,rna15,rna16,rna17,rna18,rna19,rna20,rna21,rna22,rna23,rna24,rna25,rna26,rna27,rna28,rna29,rna30,rna31,rna32,rna33,rna34,rna35,rna36,rna37,rna38,rna39,rna40,rna41,rna42,log2FC,off_target
ENSG00000000003_amide,1,4,5,6,3,1,4,4,2,1,4,1,4,4,1,3,3,1,3,1,4,2,2,1,4,1,3,3,1,1,4,1,4,3,1,1,4,4,4,2,2,1,-0.1571126435579587,0
ENSG00000000003_gna,1,4,1,3,3,1,7,4,2,1,4,1,4,4,1,3,3,1,3,1,4,2,2,1,4,1,3,3,1,1,4,1,4,3,1,1,4,4,4,2,2,1,-0.1364120106308341,0
ENSG00000000003_unmod,1,4,1,3,3,1,4,4,2,1,4,1,4,4,1,3,3,1,3,1,4,2,2,1,4,1,3,3,1,1,4,1,4,3,1,1,4,4,4,2,2,1,-0.2557408344846505,1
ENSG00000000419_amide,1,4,5,6,3,1,4,4,2,1,4,1,4,4,1,3,3,1,3,1,4,4,1,4,1,4,1,4,1,1,4,1,4,3,1,1,4,1,4,1,4,1,0.1109022646813991,0
ENSG00000000419_gna,1,4,1,3,3,1,7,4,2,1,4,1,4,4,1,3,3,1,3,1,4,4,1,4,1,4,1,4,1,1,4,1,4,3,1,1,4,1,4,1,4,1,0.1910550955747483,0
ENSG00000000419_unmod,1,4,1,3,3,1,4,4,2,1,4,1,4,4,1,3,3,1,3,1,4,4,1,4,1,4,1,4,1,1,4,1,4,3,1,1,4,1,4,1,4,1,0.2017312257512037,0
ENSG00000000457_amide,1,4,5,6,3,1,4,4,2,1,4,1,4,4,1,3,3,1,3,1,4,1,3,3,1,2,2,4,1,1,4,1,4,3,2,1,3,3,3,1,1,1,-0.0909509117958481,0
ENSG00000000457_gna,1,4,1,3,3,1,7,4,2,1,4,1,4,4,1,3,3,1,3,1,4,1,3,3,1,2,2,4,1,1,4,1,4,3,2,1,3,3,3,1,1,1,0.1132813242276574,0
ENSG00000000457_unmod,1,4,1,3,3,1,4,4,2,1,4,1,4,4,1,3,3,1,3,1,4,1,3,3,1,2,2,4,1,1,4,1,4,3,2,1,3,3,3,1,1,1,0.4518145951421376,1
ENSG00000000460_amide,1,4,5,6,3,1,4,4,2,1,4,1,4,4,1,3,3,1,3,1,4,3,4,2,4,2,2,4,1,1,4,1,4,3,1,4,3,2,1,2,2,1,-0.0794189797222298,0
ENSG00000000460_gna,1,4,1,3,3,1,7,4,2,1,4,1,4,4,1,3,3,1,3,1,4,3,4,2,4,2,2,4,1,1,4,1,4,3,1,4,3,2,1,2,2,1,-0.0183689646383295,0
