comp_name,log2FC,resi6_N6
ENSG00000000003_unmod,-0.2557,1.1337579488754272
ENSG00000000419_unmod,0.2017,0.2886362671852112
ENSG00000000457_unmod,0.4518,1.5402123928070068
ENSG00000000460_unmod,0.0926,2.3242506980895996
ENSG00000000971_unmod,0.4337,0.6996608376502991
ENSG00000001036_unmod,0.0301,1.5642539262771606
ENSG00000001084_unmod,0.0606,0.5760475993156433
ENSG00000001167_unmod,0.3662,0.5568365454673767
ENSG00000001460_unmod,0.1441,0.30333971977233887
ENSG00000001461_unmod,-0.7095,0.5871312022209167
ENSG00000001497_unmod,-0.1232,1.8522230386734009
ENSG00000001617_unmod,0.2273,0.6862346529960632
ENSG00000001629_unmod,0.1826,1.1586966514587402
ENSG00000001631_unmod,0.1752,0.7882391214370728
ENSG00000002016_unmod,0.1238,0.41196396946907043
ENSG00000002330_unmod,0.2727,1.1597291231155396
ENSG00000002549_unmod,0.0093,1.1024364233016968
ENSG00000002586_unmod,0.1117,0.7858685851097107
ENSG00000002746_unmod,-0.0081,0.21812599897384644
ENSG00000002834_unmod,-0.0881,1.0801489353179932
ENSG00000002919_unmod,-0.2988,2.055710554122925
ENSG00000003056_unmod,0.4564,0.9572567939758301
ENSG00000003096_unmod,-0.3336,2.3254153728485107
ENSG00000003137_unmod,0.6146,0.39056506752967834
ENSG00000003249_unmod,0.0574,2.27628755569458
ENSG00000003393_unmod,0.1662,1.8653711080551147
ENSG00000003400_unmod,0.2976,1.404038906097412
ENSG00000003402_unmod,0.1228,0.8939770460128784
ENSG00000003436_unmod,0.4039,0.75008624792099
ENSG00000003509_unmod,0.0483,0.8650692701339722
ENSG00000003756_unmod,0.1451,0.9314109683036804
ENSG00000003989_unmod,-0.3661,0.692312479019165
ENSG00000004059_unmod,0.1099,1.376157522201538
ENSG00000004139_unmod,0.0051,0.8053879737854004
ENSG00000004142_unmod,0.014,0.6313053369522095
ENSG00000004399_unmod,-0.1483,2.4438467025756836
ENSG00000004455_unmod,-0.649,0.5631660223007202
ENSG00000004478_unmod,-0.0999,0.10586988180875778
ENSG00000004487_unmod,-0.1666,1.025342345237732
ENSG00000004534_unmod,0.2778,0.19834156334400177
ENSG00000004660_unmod,0.1615,0.9847888946533203
ENSG00000004700_unmod,0.7527,0.6067654490470886
ENSG00000004766_unmod,0.1352,1.1035284996032715
ENSG00000004777_unmod,0.857,1.0053807497024536
ENSG00000004779_unmod,0.1858,2.093590259552002
ENSG00000004799_unmod,-0.1693,1.0335235595703125
ENSG00000004864_unmod,-0.1471,2.3086965084075928
ENSG00000004866_unmod,-0.39,1.7361598014831543
ENSG00000004897_unmod,0.0027,0.6065722703933716
ENSG00000004961_unmod,-0.1221,0.6495538353919983
ENSG00000004975_unmod,0.1536,0.982197642326355
ENSG00000005007_unmod,0.0173,0.8876499533653259
ENSG00000005020_unmod,0.3872,1.158758521080017
ENSG00000005022_unmod,0.0383,2.463846445083618
ENSG00000005059_unmod,0.1829,0.9989122152328491
ENSG00000005073_unmod,-0.1007,1.1739689111709595
ENSG00000005075_unmod,0.0969,1.1424989700317383
ENSG00000005100_unmod,-0.2748,2.26560378074646
ENSG00000005102_unmod,0.1279,0.7577178478240967
ENSG00000005156_unmod,-0.2259,1.3997997045516968
ENSG00000005175_unmod,-0.4354,0.3430977463722229
ENSG00000005189_unmod,0.7633,0.8625497817993164
ENSG00000005194_unmod,-0.1191,2.0080721378326416
ENSG00000005206_unmod,0.0297,0.33208054304122925
ENSG00000005238_unmod,0.1844,1.5077623128890991
ENSG00000005243_unmod,0.5894,0.466917484998703
ENSG00000005302_unmod,0.6392,0.47040271759033203
ENSG00000005339_unmod,0.2292,1.3393559455871582
ENSG00000005436_unmod,0.2151,2.0406134128570557
ENSG00000005448_unmod,0.1067,0.6742019653320312
ENSG00000005469_unmod,-0.1848,0.6649859547615051
ENSG00000005483_unmod,-0.1899,1.7670648097991943
ENSG00000005486_unmod,0.0388,2.1368298530578613
ENSG00000005700_unmod,0.2571,0.9226627945899963
ENSG00000005801_unmod,-0.3136,2.6867988109588623
ENSG00000005810_unmod,-0.1575,2.7668697834014893
ENSG00000005812_unmod,0.2455,1.3816651105880737
ENSG00000005882_unmod,0.0318,1.2105251550674438
ENSG00000005884_unmod,0.1736,0.7133973240852356
ENSG00000005889_unmod,0.0024,0.9199798107147217
ENSG00000005893_unmod,-0.1181,0.9176133275032043
ENSG00000006007_unmod,-0.1029,1.068387746810913
ENSG00000006015_unmod,-0.1187,1.8473381996154785
ENSG00000006016_unmod,0.6175,1.5740978717803955
ENSG00000006025_unmod,0.2816,0.9318985939025879
ENSG00000006062_unmod,-0.2083,0.1169898733496666
ENSG00000006071_unmod,0.5526,2.3110451698303223
ENSG00000006118_unmod,0.3511,0.9584221243858337
ENSG00000006125_unmod,0.0093,2.438432455062866
ENSG00000006194_unmod,-0.4246,0.4739353656768799
ENSG00000006282_unmod,-0.0436,0.9515772461891174
ENSG00000006283_unmod,0.7493,0.620917558670044
ENSG00000006327_unmod,0.0184,1.4705791473388672
ENSG00000006432_unmod,-0.2512,1.3624467849731445
ENSG00000006451_unmod,0.3363,1.922399640083313
ENSG00000006453_unmod,0.3496,0.26391899585723877
ENSG00000006459_unmod,0.009,3.2955245971679688
ENSG00000006468_unmod,-0.0009,0.3169121742248535
ENSG00000006530_unmod,-0.5226,1.856596827507019
ENSG00000006534_unmod,-0.0486,0.6310931444168091
ENSG00000006576_unmod,0.0131,0.6246507167816162
ENSG00000006607_unmod,-0.0418,2.8443822860717773
ENSG00000006625_unmod,0.4075,1.450850486755371
ENSG00000006634_unmod,0.1272,0.4935128688812256
ENSG00000006638_unmod,0.2781,0.5677281022071838
ENSG00000006652_unmod,-0.1577,2.5683343410491943
ENSG00000006695_unmod,-0.2083,1.1036715507507324
ENSG00000006704_unmod,0.0523,0.4059429466724396
ENSG00000006712_unmod,0.0226,0.8948297500610352
ENSG00000006715_unmod,0.192,0.4451166093349457
ENSG00000006740_unmod,0.021,0.9865842461585999
ENSG00000006744_unmod,-0.0723,0.16340439021587372
ENSG00000006757_unmod,-0.3913,1.7823927402496338
ENSG00000006831_unmod,0.1153,2.6733291149139404
ENSG00000007038_unmod,0.0042,1.185335636138916
ENSG00000007047_unmod,0.5035,0.4217621982097626
ENSG00000007080_unmod,0.3705,0.8937181234359741
ENSG00000007168_unmod,0.1918,2.161454439163208
ENSG00000007202_unmod,-0.1303,1.5618785619735718
ENSG00000007237_unmod,-0.174,1.409059762954712
ENSG00000007341_unmod,-0.1537,2.3750548362731934
ENSG00000007372_unmod,0.4583,1.5733627080917358
ENSG00000007376_unmod,-0.4117,0.7259323000907898
ENSG00000007384_unmod,0.5196,1.3090155124664307
ENSG00000007392_unmod,-0.0266,0.13932247459888458
ENSG00000007520_unmod,-0.0803,1.330678939819336
ENSG00000007541_unmod,0.1096,2.1646058559417725
ENSG00000007545_unmod,0.305,0.7638936638832092
ENSG00000007866_unmod,0.0646,2.0846359729766846
ENSG00000007923_unmod,-0.2484,0.5001117587089539
ENSG00000007944_unmod,0.024,1.3725162744522095
ENSG00000007968_unmod,1.1598,1.0135890245437622
ENSG00000008018_unmod,0.0648,0.25575941801071167
ENSG00000008083_unmod,-0.0818,0.4352920949459076
ENSG00000008086_unmod,0.3407,1.863524317741394
ENSG00000008130_unmod,0.2666,0.7379643321037292
ENSG00000008256_unmod,-0.3412,0.8775603771209717
ENSG00000008277_unmod,0.1158,2.0502195358276367
ENSG00000008282_unmod,-0.1104,1.9541776180267334
ENSG00000008283_unmod,0.1325,1.4770833253860474
ENSG00000008294_unmod,0.2515,0.6222559809684753
ENSG00000008300_unmod,-0.3711,0.4641476273536682
ENSG00000008311_unmod,-0.2239,0.44986215233802795
ENSG00000008324_unmod,0.0448,0.7390249967575073
ENSG00000008394_unmod,-0.2105,1.33225417137146
ENSG00000008405_unmod,0.0531,0.5571326017379761
ENSG00000008441_unmod,-0.0322,1.6027982234954834
ENSG00000008513_unmod,0.101,0.03561012074351311
ENSG00000008517_unmod,0.0697,0.966823935508728
ENSG00000008710_unmod,0.1739,0.9899126887321472
ENSG00000008735_unmod,0.5789,0.8981663584709167
ENSG00000008838_unmod,-0.0497,1.0363357067108154
ENSG00000008853_unmod,-0.0131,1.1875625848770142
ENSG00000008869_unmod,0.2138,1.151512622833252
ENSG00000008952_unmod,-0.3742,0.6188426613807678
ENSG00000008988_unmod,-0.0448,0.9132696986198425
ENSG00000009307_unmod,0.0317,2.0968377590179443
ENSG00000009335_unmod,0.5718,0.6085956692695618
ENSG00000009413_unmod,0.1117,0.7802178859710693
ENSG00000009780_unmod,0.1065,0.9458918571472168
ENSG00000009830_unmod,-0.0295,0.31283262372016907
ENSG00000009844_unmod,-0.3769,1.2066171169281006
ENSG00000009950_unmod,0.1577,0.5473734736442566
ENSG00000009954_unmod,0.2486,3.2690742015838623
ENSG00000010017_unmod,-0.0606,0.5455959439277649
ENSG00000010072_unmod,-0.2006,1.3005470037460327
ENSG00000010165_unmod,0.3199,0.09925277531147003
ENSG00000010219_unmod,-0.0712,0.32748520374298096
ENSG00000010244_unmod,-0.1213,1.4036424160003662
ENSG00000010256_unmod,0.2311,0.32886287569999695
ENSG00000010270_unmod,0.5849,0.4578014016151428
ENSG00000010278_unmod,0.0731,0.8865987658500671
ENSG00000010292_unmod,0.237,0.3316345810890198
ENSG00000010322_unmod,-0.2508,0.4268297553062439
ENSG00000010361_unmod,0.0337,0.16257603466510773
ENSG00000010404_unmod,0.0524,0.5372521877288818
ENSG00000010539_unmod,-0.1233,0.8401944637298584
ENSG00000010704_unmod,0.4009,0.49785658717155457
ENSG00000010803_unmod,0.1769,1.5231776237487793
ENSG00000010810_unmod,-0.6621,0.7453515529632568
ENSG00000010818_unmod,0.2639,0.5749692916870117
ENSG00000011007_unmod,-0.1631,0.9905937314033508
ENSG00000011009_unmod,0.1785,2.131382465362549
ENSG00000011021_unmod,-0.2679,1.05545175075531
ENSG00000011028_unmod,0.3149,1.1397961378097534
ENSG00000011105_unmod,0.1357,1.528415560722351
ENSG00000011114_unmod,-0.0808,0.41209012269973755
ENSG00000011132_unmod,0.0493,2.0294923782348633
ENSG00000011143_unmod,-0.0121,1.0861387252807617
ENSG00000011198_unmod,-0.0892,0.8594110608100891
ENSG00000011201_unmod,0.0251,0.38103172183036804
ENSG00000011243_unmod,-0.0346,0.7137744426727295
ENSG00000011258_unmod,-0.3026,0.7956109046936035
ENSG00000011260_unmod,-0.5534,1.7383291721343994
ENSG00000011275_unmod,-0.0309,0.45545294880867004
ENSG00000011295_unmod,0.1162,0.7857966423034668
ENSG00000011304_unmod,0.0628,1.0378772020339966
ENSG00000011376_unmod,-0.315,1.4636818170547485
ENSG00000011405_unmod,-0.7147,1.6037100553512573
ENSG00000011422_unmod,0.5059,0.7501835823059082
ENSG00000011426_unmod,0.3628,0.36859631538391113
ENSG00000011451_unmod,-0.1236,1.7317771911621094
ENSG00000011454_unmod,-0.0073,1.0967978239059448
ENSG00000011465_unmod,0.1712,1.0788248777389526
ENSG00000011485_unmod,0.0773,1.449164628982544
ENSG00000011523_unmod,-0.4284,0.9049387574195862
ENSG00000011566_unmod,-0.1623,0.5538216233253479
ENSG00000011638_unmod,0.3706,0.9781454801559448
ENSG00000011677_unmod,0.0629,0.8427755832672119
ENSG00000012048_unmod,0.5761,2.237607002258301
ENSG00000012061_unmod,0.261,0.43498218059539795
ENSG00000012171_unmod,-0.0907,1.5999771356582642
ENSG00000012174_unmod,0.1357,0.4227864444255829
ENSG00000012211_unmod,-0.4364,0.6833706498146057
ENSG00000012232_unmod,0.0176,1.422339677810669
ENSG00000012660_unmod,-0.063,2.551588535308838
ENSG00000012822_unmod,0.2335,0.8450123071670532
ENSG00000012963_unmod,0.0535,2.135406017303467
ENSG00000012983_unmod,0.0776,0.3935434818267822
ENSG00000013275_unmod,0.0485,1.259812831878662
ENSG00000013288_unmod,0.0573,0.4681743383407593
ENSG00000013306_unmod,-0.0268,0.8177896738052368
ENSG00000013364_unmod,0.0989,2.048381805419922
ENSG00000013374_unmod,0.1698,0.9355103969573975
ENSG00000013375_unmod,0.3832,0.33236539363861084
ENSG00000013392_unmod,0.3421,0.3782423436641693
ENSG00000013441_unmod,0.1522,0.6605432033538818
ENSG00000013503_unmod,-0.2214,0.52340167760849
ENSG00000013523_unmod,-0.4935,0.8308236598968506
ENSG00000013561_unmod,0.1257,0.7489830255508423
ENSG00000013563_unmod,0.6371,1.1300607919692993
ENSG00000013573_unmod,0.2418,0.720678985118866
ENSG00000013583_unmod,0.3895,2.3797245025634766
ENSG00000013588_unmod,-0.43,0.8382224440574646
ENSG00000013619_unmod,-0.5832,12.552770614624023
ENSG00000013810_unmod,0.3997,1.505780816078186
ENSG00000014123_unmod,0.2279,1.9377634525299072
ENSG00000014138_unmod,0.5256,0.6408373117446899
ENSG00000014164_unmod,0.2171,0.44042471051216125
ENSG00000014216_unmod,0.4356,1.6100038290023804
ENSG00000014641_unmod,-0.0091,0.7452580332756042
ENSG00000014824_unmod,-0.1358,1.3028895854949951
ENSG00000014914_unmod,0.418,1.5525097846984863
ENSG00000014919_unmod,-0.212,0.5039548873901367
ENSG00000015133_unmod,-0.194,0.7621075510978699
ENSG00000015153_unmod,-0.1682,1.8645706176757812
ENSG00000015171_unmod,-0.0658,0.3789190948009491
ENSG00000015475_unmod,-0.2083,1.5554218292236328
ENSG00000015479_unmod,-0.0221,0.5808625817298889
ENSG00000015532_unmod,0.5211,0.35200396180152893
ENSG00000015676_unmod,-0.0899,0.9086714386940002
ENSG00000016082_unmod,-0.3754,0.6452140212059021
ENSG00000016864_unmod,0.0057,0.8165767192840576
ENSG00000017260_unmod,0.0285,0.09163456410169601
ENSG00000017427_unmod,0.6704,0.458926260471344
ENSG00000017483_unmod,-0.1959,0.210270494222641
ENSG00000017797_unmod,2.1131,0.5213374495506287
ENSG00000018189_unmod,0.079,1.1924514770507812
ENSG00000018408_unmod,-0.294,0.31122979521751404
ENSG00000018510_unmod,-0.5675,2.2957680225372314
ENSG00000018610_unmod,-0.0677,0.6550211906433105
ENSG00000018699_unmod,-0.2982,3.146587371826172
ENSG00000019144_unmod,0.247,1.1707221269607544
ENSG00000019186_unmod,0.6764,0.38581275939941406
ENSG00000019485_unmod,-0.2127,0.45845580101013184
ENSG00000019549_unmod,0.1711,0.564095675945282
ENSG00000019995_unmod,-0.1543,0.6217936277389526
ENSG00000020129_unmod,-0.2952,0.9224595427513123
ENSG00000020181_unmod,0.077,0.6334569454193115
ENSG00000020256_unmod,-0.1086,1.1458864212036133
ENSG00000020426_unmod,-0.0287,0.7197940349578857
ENSG00000020577_unmod,-0.388,0.6818372011184692
ENSG00000020633_unmod,0.1311,0.8012000918388367
ENSG00000020922_unmod,-0.2949,0.06981056183576584
ENSG00000021355_unmod,0.7713,0.7363304495811462
ENSG00000021574_unmod,-0.0937,0.20258723199367523
ENSG00000021645_unmod,-0.1028,0.6029502749443054
ENSG00000021762_unmod,0.2046,0.33539438247680664
ENSG00000021776_unmod,-0.1355,0.8271257281303406
ENSG00000021826_unmod,0.0543,0.9893258810043335
ENSG00000022267_unmod,-0.08,2.267192840576172
ENSG00000022277_unmod,-0.0587,0.39604538679122925
ENSG00000022567_unmod,0.4774,0.21941353380680084
ENSG00000022840_unmod,0.0696,1.3574169874191284
ENSG00000022976_unmod,0.0285,0.8109411597251892
ENSG00000023041_unmod,0.2212,1.864587664604187
ENSG00000023171_unmod,0.6779,3.02901029586792
ENSG00000023191_unmod,-0.0272,1.1098830699920654
ENSG00000023228_unmod,-0.0784,1.3097811937332153
ENSG00000023287_unmod,0.0774,0.44049251079559326
ENSG00000023318_unmod,0.0378,0.8570747375488281
ENSG00000023330_unmod,-0.2029,0.6731252074241638
ENSG00000023445_unmod,-0.5212,0.48909997940063477
ENSG00000023516_unmod,-0.1831,0.29797589778900146
ENSG00000023572_unmod,0.1054,0.722164511680603
ENSG00000023608_unmod,-0.085,0.735319972038269
ENSG00000023697_unmod,-0.126,1.168871283531189
ENSG00000023734_unmod,-0.4956,2.481482982635498
ENSG00000023839_unmod,0.2477,0.37396878004074097
ENSG00000023902_unmod,0.0906,1.8215878009796143
ENSG00000023909_unmod,0.118,0.39510101079940796
ENSG00000024048_unmod,-0.0447,0.34544265270233154
ENSG00000024422_unmod,-0.1419,2.4252138137817383
ENSG00000024526_unmod,0.1893,0.8942775130271912
ENSG00000024862_unmod,0.205,1.092284917831421
ENSG00000025156_unmod,0.2152,0.7116260528564453
ENSG00000025293_unmod,0.0536,1.0141832828521729
ENSG00000025434_unmod,0.41,0.43805989623069763
ENSG00000025708_unmod,0.3908,0.889336109161377
ENSG00000025770_unmod,0.4319,0.9781061410903931
ENSG00000025772_unmod,-0.4235,1.885489821434021
ENSG00000025796_unmod,0.0902,28.307218551635742
ENSG00000025800_unmod,0.5366,0.49309244751930237
ENSG00000026025_unmod,0.41,1.438295602798462
ENSG00000026103_unmod,-0.2548,0.2713906168937683
ENSG00000026297_unmod,0.3039,1.0690178871154785
ENSG00000026508_unmod,0.0108,0.8485462069511414
ENSG00000026559_unmod,-0.0053,1.0252125263214111
ENSG00000026652_unmod,-0.0787,0.9645593166351318
ENSG00000026950_unmod,0.0582,0.8585799932479858
ENSG00000027001_unmod,-0.2782,0.5810853838920593
ENSG00000027075_unmod,0.6552,0.49175897240638733
ENSG00000027697_unmod,0.1804,0.6783677935600281
ENSG00000027847_unmod,-0.0658,1.7715914249420166
ENSG00000027869_unmod,0.2837,0.4326615333557129
ENSG00000028116_unmod,0.0599,0.5553621649742126
ENSG00000028137_unmod,1.2237,0.7334896922111511
ENSG00000028203_unmod,0.7526,0.7782198786735535
ENSG00000028310_unmod,0.0226,0.6569371223449707
ENSG00000028528_unmod,0.0182,1.6109075546264648
ENSG00000028839_unmod,-0.204,0.6755887269973755
ENSG00000029153_unmod,0.4522,1.8591009378433228
ENSG00000029363_unmod,0.327,0.35259658098220825
ENSG00000029364_unmod,0.0397,0.7445986866950989
ENSG00000029534_unmod,0.5588,1.1570677757263184
ENSG00000029639_unmod,-0.0575,1.4491801261901855
ENSG00000029725_unmod,0.4581,31.150657653808594
ENSG00000029993_unmod,-0.0664,0.32310497760772705
ENSG00000030066_unmod,0.1277,2.202847719192505
ENSG00000030110_unmod,-0.0289,1.6322565078735352
ENSG00000030419_unmod,0.6425,0.595906138420105
ENSG00000030582_unmod,0.2874,1.267983317375183
ENSG00000031003_unmod,0.3669,0.6868286728858948
ENSG00000031081_unmod,1.3653,1.693980097770691
ENSG00000031691_unmod,-0.2464,1.2000324726104736
ENSG00000031698_unmod,0.0082,0.7535930871963501
ENSG00000031823_unmod,0.1185,2.4312591552734375
ENSG00000032219_unmod,0.0872,0.4457572102546692
ENSG00000032389_unmod,0.0809,1.8730087280273438
ENSG00000032444_unmod,0.0394,1.6411052942276
ENSG00000032742_unmod,-0.0385,2.1793336868286133
ENSG00000033011_unmod,-0.1867,2.244588613510132
ENSG00000033030_unmod,0.0329,0.2234947681427002
ENSG00000033050_unmod,-0.2129,0.4332040846347809
ENSG00000033100_unmod,0.0004,0.5837063193321228
ENSG00000033170_unmod,0.3123,0.3860873579978943
ENSG00000033178_unmod,-0.0776,1.1780508756637573
ENSG00000033327_unmod,0.1599,0.536260187625885
ENSG00000033627_unmod,-0.1735,0.2000369131565094
ENSG00000033800_unmod,-0.3512,2.454545736312866
ENSG00000033867_unmod,0.2604,0.9416373372077942
ENSG00000034152_unmod,-0.0853,0.80821293592453
ENSG00000034510_unmod,0.2663,2.2315516471862793
ENSG00000034533_unmod,0.2193,2.0583910942077637
ENSG00000034677_unmod,0.3555,0.5475568175315857
ENSG00000034693_unmod,0.0732,0.7853122353553772
ENSG00000034713_unmod,-0.0413,2.1632723808288574
ENSG00000035115_unmod,-0.1517,0.5555343627929688
ENSG00000035141_unmod,-0.1782,1.9063389301300049
ENSG00000035403_unmod,0.3556,0.5088697075843811
ENSG00000035499_unmod,-0.2302,2.5547802448272705
ENSG00000035664_unmod,0.528,2.7860233783721924
ENSG00000035681_unmod,-0.4338,0.3081422448158264
ENSG00000035687_unmod,0.114,1.4343957901000977
ENSG00000035862_unmod,-0.0519,0.5472818613052368
ENSG00000035928_unmod,-0.1659,2.981194257736206
ENSG00000036054_unmod,-0.0277,2.1933577060699463
ENSG00000036257_unmod,0.2042,0.7694286704063416
ENSG00000036549_unmod,-0.2766,1.0102874040603638
ENSG00000036672_unmod,0.0651,1.4832873344421387
ENSG00000037042_unmod,0.4053,4.881222248077393
ENSG00000037241_unmod,-0.0304,1.5456866025924683
ENSG00000037474_unmod,-0.0585,1.10457444190979
ENSG00000037637_unmod,-0.1271,1.0781320333480835
ENSG00000037749_unmod,-1.0344,0.5500396490097046
ENSG00000037757_unmod,-0.3341,0.47792625427246094
ENSG00000037897_unmod,-0.2401,0.3999955952167511
ENSG00000038002_unmod,0.1319,0.8100237846374512
ENSG00000038210_unmod,0.3465,2.775761842727661
ENSG00000038219_unmod,0.3486,1.3886268138885498
ENSG00000038274_unmod,0.232,0.35334688425064087
ENSG00000038295_unmod,0.0064,0.36116930842399597
ENSG00000038358_unmod,-0.0281,0.46267274022102356
ENSG00000038382_unmod,-0.2048,1.4658993482589722
ENSG00000038532_unmod,0.1613,5.090022563934326
ENSG00000039123_unmod,0.0871,1.073122501373291
ENSG00000039139_unmod,0.0844,0.4106346070766449
ENSG00000039319_unmod,0.3737,0.38034310936927795
ENSG00000039523_unmod,-0.2156,0.6874449253082275
ENSG00000039560_unmod,0.1086,2.8726580142974854
ENSG00000039650_unmod,0.1079,0.7933728098869324
ENSG00000040199_unmod,0.491,0.4682077169418335
ENSG00000040275_unmod,0.1623,1.3934699296951294
ENSG00000040341_unmod,0.0164,0.4767204523086548
ENSG00000040487_unmod,0.2593,2.0174918174743652
ENSG00000040531_unmod,-0.2134,0.5689441561698914
ENSG00000040633_unmod,0.0258,0.9019166827201843
ENSG00000040933_unmod,-0.077,1.2677979469299316
ENSG00000041353_unmod,0.4995,0.7755593657493591
ENSG00000041357_unmod,0.0033,0.3351006805896759
ENSG00000041515_unmod,-0.2103,0.569900631904602
ENSG00000041802_unmod,-0.4803,0.45032456517219543
ENSG00000041880_unmod,0.2172,1.335352897644043
ENSG00000041982_unmod,0.6983,0.256047785282135
ENSG00000041988_unmod,0.2451,0.5918715000152588
ENSG00000042088_unmod,0.2205,1.7497916221618652
ENSG00000042286_unmod,0.3187,5.30944299697876
ENSG00000042317_unmod,0.5515,1.520043969154358
ENSG00000042429_unmod,-0.09,0.4378249943256378
ENSG00000042445_unmod,-0.0575,0.7775701880455017
ENSG00000042493_unmod,0.4755,2.074187994003296
ENSG00000042753_unmod,0.0536,0.7979825735092163
ENSG00000043093_unmod,0.0151,1.135524034500122
ENSG00000043143_unmod,-0.0698,1.3462862968444824
ENSG00000043355_unmod,-0.3415,2.2369256019592285
ENSG00000043514_unmod,-0.0525,0.43349558115005493
ENSG00000044090_unmod,0.1658,2.1202402114868164
ENSG00000044115_unmod,0.3678,0.6255714893341064
ENSG00000044446_unmod,-0.0575,1.15572988986969
ENSG00000044459_unmod,0.4235,1.042878270149231
ENSG00000044524_unmod,0.3655,1.1016349792480469
ENSG00000044574_unmod,0.6999,2.5139739513397217
ENSG00000046604_unmod,0.026,0.6589619517326355
ENSG00000046647_unmod,0.2532,1.253699779510498
ENSG00000046651_unmod,0.1346,2.5256717205047607
ENSG00000046653_unmod,-0.0268,27.87956428527832
ENSG00000047056_unmod,-0.4206,0.24401775002479553
ENSG00000047188_unmod,-0.0935,0.41396117210388184
ENSG00000047230_unmod,-0.0037,1.4524649381637573
ENSG00000047249_unmod,0.04,2.3809704780578613
ENSG00000047315_unmod,-0.2002,0.5851828455924988
ENSG00000047346_unmod,-0.2768,2.3627398014068604
ENSG00000047365_unmod,0.3583,0.5593088865280151
ENSG00000047410_unmod,0.0628,31.000770568847656
ENSG00000047578_unmod,0.2006,1.4662680625915527
ENSG00000047579_unmod,0.1834,2.229667901992798
ENSG00000047597_unmod,-0.1687,0.355131596326828
ENSG00000047621_unmod,0.2716,1.0683034658432007
ENSG00000047634_unmod,0.594,1.7720516920089722
ENSG00000047644_unmod,0.3384,0.7645712494850159
ENSG00000047849_unmod,0.0608,0.6256090998649597
ENSG00000047932_unmod,0.141,0.451111763715744
ENSG00000047936_unmod,0.2741,0.44441306591033936
ENSG00000048028_unmod,-0.0461,0.6222317218780518
ENSG00000048052_unmod,0.2755,0.8143737316131592
ENSG00000048140_unmod,0.0949,1.8869754076004028
ENSG00000048162_unmod,-0.6266,0.4916115701198578
ENSG00000048342_unmod,-0.5492,0.54189532995224
ENSG00000048392_unmod,0.2045,1.5012189149856567
ENSG00000048405_unmod,-0.2115,2.125230550765991
ENSG00000048471_unmod,0.2616,0.33809155225753784
ENSG00000048544_unmod,-0.0036,0.6336639523506165
ENSG00000048649_unmod,0.1228,2.2901642322540283
ENSG00000048707_unmod,0.0854,1.4136919975280762
ENSG00000048740_unmod,-1.6394,0.5442019104957581
ENSG00000048828_unmod,-0.3313,1.3600798845291138
ENSG00000048991_unmod,-0.213,0.6974933743476868
ENSG00000049130_unmod,0.5689,0.5932878851890564
ENSG00000049167_unmod,-0.6525,0.28084316849708557
ENSG00000049192_unmod,0.2472,0.26825615763664246
ENSG00000049239_unmod,0.239,0.5798271894454956
ENSG00000049245_unmod,-0.173,0.43420276045799255
ENSG00000049246_unmod,0.8576,0.8812494277954102
ENSG00000049249_unmod,0.6593,1.1731981039047241
ENSG00000049323_unmod,0.029,0.6032683849334717
ENSG00000049449_unmod,0.1821,2.0638346672058105
ENSG00000049541_unmod,0.269,0.5258910059928894
ENSG00000049618_unmod,-0.0744,0.5936589241027832
ENSG00000049656_unmod,-0.1293,0.8386867642402649
ENSG00000049759_unmod,-0.0223,2.277689218521118
ENSG00000049860_unmod,0.0232,0.8387065529823303
ENSG00000049883_unmod,-0.4321,0.4337935447692871
ENSG00000050130_unmod,-0.1605,0.5518133640289307
ENSG00000050165_unmod,0.0836,1.8660531044006348
ENSG00000050327_unmod,0.532,0.8296846151351929
ENSG00000050344_unmod,0.1578,1.7668567895889282
ENSG00000050393_unmod,-0.1073,0.5232754945755005
ENSG00000050405_unmod,-0.1358,0.5871815085411072
ENSG00000050426_unmod,-0.1887,0.7496474981307983
ENSG00000050730_unmod,0.7636,1.8430818319320679
ENSG00000050748_unmod,0.0923,1.1782444715499878
ENSG00000050820_unmod,0.45,0.6687729954719543
ENSG00000051009_unmod,0.0495,0.7135279178619385
ENSG00000051108_unmod,0.7408,1.0217536687850952
ENSG00000051128_unmod,0.188,2.4551661014556885
ENSG00000051180_unmod,0.769,0.748527467250824
ENSG00000051341_unmod,0.5096,2.491914749145508
ENSG00000051382_unmod,-2.268,0.0
ENSG00000051523_unmod,0.3602,1.3345979452133179
ENSG00000051596_unmod,0.007,0.605152428150177
ENSG00000051620_unmod,0.2577,1.7596548795700073
ENSG00000051825_unmod,0.0912,0.47694137692451477
ENSG00000052126_unmod,0.2753,0.724083662033081
ENSG00000052723_unmod,-1.0165,0.8046722412109375
ENSG00000052749_unmod,-0.3965,0.7298237681388855
ENSG00000052795_unmod,-0.0741,0.3210674822330475
ENSG00000052802_unmod,0.1539,1.3503793478012085
ENSG00000052841_unmod,-0.5502,1.6123528480529785
ENSG00000053108_unmod,0.1532,0.6950765252113342
ENSG00000053254_unmod,-0.1051,2.6372933387756348
ENSG00000053371_unmod,0.3144,0.7841463685035706
ENSG00000053372_unmod,-0.2382,0.8215740919113159
ENSG00000053501_unmod,0.1549,2.5087244510650635
ENSG00000053747_unmod,0.3908,1.914465308189392
ENSG00000053770_unmod,0.151,1.2385200262069702
ENSG00000053900_unmod,-0.0471,0.8762527704238892
ENSG00000054116_unmod,-0.0817,0.6974591016769409
ENSG00000054118_unmod,-0.172,0.3270533084869385
ENSG00000054148_unmod,0.4426,1.773176908493042
ENSG00000054267_unmod,0.3247,1.4690111875534058
ENSG00000054277_unmod,-0.2379,1.9347337484359741
ENSG00000054282_unmod,0.6502,0.5654894709587097
ENSG00000054523_unmod,0.437,1.253175139427185
ENSG00000054598_unmod,0.0273,0.9120776057243347
ENSG00000054611_unmod,-0.0107,0.46398109197616577
ENSG00000054654_unmod,0.5519,0.8123337030410767
ENSG00000054690_unmod,0.3298,0.9173830151557922
ENSG00000054965_unmod,-0.0366,1.2281957864761353
ENSG00000054967_unmod,0.339,0.4854638874530792
ENSG00000055044_unmod,0.081,1.4508625268936157
ENSG00000055070_unmod,-0.0116,0.42414751648902893
ENSG00000055130_unmod,0.0308,1.1697896718978882
ENSG00000055147_unmod,0.3224,0.9787916541099548
ENSG00000055163_unmod,0.3771,2.048506498336792
ENSG00000055208_unmod,-0.1631,0.5156320929527283
ENSG00000055211_unmod,0.0615,0.33962562680244446
ENSG00000055332_unmod,-0.036,3.230654239654541
ENSG00000055483_unmod,-0.1949,0.6775784492492676
ENSG00000055609_unmod,0.0553,0.7486127018928528
ENSG00000055732_unmod,0.2439,0.6705247163772583
ENSG00000055917_unmod,0.1396,1.3777087926864624
ENSG00000055950_unmod,0.1809,1.4277275800704956
ENSG00000056050_unmod,0.4258,2.767042875289917
ENSG00000056097_unmod,-0.2034,0.625313401222229
ENSG00000056277_unmod,-0.3533,0.23211660981178284
ENSG00000056558_unmod,1.2425,1.085394263267517
ENSG00000056586_unmod,-0.162,0.5377243161201477
ENSG00000056972_unmod,-0.1236,0.5346746444702148
ENSG00000057019_unmod,-0.3139,1.4803218841552734
ENSG00000057252_unmod,0.2057,0.814632773399353
ENSG00000057294_unmod,-0.1007,0.8643965721130371
ENSG00000057608_unmod,-0.0385,0.5217085480690002
ENSG00000057657_unmod,0.5107,3.2093899250030518
ENSG00000057663_unmod,0.2761,0.8666089773178101
ENSG00000057757_unmod,-0.3618,2.709562063217163
ENSG00000057935_unmod,-0.0601,1.3166718482971191
ENSG00000058056_unmod,0.3607,0.8151965141296387
ENSG00000058063_unmod,-0.0621,0.40336886048316956
ENSG00000058085_unmod,-0.2627,0.8073927164077759
ENSG00000058091_unmod,0.2477,0.26025182008743286
ENSG00000058262_unmod,-0.013,1.9833486080169678
ENSG00000058272_unmod,0.7505,0.8507667779922485
ENSG00000058453_unmod,0.0439,0.7540502548217773
ENSG00000058600_unmod,0.0897,2.8797333240509033
ENSG00000058668_unmod,0.0467,1.8685953617095947
ENSG00000058729_unmod,0.0885,2.209442138671875
ENSG00000058799_unmod,-0.1222,2.0043609142303467
ENSG00000058804_unmod,-0.6108,0.9295220375061035
ENSG00000059122_unmod,-0.3544,0.4050092399120331
ENSG00000059145_unmod,-0.1002,2.858473539352417
ENSG00000059378_unmod,-0.0229,0.4137107729911804
ENSG00000059573_unmod,-0.1403,1.472999930381775
ENSG00000059588_unmod,-0.2076,0.2836105525493622
ENSG00000059691_unmod,0.0678,1.9112868309020996
ENSG00000059728_unmod,0.3645,1.081568956375122
ENSG00000059758_unmod,0.4146,0.582777202129364
ENSG00000059769_unmod,0.2427,0.8194876909255981
ENSG00000059804_unmod,0.0008,0.7128076553344727
ENSG00000060069_unmod,0.3057,2.1893155574798584
ENSG00000060138_unmod,-0.0859,1.6448413133621216
ENSG00000060237_unmod,-0.0241,0.7159905433654785
ENSG00000060339_unmod,-0.1542,0.3244202435016632
ENSG00000060491_unmod,0.2147,2.488067865371704
ENSG00000060642_unmod,0.1311,0.4857756495475769
ENSG00000060656_unmod,0.2616,1.125933051109314
ENSG00000060688_unmod,0.2402,0.6414141058921814
ENSG00000060749_unmod,-0.3389,0.5542589426040649
ENSG00000060762_unmod,-0.3673,1.8615363836288452
ENSG00000060971_unmod,0.165,1.5035637617111206
ENSG00000060982_unmod,-0.2677,0.8714063763618469
ENSG00000061273_unmod,0.1783,2.1160194873809814
ENSG00000061455_unmod,0.4217,0.3096979558467865
ENSG00000061676_unmod,0.1295,0.6060944199562073
ENSG00000061794_unmod,-0.0458,2.0018105506896973
ENSG00000061936_unmod,0.0526,1.9470453262329102
ENSG00000061938_unmod,0.2262,0.5122165679931641
ENSG00000061987_unmod,0.1219,1.2925655841827393
ENSG00000062194_unmod,0.1305,0.8457481265068054
ENSG00000062370_unmod,0.0676,0.48917537927627563
ENSG00000062485_unmod,-0.2359,0.3769385516643524
ENSG00000062598_unmod,-0.1379,0.43703627586364746
ENSG00000062650_unmod,0.0535,1.595678448677063
ENSG00000062716_unmod,0.1767,0.4475679397583008
ENSG00000062725_unmod,0.0107,0.5483213067054749
ENSG00000062822_unmod,0.2595,0.44888702034950256
ENSG00000063046_unmod,-0.0472,0.5414415001869202
ENSG00000063169_unmod,-0.1203,1.0032730102539062
ENSG00000063176_unmod,0.0352,1.7048200368881226
ENSG00000063177_unmod,-0.0151,30.539297103881836
ENSG00000063241_unmod,0.0694,0.9923780560493469
ENSG00000063244_unmod,-0.0702,0.17536339163780212
ENSG00000063245_unmod,0.3445,2.0511538982391357
ENSG00000063322_unmod,-0.1956,0.9541956186294556
ENSG00000063587_unmod,-0.1263,1.528223991394043
ENSG00000063601_unmod,-0.1718,0.4684887230396271
ENSG00000063660_unmod,0.0435,0.974929690361023
ENSG00000063761_unmod,-0.4004,1.7639762163162231
ENSG00000063854_unmod,0.4379,0.8068618178367615
ENSG00000063978_unmod,-0.4684,0.766223132610321
ENSG00000064012_unmod,-0.1063,1.0470998287200928
ENSG00000064042_unmod,-0.2248,0.7216705083847046
ENSG00000064102_unmod,-0.163,0.8240094184875488
ENSG00000064115_unmod,-0.13,1.5906649827957153
ENSG00000064205_unmod,-0.2277,0.8147264122962952
ENSG00000064309_unmod,0.2331,0.5494331121444702
ENSG00000064313_unmod,0.5105,0.48590272665023804
ENSG00000064393_unmod,0.1451,2.3346104621887207
ENSG00000064419_unmod,0.0558,1.0434985160827637
ENSG00000064490_unmod,0.0901,1.7459888458251953
ENSG00000064545_unmod,-0.1751,0.8208152651786804
ENSG00000064601_unmod,-0.1273,1.3303219079971313
ENSG00000064607_unmod,0.0511,2.332827091217041
ENSG00000064651_unmod,-0.1713,0.477051705121994
ENSG00000064652_unmod,-0.1977,1.246307611465454
ENSG00000064666_unmod,0.4766,0.9405655860900879
ENSG00000064687_unmod,0.2168,0.70876544713974
ENSG00000064692_unmod,0.0118,2.6464409828186035
ENSG00000064703_unmod,-0.3048,0.9765589237213135
ENSG00000064726_unmod,-0.237,1.2969616651535034
ENSG00000064763_unmod,-0.1184,0.9766899347305298
ENSG00000064932_unmod,0.0187,3.27744197845459
ENSG00000064933_unmod,-0.0724,2.0481603145599365
ENSG00000064961_unmod,0.3461,2.5755295753479004
ENSG00000064995_unmod,0.066,0.13353632390499115
ENSG00000064999_unmod,-0.2822,0.9495688676834106
ENSG00000065000_unmod,0.1839,0.2566908895969391
ENSG00000065029_unmod,0.1718,1.9158275127410889
ENSG00000065054_unmod,0.2846,0.9520408511161804
ENSG00000065057_unmod,-0.0932,1.0216195583343506
ENSG00000065060_unmod,0.0334,3.3941895961761475
ENSG00000065135_unmod,0.16,1.1902544498443604
ENSG00000065150_unmod,-0.1296,0.9206694960594177
ENSG00000065154_unmod,-0.3018,3.870919942855835
ENSG00000065183_unmod,-0.6023,0.8478230237960815
ENSG00000065243_unmod,0.1141,0.6416235566139221
ENSG00000065268_unmod,0.1465,0.7088345289230347
ENSG00000065308_unmod,-0.4008,0.49241361021995544
ENSG00000065325_unmod,-0.0109,2.898090362548828
ENSG00000065328_unmod,0.1001,0.825631320476532
ENSG00000065357_unmod,0.2741,0.8610880374908447
ENSG00000065413_unmod,0.6314,0.6033708453178406
ENSG00000065427_unmod,-0.2673,0.38658732175827026
ENSG00000065457_unmod,0.0785,0.6613362431526184
ENSG00000065485_unmod,0.3901,0.4823724925518036
ENSG00000065491_unmod,0.0442,0.2806914746761322
ENSG00000065518_unmod,-0.3235,0.3639127016067505
ENSG00000065526_unmod,-0.0625,0.9987900257110596
ENSG00000065534_unmod,0.0035,1.918249487876892
ENSG00000065548_unmod,0.0034,0.54524827003479
ENSG00000065559_unmod,-0.0747,2.265049457550049
ENSG00000065600_unmod,-0.2202,2.676240921020508
ENSG00000065613_unmod,0.3525,1.7312994003295898
ENSG00000065615_unmod,0.0806,0.37994688749313354
ENSG00000065621_unmod,-0.2559,1.6907453536987305
ENSG00000065665_unmod,0.0343,1.607064127922058
ENSG00000065802_unmod,-0.0014,2.1209464073181152
ENSG00000065809_unmod,0.7326,2.466904640197754
ENSG00000065833_unmod,-0.0182,1.0895917415618896
ENSG00000065882_unmod,0.4589,1.188913345336914
ENSG00000065883_unmod,0.0092,0.49332553148269653
ENSG00000065911_unmod,0.2374,1.1698249578475952
ENSG00000065923_unmod,-0.5672,0.3377264142036438
ENSG00000065970_unmod,0.1778,2.187173366546631
ENSG00000065978_unmod,0.1017,0.931782066822052
ENSG00000065989_unmod,0.3571,0.38064220547676086
ENSG00000066027_unmod,0.0658,0.247556671500206
ENSG00000066044_unmod,0.3442,1.0514025688171387
ENSG00000066084_unmod,-0.1639,0.9893597364425659
ENSG00000066117_unmod,-0.113,0.5233655571937561
ENSG00000066135_unmod,0.0779,0.9640109539031982
ENSG00000066136_unmod,0.0865,1.100745677947998
ENSG00000066248_unmod,0.3658,1.0439631938934326
ENSG00000066279_unmod,0.2275,0.9109901785850525
ENSG00000066322_unmod,-0.2602,0.9908334016799927
ENSG00000066379_unmod,-0.2826,0.3362348675727844
ENSG00000066422_unmod,0.0219,1.7556946277618408
ENSG00000066427_unmod,0.0299,0.25082704424858093
ENSG00000066455_unmod,0.0703,1.7805625200271606
ENSG00000066557_unmod,-0.3274,0.3307453691959381
ENSG00000066583_unmod,0.1968,1.908165454864502
ENSG00000066629_unmod,0.7414,0.4743311405181885
ENSG00000066651_unmod,0.1646,1.0380456447601318
ENSG00000066654_unmod,-0.1277,0.3182671368122101
ENSG00000066697_unmod,0.0875,0.7457879781723022
ENSG00000066735_unmod,-0.094,1.6448808908462524
ENSG00000066739_unmod,-0.3096,1.183331847190857
ENSG00000066777_unmod,0.2284,1.0064431428909302
ENSG00000066827_unmod,0.0672,0.6843348741531372
ENSG00000066855_unmod,-0.0305,0.5078022480010986
ENSG00000066926_unmod,0.4365,1.8793874979019165
ENSG00000066933_unmod,0.1776,1.3292988538742065
ENSG00000067057_unmod,-0.2795,2.105692148208618
ENSG00000067064_unmod,0.4855,2.102271556854248
ENSG00000067066_unmod,0.2992,1.4137502908706665
ENSG00000067082_unmod,0.276,0.8847347497940063
ENSG00000067113_unmod,-0.1948,0.4447290003299713
ENSG00000067141_unmod,0.2748,0.6123400926589966
ENSG00000067167_unmod,-0.0296,0.6471729874610901
ENSG00000067177_unmod,-0.2741,0.1933160424232483
ENSG00000067182_unmod,0.3739,1.1367284059524536
ENSG00000067191_unmod,0.0699,1.1176892518997192
ENSG00000067208_unmod,0.2491,0.32510703802108765
ENSG00000067221_unmod,0.1237,0.5280618667602539
ENSG00000067225_unmod,0.2046,0.27760106325149536
ENSG00000067248_unmod,-0.0076,1.9235731363296509
ENSG00000067334_unmod,0.1679,1.5169880390167236
ENSG00000067365_unmod,-0.0123,1.5397100448608398
ENSG00000067369_unmod,-0.0535,0.3434165120124817
ENSG00000067533_unmod,-0.9221,0.5269331336021423
ENSG00000067560_unmod,-0.2376,2.466623306274414
ENSG00000067596_unmod,0.1328,0.924167811870575
ENSG00000067606_unmod,0.4132,0.7420222163200378
ENSG00000067704_unmod,0.1332,0.31597867608070374
ENSG00000067798_unmod,0.1855,0.3142310678958893
ENSG00000067829_unmod,0.1301,0.8181943893432617
ENSG00000067900_unmod,-0.009,0.6908558011054993
ENSG00000067955_unmod,-0.5004,1.5995464324951172
ENSG00000067992_unmod,0.3496,0.8858709931373596
ENSG00000068001_unmod,-0.1443,0.4959193170070648
ENSG00000068024_unmod,0.1342,0.7923731207847595
ENSG00000068028_unmod,0.318,1.1082278490066528
ENSG00000068079_unmod,0.5996,1.2101467847824097
ENSG00000068097_unmod,-0.325,1.5637456178665161
ENSG00000068120_unmod,-0.1882,0.4575391411781311
ENSG00000068137_unmod,0.4423,0.5723422765731812
ENSG00000068305_unmod,0.2258,0.9569647908210754
ENSG00000068308_unmod,0.1581,2.2978267669677734
ENSG00000068323_unmod,0.3048,0.49216899275779724
ENSG00000068354_unmod,0.0225,1.113926649093628
ENSG00000068366_unmod,0.3769,0.7792498469352722
ENSG00000068383_unmod,-0.6186,2.8295986652374268
ENSG00000068394_unmod,0.2817,0.6326197385787964
ENSG00000068400_unmod,0.2154,0.6597590446472168
ENSG00000068438_unmod,-0.0336,0.7335056662559509
ENSG00000068489_unmod,-0.3085,1.7899013757705688
ENSG00000068615_unmod,0.172,1.3075814247131348
ENSG00000068650_unmod,0.1728,0.6884008049964905
ENSG00000068654_unmod,-0.4758,0.9216551184654236
ENSG00000068697_unmod,-0.8301,2.470120668411255
ENSG00000068724_unmod,0.1827,1.303104043006897
ENSG00000068745_unmod,-0.0361,0.6085940003395081
ENSG00000068784_unmod,-0.0912,0.7380411028862
ENSG00000068796_unmod,-0.1348,1.5149754285812378
ENSG00000068878_unmod,-0.0794,0.9784290194511414
ENSG00000068885_unmod,0.2345,0.8461493849754333
ENSG00000068903_unmod,0.2615,1.4135199785232544
ENSG00000068912_unmod,0.6297,0.3110603988170624
ENSG00000068971_unmod,-0.2139,1.109316349029541
ENSG00000069011_unmod,0.3218,2.350517988204956
ENSG00000069020_unmod,0.1651,2.9656269550323486
ENSG00000069248_unmod,-0.0507,1.791390299797058
ENSG00000069275_unmod,-0.0115,1.8735190629959106
ENSG00000069329_unmod,0.0422,0.9389836192131042
ENSG00000069399_unmod,0.3947,0.2868209779262543
ENSG00000069424_unmod,-0.0083,0.39073190093040466
ENSG00000069482_unmod,-0.1364,0.6347498893737793
ENSG00000069509_unmod,0.2586,0.3804684281349182
ENSG00000069535_unmod,0.0772,0.9157019257545471
ENSG00000069667_unmod,-0.077,0.5341722965240479
ENSG00000069702_unmod,-0.1018,0.7771708369255066
ENSG00000069849_unmod,-0.0313,0.6965617537498474
ENSG00000069869_unmod,1.3782,0.6425153017044067
ENSG00000069943_unmod,-0.2645,0.9299255609512329
ENSG00000069956_unmod,-0.768,1.110229253768921
ENSG00000069966_unmod,0.3748,0.7922094464302063
ENSG00000069974_unmod,0.8144,0.716804563999176
ENSG00000069998_unmod,-0.012,1.3199695348739624
ENSG00000070010_unmod,0.1237,0.8290908336639404
ENSG00000070018_unmod,-0.1336,0.7005738019943237
ENSG00000070047_unmod,0.2951,0.715164840221405
ENSG00000070061_unmod,0.282,1.4744293689727783
ENSG00000070081_unmod,0.423,1.3047070503234863
ENSG00000070087_unmod,-0.1264,0.5916921496391296
ENSG00000070159_unmod,-0.4858,0.9011825919151306
ENSG00000070214_unmod,0.2107,0.8032582402229309
ENSG00000070269_unmod,0.1246,0.3035816252231598
ENSG00000070366_unmod,0.1429,0.38382381200790405
ENSG00000070367_unmod,0.3099,0.208275705575943
ENSG00000070371_unmod,0.1061,1.76868736743927
ENSG00000070404_unmod,-0.2697,2.270686149597168
ENSG00000070413_unmod,0.0666,0.6462798118591309
ENSG00000070423_unmod,-0.2495,1.099606990814209
ENSG00000070444_unmod,-0.0232,0.5656825304031372
ENSG00000070476_unmod,0.1994,0.6696656942367554
ENSG00000070495_unmod,0.0162,0.6478293538093567
ENSG00000070501_unmod,0.0071,0.2902715802192688
ENSG00000070540_unmod,0.4953,0.5366231203079224
ENSG00000070610_unmod,-0.1369,1.8469680547714233
ENSG00000070614_unmod,-0.8546,1.513940453529358
ENSG00000070669_unmod,-0.2578,0.6369104981422424
ENSG00000070718_unmod,0.0553,2.2942192554473877
ENSG00000070756_unmod,-0.1572,2.888650417327881
ENSG00000070759_unmod,0.4178,0.8416810631752014
ENSG00000070761_unmod,-0.0771,0.7886294722557068
ENSG00000070770_unmod,-0.1311,0.6735743880271912
ENSG00000070778_unmod,-0.1436,0.18706601858139038
ENSG00000070785_unmod,-0.1832,0.9746891856193542
ENSG00000070814_unmod,0.7347,3.159998655319214
ENSG00000070831_unmod,0.2356,0.9339401125907898
ENSG00000070882_unmod,0.3292,0.7105880975723267
ENSG00000070950_unmod,-0.1011,0.6920899748802185
ENSG00000070961_unmod,0.0985,0.6749406456947327
ENSG00000071051_unmod,0.9448,1.394492745399475
ENSG00000071054_unmod,0.8705,1.898486852645874
ENSG00000071082_unmod,-0.1224,1.4944883584976196
ENSG00000071127_unmod,0.0867,0.411590576171875
ENSG00000071189_unmod,0.0426,2.5857162475585938
ENSG00000071242_unmod,-0.5628,0.6824820637702942
ENSG00000071243_unmod,0.4156,1.0544692277908325
ENSG00000071462_unmod,-0.0815,0.7413629293441772
ENSG00000071537_unmod,0.2628,0.9591805338859558
ENSG00000071539_unmod,0.1752,0.31874096393585205
ENSG00000071564_unmod,0.3089,1.003894567489624
ENSG00000071575_unmod,-0.2489,0.5690221190452576
ENSG00000071626_unmod,0.1011,2.92988920211792
ENSG00000071655_unmod,0.0309,2.6082324981689453
ENSG00000071794_unmod,0.4926,1.4711313247680664
ENSG00000071859_unmod,0.3608,1.1820029020309448
ENSG00000071889_unmod,0.1066,0.7892823815345764
ENSG00000071894_unmod,0.0347,2.2446751594543457
ENSG00000071967_unmod,0.3528,0.9919140934944153
ENSG00000071994_unmod,-0.4692,1.0140568017959595
ENSG00000072041_unmod,-0.8182,0.8937591314315796
ENSG00000072042_unmod,-0.3861,0.4151707887649536
ENSG00000072062_unmod,0.3197,1.038604974746704
ENSG00000072110_unmod,0.1974,0.3716774582862854
ENSG00000072121_unmod,-0.0775,1.0606729984283447
ENSG00000072134_unmod,0.1056,1.7635128498077393
ENSG00000072135_unmod,0.2775,0.732098400592804
ENSG00000072163_unmod,-0.0965,2.574028491973877
ENSG00000072195_unmod,0.2675,2.1405539512634277
ENSG00000072210_unmod,0.0631,0.36879536509513855
ENSG00000072274_unmod,-2.0974,0.2380172163248062
ENSG00000072310_unmod,-0.0658,0.9029236435890198
ENSG00000072364_unmod,-0.4696,0.39432159066200256
ENSG00000072401_unmod,-0.4461,0.5039176940917969
ENSG00000072415_unmod,-0.4437,0.8061209321022034
ENSG00000072422_unmod,-0.1125,1.0911171436309814
ENSG00000072501_unmod,0.1825,1.3507004976272583
ENSG00000072506_unmod,0.0378,2.17214035987854
ENSG00000072518_unmod,-0.3103,0.7892812490463257
ENSG00000072571_unmod,0.5956,0.6122533082962036
ENSG00000072609_unmod,0.1374,0.6700053215026855
ENSG00000072682_unmod,0.4935,2.218348503112793
ENSG00000072736_unmod,-0.4322,0.43420833349227905
ENSG00000072756_unmod,0.0371,2.137727975845337
ENSG00000072778_unmod,0.1219,0.5064482092857361
ENSG00000072786_unmod,0.3741,2.4754040241241455
ENSG00000072803_unmod,-0.381,0.738303542137146
ENSG00000072832_unmod,0.4628,0.3661435544490814
ENSG00000072840_unmod,-0.0468,0.7080873847007751
ENSG00000072849_unmod,-0.1017,0.7114582061767578
ENSG00000072864_unmod,0.0677,1.9326566457748413
ENSG00000072958_unmod,0.1963,2.529266834259033
ENSG00000073008_unmod,-0.1937,0.5586897730827332
ENSG00000073050_unmod,0.5541,1.6850571632385254
ENSG00000073060_unmod,-0.4628,0.5335005521774292
ENSG00000073111_unmod,0.2234,0.5758256912231445
ENSG00000073150_unmod,0.7061,1.7881907224655151
ENSG00000073169_unmod,-0.1701,2.2141997814178467
ENSG00000073331_unmod,0.4126,1.8839669227600098
ENSG00000073350_unmod,0.5916,0.8585769534111023
ENSG00000073417_unmod,0.1932,2.365696430206299
ENSG00000073464_unmod,-0.6462,2.6882739067077637
ENSG00000073536_unmod,-0.506,1.1404882669448853
ENSG00000073578_unmod,-0.1306,0.5971786379814148
ENSG00000073584_unmod,0.265,0.5031747817993164
ENSG00000073614_unmod,0.3463,0.9837532043457031
ENSG00000073711_unmod,-0.5372,0.5409917235374451
ENSG00000073712_unmod,-0.5064,0.6333468556404114
ENSG00000073756_unmod,1.1185,2.0372557640075684
ENSG00000073792_unmod,-0.1705,0.6962273716926575
ENSG00000073803_unmod,-0.1021,0.5172460675239563
ENSG00000073910_unmod,0.2765,0.4562755227088928
ENSG00000073921_unmod,0.0589,2.549085855484009
ENSG00000073969_unmod,-0.1894,0.6601660251617432
ENSG00000074047_unmod,-0.0416,1.9103569984436035
ENSG00000074054_unmod,-0.1553,32.4440803527832
ENSG00000074071_unmod,0.1395,2.909679889678955
ENSG00000074181_unmod,0.2159,2.2829465866088867
ENSG00000074201_unmod,-0.3453,1.6104635000228882
ENSG00000074211_unmod,0.2604,1.876129388809204
ENSG00000074219_unmod,0.1521,1.277814507484436
ENSG00000074266_unmod,-0.007,1.3320302963256836
ENSG00000074319_unmod,-0.0234,2.544952869415283
ENSG00000074356_unmod,0.4206,0.7747942209243774
ENSG00000074370_unmod,0.7461,0.52826327085495
ENSG00000074410_unmod,-0.2893,0.4471668303012848
ENSG00000074416_unmod,-0.8997,0.7366870045661926
ENSG00000074527_unmod,0.1662,0.19899220764636993
ENSG00000074582_unmod,-0.272,3.0992236137390137
ENSG00000074590_unmod,0.217,0.5770687460899353
ENSG00000074603_unmod,-0.1471,0.7556984424591064
ENSG00000074621_unmod,0.641,0.49161630868911743
ENSG00000074657_unmod,-0.1352,0.45935991406440735
ENSG00000074695_unmod,0.032,0.4702203869819641
ENSG00000074696_unmod,-0.0445,1.252776861190796
ENSG00000074755_unmod,0.0664,0.3847501277923584
ENSG00000074800_unmod,0.0472,0.3424190282821655
ENSG00000074842_unmod,0.5565,0.32941901683807373
ENSG00000074855_unmod,0.2644,0.5654548406600952
ENSG00000074935_unmod,-0.4824,0.3093418478965759
ENSG00000074964_unmod,0.4394,0.5522069334983826
ENSG00000075089_unmod,0.2905,1.7742780447006226
ENSG00000075131_unmod,0.0729,1.717140555381775
ENSG00000075142_unmod,-0.2121,0.8633917570114136
ENSG00000075151_unmod,-0.2597,1.43082594871521
ENSG00000075188_unmod,0.1794,0.7695962190628052
ENSG00000075213_unmod,-0.2081,0.6491098999977112
ENSG00000075218_unmod,0.685,3.20393705368042
ENSG00000075223_unmod,0.1307,2.4966869354248047
ENSG00000075234_unmod,-0.1434,1.9117004871368408
ENSG00000075239_unmod,0.2092,2.5755317211151123
ENSG00000075240_unmod,0.3899,1.4142067432403564
ENSG00000075275_unmod,0.1372,0.4511124789714813
ENSG00000075292_unmod,0.0152,1.410956859588623
ENSG00000075303_unmod,0.361,0.701439619064331
ENSG00000075336_unmod,-0.1307,2.698806047439575
ENSG00000075391_unmod,-0.2931,0.7522110342979431
ENSG00000075399_unmod,0.5284,1.4222759008407593
ENSG00000075407_unmod,-0.0987,0.7636323571205139
ENSG00000075413_unmod,0.0846,0.4526735246181488
ENSG00000075415_unmod,0.0799,1.8392934799194336
ENSG00000075420_unmod,0.394,0.9607107639312744
ENSG00000075426_unmod,0.1757,0.7079957723617554
ENSG00000075461_unmod,-0.095,1.73064124584198
ENSG00000075539_unmod,0.5074,0.4237179160118103
ENSG00000075568_unmod,0.6178,1.4514232873916626
ENSG00000075618_unmod,0.2787,1.2278321981430054
ENSG00000075624_unmod,-0.1913,0.3094288110733032
ENSG00000075643_unmod,0.1039,1.6394559144973755
ENSG00000075651_unmod,0.3101,1.1332882642745972
ENSG00000075702_unmod,0.3287,3.4448373317718506
ENSG00000075711_unmod,0.0969,0.6919500827789307
ENSG00000075785_unmod,-0.2145,0.34924134612083435
ENSG00000075790_unmod,0.4108,0.967750608921051
ENSG00000075826_unmod,0.0246,0.5062714219093323
ENSG00000075856_unmod,-0.1108,1.5904539823532104
ENSG00000075914_unmod,-0.5584,2.3164234161376953
ENSG00000075945_unmod,1.2039,1.189947485923767
ENSG00000075975_unmod,-0.2204,0.4615115225315094
ENSG00000076003_unmod,0.6322,1.7952954769134521
ENSG00000076043_unmod,-0.4477,0.863333523273468
ENSG00000076053_unmod,-0.2362,29.965299606323242
ENSG00000076067_unmod,-0.3011,1.534989356994629
ENSG00000076108_unmod,0.3229,1.0991483926773071
ENSG00000076201_unmod,-0.1456,0.8997325301170349
ENSG00000076242_unmod,0.2339,1.7469170093536377
ENSG00000076248_unmod,0.3505,2.1274869441986084
ENSG00000076321_unmod,0.2974,0.8159641623497009
ENSG00000076351_unmod,-0.6587,0.5713732838630676
ENSG00000076356_unmod,0.1665,1.3921993970870972
ENSG00000076382_unmod,0.2696,2.594238519668579
ENSG00000076513_unmod,-0.2511,1.0711625814437866
ENSG00000076554_unmod,-0.5439,0.6764659285545349
ENSG00000076555_unmod,0.4652,0.5725480318069458
ENSG00000076604_unmod,0.0015,0.6788014769554138
ENSG00000076641_unmod,-0.0723,1.5128302574157715
ENSG00000076650_unmod,0.1043,2.0188560485839844
ENSG00000076662_unmod,0.3658,0.9579100608825684
ENSG00000076685_unmod,0.0726,0.5466695427894592
ENSG00000076706_unmod,0.1182,1.0041165351867676
ENSG00000076770_unmod,-0.503,2.7653069496154785
ENSG00000076864_unmod,0.5222,0.37241891026496887
ENSG00000076924_unmod,0.0963,0.5403353571891785
ENSG00000076928_unmod,0.4022,0.7720555663108826
ENSG00000076944_unmod,0.1499,1.1869136095046997
ENSG00000076984_unmod,0.056,0.7895376086235046
ENSG00000077044_unmod,0.012,0.9206132888793945
ENSG00000077147_unmod,-0.0641,0.5941470265388489
ENSG00000077150_unmod,0.4754,1.4305651187896729
ENSG00000077152_unmod,0.2143,1.73689866065979
ENSG00000077157_unmod,0.1715,1.769819974899292
ENSG00000077232_unmod,-0.1731,2.0155043601989746
ENSG00000077235_unmod,-0.045,1.220923662185669
ENSG00000077238_unmod,0.8742,0.5730876922607422
ENSG00000077254_unmod,-0.1576,1.3393094539642334
ENSG00000077264_unmod,-0.0454,1.090265154838562
ENSG00000077312_unmod,0.0926,1.0161679983139038
ENSG00000077348_unmod,-0.1245,0.43336355686187744
ENSG00000077380_unmod,0.1529,0.626629650592804
ENSG00000077454_unmod,0.0223,1.4596166610717773
ENSG00000077458_unmod,0.294,0.6400294303894043
ENSG00000077463_unmod,-0.0773,0.8662276268005371
ENSG00000077514_unmod,0.0334,0.41780591011047363
ENSG00000077549_unmod,-0.0424,0.41042065620422363
ENSG00000077585_unmod,-0.9295,28.28997039794922
ENSG00000077684_unmod,0.1051,0.6762183904647827
ENSG00000077713_unmod,-0.7273,0.5763554573059082
ENSG00000077721_unmod,0.1852,1.3047205209732056
ENSG00000077782_unmod,0.2212,0.6253635883331299
ENSG00000077942_unmod,0.1866,1.7001010179519653
ENSG00000078018_unmod,0.1798,2.271574020385742
ENSG00000078043_unmod,-0.3594,0.8726836442947388
ENSG00000078061_unmod,-0.1636,1.077118158340454
ENSG00000078070_unmod,0.1112,2.2783119678497314
ENSG00000078081_unmod,0.5934,0.728452205657959
ENSG00000078098_unmod,0.2906,0.9501188397407532
ENSG00000078114_unmod,0.2926,0.7786480188369751
ENSG00000078124_unmod,-0.4369,0.6179555654525757
ENSG00000078140_unmod,-0.3932,2.7134478092193604
ENSG00000078142_unmod,0.0174,0.4756576716899872
ENSG00000078177_unmod,0.1714,0.4707873463630676
ENSG00000078237_unmod,0.437,0.539520800113678
ENSG00000078246_unmod,0.2935,0.3678469955921173
ENSG00000078269_unmod,0.1412,1.9409948587417603
ENSG00000078295_unmod,0.4325,0.5505270957946777
ENSG00000078304_unmod,0.0661,0.43010032176971436
ENSG00000078319_unmod,-0.2173,1.668455958366394
ENSG00000078369_unmod,-0.0483,5.456973552703857
ENSG00000078401_unmod,-0.6099,0.37919673323631287
ENSG00000078403_unmod,-0.0379,27.769481658935547
ENSG00000078618_unmod,0.021,0.2103940099477768
ENSG00000078668_unmod,0.0574,1.2755855321884155
ENSG00000078674_unmod,0.2661,1.9430564641952515
ENSG00000078687_unmod,-0.4145,0.779522180557251
ENSG00000078699_unmod,0.1162,0.7957272529602051
ENSG00000078747_unmod,0.0249,0.7241120934486389
ENSG00000078804_unmod,0.4897,1.211346983909607
ENSG00000078808_unmod,0.1109,0.6919281482696533
ENSG00000078900_unmod,1.1196,2.1843976974487305
ENSG00000078902_unmod,0.2106,0.7130326628684998
ENSG00000078967_unmod,-0.2669,1.8973559141159058
ENSG00000079134_unmod,0.0474,2.26499605178833
ENSG00000079150_unmod,-0.1123,0.5544708371162415
ENSG00000079156_unmod,0.2684,0.4837317168712616
ENSG00000079215_unmod,-0.2548,0.4521562159061432
ENSG00000079246_unmod,0.0703,1.3256455659866333
ENSG00000079257_unmod,0.4777,1.0176857709884644
ENSG00000079277_unmod,0.0542,0.728330671787262
ENSG00000079308_unmod,0.5716,1.5268782377243042
ENSG00000079313_unmod,0.3427,1.2672532796859741
ENSG00000079332_unmod,-0.9133,0.7371112704277039
ENSG00000079335_unmod,-0.1592,2.0479965209960938
ENSG00000079337_unmod,0.3072,1.5394598245620728
ENSG00000079387_unmod,0.0163,2.150416851043701
ENSG00000079432_unmod,0.2632,1.5515317916870117
ENSG00000079459_unmod,-0.5474,0.40383628010749817
ENSG00000079462_unmod,0.1631,1.1178832054138184
ENSG00000079482_unmod,0.073,1.9579758644104004
ENSG00000079616_unmod,0.1643,0.8143711686134338
ENSG00000079739_unmod,0.1891,0.5985482335090637
ENSG00000079785_unmod,-0.1316,0.8228242993354797
ENSG00000079805_unmod,0.2604,2.570608377456665
ENSG00000079819_unmod,0.2631,0.5453523397445679
ENSG00000079841_unmod,0.4654,0.8988339900970459
ENSG00000079950_unmod,0.1018,0.5566347241401672
ENSG00000079974_unmod,0.1917,1.0881963968276978
ENSG00000079999_unmod,0.4006,0.90144282579422
ENSG00000080189_unmod,0.0387,2.219531297683716
ENSG00000080200_unmod,-0.3474,0.347228080034256
ENSG00000080224_unmod,0.5577,1.0991275310516357
ENSG00000080298_unmod,-0.0762,0.3231833577156067
ENSG00000080345_unmod,0.1723,0.6112377047538757
ENSG00000080371_unmod,0.0364,0.32620465755462646
ENSG00000080503_unmod,0.6892,1.6432527303695679
ENSG00000080546_unmod,-0.2154,1.0444927215576172
ENSG00000080561_unmod,0.2298,0.5506503582000732
ENSG00000080573_unmod,0.1502,0.7210036516189575
ENSG00000080603_unmod,-0.1262,2.034743070602417
ENSG00000080608_unmod,-0.3925,0.05870459973812103
ENSG00000080802_unmod,-0.1202,1.0380430221557617
ENSG00000080815_unmod,0.162,28.871349334716797
ENSG00000080819_unmod,-0.0871,1.8906445503234863
ENSG00000080822_unmod,0.0155,0.40921270847320557
ENSG00000080823_unmod,0.656,0.749005913734436
ENSG00000080824_unmod,0.2743,1.3534674644470215
ENSG00000080839_unmod,0.4448,2.1274452209472656
ENSG00000080845_unmod,0.0567,0.3191218674182892
ENSG00000080986_unmod,0.4147,0.3260136544704437
ENSG00000081014_unmod,-0.0679,1.5915377140045166
ENSG00000081019_unmod,-0.4953,2.3702149391174316
ENSG00000081026_unmod,0.1079,0.35740259289741516
ENSG00000081041_unmod,0.9479,1.1124364137649536
ENSG00000081052_unmod,-0.0837,0.8109687566757202
ENSG00000081059_unmod,0.5207,1.5259265899658203
ENSG00000081087_unmod,0.023,1.2082411050796509
ENSG00000081154_unmod,-0.1156,2.4064929485321045
ENSG00000081177_unmod,-0.2449,1.234078049659729
ENSG00000081189_unmod,0.0285,0.5643395781517029
ENSG00000081277_unmod,0.5015,2.5043575763702393
ENSG00000081307_unmod,0.0183,1.5938695669174194
ENSG00000081320_unmod,0.9917,1.2982672452926636
ENSG00000081377_unmod,-0.1561,0.3094044625759125
ENSG00000081386_unmod,-0.2501,1.9386783838272095
ENSG00000081692_unmod,-0.1177,0.5539795160293579
ENSG00000081721_unmod,0.0534,1.3711074590682983
ENSG00000081760_unmod,0.1384,0.556840181350708
ENSG00000081791_unmod,0.1201,2.623262405395508
ENSG00000081870_unmod,0.524,1.2622398138046265
ENSG00000081913_unmod,-0.0278,0.39773887395858765
ENSG00000081923_unmod,-0.8561,0.9040391445159912
ENSG00000082014_unmod,-0.274,2.4825215339660645
ENSG00000082068_unmod,0.1267,0.3234249949455261
ENSG00000082074_unmod,-0.106,0.3699846565723419
ENSG00000082146_unmod,-1.4619,0.1070409044623375
ENSG00000082153_unmod,0.5247,2.088240385055542
ENSG00000082212_unmod,-0.3828,0.08710316568613052
ENSG00000082213_unmod,-0.6905,1.7675790786743164
ENSG00000082258_unmod,-0.3058,0.29052236676216125
ENSG00000082269_unmod,0.0886,0.7580527067184448
ENSG00000082438_unmod,0.2961,2.378378391265869
ENSG00000082458_unmod,0.8751,1.6213808059692383
ENSG00000082482_unmod,1.3998,0.7431324124336243
ENSG00000082512_unmod,-0.0988,0.6113762259483337
ENSG00000082515_unmod,0.1532,0.5706161260604858
ENSG00000082516_unmod,-0.3283,1.4142411947250366
ENSG00000082641_unmod,0.2569,0.5552026033401489
ENSG00000082701_unmod,0.2937,1.0318725109100342
ENSG00000082781_unmod,-0.15,0.5055136680603027
ENSG00000082805_unmod,0.2114,1.9376935958862305
ENSG00000082898_unmod,-0.0677,0.4104737639427185
ENSG00000082996_unmod,-0.0932,0.28467249870300293
ENSG00000083067_unmod,0.4681,0.3672935962677002
ENSG00000083093_unmod,-0.1104,0.3362312316894531
ENSG00000083097_unmod,0.0789,0.25159314274787903
ENSG00000083099_unmod,0.2065,1.467325210571289
ENSG00000083123_unmod,0.3271,1.31954824924469
ENSG00000083168_unmod,-0.0472,0.7093509435653687
ENSG00000083223_unmod,0.132,0.11744226515293121
ENSG00000083290_unmod,0.2867,0.9727878570556641
ENSG00000083312_unmod,-0.2159,1.8920114040374756
ENSG00000083444_unmod,0.1769,0.4175923764705658
ENSG00000083454_unmod,-0.6564,1.7457494735717773
ENSG00000083457_unmod,0.0855,0.7798858284950256
ENSG00000083520_unmod,0.1831,0.8067705631256104
ENSG00000083535_unmod,0.3891,0.5525217652320862
ENSG00000083544_unmod,-0.0292,0.42284131050109863
ENSG00000083635_unmod,-0.079,0.9394657015800476
ENSG00000083642_unmod,1.0202,0.9062049984931946
ENSG00000083720_unmod,-0.0423,1.9837507009506226
ENSG00000083750_unmod,0.1581,0.40178754925727844
ENSG00000083799_unmod,0.559,0.22539159655570984
ENSG00000083807_unmod,0.1112,0.3140276074409485
ENSG00000083812_unmod,-0.1618,1.8733892440795898
ENSG00000083817_unmod,0.1524,0.49791884422302246
ENSG00000083828_unmod,-0.0682,0.4282861351966858
ENSG00000083838_unmod,0.0596,0.9620220065116882
ENSG00000083844_unmod,-0.2345,1.1629585027694702
ENSG00000083845_unmod,-0.0492,2.5295231342315674
ENSG00000083857_unmod,-0.0624,2.537463426589966
ENSG00000083896_unmod,-0.081,0.7282534241676331
ENSG00000083937_unmod,0.5005,1.719503402709961
ENSG00000084070_unmod,-0.0376,1.818494200706482
ENSG00000084072_unmod,0.0529,0.529887318611145
ENSG00000084073_unmod,0.1392,0.13267678022384644
ENSG00000084090_unmod,-0.4167,0.6743937730789185
ENSG00000084092_unmod,-0.2456,0.9893999695777893
ENSG00000084093_unmod,-0.3231,0.4138356149196625
ENSG00000084112_unmod,0.2332,1.7745144367218018
ENSG00000084207_unmod,0.1095,1.5135031938552856
ENSG00000084234_unmod,0.0202,1.84375
ENSG00000084444_unmod,-1.6987,1.8339300155639648
ENSG00000084463_unmod,-0.6627,0.6451132297515869
ENSG00000084623_unmod,-0.1705,0.4316157102584839
ENSG00000084636_unmod,0.487,1.389890432357788
ENSG00000084652_unmod,0.1412,0.8701304197311401
ENSG00000084676_unmod,0.2965,1.0487529039382935
ENSG00000084693_unmod,0.1901,2.8806636333465576
ENSG00000084731_unmod,0.297,0.4079270660877228
ENSG00000084733_unmod,-0.3811,0.2312159389257431
ENSG00000084754_unmod,0.1106,1.0766559839248657
ENSG00000084764_unmod,0.145,0.6603445410728455
ENSG00000084774_unmod,-0.1756,0.5676537752151489
ENSG00000085063_unmod,0.2681,2.157341718673706
ENSG00000085117_unmod,0.984,1.1293970346450806
ENSG00000085185_unmod,0.0108,1.3158388137817383
ENSG00000085224_unmod,0.1404,32.224674224853516
ENSG00000085274_unmod,-0.1073,1.2028696537017822
ENSG00000085276_unmod,-0.1136,0.5082636475563049
ENSG00000085365_unmod,0.028,1.6060045957565308
ENSG00000085377_unmod,-0.1394,0.5401402711868286
ENSG00000085382_unmod,0.0413,0.5731610059738159
ENSG00000085415_unmod,-0.3734,0.8645164370536804
ENSG00000085433_unmod,0.4797,0.7074275612831116
ENSG00000085449_unmod,-0.1953,1.1408631801605225
ENSG00000085491_unmod,0.6723,0.6797026991844177
ENSG00000085511_unmod,0.3398,0.2802782952785492
ENSG00000085563_unmod,0.0806,1.1187189817428589
ENSG00000085644_unmod,-0.2545,1.3638169765472412
ENSG00000085662_unmod,0.2728,1.0826612710952759
ENSG00000085719_unmod,-0.545,2.7109084129333496
ENSG00000085721_unmod,0.0632,0.9679499268531799
ENSG00000085733_unmod,0.1019,0.43703562021255493
ENSG00000085760_unmod,0.3632,1.1927423477172852
ENSG00000085788_unmod,-0.3536,0.7688959240913391
ENSG00000085832_unmod,-0.108,0.22131383419036865
ENSG00000085840_unmod,0.5845,0.5203317999839783
ENSG00000085871_unmod,-0.1326,2.9143500328063965
ENSG00000085872_unmod,0.0769,3.1703717708587646
ENSG00000085978_unmod,-0.008,0.7049835324287415
ENSG00000085982_unmod,0.2399,0.5477662682533264
ENSG00000085998_unmod,0.2889,1.5644172430038452
ENSG00000085999_unmod,0.3159,1.710849404335022
ENSG00000086015_unmod,0.0783,1.456858515739441
ENSG00000086061_unmod,0.5837,0.8921380043029785
ENSG00000086062_unmod,0.0695,0.8286413550376892
ENSG00000086065_unmod,0.3779,0.5273618102073669
ENSG00000086102_unmod,0.0507,0.7329035997390747
ENSG00000086189_unmod,0.0923,0.9349071383476257
ENSG00000086200_unmod,0.4124,1.8378676176071167
ENSG00000086232_unmod,-0.2126,0.5308229327201843
ENSG00000086289_unmod,-0.7291,1.250666856765747
ENSG00000086475_unmod,0.0613,1.7575715780258179
ENSG00000086504_unmod,0.1503,1.1546159982681274
ENSG00000086544_unmod,-0.106,1.5623677968978882
ENSG00000086589_unmod,-0.0287,0.9176855087280273
ENSG00000086598_unmod,-0.0685,1.6207444667816162
ENSG00000086619_unmod,0.295,2.4582371711730957
ENSG00000086666_unmod,0.1441,0.6702276468276978
ENSG00000086712_unmod,-0.9704,0.8663917779922485
ENSG00000086758_unmod,0.0144,0.8871334195137024
ENSG00000086827_unmod,0.0801,1.0115314722061157
ENSG00000086848_unmod,0.0292,0.4912310838699341
ENSG00000087008_unmod,0.0349,0.717290461063385
ENSG00000087053_unmod,-0.0497,1.7067760229110718
ENSG00000087074_unmod,0.1494,1.5425070524215698
ENSG00000087077_unmod,-0.1415,1.511623501777649
ENSG00000087086_unmod,-1.3738,2.083496570587158
ENSG00000087087_unmod,0.2366,1.188468337059021
ENSG00000087088_unmod,-0.0714,1.5186495780944824
ENSG00000087095_unmod,0.506,0.896186351776123
ENSG00000087111_unmod,-0.1888,0.5183504819869995
ENSG00000087152_unmod,-0.4074,0.7389002442359924
ENSG00000087157_unmod,-0.0079,1.1297498941421509
ENSG00000087206_unmod,0.1474,1.2125028371810913
ENSG00000087245_unmod,0.1327,0.3490009903907776
ENSG00000087253_unmod,-0.0181,0.3488543629646301
ENSG00000087258_unmod,0.5715,0.9813718795776367
ENSG00000087263_unmod,-0.1594,1.2831586599349976
ENSG00000087266_unmod,0.1662,0.5206824541091919
ENSG00000087269_unmod,-0.2339,1.8997247219085693
ENSG00000087274_unmod,0.5697,0.9753510355949402
ENSG00000087299_unmod,0.078,0.4866982698440552
ENSG00000087301_unmod,-0.0185,0.5706717371940613
ENSG00000087302_unmod,0.2103,2.374504566192627
ENSG00000087303_unmod,0.0482,0.7787809371948242
ENSG00000087338_unmod,0.0678,1.2516790628433228
ENSG00000087365_unmod,0.255,0.5216721296310425
ENSG00000087448_unmod,0.0685,0.7440959811210632
ENSG00000087460_unmod,0.0064,0.31564292311668396
ENSG00000087470_unmod,-0.2068,0.8028134107589722
ENSG00000087494_unmod,0.6349,0.33650630712509155
ENSG00000087502_unmod,0.7787,2.9443328380584717
ENSG00000087586_unmod,-0.0949,3.1106104850769043
ENSG00000087842_unmod,0.0651,0.5085452795028687
ENSG00000087903_unmod,0.4194,1.2868893146514893
ENSG00000088035_unmod,-0.1754,0.46269237995147705
ENSG00000088038_unmod,0.1113,0.8441762328147888
ENSG00000088179_unmod,-0.1357,1.3390268087387085
ENSG00000088205_unmod,-0.6025,0.630782961845398
ENSG00000088247_unmod,-0.0417,0.4156588613986969
ENSG00000088256_unmod,0.2102,1.9497020244598389
ENSG00000088280_unmod,0.1455,1.688798427581787
ENSG00000088298_unmod,0.0674,2.1691222190856934
ENSG00000088305_unmod,0.0751,0.6880190372467041
ENSG00000088325_unmod,-0.3032,0.41978609561920166
ENSG00000088356_unmod,0.0985,0.8763675093650818
ENSG00000088367_unmod,0.1542,0.42183226346969604
ENSG00000088387_unmod,0.1056,1.7334785461425781
ENSG00000088448_unmod,0.2409,0.5130910873413086
ENSG00000088451_unmod,0.3126,1.6742959022521973
ENSG00000088543_unmod,0.0746,3.3923418521881104
ENSG00000088682_unmod,0.0523,0.8746777772903442
ENSG00000088727_unmod,0.2169,0.6220735907554626
ENSG00000088756_unmod,0.1252,0.43585193157196045
ENSG00000088808_unmod,0.0791,1.953956127166748
ENSG00000088812_unmod,0.2374,0.82487553358078
ENSG00000088826_unmod,0.5482,1.7898286581039429
ENSG00000088832_unmod,-0.0591,1.3190277814865112
ENSG00000088833_unmod,0.1931,0.8378524780273438
ENSG00000088836_unmod,-0.1777,28.961366653442383
ENSG00000088854_unmod,0.0009,0.605417013168335
ENSG00000088876_unmod,-0.3808,1.5352686643600464
ENSG00000088888_unmod,-0.1891,2.510931968688965
ENSG00000088930_unmod,0.0256,1.5839447975158691
ENSG00000088970_unmod,0.039,0.8311799168586731
ENSG00000088986_unmod,-0.1699,0.5404114127159119
ENSG00000088992_unmod,0.7776,2.760463237762451
ENSG00000089006_unmod,0.022,1.120442271232605
ENSG00000089009_unmod,0.0496,1.2661916017532349
ENSG00000089022_unmod,-0.0519,1.4174163341522217
ENSG00000089048_unmod,-0.1582,1.1580673456192017
ENSG00000089050_unmod,-0.3572,1.0103336572647095
ENSG00000089053_unmod,-0.0428,0.4572078585624695
ENSG00000089057_unmod,0.0738,1.4887129068374634
ENSG00000089060_unmod,0.1758,1.5546066761016846
ENSG00000089063_unmod,-0.6266,2.052621841430664
ENSG00000089094_unmod,0.1375,1.9415885210037231
ENSG00000089123_unmod,-0.32,2.3240678310394287
ENSG00000089127_unmod,0.433,0.5450744032859802
ENSG00000089154_unmod,-0.0379,0.5549286603927612
ENSG00000089157_unmod,0.222,2.3501486778259277
ENSG00000089159_unmod,-0.1296,1.7237013578414917
ENSG00000089177_unmod,0.4088,1.3806999921798706
ENSG00000089195_unmod,-0.6348,0.6315218806266785
ENSG00000089220_unmod,0.0267,1.6617498397827148
ENSG00000089234_unmod,-0.3284,0.5373237133026123
ENSG00000089248_unmod,0.2833,0.4386972486972809
ENSG00000089280_unmod,0.1408,1.265508770942688
ENSG00000089289_unmod,-0.0796,1.547307014465332
ENSG00000089327_unmod,0.2119,0.7213541269302368
ENSG00000089335_unmod,0.4878,0.352333664894104
ENSG00000089351_unmod,-0.1814,0.40202829241752625
ENSG00000089486_unmod,0.0975,0.9420475959777832
ENSG00000089597_unmod,0.0721,1.1583770513534546
ENSG00000089639_unmod,0.0734,0.8987058401107788
ENSG00000089682_unmod,-0.0225,0.1719469130039215
ENSG00000089685_unmod,0.5503,1.5909783840179443
ENSG00000089693_unmod,-0.1548,1.1772843599319458
ENSG00000089737_unmod,0.0538,1.1979167461395264
ENSG00000089775_unmod,-0.0673,0.44365403056144714
ENSG00000089818_unmod,-0.4474,1.699656367301941
ENSG00000089876_unmod,0.803,0.8988799452781677
ENSG00000089902_unmod,-0.0629,1.8408403396606445
ENSG00000089916_unmod,-0.1897,0.7103339433670044
ENSG00000090006_unmod,0.1655,0.8492271900177002
ENSG00000090013_unmod,0.5349,1.3474873304367065
ENSG00000090020_unmod,0.177,0.5404618382453918
ENSG00000090054_unmod,-0.1582,0.3195882737636566
ENSG00000090060_unmod,-0.107,0.43183109164237976
ENSG00000090061_unmod,0.1588,0.9009724259376526
ENSG00000090097_unmod,0.1869,0.6865145564079285
ENSG00000090266_unmod,-0.0127,2.1920650005340576
ENSG00000090273_unmod,0.0434,0.8130357265472412
ENSG00000090316_unmod,-0.0591,1.6989591121673584
ENSG00000090339_unmod,0.8699,1.2204681634902954
ENSG00000090372_unmod,-0.1637,1.7712308168411255
ENSG00000090376_unmod,0.1238,0.11270233243703842
ENSG00000090432_unmod,-0.0233,1.8381489515304565
ENSG00000090447_unmod,-0.5295,2.3633744716644287
ENSG00000090470_unmod,-0.5123,0.8784701824188232
ENSG00000090487_unmod,-0.2072,1.517502784729004
ENSG00000090520_unmod,0.2991,0.990275502204895
ENSG00000090530_unmod,0.1222,0.8560358881950378
ENSG00000090565_unmod,0.2087,1.9269665479660034
ENSG00000090581_unmod,-0.0456,0.6638252139091492
ENSG00000090612_unmod,-0.2898,2.0336859226226807
ENSG00000090615_unmod,-0.043,1.9086918830871582
ENSG00000090621_unmod,-0.1284,2.1242027282714844
ENSG00000090674_unmod,0.0071,0.8018624782562256
ENSG00000090686_unmod,0.1121,0.8582817912101746
ENSG00000090776_unmod,-0.2915,1.2549197673797607
ENSG00000090857_unmod,-0.1504,1.2573745250701904
ENSG00000090861_unmod,0.1332,1.8332502841949463
ENSG00000090863_unmod,0.0754,0.7013818025588989
ENSG00000090889_unmod,0.3979,3.0180768966674805
ENSG00000090905_unmod,-0.1786,0.6452707052230835
ENSG00000090924_unmod,0.294,2.0722358226776123
ENSG00000090971_unmod,0.2175,0.739387035369873
ENSG00000090975_unmod,0.3255,0.21060411632061005
ENSG00000090989_unmod,0.0662,0.624796450138092
ENSG00000091009_unmod,-0.1667,0.47936755418777466
ENSG00000091039_unmod,0.145,0.8930268287658691
ENSG00000091073_unmod,0.1327,1.5117677450180054
ENSG00000091127_unmod,-0.3322,0.7979399561882019
ENSG00000091129_unmod,0.0579,2.195352077484131
ENSG00000091136_unmod,-0.0026,1.910376787185669
ENSG00000091140_unmod,0.2183,1.468355417251587
ENSG00000091157_unmod,0.0321,0.6196869611740112
ENSG00000091164_unmod,-0.0401,1.5653897523880005
ENSG00000091317_unmod,0.1648,1.1343377828598022
ENSG00000091409_unmod,-0.0665,0.38912346959114075
ENSG00000091436_unmod,0.071,1.4606549739837646
ENSG00000091483_unmod,0.0377,1.5168870687484741
ENSG00000091490_unmod,0.2172,0.23656022548675537
ENSG00000091527_unmod,0.0765,0.49353641271591187
ENSG00000091542_unmod,-0.1909,0.7280551791191101
ENSG00000091592_unmod,0.07,0.39106035232543945
ENSG00000091622_unmod,-0.0576,1.9712300300598145
ENSG00000091640_unmod,0.042,0.8400387763977051
ENSG00000091651_unmod,-0.0079,0.29604020714759827
ENSG00000091947_unmod,-0.0421,0.5713828802108765
ENSG00000091986_unmod,0.1309,0.5073871612548828
ENSG00000092010_unmod,0.1965,2.577991247177124
ENSG00000092020_unmod,0.3367,0.3094872534275055
ENSG00000092036_unmod,-0.0868,1.0319886207580566
ENSG00000092094_unmod,0.2764,1.788946509361267
ENSG00000092108_unmod,0.2476,0.6153752207756042
ENSG00000092140_unmod,-0.3273,0.7495205402374268
ENSG00000092148_unmod,-0.101,0.2072589248418808
ENSG00000092199_unmod,-0.3018,1.3801547288894653
ENSG00000092201_unmod,0.2814,2.12980318069458
ENSG00000092203_unmod,-0.4662,0.9151057600975037
ENSG00000092208_unmod,-0.1192,0.7266101241111755
ENSG00000092330_unmod,0.1443,1.095760703086853
ENSG00000092439_unmod,0.108,1.8545935153961182
ENSG00000092445_unmod,-0.3353,0.7548390030860901
ENSG00000092470_unmod,0.8598,0.6409429311752319
ENSG00000092531_unmod,-0.0105,0.9510844349861145
ENSG00000092607_unmod,0.1559,7.108830451965332
ENSG00000092621_unmod,0.3796,0.749133288860321
ENSG00000092820_unmod,-0.1436,0.6330143809318542
ENSG00000092841_unmod,0.1154,1.1482517719268799
ENSG00000092847_unmod,0.046,0.40861082077026367
ENSG00000092853_unmod,1.1243,1.9898669719696045
ENSG00000092871_unmod,0.1514,0.8450161814689636
ENSG00000092929_unmod,-0.1599,1.7385447025299072
ENSG00000092931_unmod,-0.0798,1.1230360269546509
ENSG00000092964_unmod,0.3209,0.8005867004394531
ENSG00000092969_unmod,-0.5773,1.5998185873031616
ENSG00000092978_unmod,-0.0677,0.6695259809494019
ENSG00000093000_unmod,0.0011,0.5678828358650208
ENSG00000093009_unmod,0.6275,2.167104482650757
ENSG00000093010_unmod,-0.4608,1.5110688209533691
ENSG00000093144_unmod,-0.0477,0.9794268608093262
ENSG00000093167_unmod,0.2543,2.124140501022339
ENSG00000093183_unmod,-0.276,0.3860589265823364
ENSG00000093217_unmod,0.1574,0.3976522386074066
ENSG00000094631_unmod,0.378,1.6032570600509644
ENSG00000094804_unmod,0.3846,3.0285682678222656
ENSG00000094841_unmod,0.0416,1.3899418115615845
ENSG00000094914_unmod,-0.1669,1.4836856126785278
ENSG00000094916_unmod,-0.1148,0.2230752557516098
ENSG00000094975_unmod,0.6926,0.6582736372947693
ENSG00000095002_unmod,0.2057,0.39246898889541626
ENSG00000095015_unmod,-0.3833,0.7209157943725586
ENSG00000095066_unmod,-0.151,0.3729751408100128
ENSG00000095139_unmod,-0.5768,2.882838487625122
ENSG00000095203_unmod,-0.3868,0.4418001174926758
ENSG00000095209_unmod,-0.89,2.539396047592163
ENSG00000095261_unmod,-0.2634,0.8634573221206665
ENSG00000095303_unmod,0.4528,0.6537418365478516
ENSG00000095319_unmod,0.0113,0.7753068208694458
ENSG00000095321_unmod,0.5555,2.060007095336914
ENSG00000095380_unmod,0.1984,0.7175833582878113
ENSG00000095383_unmod,-0.1334,1.8883355855941772
ENSG00000095397_unmod,0.1061,0.5996634364128113
ENSG00000095485_unmod,-0.0051,1.2591933012008667
ENSG00000095564_unmod,-0.0543,1.1526294946670532
ENSG00000095574_unmod,-0.1875,2.926522731781006
ENSG00000095739_unmod,-0.2611,0.5918366312980652
ENSG00000095752_unmod,0.0457,1.9725345373153687
ENSG00000095787_unmod,-0.1706,1.7680014371871948
ENSG00000095794_unmod,0.403,1.7723968029022217
ENSG00000095951_unmod,-0.1351,0.21889585256576538
ENSG00000096060_unmod,-0.5067,0.4227839708328247
ENSG00000096063_unmod,-0.3806,0.3786359429359436
ENSG00000096070_unmod,0.299,1.620739221572876
ENSG00000096080_unmod,-0.3045,0.5131039619445801
ENSG00000096092_unmod,-0.2855,1.4861589670181274
ENSG00000096093_unmod,0.3156,1.1592903137207031
ENSG00000096384_unmod,-0.0267,1.5732769966125488
ENSG00000096401_unmod,0.1433,1.868229627609253
ENSG00000096433_unmod,0.1176,1.1600507497787476
ENSG00000096654_unmod,0.4863,0.5131717324256897
ENSG00000096696_unmod,0.0639,0.4967944622039795
ENSG00000096717_unmod,-0.0958,0.5521928668022156
ENSG00000096746_unmod,-0.2111,2.3639016151428223
ENSG00000096872_unmod,0.0987,0.7375608682632446
ENSG00000097007_unmod,0.0726,0.43254363536834717
ENSG00000097021_unmod,0.0562,0.789763331413269
ENSG00000097033_unmod,0.119,1.0456247329711914
ENSG00000097046_unmod,0.3873,0.743588924407959
ENSG00000097096_unmod,-0.5533,0.5989407300949097
ENSG00000099194_unmod,-0.3139,2.0034801959991455
ENSG00000099203_unmod,0.1701,1.2875703573226929
ENSG00000099204_unmod,-0.1982,0.6872448921203613
ENSG00000099219_unmod,-0.0218,0.7522383332252502
ENSG00000099246_unmod,0.1365,0.38558050990104675
ENSG00000099250_unmod,0.4319,0.48383092880249023
ENSG00000099260_unmod,0.724,2.3374745845794678
ENSG00000099290_unmod,0.0558,0.49545592069625854
ENSG00000099308_unmod,0.2198,1.2321356534957886
ENSG00000099326_unmod,0.0021,1.1151479482650757
ENSG00000099330_unmod,-0.096,1.9454652070999146
ENSG00000099331_unmod,0.4259,0.5040267705917358
ENSG00000099341_unmod,0.1169,2.0824413299560547
ENSG00000099364_unmod,-0.228,1.4772688150405884
ENSG00000099377_unmod,-0.0515,0.9535551071166992
ENSG00000099381_unmod,-0.1617,1.5656980276107788
ENSG00000099385_unmod,0.6533,1.7794138193130493
ENSG00000099622_unmod,0.1319,0.8049131631851196
ENSG00000099624_unmod,0.005,0.6555485725402832
ENSG00000099625_unmod,-0.1423,1.2668962478637695
ENSG00000099783_unmod,-0.1573,0.45854702591896057
ENSG00000099795_unmod,0.168,1.9361250400543213
ENSG00000099797_unmod,0.0366,0.31015270948410034
ENSG00000099800_unmod,-0.0743,0.1700882911682129
ENSG00000099804_unmod,-0.0096,0.9811539649963379
ENSG00000099810_unmod,-0.164,2.4854846000671387
ENSG00000099812_unmod,0.1748,1.2755804061889648
ENSG00000099814_unmod,0.0757,1.9962893724441528
ENSG00000099817_unmod,0.1037,0.7071966528892517
ENSG00000099821_unmod,-0.1183,1.2484325170516968
ENSG00000099822_unmod,0.2593,2.1133923530578613
ENSG00000099860_unmod,-0.3573,0.2791312336921692
ENSG00000099864_unmod,0.7351,1.3951563835144043
ENSG00000099875_unmod,-0.0791,0.7885445952415466
ENSG00000099899_unmod,0.0484,0.6820790767669678
ENSG00000099901_unmod,0.0812,0.4957256615161896
ENSG00000099904_unmod,-0.4996,2.2233316898345947
ENSG00000099910_unmod,0.2618,0.7866087555885315
ENSG00000099917_unmod,-0.0219,1.8942914009094238
ENSG00000099940_unmod,0.2743,2.0339603424072266
ENSG00000099942_unmod,-0.0456,1.048409342765808
ENSG00000099949_unmod,0.0255,0.8334511518478394
ENSG00000099956_unmod,0.2512,1.1847927570343018
ENSG00000099968_unmod,-0.2023,1.4066015481948853
ENSG00000099991_unmod,-0.0245,1.4015969038009644
ENSG00000099992_unmod,0.504,1.4253672361373901
ENSG00000099995_unmod,-0.0832,0.9581224918365479
ENSG00000099999_unmod,0.4298,0.8821300864219666
ENSG00000100003_unmod,0.3938,0.7294324636459351
ENSG00000100014_unmod,-0.0023,1.45058274269104
ENSG00000100023_unmod,-0.0632,1.6074891090393066
ENSG00000100028_unmod,-0.3658,0.57463139295578
ENSG00000100029_unmod,-0.3437,0.5920051336288452
ENSG00000100030_unmod,0.3137,2.6178884506225586
ENSG00000100034_unmod,0.3894,0.44657832384109497
ENSG00000100036_unmod,-0.0161,0.8489552736282349
ENSG00000100038_unmod,-0.0741,0.5426090359687805
ENSG00000100056_unmod,0.1155,0.5825642347335815
ENSG00000100058_unmod,0.0165,1.4684947729110718
ENSG00000100065_unmod,0.3113,0.8002741932868958
ENSG00000100068_unmod,-0.2045,0.2778870165348053
ENSG00000100075_unmod,0.1685,1.0953402519226074
ENSG00000100077_unmod,0.0218,0.8489382863044739
ENSG00000100083_unmod,-0.1053,0.865625262260437
ENSG00000100084_unmod,-0.5481,0.5965256094932556
ENSG00000100097_unmod,0.3808,2.5303406715393066
ENSG00000100099_unmod,0.0964,0.6624760031700134
ENSG00000100104_unmod,-0.123,0.9517511129379272
ENSG00000100105_unmod,-0.447,1.8588862419128418
ENSG00000100106_unmod,0.449,0.8726952075958252
ENSG00000100109_unmod,0.0295,1.0180137157440186
ENSG00000100116_unmod,-0.6045,2.5170016288757324
ENSG00000100124_unmod,0.2992,1.259767770767212
ENSG00000100129_unmod,-0.0892,1.049349069595337
ENSG00000100138_unmod,-0.6337,1.302233338356018
ENSG00000100139_unmod,0.4833,0.7639316320419312
ENSG00000100142_unmod,0.1024,0.6297222971916199
ENSG00000100147_unmod,-0.1725,2.3594703674316406
ENSG00000100150_unmod,0.071,0.5822020769119263
ENSG00000100151_unmod,0.118,0.5727186799049377
ENSG00000100154_unmod,-0.0029,2.3876521587371826
ENSG00000100162_unmod,0.5516,1.64650297164917
ENSG00000100196_unmod,0.333,0.5598021149635315
ENSG00000100201_unmod,0.1299,0.5454740524291992
ENSG00000100207_unmod,-0.1558,2.365295886993408
ENSG00000100209_unmod,0.276,1.207473874092102
ENSG00000100211_unmod,0.3543,0.6898968815803528
ENSG00000100216_unmod,-0.2636,0.617396891117096
ENSG00000100220_unmod,0.1258,0.4555090367794037
ENSG00000100221_unmod,0.4438,0.3094150424003601
ENSG00000100225_unmod,-0.0643,0.3834032118320465
ENSG00000100226_unmod,0.2164,1.6795493364334106
ENSG00000100227_unmod,-0.0726,0.7858985662460327
ENSG00000100234_unmod,-0.0397,0.30057939887046814
ENSG00000100239_unmod,0.4757,1.7101333141326904
ENSG00000100241_unmod,0.0088,2.01865816116333
ENSG00000100242_unmod,-0.3567,28.565753936767578
ENSG00000100243_unmod,0.1574,0.9803386330604553
ENSG00000100258_unmod,0.2669,1.203270435333252
ENSG00000100263_unmod,-0.0661,0.35029152035713196
ENSG00000100266_unmod,0.2635,0.3664829134941101
ENSG00000100280_unmod,0.0493,2.624760627746582
ENSG00000100281_unmod,-0.0519,0.3843047320842743
ENSG00000100284_unmod,0.4892,1.5396966934204102
ENSG00000100285_unmod,0.2342,0.26256686449050903
ENSG00000100292_unmod,-0.4551,2.378122329711914
ENSG00000100294_unmod,-0.201,1.9182062149047852
ENSG00000100296_unmod,-0.2986,2.1923468112945557
ENSG00000100297_unmod,0.5065,1.0511267185211182
ENSG00000100299_unmod,0.3037,0.6956803202629089
ENSG00000100300_unmod,0.2963,0.5794410705566406
ENSG00000100304_unmod,-0.6796,0.5486987829208374
ENSG00000100307_unmod,0.4212,0.6796268820762634
ENSG00000100311_unmod,1.4469,1.1531919240951538
ENSG00000100316_unmod,0.091,0.3565228581428528
ENSG00000100319_unmod,-0.0219,1.288315773010254
ENSG00000100320_unmod,0.3583,0.39946505427360535
ENSG00000100324_unmod,0.1496,1.0895469188690186
ENSG00000100325_unmod,0.1109,0.21681416034698486
ENSG00000100330_unmod,0.2284,0.5875228047370911
ENSG00000100335_unmod,-0.489,2.314915418624878
ENSG00000100342_unmod,-0.1477,0.8377313613891602
ENSG00000100344_unmod,-0.2232,0.45704102516174316
ENSG00000100345_unmod,0.1035,2.1278324127197266
ENSG00000100347_unmod,0.0636,0.4068913161754608
ENSG00000100348_unmod,-0.0256,1.6466176509857178
ENSG00000100350_unmod,-0.4871,1.6523314714431763
ENSG00000100353_unmod,-0.1543,0.6631038188934326
ENSG00000100354_unmod,-0.4463,0.5731478333473206
ENSG00000100360_unmod,0.2396,0.6455656290054321
ENSG00000100364_unmod,0.1168,2.2580082416534424
ENSG00000100372_unmod,-0.2741,0.6108021140098572
ENSG00000100376_unmod,-0.1547,1.6381707191467285
ENSG00000100379_unmod,0.0853,0.8614962100982666
ENSG00000100380_unmod,0.018,0.5310285091400146
ENSG00000100387_unmod,0.1435,2.694105863571167
ENSG00000100393_unmod,-0.3341,1.91738760471344
ENSG00000100395_unmod,0.3028,0.5360085964202881
ENSG00000100401_unmod,-0.2197,1.4555069208145142
ENSG00000100403_unmod,-0.1682,1.1024866104125977
ENSG00000100410_unmod,-0.2453,2.8755502700805664
ENSG00000100412_unmod,0.228,1.6085493564605713
ENSG00000100413_unmod,-0.498,0.7433976531028748
ENSG00000100416_unmod,0.2088,0.7418985962867737
ENSG00000100417_unmod,0.5307,1.3315309286117554
ENSG00000100418_unmod,-0.54,1.2456697225570679
ENSG00000100422_unmod,0.5356,0.5349785089492798
ENSG00000100425_unmod,0.0136,2.0902960300445557
ENSG00000100426_unmod,0.1762,0.911318302154541
ENSG00000100439_unmod,-0.2145,0.4510636031627655
ENSG00000100441_unmod,0.4172,1.0101591348648071
ENSG00000100442_unmod,0.1225,0.4113073945045471
ENSG00000100445_unmod,-0.1362,1.0299010276794434
ENSG00000100461_unmod,0.293,0.8160030245780945
ENSG00000100462_unmod,-0.463,0.8869908452033997
ENSG00000100473_unmod,0.4571,1.4326797723770142
ENSG00000100478_unmod,-0.4178,0.6674174070358276
ENSG00000100479_unmod,0.0966,0.46884340047836304
ENSG00000100483_unmod,0.1862,0.6355615854263306
ENSG00000100485_unmod,0.474,2.3239963054656982
ENSG00000100490_unmod,-0.271,1.4407410621643066
ENSG00000100503_unmod,0.09,2.776268720626831
ENSG00000100504_unmod,0.0136,1.1740648746490479
ENSG00000100519_unmod,0.0564,0.6262329816818237
ENSG00000100522_unmod,-0.3064,0.4127832353115082
ENSG00000100523_unmod,0.402,0.5927563309669495
ENSG00000100526_unmod,0.4222,0.9939079284667969
ENSG00000100528_unmod,-0.1136,2.304938793182373
ENSG00000100532_unmod,0.0965,0.5902971029281616
ENSG00000100554_unmod,0.1807,1.248358964920044
ENSG00000100558_unmod,0.7665,0.5564162731170654
ENSG00000100564_unmod,-0.5428,1.228943943977356
ENSG00000100567_unmod,0.214,2.260023832321167
ENSG00000100568_unmod,0.0689,1.0632281303405762
ENSG00000100575_unmod,-0.1161,0.3395191729068756
ENSG00000100577_unmod,0.2641,1.1543171405792236
ENSG00000100578_unmod,-0.0881,2.351045608520508
ENSG00000100580_unmod,-0.5466,0.5120961666107178
ENSG00000100591_unmod,0.1597,2.369507312774658
ENSG00000100592_unmod,0.2194,1.4608122110366821
ENSG00000100596_unmod,0.0372,0.38216322660446167
ENSG00000100599_unmod,-0.1021,1.0714777708053589
ENSG00000100600_unmod,-0.0161,1.4884207248687744
ENSG00000100601_unmod,-0.0802,0.6977031230926514
ENSG00000100603_unmod,0.2106,2.4848153591156006
ENSG00000100605_unmod,-0.096,0.5932918190956116
ENSG00000100612_unmod,0.131,1.845876693725586
ENSG00000100625_unmod,-0.281,0.7235942482948303
ENSG00000100629_unmod,0.1569,0.43620815873146057
ENSG00000100632_unmod,-0.0711,2.327354669570923
ENSG00000100644_unmod,-0.0368,1.9692391157150269
ENSG00000100647_unmod,-0.1757,1.1600695848464966
ENSG00000100650_unmod,0.2054,0.3529611825942993
ENSG00000100664_unmod,-0.185,0.8936335444450378
ENSG00000100697_unmod,0.1679,0.33950933814048767
ENSG00000100711_unmod,0.0321,0.6907851696014404
ENSG00000100714_unmod,0.1799,0.8021190762519836
ENSG00000100722_unmod,0.0944,1.3531091213226318
ENSG00000100726_unmod,0.2033,0.778075098991394
ENSG00000100731_unmod,-0.0866,1.178096055984497
ENSG00000100739_unmod,0.4,2.784562110900879
ENSG00000100744_unmod,-0.8707,0.36568495631217957
ENSG00000100749_unmod,-0.1491,0.6324391961097717
ENSG00000100764_unmod,0.2646,0.7544379234313965
ENSG00000100767_unmod,0.3255,1.0715727806091309
ENSG00000100784_unmod,0.108,2.12833309173584
ENSG00000100796_unmod,-0.1568,2.1455929279327393
ENSG00000100804_unmod,-0.0155,1.812333345413208
ENSG00000100811_unmod,-0.8916,0.49877241253852844
ENSG00000100813_unmod,-0.095,0.8828553557395935
ENSG00000100814_unmod,-0.6328,0.753267228603363
ENSG00000100815_unmod,-0.0453,1.0807833671569824
ENSG00000100823_unmod,-0.2238,0.6483803987503052
ENSG00000100836_unmod,-0.0183,0.6600024700164795
ENSG00000100852_unmod,0.0709,0.5901018381118774
ENSG00000100865_unmod,-0.0037,1.5483102798461914
ENSG00000100883_unmod,-0.0142,1.0526833534240723
ENSG00000100888_unmod,-0.2249,0.35973837971687317
ENSG00000100889_unmod,0.3081,1.8195266723632812
ENSG00000100890_unmod,0.0136,2.337592363357544
ENSG00000100897_unmod,0.5223,1.9494192600250244
ENSG00000100902_unmod,0.2061,0.27796170115470886
ENSG00000100906_unmod,0.5336,2.0649311542510986
ENSG00000100911_unmod,0.4301,0.6242184638977051
ENSG00000100916_unmod,-0.0243,0.8292860388755798
ENSG00000100934_unmod,0.23,2.062856674194336
ENSG00000100938_unmod,0.1363,0.5821549296379089
ENSG00000100941_unmod,-0.2571,2.1239895820617676
ENSG00000100949_unmod,-0.3135,2.0046303272247314
ENSG00000100968_unmod,0.5216,1.034285545349121
ENSG00000100979_unmod,0.0009,1.389835238456726
ENSG00000100982_unmod,-0.0854,0.8049699068069458
ENSG00000100983_unmod,0.0719,0.9413608908653259
ENSG00000100991_unmod,0.0599,0.2542373538017273
ENSG00000100994_unmod,0.0284,0.4248439371585846
ENSG00000100997_unmod,0.1007,1.002976894378662
ENSG00000101000_unmod,0.0124,0.6229661107063293
ENSG00000101003_unmod,0.1753,1.2051032781600952
ENSG00000101004_unmod,0.1518,0.7557236552238464
ENSG00000101019_unmod,0.1724,0.5165985822677612
ENSG00000101040_unmod,0.6123,1.7974433898925781
ENSG00000101052_unmod,0.0851,0.7755956053733826
ENSG00000101057_unmod,0.7425,1.3482632637023926
ENSG00000101079_unmod,0.2959,0.7769926190376282
ENSG00000101084_unmod,0.2328,0.7018722891807556
ENSG00000101096_unmod,0.0753,1.0247267484664917
ENSG00000101104_unmod,0.0545,1.102264165878296
ENSG00000101109_unmod,0.0879,1.2277517318725586
ENSG00000101115_unmod,-0.2188,0.7427806854248047
ENSG00000101126_unmod,-0.2227,1.801284670829773
ENSG00000101132_unmod,0.3309,1.978918194770813
ENSG00000101138_unmod,-0.294,1.5772346258163452
ENSG00000101146_unmod,-0.2164,0.6518347859382629
ENSG00000101150_unmod,0.1669,0.7868231534957886
ENSG00000101152_unmod,-0.1152,1.6272392272949219
ENSG00000101158_unmod,-0.0625,0.326321542263031
ENSG00000101160_unmod,0.3634,1.6450326442718506
ENSG00000101161_unmod,0.3246,1.7642003297805786
ENSG00000101166_unmod,-0.0556,1.9184743165969849
ENSG00000101181_unmod,-0.2465,1.1275603771209717
ENSG00000101182_unmod,0.6032,0.6604803800582886
ENSG00000101187_unmod,0.0737,0.4864882528781891
ENSG00000101189_unmod,0.2426,1.5526254177093506
ENSG00000101190_unmod,0.0968,1.1429542303085327
ENSG00000101191_unmod,0.1265,2.1648669242858887
ENSG00000101193_unmod,-1.1359,2.0446884632110596
ENSG00000101194_unmod,-0.0447,1.2424111366271973
ENSG00000101199_unmod,0.0046,0.4102558493614197
ENSG00000101210_unmod,0.1255,0.5899860262870789
ENSG00000101213_unmod,-0.2127,0.4288095533847809
ENSG00000101216_unmod,0.1021,2.4540445804595947
ENSG00000101220_unmod,-0.4493,1.9303171634674072
ENSG00000101224_unmod,-0.0035,0.8274009823799133
ENSG00000101236_unmod,0.2177,0.7102196216583252
ENSG00000101246_unmod,0.1222,2.487990379333496
ENSG00000101247_unmod,-0.2449,2.6159791946411133
ENSG00000101255_unmod,0.361,0.8620792031288147
ENSG00000101266_unmod,-0.268,0.6604120135307312
ENSG00000101290_unmod,-0.2406,0.5658601522445679
ENSG00000101294_unmod,0.0274,0.6579253673553467
ENSG00000101310_unmod,-0.2705,2.3542442321777344
ENSG00000101311_unmod,-0.2142,0.27014070749282837
ENSG00000101333_unmod,-0.4858,1.7173815965652466
ENSG00000101335_unmod,0.1788,0.6393117904663086
ENSG00000101337_unmod,-0.1505,29.201379776000977
ENSG00000101343_unmod,0.3716,1.0176032781600952
ENSG00000101346_unmod,-0.5028,0.5172586441040039
ENSG00000101347_unmod,-0.0599,0.47234514355659485
ENSG00000101350_unmod,0.3506,0.5212775468826294
ENSG00000101361_unmod,-0.1155,1.4042104482650757
ENSG00000101363_unmod,-0.2173,0.5534735321998596
ENSG00000101365_unmod,0.1341,0.8984014987945557
ENSG00000101367_unmod,-0.1291,2.1209464073181152
ENSG00000101384_unmod,0.3122,0.9952673316001892
ENSG00000101391_unmod,-0.054,1.8810977935791016
ENSG00000101400_unmod,0.3373,0.21802760660648346
ENSG00000101407_unmod,-0.1455,0.7248563170433044
ENSG00000101412_unmod,0.5424,1.2357792854309082
ENSG00000101413_unmod,0.0689,1.070299744606018
ENSG00000101417_unmod,0.3136,0.7962983250617981
ENSG00000101421_unmod,0.2075,0.5075250267982483
ENSG00000101439_unmod,0.0822,0.5356320738792419
ENSG00000101442_unmod,-0.1915,0.9294957518577576
ENSG00000101444_unmod,-0.0483,0.6885140538215637
ENSG00000101447_unmod,-0.4511,0.9476649761199951
ENSG00000101452_unmod,-0.2044,1.0201798677444458
ENSG00000101457_unmod,0.2914,2.713695764541626
ENSG00000101460_unmod,-0.2177,0.09947038441896439
ENSG00000101464_unmod,-0.4115,0.9287141561508179
ENSG00000101473_unmod,0.2475,0.4945773780345917
ENSG00000101474_unmod,0.2171,1.3764408826828003
ENSG00000101544_unmod,-0.2105,0.9098266959190369
ENSG00000101546_unmod,0.0507,0.6640738844871521
ENSG00000101557_unmod,0.0056,0.39241307973861694
ENSG00000101558_unmod,0.0698,2.864241123199463
ENSG00000101574_unmod,0.2468,1.0968859195709229
ENSG00000101577_unmod,0.0334,0.9538176655769348
ENSG00000101596_unmod,0.3092,0.13365164399147034
ENSG00000101608_unmod,0.1566,0.7078714370727539
ENSG00000101624_unmod,0.3218,0.7124585509300232
ENSG00000101639_unmod,0.1418,0.9052540063858032
ENSG00000101654_unmod,-0.1177,2.6516714096069336
ENSG00000101665_unmod,-0.035,1.2054505348205566
ENSG00000101670_unmod,0.5199,0.7607674598693848
ENSG00000101680_unmod,-0.2063,2.398838996887207
ENSG00000101745_unmod,0.1796,0.7030820250511169
ENSG00000101751_unmod,0.0269,0.9526633620262146
ENSG00000101752_unmod,0.0149,1.0532584190368652
ENSG00000101773_unmod,0.4558,0.43731486797332764
ENSG00000101782_unmod,0.0503,1.3655405044555664
ENSG00000101811_unmod,-0.1283,0.7651800513267517
ENSG00000101843_unmod,-0.3836,0.4949796795845032
ENSG00000101844_unmod,0.0582,2.403581142425537
ENSG00000101846_unmod,-0.2198,0.7525869607925415
ENSG00000101849_unmod,0.5853,1.8817458152770996
ENSG00000101856_unmod,-0.2208,1.0608166456222534
ENSG00000101868_unmod,0.0533,0.6112585663795471
ENSG00000101871_unmod,-0.1918,0.9373139142990112
ENSG00000101882_unmod,1.0464,1.1475224494934082
ENSG00000101888_unmod,0.0387,1.9451618194580078
ENSG00000101901_unmod,-0.1699,0.5324628949165344
ENSG00000101911_unmod,0.1286,2.1893086433410645
ENSG00000101928_unmod,-0.0717,0.43156954646110535
ENSG00000101935_unmod,1.1455,1.4228554964065552
ENSG00000101940_unmod,0.2521,0.514168381690979
ENSG00000101945_unmod,0.1506,2.8111889362335205
ENSG00000101966_unmod,0.1564,0.6273313164710999
ENSG00000101972_unmod,0.0594,1.165403127670288
ENSG00000101974_unmod,0.9954,3.1979901790618896
ENSG00000101986_unmod,-0.2852,0.5717220902442932
ENSG00000101997_unmod,0.1709,0.4828493595123291
ENSG00000102007_unmod,0.0505,0.29667335748672485
ENSG00000102024_unmod,-0.041,0.37911009788513184
ENSG00000102034_unmod,0.1644,0.600475013256073
ENSG00000102038_unmod,-0.4738,0.7697003483772278
ENSG00000102054_unmod,0.2283,1.1938269138336182
ENSG00000102057_unmod,0.1657,1.9446226358413696
ENSG00000102078_unmod,0.1321,0.2972548305988312
ENSG00000102081_unmod,0.0761,0.5797685384750366
ENSG00000102096_unmod,-0.5079,1.186102032661438
ENSG00000102098_unmod,-0.217,0.47405824065208435
ENSG00000102100_unmod,0.0233,1.3265657424926758
ENSG00000102103_unmod,0.2168,1.4043701887130737
ENSG00000102119_unmod,0.0848,1.5801843404769897
ENSG00000102125_unmod,-0.2226,1.4499677419662476
ENSG00000102144_unmod,-0.0337,0.7092950344085693
ENSG00000102158_unmod,1.0899,1.1943106651306152
ENSG00000102172_unmod,0.168,1.3965656757354736
ENSG00000102178_unmod,0.0786,0.9605711698532104
ENSG00000102181_unmod,0.2021,0.847824215888977
ENSG00000102189_unmod,0.9548,0.28966546058654785
ENSG00000102218_unmod,-0.0587,1.8646777868270874
ENSG00000102221_unmod,0.1185,1.4298968315124512
ENSG00000102225_unmod,-0.0404,0.8337193131446838
ENSG00000102226_unmod,0.1889,1.4468159675598145
ENSG00000102241_unmod,0.6921,0.1267523467540741
ENSG00000102265_unmod,0.4205,1.5260579586029053
ENSG00000102271_unmod,0.1384,3.4164257049560547
ENSG00000102287_unmod,0.3551,1.5677119493484497
ENSG00000102302_unmod,0.0191,0.5682402849197388
ENSG00000102309_unmod,0.5821,0.7501407861709595
ENSG00000102312_unmod,-0.6566,1.0096124410629272
ENSG00000102316_unmod,0.4637,1.8166450262069702
ENSG00000102317_unmod,0.3513,1.8819851875305176
ENSG00000102384_unmod,0.3711,1.3612887859344482
ENSG00000102390_unmod,0.3406,1.9649094343185425
ENSG00000102393_unmod,-0.0694,0.7077367305755615
ENSG00000102401_unmod,0.6702,0.7633198499679565
ENSG00000102452_unmod,0.0145,2.815539836883545
ENSG00000102471_unmod,-0.0354,2.0165224075317383
ENSG00000102531_unmod,0.4025,1.4322346448898315
ENSG00000102543_unmod,0.5036,1.5611802339553833
ENSG00000102547_unmod,0.4859,0.7249019742012024
ENSG00000102554_unmod,-0.0309,1.8852628469467163
ENSG00000102572_unmod,0.0994,0.795261800289154
ENSG00000102580_unmod,0.4507,2.222433090209961
ENSG00000102595_unmod,0.0359,2.593385934829712
ENSG00000102606_unmod,0.1114,0.9074403643608093
ENSG00000102699_unmod,0.0753,0.586030125617981
ENSG00000102710_unmod,-0.0227,0.6567010283470154
ENSG00000102738_unmod,-0.1804,0.6843090653419495
ENSG00000102753_unmod,-0.4174,0.6541996002197266
ENSG00000102763_unmod,-0.4122,0.17159605026245117
ENSG00000102780_unmod,-0.0181,0.5812089443206787
ENSG00000102781_unmod,-0.5071,1.320803165435791
ENSG00000102786_unmod,0.0025,1.1314833164215088
ENSG00000102804_unmod,0.1507,1.3496954441070557
ENSG00000102805_unmod,-0.0136,1.2677556276321411
ENSG00000102854_unmod,0.169,2.503599166870117
ENSG00000102858_unmod,0.0505,0.7496159076690674
ENSG00000102870_unmod,-0.0258,0.3410857617855072
ENSG00000102871_unmod,0.0875,1.1786352396011353
ENSG00000102882_unmod,0.5446,0.8299151062965393
ENSG00000102893_unmod,-0.0086,0.6825781464576721
ENSG00000102897_unmod,0.0087,1.0143232345581055
ENSG00000102898_unmod,-0.0672,1.6950945854187012
ENSG00000102900_unmod,-0.0767,0.23127281665802002
ENSG00000102901_unmod,0.1503,0.6897141933441162
ENSG00000102908_unmod,-0.1595,0.41292455792427063
ENSG00000102910_unmod,-0.1494,0.7516788244247437
ENSG00000102921_unmod,0.2395,0.6366928219795227
ENSG00000102931_unmod,0.973,0.5858348608016968
ENSG00000102935_unmod,-0.0928,0.6408170461654663
ENSG00000102967_unmod,-0.5661,0.9231184124946594
ENSG00000102974_unmod,0.1314,2.00073504447937
ENSG00000102977_unmod,0.2057,1.1606841087341309
ENSG00000102978_unmod,0.0552,0.6107016801834106
ENSG00000102996_unmod,0.1196,0.7782120704650879
ENSG00000103005_unmod,-0.0532,2.8381733894348145
ENSG00000103018_unmod,-0.0244,0.7866306304931641
ENSG00000103021_unmod,-0.1573,2.4431192874908447
ENSG00000103024_unmod,-0.2301,1.9647512435913086
ENSG00000103034_unmod,0.0961,0.9944667220115662
ENSG00000103035_unmod,-0.0591,0.41289636492729187
ENSG00000103037_unmod,-0.4503,1.7342841625213623
ENSG00000103042_unmod,-0.1856,1.9574847221374512
ENSG00000103043_unmod,-0.2422,1.4504517316818237
ENSG00000103047_unmod,-0.183,0.18518896400928497
ENSG00000103051_unmod,0.1081,0.48399171233177185
ENSG00000103061_unmod,-0.0035,0.543274462223053
ENSG00000103064_unmod,-0.563,0.2574358880519867
ENSG00000103066_unmod,0.6413,1.2348417043685913
ENSG00000103067_unmod,-0.6903,0.577697217464447
ENSG00000103091_unmod,-0.5512,1.3431711196899414
ENSG00000103111_unmod,0.0009,1.782418131828308
ENSG00000103121_unmod,-0.1837,0.459684282541275
ENSG00000103126_unmod,-0.154,0.3767559826374054
ENSG00000103145_unmod,0.2234,0.3976772129535675
ENSG00000103148_unmod,-0.2629,2.0006959438323975
ENSG00000103150_unmod,-0.0568,0.7864262461662292
ENSG00000103152_unmod,0.5428,1.3795303106307983
ENSG00000103160_unmod,-0.2479,30.058578491210938
ENSG00000103168_unmod,-0.2174,1.3384640216827393
ENSG00000103174_unmod,-0.1208,1.2873443365097046
ENSG00000103175_unmod,0.3145,1.3947417736053467
ENSG00000103187_unmod,-0.254,0.16075579822063446
ENSG00000103194_unmod,-0.2859,0.8967983722686768
ENSG00000103196_unmod,-0.0925,1.9283472299575806
ENSG00000103197_unmod,-0.0806,1.660089373588562
ENSG00000103199_unmod,0.0815,2.065112590789795
ENSG00000103202_unmod,-0.0671,1.716500163078308
ENSG00000103222_unmod,0.1124,0.5682540535926819
ENSG00000103241_unmod,0.5889,1.4169892072677612
ENSG00000103245_unmod,-0.0334,1.6421743631362915
ENSG00000103248_unmod,0.0725,1.1869460344314575
ENSG00000103249_unmod,-0.1468,0.23885571956634521
ENSG00000103253_unmod,-0.2143,0.6469563245773315
ENSG00000103257_unmod,-0.6733,1.6963733434677124
ENSG00000103260_unmod,-0.0148,1.0416831970214844
ENSG00000103264_unmod,-0.2128,0.2824377715587616
ENSG00000103266_unmod,0.215,1.0493264198303223
ENSG00000103274_unmod,0.3059,0.7772692441940308
ENSG00000103275_unmod,-0.169,2.0281994342803955
ENSG00000103319_unmod,-0.3078,2.5472495555877686
ENSG00000103326_unmod,-0.2267,0.612564206123352
ENSG00000103335_unmod,0.0772,2.3309054374694824
ENSG00000103342_unmod,-0.3389,2.154279947280884
ENSG00000103343_unmod,-0.4342,0.4945153594017029
ENSG00000103351_unmod,-0.0937,1.3852516412734985
ENSG00000103353_unmod,0.0064,2.7938385009765625
ENSG00000103356_unmod,-0.1637,0.9621966481208801
ENSG00000103363_unmod,-0.0757,2.4074230194091797
ENSG00000103365_unmod,0.1207,0.20632928609848022
ENSG00000103381_unmod,-0.3094,0.7963128089904785
ENSG00000103404_unmod,0.1796,0.9187850952148438
ENSG00000103415_unmod,0.0935,2.2011666297912598
ENSG00000103423_unmod,0.3971,0.6003649234771729
ENSG00000103429_unmod,0.6229,0.34636223316192627
ENSG00000103479_unmod,-0.8015,0.8945024609565735
ENSG00000103494_unmod,0.096,1.6959216594696045
ENSG00000103495_unmod,0.1741,1.4025741815567017
ENSG00000103496_unmod,0.4809,1.3342313766479492
ENSG00000103502_unmod,-0.1995,0.3909547030925751
ENSG00000103507_unmod,0.0206,2.1636061668395996
ENSG00000103510_unmod,-0.051,1.1184147596359253
ENSG00000103512_unmod,-0.1162,2.58416748046875
ENSG00000103528_unmod,0.5828,0.8229987621307373
ENSG00000103540_unmod,0.3978,0.8164710402488708
ENSG00000103544_unmod,-0.057,2.5764806270599365
ENSG00000103549_unmod,0.0318,1.3363888263702393
ENSG00000103550_unmod,-0.0105,0.5417328476905823
ENSG00000103591_unmod,0.1935,28.86531639099121
ENSG00000103599_unmod,0.5929,1.2395790815353394
ENSG00000103642_unmod,0.1109,2.449002981185913
ENSG00000103653_unmod,0.1741,2.221160888671875
ENSG00000103657_unmod,0.1896,0.2698565125465393
ENSG00000103671_unmod,0.2239,1.318732738494873
ENSG00000103707_unmod,0.0618,2.276301622390747
ENSG00000103769_unmod,-0.2485,0.5559899806976318
ENSG00000103852_unmod,0.428,0.5062946081161499
ENSG00000103855_unmod,-0.1207,0.5928600430488586
ENSG00000103876_unmod,-0.1,2.198493242263794
ENSG00000103932_unmod,-0.243,0.5742889642715454
ENSG00000103966_unmod,0.1549,28.595714569091797
ENSG00000103978_unmod,0.1073,0.8816816806793213
ENSG00000103994_unmod,-0.3711,0.4388176202774048
ENSG00000103995_unmod,0.2645,0.45967116951942444
ENSG00000104047_unmod,0.0954,0.6705092191696167
ENSG00000104064_unmod,-0.1697,0.9555670022964478
ENSG00000104067_unmod,0.0698,0.5310050845146179
ENSG00000104081_unmod,1.1696,1.3895230293273926
ENSG00000104093_unmod,0.2454,0.8075549006462097
ENSG00000104129_unmod,0.3121,0.26811304688453674
ENSG00000104131_unmod,-0.1794,1.467760682106018
ENSG00000104133_unmod,0.3152,0.6341352462768555
ENSG00000104142_unmod,-0.1436,2.072519063949585
ENSG00000104147_unmod,0.1149,1.523987054824829
ENSG00000104154_unmod,0.0556,2.026402473449707
ENSG00000104164_unmod,0.0839,0.49555346369743347
ENSG00000104205_unmod,0.4377,0.8740262389183044
ENSG00000104213_unmod,-0.1765,1.9111837148666382
ENSG00000104218_unmod,0.0311,1.118489146232605
ENSG00000104219_unmod,-0.1095,3.2409775257110596
ENSG00000104221_unmod,0.0966,1.1472903490066528
ENSG00000104228_unmod,-0.361,1.1341503858566284
ENSG00000104231_unmod,0.0994,0.516665518283844
ENSG00000104267_unmod,0.7671,0.14851312339305878
ENSG00000104299_unmod,-0.0872,0.5624907612800598
ENSG00000104312_unmod,0.8761,1.0633394718170166
ENSG00000104313_unmod,0.2774,0.3303622007369995
ENSG00000104320_unmod,-0.2394,1.1387791633605957
ENSG00000104325_unmod,0.282,0.244602769613266
ENSG00000104331_unmod,-0.4209,1.700276255607605
ENSG00000104341_unmod,-0.8727,1.6508697271347046
ENSG00000104343_unmod,-0.9594,0.8282424807548523
ENSG00000104356_unmod,-0.2191,0.5237992405891418
ENSG00000104361_unmod,-0.2307,0.6540674567222595
ENSG00000104365_unmod,0.238,1.5140786170959473
ENSG00000104368_unmod,1.0301,1.3977539539337158
ENSG00000104369_unmod,0.0011,1.2415751218795776
ENSG00000104375_unmod,-0.2895,1.863694190979004
ENSG00000104381_unmod,0.0527,0.9196887612342834
ENSG00000104388_unmod,-0.1522,1.0168200731277466
ENSG00000104408_unmod,-0.2488,1.2633813619613647
ENSG00000104412_unmod,0.0676,1.9825100898742676
ENSG00000104419_unmod,0.1658,0.7765128016471863
ENSG00000104427_unmod,0.2223,2.440876007080078
ENSG00000104442_unmod,0.0493,1.4382508993148804
ENSG00000104447_unmod,-0.0049,0.435623437166214
ENSG00000104450_unmod,0.3243,0.6127700209617615
ENSG00000104472_unmod,-0.0004,1.9735684394836426
ENSG00000104497_unmod,0.6255,0.9960265755653381
ENSG00000104517_unmod,-0.1068,1.5811411142349243
ENSG00000104522_unmod,0.1958,2.286038398742676
ENSG00000104524_unmod,0.0341,0.6243225336074829
ENSG00000104529_unmod,0.2516,1.5765669345855713
ENSG00000104549_unmod,-0.1984,0.8250580430030823
ENSG00000104611_unmod,0.5866,2.528616428375244
ENSG00000104613_unmod,0.0547,0.6512237191200256
ENSG00000104626_unmod,0.4123,0.549519419670105
ENSG00000104635_unmod,0.0658,0.8444308042526245
ENSG00000104643_unmod,-0.2097,0.7032812833786011
ENSG00000104660_unmod,0.1906,0.7441446781158447
ENSG00000104671_unmod,0.0426,0.5194719433784485
ENSG00000104679_unmod,-0.0294,0.41806724667549133
ENSG00000104687_unmod,0.4097,0.8185597062110901
ENSG00000104689_unmod,0.0176,0.5385457873344421
ENSG00000104691_unmod,-0.5064,2.984328031539917
ENSG00000104695_unmod,0.1336,0.614254891872406
ENSG00000104714_unmod,-0.0321,1.9416135549545288
ENSG00000104723_unmod,0.168,1.829787015914917
ENSG00000104731_unmod,-0.2398,1.5521079301834106
ENSG00000104738_unmod,0.0255,1.1667804718017578
ENSG00000104756_unmod,0.5643,0.7844735980033875
ENSG00000104763_unmod,-0.0927,2.0856688022613525
ENSG00000104765_unmod,0.621,0.67296302318573
ENSG00000104774_unmod,0.0323,0.5440133213996887
ENSG00000104783_unmod,0.2171,1.05562162399292
ENSG00000104805_unmod,0.3345,1.8398536443710327
ENSG00000104812_unmod,-0.2617,0.5483623147010803
ENSG00000104823_unmod,-0.1006,0.14250440895557404
ENSG00000104824_unmod,-0.0724,0.749811589717865
ENSG00000104825_unmod,0.1577,0.5267683863639832
ENSG00000104852_unmod,-0.0183,1.1876448392868042
ENSG00000104853_unmod,-0.0243,1.2618987560272217
ENSG00000104856_unmod,0.5263,0.9330148100852966
ENSG00000104859_unmod,0.0677,1.422207236289978
ENSG00000104866_unmod,-0.0208,0.9700543284416199
ENSG00000104872_unmod,0.1682,1.5941665172576904
ENSG00000104880_unmod,-0.1992,0.3898310661315918
ENSG00000104881_unmod,0.249,1.3863240480422974
ENSG00000104884_unmod,-0.7702,3.130584478378296
ENSG00000104885_unmod,0.3453,1.0377253293991089
ENSG00000104886_unmod,-0.111,2.05153226852417
ENSG00000104897_unmod,0.1861,2.3300933837890625
ENSG00000104904_unmod,0.079,1.472231388092041
ENSG00000104907_unmod,-0.2159,2.3752923011779785
ENSG00000104915_unmod,-0.0352,2.8972249031066895
ENSG00000104936_unmod,0.0575,1.6725308895111084
ENSG00000104946_unmod,-0.0766,0.5947239398956299
ENSG00000104957_unmod,0.189,0.512474536895752
ENSG00000104960_unmod,0.0926,1.2736414670944214
ENSG00000104964_unmod,0.1395,1.3343020677566528
ENSG00000104969_unmod,-0.1624,1.6584856510162354
ENSG00000104973_unmod,0.3113,1.1871602535247803
ENSG00000104976_unmod,0.2526,1.2218878269195557
ENSG00000104979_unmod,-0.1322,1.4936107397079468
ENSG00000104980_unmod,-0.1583,2.769754409790039
ENSG00000104998_unmod,0.3125,1.1099169254302979
ENSG00000105011_unmod,0.2645,1.1358962059020996
ENSG00000105053_unmod,0.2022,0.5368524193763733
ENSG00000105058_unmod,-0.1715,0.3418796956539154
ENSG00000105063_unmod,0.0353,1.4626317024230957
ENSG00000105072_unmod,-0.163,0.48910313844680786
ENSG00000105085_unmod,-0.0958,0.6208772659301758
ENSG00000105127_unmod,-0.0061,0.6044679284095764
ENSG00000105135_unmod,0.1594,0.5261398553848267
ENSG00000105136_unmod,-0.1523,1.2246155738830566
ENSG00000105137_unmod,0.2809,0.6312608122825623
ENSG00000105171_unmod,-0.0634,1.072157859802246
ENSG00000105173_unmod,0.4143,2.022020101547241
ENSG00000105176_unmod,0.2276,1.08590829372406
ENSG00000105185_unmod,-0.0048,0.6782625317573547
ENSG00000105186_unmod,-0.1594,1.3726391792297363
ENSG00000105193_unmod,0.0878,1.774821162223816
ENSG00000105197_unmod,-0.1305,0.36263662576675415
ENSG00000105202_unmod,0.1242,27.429672241210938
ENSG00000105204_unmod,0.4163,1.889498233795166
ENSG00000105220_unmod,-0.0415,1.2105551958084106
ENSG00000105221_unmod,0.0415,1.7280950546264648
ENSG00000105223_unmod,0.0717,0.4717397391796112
ENSG00000105229_unmod,0.1376,1.1370102167129517
ENSG00000105245_unmod,0.2223,0.5444176197052002
ENSG00000105248_unmod,0.0856,0.258453369140625
ENSG00000105254_unmod,0.1893,1.2056711912155151
ENSG00000105258_unmod,-0.0783,1.0516467094421387
ENSG00000105281_unmod,-0.1144,3.4661433696746826
ENSG00000105287_unmod,0.0027,0.38258787989616394
ENSG00000105290_unmod,0.4328,0.6364770531654358
ENSG00000105298_unmod,-0.0105,0.8245705366134644
ENSG00000105321_unmod,0.705,0.6746467351913452
ENSG00000105323_unmod,-0.069,1.8632428646087646
ENSG00000105325_unmod,0.1909,2.204594373703003
ENSG00000105327_unmod,0.3617,1.2721314430236816
ENSG00000105329_unmod,0.3751,0.9745750427246094
ENSG00000105339_unmod,0.0299,0.7407746315002441
ENSG00000105341_unmod,-0.1501,1.2678866386413574
ENSG00000105355_unmod,0.2563,1.9403009414672852
ENSG00000105364_unmod,-0.1578,0.6944854855537415
ENSG00000105372_unmod,0.1555,2.9397828578948975
ENSG00000105373_unmod,0.237,0.1668219268321991
ENSG00000105379_unmod,0.5834,2.291661024093628
ENSG00000105393_unmod,-0.0991,1.692259430885315
ENSG00000105397_unmod,0.2685,1.1842191219329834
ENSG00000105401_unmod,-0.0014,1.3060499429702759
ENSG00000105402_unmod,0.1903,0.6368622183799744
ENSG00000105419_unmod,0.1924,1.6442927122116089
ENSG00000105426_unmod,0.0602,0.8330267667770386
ENSG00000105429_unmod,0.0662,1.2396211624145508
ENSG00000105438_unmod,-0.2662,1.4033563137054443
ENSG00000105443_unmod,0.2993,1.5538829565048218
ENSG00000105447_unmod,-0.3245,2.2973785400390625
ENSG00000105483_unmod,0.1252,1.08311128616333
ENSG00000105486_unmod,0.6676,1.3685976266860962
ENSG00000105497_unmod,-0.1162,0.8369801640510559
ENSG00000105499_unmod,0.21,2.301370859146118
ENSG00000105514_unmod,0.0803,28.007801055908203
ENSG00000105518_unmod,0.1049,28.081605911254883
ENSG00000105520_unmod,0.3956,1.5958960056304932
ENSG00000105538_unmod,-0.0093,1.9321937561035156
ENSG00000105552_unmod,-0.5318,1.4944162368774414
ENSG00000105556_unmod,-0.0097,0.8041551113128662
ENSG00000105559_unmod,0.6464,0.6500626802444458
ENSG00000105568_unmod,0.256,1.0045864582061768
ENSG00000105576_unmod,-0.1738,1.153744101524353
ENSG00000105607_unmod,-0.2,1.7452282905578613
ENSG00000105612_unmod,0.0281,0.2376394420862198
ENSG00000105613_unmod,-0.0744,0.6412851810455322
ENSG00000105618_unmod,0.1613,2.6905131340026855
ENSG00000105619_unmod,0.3021,0.7901419401168823
ENSG00000105640_unmod,0.0122,1.0938400030136108
ENSG00000105643_unmod,0.6584,1.8055475950241089
ENSG00000105649_unmod,-1.0247,0.44307518005371094
ENSG00000105656_unmod,0.0445,1.140506386756897
ENSG00000105662_unmod,-0.0227,1.1444116830825806
ENSG00000105669_unmod,0.5596,1.25138258934021
ENSG00000105671_unmod,-0.0226,0.9046080708503723
ENSG00000105676_unmod,-0.1377,0.9490525722503662
ENSG00000105677_unmod,-0.2738,1.5245803594589233
ENSG00000105698_unmod,-0.1521,0.7999533414840698
ENSG00000105699_unmod,0.436,0.8163172006607056
ENSG00000105700_unmod,-0.0079,0.8085695505142212
ENSG00000105701_unmod,0.1098,1.0755378007888794
ENSG00000105705_unmod,-0.0926,5.982764720916748
ENSG00000105708_unmod,-0.7118,0.34540465474128723
ENSG00000105722_unmod,-0.2022,1.0183541774749756
ENSG00000105723_unmod,-0.3191,1.3784750699996948
ENSG00000105726_unmod,-0.2425,1.0976916551589966
ENSG00000105732_unmod,-0.0294,0.9449732303619385
ENSG00000105738_unmod,0.0322,0.6618395447731018
ENSG00000105755_unmod,0.2927,1.773634910583496
ENSG00000105771_unmod,0.0537,1.6050312519073486
ENSG00000105778_unmod,-0.0717,0.5085138082504272
ENSG00000105793_unmod,-0.3797,0.4995381534099579
ENSG00000105810_unmod,-0.5393,0.28565120697021484
ENSG00000105819_unmod,-0.1246,0.21399913728237152
ENSG00000105821_unmod,-0.0861,2.5646748542785645
ENSG00000105825_unmod,0.4023,1.5071709156036377
ENSG00000105829_unmod,-0.1425,1.1052074432373047
ENSG00000105835_unmod,0.5266,0.49569904804229736
ENSG00000105849_unmod,0.3042,0.7937572002410889
ENSG00000105854_unmod,0.1,0.94404536485672
ENSG00000105855_unmod,-0.1343,1.7795212268829346
ENSG00000105856_unmod,0.2569,1.6697649955749512
ENSG00000105865_unmod,0.3135,0.6561787724494934
ENSG00000105866_unmod,-0.1835,1.5947116613388062
ENSG00000105877_unmod,0.1489,0.5376116633415222
ENSG00000105879_unmod,-0.5806,0.4676934480667114
ENSG00000105887_unmod,-0.8436,0.6184189915657043
ENSG00000105926_unmod,-0.1801,0.9239651560783386
ENSG00000105928_unmod,0.095,0.5248856544494629
ENSG00000105939_unmod,0.251,1.8975045680999756
ENSG00000105948_unmod,-0.1859,0.7546147704124451
ENSG00000105953_unmod,0.0762,0.35394287109375
ENSG00000105968_unmod,0.1862,0.7393836975097656
ENSG00000105971_unmod,0.0264,1.2623860836029053
ENSG00000105974_unmod,0.1158,0.7362973690032959
ENSG00000105976_unmod,-0.2488,0.47664985060691833
ENSG00000105983_unmod,-0.0133,0.3340680003166199
ENSG00000105993_unmod,0.0857,0.9444986581802368
ENSG00000106003_unmod,0.468,0.8750046491622925
ENSG00000106009_unmod,0.0413,2.011822462081909
ENSG00000106012_unmod,0.3528,0.9437416791915894
ENSG00000106025_unmod,0.5083,0.6674630641937256
ENSG00000106028_unmod,-0.0864,0.598330557346344
ENSG00000106031_unmod,-0.2432,0.7191183567047119
ENSG00000106049_unmod,-0.1814,2.359767436981201
ENSG00000106052_unmod,0.6792,0.4791294038295746
ENSG00000106070_unmod,0.295,0.5241336822509766
ENSG00000106077_unmod,0.0224,2.4521403312683105
ENSG00000106078_unmod,0.0218,1.4917125701904297
ENSG00000106080_unmod,-0.1236,1.0301116704940796
ENSG00000106086_unmod,0.1089,0.6504039168357849
ENSG00000106089_unmod,0.4308,0.9023624658584595
ENSG00000106100_unmod,0.112,1.3479135036468506
ENSG00000106105_unmod,0.0151,2.089644193649292
ENSG00000106133_unmod,0.0075,0.5706401467323303
ENSG00000106144_unmod,-0.3519,0.8240576386451721
ENSG00000106153_unmod,0.1322,0.5193427205085754
ENSG00000106211_unmod,0.0797,0.9759976267814636
ENSG00000106244_unmod,0.1543,0.1410643607378006
ENSG00000106245_unmod,-0.1166,0.4677654504776001
ENSG00000106246_unmod,-0.1809,0.9878672957420349
ENSG00000106261_unmod,0.018,0.9383065700531006
ENSG00000106263_unmod,-0.0616,0.6250644326210022
ENSG00000106266_unmod,-0.1219,2.2439589500427246
ENSG00000106268_unmod,0.4569,1.8799675703048706
ENSG00000106290_unmod,0.2404,0.5035706162452698
ENSG00000106299_unmod,0.2168,0.4256068468093872
ENSG00000106305_unmod,-0.1519,1.4170161485671997
ENSG00000106327_unmod,-0.1422,0.647317111492157
ENSG00000106330_unmod,0.3129,1.7021667957305908
ENSG00000106333_unmod,0.024,2.2375471591949463
ENSG00000106344_unmod,-0.4048,1.2312699556350708
ENSG00000106346_unmod,0.0273,1.7184416055679321
ENSG00000106348_unmod,-0.2681,0.40044745802879333
ENSG00000106351_unmod,0.2391,0.3801857531070709
ENSG00000106355_unmod,-0.1051,0.6330324411392212
ENSG00000106366_unmod,0.5323,1.7121829986572266
ENSG00000106367_unmod,-0.1844,1.5946766138076782
ENSG00000106392_unmod,-0.0479,2.363062858581543
ENSG00000106397_unmod,-0.0075,0.887994647026062
ENSG00000106399_unmod,0.4713,2.522176504135132
ENSG00000106400_unmod,0.4894,1.422895908355713
ENSG00000106404_unmod,-0.5211,1.2078324556350708
ENSG00000106415_unmod,-0.3015,2.087073802947998
ENSG00000106443_unmod,0.1379,2.2682230472564697
ENSG00000106459_unmod,-0.0285,0.4470614492893219
ENSG00000106460_unmod,-0.0021,1.7356247901916504
ENSG00000106462_unmod,0.536,2.5434532165527344
ENSG00000106477_unmod,0.2002,0.5221132636070251
ENSG00000106484_unmod,-0.5405,1.7670897245407104
ENSG00000106524_unmod,0.2631,2.434779167175293
ENSG00000106526_unmod,0.2123,2.4224190711975098
ENSG00000106537_unmod,-0.5063,2.5756118297576904
ENSG00000106538_unmod,0.1994,0.6866535544395447
ENSG00000106546_unmod,0.0221,0.41942131519317627
ENSG00000106554_unmod,0.0273,0.5403066277503967
ENSG00000106588_unmod,-0.4349,0.5556236505508423
ENSG00000106591_unmod,0.155,0.7485648989677429
ENSG00000106603_unmod,-0.3278,1.953839898109436
ENSG00000106605_unmod,0.8778,2.530203104019165
ENSG00000106608_unmod,-0.0223,1.240775465965271
ENSG00000106609_unmod,0.1326,0.8189770579338074
ENSG00000106610_unmod,-0.0026,0.5328964591026306
ENSG00000106617_unmod,-0.8122,0.7377658486366272
ENSG00000106628_unmod,-0.0801,1.814569354057312
ENSG00000106635_unmod,0.1764,0.6756939888000488
ENSG00000106636_unmod,-0.0312,0.7150463461875916
ENSG00000106638_unmod,-0.306,1.0678362846374512
ENSG00000106665_unmod,0.5214,0.5043025016784668
ENSG00000106682_unmod,0.1113,0.6709233522415161
ENSG00000106683_unmod,-0.0512,1.9275565147399902
ENSG00000106686_unmod,0.726,0.5907360315322876
ENSG00000106688_unmod,0.7688,28.613445281982422
ENSG00000106689_unmod,0.6363,1.251953125
ENSG00000106692_unmod,-0.8016,2.464949131011963
ENSG00000106701_unmod,0.2648,0.35260623693466187
ENSG00000106714_unmod,0.0036,0.48512160778045654
ENSG00000106723_unmod,0.0473,1.7739319801330566
ENSG00000106733_unmod,0.1983,1.819272518157959
ENSG00000106771_unmod,-0.0289,1.6387063264846802
ENSG00000106772_unmod,-0.5965,0.43694373965263367
ENSG00000106780_unmod,0.0329,0.6562529802322388
ENSG00000106785_unmod,-0.5235,1.9681785106658936
ENSG00000106789_unmod,-0.0731,0.33481526374816895
ENSG00000106799_unmod,0.3269,0.45993179082870483
ENSG00000106803_unmod,0.2778,0.7601331472396851
ENSG00000106804_unmod,1.0565,0.9928301572799683
ENSG00000106829_unmod,-0.4311,1.1117236614227295
ENSG00000106853_unmod,0.5925,1.3926794528961182
ENSG00000106868_unmod,-0.0159,0.6574780941009521
ENSG00000106948_unmod,0.0918,2.4939072132110596
ENSG00000106976_unmod,0.1415,0.7322856187820435
ENSG00000106991_unmod,0.0098,2.359748601913452
ENSG00000106992_unmod,0.3974,2.3628411293029785
ENSG00000106993_unmod,0.1619,1.9561742544174194
ENSG00000107020_unmod,0.21,1.866963505744934
ENSG00000107021_unmod,-0.1693,1.399505853652954
ENSG00000107036_unmod,-0.3441,0.5648658275604248
ENSG00000107077_unmod,-0.1262,0.38610026240348816
ENSG00000107104_unmod,-0.246,0.7018808126449585
ENSG00000107130_unmod,-0.2947,0.8775172829627991
ENSG00000107140_unmod,0.1572,0.4282228648662567
ENSG00000107164_unmod,0.2023,0.8250792622566223
ENSG00000107175_unmod,0.5208,1.8856271505355835
ENSG00000107185_unmod,-0.034,1.7918072938919067
ENSG00000107186_unmod,0.0997,1.258651614189148
ENSG00000107201_unmod,0.3975,1.3830785751342773
ENSG00000107223_unmod,0.3213,0.6335973739624023
ENSG00000107242_unmod,0.3738,0.390781432390213
ENSG00000107249_unmod,-0.0959,0.8393928408622742
ENSG00000107262_unmod,0.0241,2.1464569568634033
ENSG00000107263_unmod,0.6031,0.6192173361778259
ENSG00000107281_unmod,0.0698,1.4978265762329102
ENSG00000107290_unmod,0.1062,1.0982741117477417
ENSG00000107295_unmod,0.5199,0.5092010498046875
ENSG00000107331_unmod,-0.0773,2.3934314250946045
ENSG00000107338_unmod,0.1955,1.6949591636657715
ENSG00000107341_unmod,-0.38,0.6578742265701294
ENSG00000107362_unmod,-0.1997,2.275714635848999
ENSG00000107371_unmod,0.133,2.8024232387542725
ENSG00000107372_unmod,-0.027,1.0434998273849487
ENSG00000107404_unmod,-0.0553,0.8794217705726624
ENSG00000107438_unmod,-0.0082,1.6414527893066406
ENSG00000107443_unmod,0.4622,0.5048407316207886
ENSG00000107521_unmod,0.0446,0.5103715658187866
ENSG00000107537_unmod,0.3441,1.2355401515960693
ENSG00000107554_unmod,0.1127,0.6540871262550354
ENSG00000107560_unmod,-0.1429,0.22928386926651
ENSG00000107566_unmod,-1.4964,0.9438375234603882
ENSG00000107581_unmod,-0.2755,0.5714694857597351
ENSG00000107614_unmod,-0.6274,1.9224165678024292
ENSG00000107625_unmod,-0.0793,0.7182072401046753
ENSG00000107643_unmod,-0.6317,1.5473679304122925
ENSG00000107651_unmod,0.1449,1.2757723331451416
ENSG00000107669_unmod,-0.0158,0.8632616400718689
ENSG00000107672_unmod,0.3313,1.0596027374267578
ENSG00000107679_unmod,-0.2777,0.6833503842353821
ENSG00000107731_unmod,0.732,1.7245146036148071
ENSG00000107738_unmod,-0.3072,0.9362143874168396
ENSG00000107745_unmod,0.0904,0.647783637046814
ENSG00000107758_unmod,0.0092,0.6238030195236206
ENSG00000107771_unmod,0.2471,2.1400556564331055
ENSG00000107779_unmod,0.4206,1.4198709726333618
ENSG00000107789_unmod,0.6672,0.836061954498291
ENSG00000107796_unmod,-0.1795,0.17001751065254211
ENSG00000107798_unmod,-0.0871,0.7084022760391235
ENSG00000107815_unmod,-0.5543,0.7116695642471313
ENSG00000107816_unmod,-0.0412,1.419438123703003
ENSG00000107819_unmod,-0.0309,0.9339329600334167
ENSG00000107821_unmod,0.2316,1.9674761295318604
ENSG00000107829_unmod,-0.0042,0.40417957305908203
ENSG00000107833_unmod,-0.3587,1.7375259399414062
ENSG00000107854_unmod,-0.4411,1.2601242065429688
ENSG00000107862_unmod,0.11,0.16043265163898468
ENSG00000107863_unmod,0.3461,1.1304608583450317
ENSG00000107864_unmod,0.4381,0.7756739854812622
ENSG00000107872_unmod,-0.006,0.7855044007301331
ENSG00000107874_unmod,-0.021,1.6343979835510254
ENSG00000107882_unmod,-0.1734,1.8260442018508911
ENSG00000107890_unmod,0.3351,1.118695616722107
ENSG00000107897_unmod,0.612,0.5035476684570312
ENSG00000107929_unmod,-0.2529,0.6491502523422241
ENSG00000107937_unmod,0.0272,2.0294198989868164
ENSG00000107938_unmod,-0.0807,0.39492353796958923
ENSG00000107949_unmod,-0.0905,1.5656499862670898
ENSG00000107951_unmod,-0.1543,0.46797698736190796
ENSG00000107954_unmod,-0.4658,0.9284384846687317
ENSG00000107957_unmod,0.0309,0.6712626814842224
ENSG00000107959_unmod,-0.0145,0.43445441126823425
ENSG00000107960_unmod,0.4946,1.6902518272399902
ENSG00000107968_unmod,0.3835,0.3261256814002991
ENSG00000107984_unmod,-1.6738,1.9645406007766724
ENSG00000108010_unmod,-0.0831,1.136881947517395
ENSG00000108021_unmod,-0.2395,0.7752240896224976
ENSG00000108039_unmod,0.1337,0.12880124151706696
ENSG00000108055_unmod,0.3817,1.8856109380722046
ENSG00000108061_unmod,-0.2307,0.3833823800086975
ENSG00000108064_unmod,-0.1488,1.4242393970489502
ENSG00000108094_unmod,-0.1228,0.5234808325767517
ENSG00000108100_unmod,0.0812,1.149766206741333
ENSG00000108106_unmod,0.2399,1.5497803688049316
ENSG00000108107_unmod,0.1747,0.9681507349014282
ENSG00000108175_unmod,0.1035,0.6045069694519043
ENSG00000108176_unmod,0.0335,0.9226556420326233
ENSG00000108179_unmod,-0.2632,0.5907189249992371
ENSG00000108187_unmod,0.6302,1.3653607368469238
ENSG00000108219_unmod,-0.0415,2.2710909843444824
ENSG00000108239_unmod,0.0257,2.2334301471710205
ENSG00000108256_unmod,-0.0397,1.9036346673965454
ENSG00000108262_unmod,0.2729,0.9098065495491028
ENSG00000108298_unmod,-0.1122,0.6924931406974792
ENSG00000108306_unmod,0.4043,0.6698670387268066
ENSG00000108312_unmod,-0.1162,0.3277469873428345
ENSG00000108344_unmod,-0.0879,0.16082780063152313
ENSG00000108349_unmod,-0.4666,0.7815156579017639
ENSG00000108384_unmod,0.1445,0.5482166409492493
ENSG00000108389_unmod,-0.4449,1.083258032798767
ENSG00000108395_unmod,0.2776,1.3297703266143799
ENSG00000108406_unmod,0.2324,1.8185683488845825
ENSG00000108423_unmod,-0.0051,1.884974718093872
ENSG00000108424_unmod,-0.1084,1.7428265810012817
ENSG00000108433_unmod,-0.0347,1.8368163108825684
ENSG00000108439_unmod,-0.3522,1.31669020652771
ENSG00000108443_unmod,0.035,0.8255232572555542
ENSG00000108448_unmod,-0.1693,0.9471707940101624
ENSG00000108465_unmod,0.3002,0.624487042427063
ENSG00000108468_unmod,-1.2795,0.5030686855316162
ENSG00000108469_unmod,-0.0725,0.29348212480545044
ENSG00000108474_unmod,-0.2125,0.9414151906967163
ENSG00000108479_unmod,0.2823,0.49057793617248535
ENSG00000108506_unmod,0.0806,1.0163530111312866
ENSG00000108509_unmod,0.2483,0.9085023403167725
ENSG00000108510_unmod,-0.2407,0.8447050452232361
ENSG00000108511_unmod,0.2616,2.3141486644744873
ENSG00000108515_unmod,0.2891,0.4283806085586548
ENSG00000108518_unmod,0.0985,0.8180597424507141
ENSG00000108523_unmod,-0.1002,1.6062906980514526
ENSG00000108528_unmod,-0.1473,1.1818275451660156
ENSG00000108551_unmod,-0.4676,1.5401034355163574
ENSG00000108557_unmod,-0.0795,0.5395378470420837
ENSG00000108559_unmod,-0.0603,0.2889772951602936
ENSG00000108561_unmod,-3.0771,2.294559955596924
ENSG00000108578_unmod,-0.2174,0.7982335686683655
ENSG00000108582_unmod,-0.1341,0.10353904962539673
ENSG00000108587_unmod,-0.0331,1.1975218057632446
ENSG00000108588_unmod,-0.1404,3.0676372051239014
ENSG00000108590_unmod,0.4194,1.963966727256775
ENSG00000108591_unmod,-0.0952,0.6231248378753662
ENSG00000108592_unmod,-0.1769,1.5418169498443604
ENSG00000108599_unmod,0.005,0.6007081866264343
ENSG00000108602_unmod,0.9809,0.7656478881835938
ENSG00000108604_unmod,-0.1124,0.5240946412086487
ENSG00000108622_unmod,-0.1212,0.5170870423316956
ENSG00000108639_unmod,-0.0764,1.2671343088150024
ENSG00000108641_unmod,0.2046,0.8380190134048462
ENSG00000108651_unmod,-0.0162,0.3978605270385742
ENSG00000108654_unmod,-0.1269,1.4731956720352173
ENSG00000108666_unmod,0.0348,2.088589668273926
ENSG00000108669_unmod,0.1548,0.6290645003318787
ENSG00000108671_unmod,-0.0396,0.7425756454467773
ENSG00000108679_unmod,-0.0868,2.2248106002807617
ENSG00000108691_unmod,0.7634,2.0504467487335205
ENSG00000108733_unmod,-0.4466,0.7760990262031555
ENSG00000108771_unmod,0.439,1.1777766942977905
ENSG00000108773_unmod,-0.2447,1.8479200601577759
ENSG00000108774_unmod,-0.2822,1.8269314765930176
ENSG00000108784_unmod,0.1595,1.2201788425445557
ENSG00000108788_unmod,0.0984,1.463775396347046
ENSG00000108797_unmod,-0.0488,1.5653496980667114
ENSG00000108799_unmod,-0.2395,1.3250677585601807
ENSG00000108819_unmod,-0.1554,0.7418926954269409
ENSG00000108821_unmod,0.4828,1.2005244493484497
ENSG00000108826_unmod,-0.1735,0.7089252471923828
ENSG00000108828_unmod,0.0183,0.5552830100059509
ENSG00000108829_unmod,-0.0586,1.5521291494369507
ENSG00000108840_unmod,-0.1061,1.785142421722412
ENSG00000108846_unmod,0.2831,1.4223963022232056
ENSG00000108848_unmod,0.1539,27.063579559326172
ENSG00000108852_unmod,0.0177,1.0116602182388306
ENSG00000108854_unmod,-0.5192,0.7140958309173584
ENSG00000108861_unmod,-0.1159,0.6206539273262024
ENSG00000108883_unmod,-0.2711,0.5572858452796936
ENSG00000108932_unmod,0.2499,1.7080249786376953
ENSG00000108946_unmod,0.1255,0.4800567626953125
ENSG00000108953_unmod,0.4654,0.9371970295906067
ENSG00000108960_unmod,0.935,2.0095317363739014
ENSG00000108961_unmod,-0.2542,1.8333016633987427
ENSG00000108963_unmod,-0.3373,0.7798723578453064
ENSG00000108984_unmod,0.5839,2.0046629905700684
ENSG00000109016_unmod,0.1485,1.0450249910354614
ENSG00000109046_unmod,0.5121,0.9352348446846008
ENSG00000109062_unmod,0.0682,0.5286248326301575
ENSG00000109065_unmod,-0.0779,2.0882856845855713
ENSG00000109066_unmod,0.0438,1.085369348526001
ENSG00000109079_unmod,-0.4255,1.3588751554489136
ENSG00000109083_unmod,0.3703,1.2439682483673096
ENSG00000109084_unmod,-0.2189,0.42872026562690735
ENSG00000109089_unmod,0.3011,0.7010455131530762
ENSG00000109099_unmod,-0.7129,0.7911007404327393
ENSG00000109103_unmod,-0.047,1.0395352840423584
ENSG00000109107_unmod,0.2199,2.275282621383667
ENSG00000109111_unmod,-0.0761,0.7885002493858337
ENSG00000109113_unmod,0.1302,0.5186389088630676
ENSG00000109118_unmod,0.1343,1.010124921798706
ENSG00000109133_unmod,-0.3039,0.9507431983947754
ENSG00000109171_unmod,-0.0908,1.851144552230835
ENSG00000109180_unmod,-0.0886,1.1730597019195557
ENSG00000109184_unmod,0.1172,0.7335557341575623
ENSG00000109189_unmod,-0.4722,0.8809224367141724
ENSG00000109220_unmod,0.08,2.659320831298828
ENSG00000109255_unmod,0.3249,2.5559051036834717
ENSG00000109265_unmod,0.1372,1.4185155630111694
ENSG00000109270_unmod,-0.3057,1.032286524772644
ENSG00000109320_unmod,0.3349,0.40432825684547424
ENSG00000109321_unmod,0.7352,1.0815731287002563
ENSG00000109323_unmod,-0.1309,0.48328667879104614
ENSG00000109332_unmod,-0.2389,0.6298510432243347
ENSG00000109339_unmod,0.3062,2.578378915786743
ENSG00000109381_unmod,0.3533,0.42440512776374817
ENSG00000109390_unmod,0.3202,0.7320567965507507
ENSG00000109436_unmod,0.847,0.513707160949707
ENSG00000109445_unmod,-0.043,1.8607428073883057
ENSG00000109452_unmod,0.3241,0.2984005808830261
ENSG00000109458_unmod,0.0312,0.6888229846954346
ENSG00000109466_unmod,0.4785,0.8931280374526978
ENSG00000109472_unmod,0.1623,2.213282585144043
ENSG00000109475_unmod,-0.1528,2.085810661315918
ENSG00000109501_unmod,0.2083,0.8876848816871643
ENSG00000109511_unmod,-0.0479,1.1846122741699219
ENSG00000109519_unmod,0.1789,0.8080593943595886
ENSG00000109534_unmod,-0.2973,0.6974734663963318
ENSG00000109536_unmod,0.3867,1.6255954504013062
ENSG00000109572_unmod,0.7501,2.656207799911499
ENSG00000109576_unmod,0.2464,2.663264036178589
ENSG00000109586_unmod,0.0098,1.0148948431015015
ENSG00000109606_unmod,-0.1883,0.2890430688858032
ENSG00000109618_unmod,-0.1692,1.0390095710754395
ENSG00000109654_unmod,0.2537,0.604180634021759
ENSG00000109674_unmod,0.4301,0.4331326186656952
ENSG00000109680_unmod,0.0568,1.9082547426223755
ENSG00000109685_unmod,0.3845,0.9332935214042664
ENSG00000109686_unmod,-0.0507,0.5803807973861694
ENSG00000109689_unmod,-0.0223,0.2919691801071167
ENSG00000109736_unmod,0.0659,0.9301448464393616
ENSG00000109738_unmod,0.2091,0.4873497784137726
ENSG00000109756_unmod,0.0666,0.6780630946159363
ENSG00000109762_unmod,0.0791,0.8032544255256653
ENSG00000109775_unmod,-0.0963,0.5485045909881592
ENSG00000109787_unmod,0.3851,1.8798764944076538
ENSG00000109790_unmod,-0.31,2.241614580154419
ENSG00000109805_unmod,0.3676,0.7107380032539368
ENSG00000109814_unmod,0.0263,0.8699472546577454
ENSG00000109819_unmod,-0.7345,1.586153507232666
ENSG00000109846_unmod,0.0812,0.835930585861206
ENSG00000109854_unmod,0.2662,1.935983419418335
ENSG00000109861_unmod,0.0928,0.564531683921814
ENSG00000109881_unmod,0.652,1.097297191619873
ENSG00000109911_unmod,0.1108,0.5650740265846252
ENSG00000109917_unmod,-0.2663,2.125609874725342
ENSG00000109919_unmod,-0.0688,0.521385669708252
ENSG00000109920_unmod,-0.0457,0.12991012632846832
ENSG00000109929_unmod,-0.4467,1.2490497827529907
ENSG00000109944_unmod,0.5502,1.081092357635498
ENSG00000110011_unmod,0.0583,1.0488754510879517
ENSG00000110013_unmod,0.1285,0.2556390166282654
ENSG00000110031_unmod,0.5296,0.5986328125
ENSG00000110042_unmod,-0.3231,0.3343116044998169
ENSG00000110046_unmod,0.0591,0.8286923170089722
ENSG00000110047_unmod,0.5416,0.7289903163909912
ENSG00000110048_unmod,-0.4565,1.474326491355896
ENSG00000110057_unmod,-0.1709,1.25674307346344
ENSG00000110060_unmod,-0.2583,0.2379014939069748
ENSG00000110063_unmod,-0.2179,1.190600872039795
ENSG00000110066_unmod,-0.4029,0.3584997355937958
ENSG00000110074_unmod,0.1324,2.6043167114257812
ENSG00000110075_unmod,-0.1882,0.3995937705039978
ENSG00000110080_unmod,0.047,2.726294994354248
ENSG00000110090_unmod,-0.191,1.4117778539657593
ENSG00000110092_unmod,-0.2888,1.177620768547058
ENSG00000110104_unmod,-0.3831,1.1944485902786255
ENSG00000110107_unmod,-0.1273,1.3515511751174927
ENSG00000110108_unmod,0.2813,0.6876851320266724
ENSG00000110171_unmod,-0.0607,2.374079704284668
ENSG00000110172_unmod,-0.1248,0.6104310154914856
ENSG00000110195_unmod,0.4483,1.2956106662750244
ENSG00000110200_unmod,-0.0554,1.380104899406433
ENSG00000110218_unmod,-0.0457,0.7903261184692383
ENSG00000110237_unmod,-0.3505,1.1513540744781494
ENSG00000110274_unmod,0.1515,0.42618048191070557
ENSG00000110315_unmod,-0.3444,0.574940025806427
ENSG00000110318_unmod,0.457,2.2536356449127197
ENSG00000110321_unmod,-0.3285,1.7346522808074951
ENSG00000110330_unmod,0.3115,0.4273011386394501
ENSG00000110344_unmod,-0.1373,7.790923118591309
ENSG00000110367_unmod,-0.1725,0.940712571144104
ENSG00000110395_unmod,-0.9673,0.47843462228775024
ENSG00000110400_unmod,0.0267,0.5608097910881042
ENSG00000110422_unmod,-0.3454,0.9881481528282166
ENSG00000110429_unmod,-0.351,1.9978007078170776
ENSG00000110435_unmod,-0.0067,0.8589642643928528
ENSG00000110442_unmod,-0.0599,0.8047229051589966
ENSG00000110455_unmod,-0.1013,1.5186001062393188
ENSG00000110497_unmod,0.01,2.2642838954925537
ENSG00000110514_unmod,0.1283,1.3671127557754517
ENSG00000110583_unmod,0.1616,2.6127326488494873
ENSG00000110619_unmod,0.1588,1.5801500082015991
ENSG00000110628_unmod,0.5526,0.5251566767692566
ENSG00000110651_unmod,-0.0687,0.23607835173606873
ENSG00000110660_unmod,-0.1321,0.5208958387374878
ENSG00000110696_unmod,-0.0465,0.729290246963501
ENSG00000110697_unmod,0.2088,1.287636399269104
ENSG00000110700_unmod,-0.0264,0.5990189909934998
ENSG00000110711_unmod,0.1206,0.552986204624176
ENSG00000110713_unmod,-0.057,1.1219805479049683
ENSG00000110717_unmod,0.2112,0.6127539277076721
ENSG00000110719_unmod,0.2328,2.3361074924468994
ENSG00000110721_unmod,-0.0574,0.7009971737861633
ENSG00000110756_unmod,0.14,0.5165096521377563
ENSG00000110768_unmod,0.0076,1.547377109527588
ENSG00000110801_unmod,-0.1894,1.9057291746139526
ENSG00000110811_unmod,0.2045,1.333693265914917
ENSG00000110841_unmod,0.2634,0.6273580193519592
ENSG00000110844_unmod,-0.4282,0.5180550217628479
ENSG00000110851_unmod,-0.696,0.2718120813369751
ENSG00000110871_unmod,0.1687,0.34720420837402344
ENSG00000110880_unmod,-0.1841,0.44832950830459595
ENSG00000110881_unmod,-0.0096,0.7089939117431641
ENSG00000110888_unmod,0.422,0.8756743669509888
ENSG00000110906_unmod,-0.0038,1.6861482858657837
ENSG00000110911_unmod,0.3262,0.49634042382240295
ENSG00000110917_unmod,0.008,0.6771837472915649
ENSG00000110921_unmod,0.1566,2.3272757530212402
ENSG00000110925_unmod,-0.1626,1.391416311264038
ENSG00000110931_unmod,-0.6458,1.6188055276870728
ENSG00000110955_unmod,-0.0012,1.8954192399978638
ENSG00000110958_unmod,0.2871,1.1552680730819702
ENSG00000111011_unmod,0.1661,0.8000944256782532
ENSG00000111057_unmod,0.3168,0.5748472213745117
ENSG00000111077_unmod,0.6712,1.1417944431304932
ENSG00000111110_unmod,-0.7048,3.4444868564605713
ENSG00000111142_unmod,-0.2951,0.5729642510414124
ENSG00000111144_unmod,-0.0948,0.5046922564506531
ENSG00000111145_unmod,1.0064,1.0768672227859497
ENSG00000111196_unmod,0.0091,0.465072363615036
ENSG00000111203_unmod,-0.0713,0.7870272994041443
ENSG00000111206_unmod,0.1154,0.9691828489303589
ENSG00000111229_unmod,0.1236,0.44175341725349426
ENSG00000111231_unmod,-0.1849,0.830011248588562
ENSG00000111237_unmod,0.3268,1.321599006652832
ENSG00000111247_unmod,0.1593,1.5372896194458008
ENSG00000111252_unmod,0.248,1.042683720588684
ENSG00000111261_unmod,0.3493,0.6833525896072388
ENSG00000111266_unmod,0.36,2.637669086456299
ENSG00000111269_unmod,0.0022,2.7621829509735107
ENSG00000111271_unmod,0.1739,2.699535369873047
ENSG00000111275_unmod,0.2631,2.699345350265503
ENSG00000111276_unmod,0.086,0.2637486159801483
ENSG00000111300_unmod,-0.8051,0.6031172871589661
ENSG00000111319_unmod,-0.0516,1.3058061599731445
ENSG00000111321_unmod,-0.1363,1.5566233396530151
ENSG00000111328_unmod,0.0783,0.6228780746459961
ENSG00000111331_unmod,0.0458,0.23803037405014038
ENSG00000111335_unmod,0.5684,2.8512063026428223
ENSG00000111348_unmod,0.3825,0.9340608716011047
ENSG00000111358_unmod,-0.3996,0.6191481947898865
ENSG00000111361_unmod,-0.1601,1.4561214447021484
ENSG00000111364_unmod,0.3593,1.110048770904541
ENSG00000111371_unmod,-0.2815,0.5020854473114014
ENSG00000111412_unmod,-0.5951,0.5077927708625793
ENSG00000111424_unmod,0.3501,0.7501537203788757
ENSG00000111445_unmod,0.1272,0.41050034761428833
ENSG00000111450_unmod,0.8247,1.1903375387191772
ENSG00000111452_unmod,0.2005,0.5977419018745422
ENSG00000111481_unmod,-0.1203,0.36173921823501587
ENSG00000111490_unmod,-0.5902,1.858640193939209
ENSG00000111530_unmod,0.3991,2.8579108715057373
ENSG00000111540_unmod,0.0998,0.868910551071167
ENSG00000111554_unmod,0.0814,1.800647258758545
ENSG00000111581_unmod,-0.0745,0.32860344648361206
ENSG00000111596_unmod,0.0452,0.9906473755836487
ENSG00000111602_unmod,0.4586,2.0612099170684814
ENSG00000111605_unmod,-0.1022,1.3426021337509155
ENSG00000111615_unmod,0.2176,0.70400071144104
ENSG00000111639_unmod,0.1555,2.1722660064697266
ENSG00000111640_unmod,0.094,0.973588228225708
ENSG00000111642_unmod,0.0885,1.04319167137146
ENSG00000111647_unmod,-0.0396,0.8108094930648804
ENSG00000111652_unmod,-1.1318,2.302372932434082
ENSG00000111653_unmod,0.3939,0.8577818870544434
ENSG00000111664_unmod,-0.5119,2.8919639587402344
ENSG00000111665_unmod,0.4789,0.5201616287231445
ENSG00000111666_unmod,-0.4519,0.49698972702026367
ENSG00000111667_unmod,-0.0538,1.4457837343215942
ENSG00000111669_unmod,0.098,1.670218586921692
ENSG00000111670_unmod,-0.0076,1.7084641456604004
ENSG00000111671_unmod,0.5863,1.7597291469573975
ENSG00000111674_unmod,0.561,1.2058515548706055
ENSG00000111676_unmod,-0.1209,0.41746336221694946
ENSG00000111678_unmod,0.2106,1.4800506830215454
ENSG00000111684_unmod,-0.0848,0.2671183943748474
ENSG00000111696_unmod,-0.2446,0.9515995979309082
ENSG00000111700_unmod,-0.0291,1.7846622467041016
ENSG00000111707_unmod,-0.0474,0.3795790374279022
ENSG00000111711_unmod,0.1498,2.9026472568511963
ENSG00000111716_unmod,-0.4793,1.0522100925445557
ENSG00000111725_unmod,-0.0259,0.458051860332489
ENSG00000111726_unmod,1.1011,0.6714023947715759
ENSG00000111727_unmod,0.3393,0.6622877717018127
ENSG00000111731_unmod,-0.4387,0.5537505149841309
ENSG00000111737_unmod,0.1031,1.3307080268859863
ENSG00000111752_unmod,0.0744,1.232319951057434
ENSG00000111775_unmod,0.0223,0.5680494904518127
ENSG00000111785_unmod,0.7783,0.8501335978507996
ENSG00000111786_unmod,0.5717,2.5625975131988525
ENSG00000111788_unmod,0.3312,0.6990219354629517
ENSG00000111790_unmod,0.2153,0.6340140700340271
ENSG00000111799_unmod,-0.247,0.9806506633758545
ENSG00000111801_unmod,0.2207,0.8016250133514404
ENSG00000111802_unmod,0.4198,1.794547200202942
ENSG00000111816_unmod,-0.4899,1.4110244512557983
ENSG00000111817_unmod,0.6106,1.9003721475601196
ENSG00000111832_unmod,0.0194,1.0779263973236084
ENSG00000111843_unmod,0.126,1.742868423461914
ENSG00000111845_unmod,-0.0396,0.19270068407058716
ENSG00000111846_unmod,0.1909,1.267807126045227
ENSG00000111850_unmod,-0.3082,0.7455218434333801
ENSG00000111859_unmod,0.1455,0.350424587726593
ENSG00000111860_unmod,0.2115,1.1532816886901855
ENSG00000111875_unmod,-0.0333,0.6923808455467224
ENSG00000111877_unmod,0.3995,2.0726521015167236
ENSG00000111880_unmod,0.1729,0.8904674649238586
ENSG00000111885_unmod,0.3894,1.0207605361938477
ENSG00000111897_unmod,0.143,2.1631276607513428
ENSG00000111906_unmod,-0.0262,0.3003430962562561
ENSG00000111907_unmod,0.0505,0.47253262996673584
ENSG00000111911_unmod,0.3044,0.6734966039657593
ENSG00000111912_unmod,0.6835,0.5803099870681763
ENSG00000111961_unmod,0.3596,0.6494371891021729
ENSG00000111962_unmod,0.2561,0.6168380975723267
ENSG00000111981_unmod,-0.3479,1.3639808893203735
ENSG00000112029_unmod,0.1812,0.8151752948760986
ENSG00000112031_unmod,-0.1479,1.5876145362854004
ENSG00000112033_unmod,0.1479,0.4687371253967285
ENSG00000112039_unmod,-0.0549,0.43825846910476685
ENSG00000112062_unmod,0.1737,0.5019658207893372
ENSG00000112078_unmod,-0.1006,0.5482767224311829
ENSG00000112079_unmod,0.1691,0.739371657371521
ENSG00000112081_unmod,0.0003,0.8161693811416626
ENSG00000112096_unmod,0.9591,0.2759421169757843
ENSG00000112110_unmod,0.0971,0.3542101979255676
ENSG00000112118_unmod,0.4985,0.5351261496543884
ENSG00000112130_unmod,-0.0812,0.5259955525398254
ENSG00000112144_unmod,-0.3592,0.7160454392433167
ENSG00000112146_unmod,-0.3568,0.9553269147872925
ENSG00000112149_unmod,0.943,0.5214270949363708
ENSG00000112159_unmod,-0.3159,0.7561655044555664
ENSG00000112167_unmod,0.6075,2.325235366821289
ENSG00000112182_unmod,-0.0052,0.5693342685699463
ENSG00000112186_unmod,0.1319,1.5617543458938599
ENSG00000112200_unmod,-0.5428,0.5779436230659485
ENSG00000112208_unmod,-0.2461,1.1783071756362915
ENSG00000112210_unmod,-0.3241,2.3973865509033203
ENSG00000112234_unmod,-0.3481,1.8957302570343018
ENSG00000112237_unmod,0.145,0.39770999550819397
ENSG00000112242_unmod,0.1497,0.556797981262207
ENSG00000112249_unmod,-0.2041,0.8676958084106445
ENSG00000112276_unmod,0.4665,0.7083708047866821
ENSG00000112282_unmod,0.0974,0.6382063031196594
ENSG00000112290_unmod,0.0392,0.22957035899162292
ENSG00000112294_unmod,-0.7171,1.6866084337234497
ENSG00000112297_unmod,0.698,2.0990636348724365
ENSG00000112304_unmod,0.3733,0.3886908292770386
ENSG00000112305_unmod,0.1925,0.5119878053665161
ENSG00000112306_unmod,0.1381,0.9354372620582581
ENSG00000112308_unmod,0.6628,1.1747254133224487
ENSG00000112312_unmod,0.3012,0.8991576433181763
ENSG00000112319_unmod,0.0427,0.7204076051712036
ENSG00000112335_unmod,-0.0782,0.539666473865509
ENSG00000112339_unmod,-0.0032,0.9986568689346313
ENSG00000112343_unmod,0.472,0.6216205358505249
ENSG00000112357_unmod,-0.0739,1.2152031660079956
ENSG00000112365_unmod,-0.5253,0.5379291772842407
ENSG00000112367_unmod,0.0114,0.6276475787162781
ENSG00000112378_unmod,0.3963,0.3991602063179016
ENSG00000112379_unmod,0.0465,0.6876810193061829
ENSG00000112406_unmod,0.5245,0.9850368499755859
ENSG00000112414_unmod,-0.0903,0.1410880982875824
ENSG00000112419_unmod,0.54,1.7679544687271118
ENSG00000112425_unmod,-0.2054,0.5359365940093994
ENSG00000112473_unmod,0.2006,0.8761722445487976
ENSG00000112511_unmod,0.5215,1.7964332103729248
ENSG00000112514_unmod,0.2542,2.150477886199951
ENSG00000112531_unmod,0.0793,0.36516880989074707
ENSG00000112541_unmod,-0.0164,1.3068424463272095
ENSG00000112561_unmod,0.209,0.8573365211486816
ENSG00000112576_unmod,-0.0683,0.6080049276351929
ENSG00000112578_unmod,-0.3972,0.7645195126533508
ENSG00000112584_unmod,-0.2908,0.30819985270500183
ENSG00000112592_unmod,-0.1498,1.0777701139450073
ENSG00000112624_unmod,-0.897,0.3539912700653076
ENSG00000112640_unmod,0.1816,0.7988651394844055
ENSG00000112651_unmod,-0.1542,0.6827186942100525
ENSG00000112655_unmod,-0.2584,0.7135399580001831
ENSG00000112658_unmod,0.0315,1.135406732559204
ENSG00000112659_unmod,0.0065,1.2261031866073608
ENSG00000112667_unmod,-0.438,1.4416821002960205
ENSG00000112679_unmod,0.0161,1.7248451709747314
ENSG00000112685_unmod,-0.3533,1.336522102355957
ENSG00000112695_unmod,0.0637,1.9361720085144043
ENSG00000112697_unmod,0.1511,3.247406244277954
ENSG00000112699_unmod,0.1387,1.3936961889266968
ENSG00000112701_unmod,-0.1656,1.6602637767791748
ENSG00000112715_unmod,0.4787,0.5797305703163147
ENSG00000112739_unmod,0.2781,1.2979483604431152
ENSG00000112742_unmod,-0.0479,0.8242489099502563
ENSG00000112759_unmod,0.173,1.1281760931015015
ENSG00000112763_unmod,0.5803,1.393734097480774
ENSG00000112769_unmod,0.2299,0.5700663924217224
ENSG00000112773_unmod,-0.0904,1.0077353715896606
ENSG00000112787_unmod,-0.4035,0.622927188873291
ENSG00000112851_unmod,0.0383,0.6868242621421814
ENSG00000112855_unmod,0.0839,0.39156636595726013
ENSG00000112874_unmod,-0.0194,3.4012398719787598
ENSG00000112877_unmod,0.1635,0.9152504801750183
ENSG00000112893_unmod,0.221,1.8188929557800293
ENSG00000112941_unmod,0.07,0.5060378313064575
ENSG00000112972_unmod,-0.2548,0.4148881733417511
ENSG00000112977_unmod,-0.0211,0.6769160628318787
ENSG00000112983_unmod,0.0921,0.9981569051742554
ENSG00000112984_unmod,0.5723,0.5652608275413513
ENSG00000112992_unmod,0.0792,2.001978874206543
ENSG00000112996_unmod,-0.4591,0.8886876702308655
ENSG00000113013_unmod,0.1665,0.5139944553375244
ENSG00000113048_unmod,-0.1748,0.8873418569564819
ENSG00000113068_unmod,-0.059,0.5214835405349731
ENSG00000113070_unmod,1.0078,3.408271074295044
ENSG00000113083_unmod,-0.0478,0.6609875559806824
ENSG00000113108_unmod,-0.3275,1.2978371381759644
ENSG00000113119_unmod,-0.2019,1.4272702932357788
ENSG00000113141_unmod,0.1651,1.7067497968673706
ENSG00000113161_unmod,-0.1183,1.492993950843811
ENSG00000113163_unmod,-0.1484,0.6974650621414185
ENSG00000113194_unmod,0.4016,1.0299981832504272
ENSG00000113231_unmod,-0.0479,2.5282204151153564
ENSG00000113240_unmod,0.2757,1.23137629032135
ENSG00000113269_unmod,0.6487,0.44201400876045227
ENSG00000113272_unmod,-0.0388,0.7602189183235168
ENSG00000113273_unmod,-0.163,0.755732536315918
ENSG00000113282_unmod,0.1131,1.0802583694458008
ENSG00000113300_unmod,-0.0448,2.4470956325531006
ENSG00000113312_unmod,-0.0037,0.6074371933937073
ENSG00000113318_unmod,0.1603,0.5755439400672913
ENSG00000113327_unmod,0.2814,1.613402247428894
ENSG00000113328_unmod,-0.8379,1.3362388610839844
ENSG00000113356_unmod,-0.8928,1.2243092060089111
ENSG00000113360_unmod,-0.2906,0.630884051322937
ENSG00000113361_unmod,-0.2923,1.8840034008026123
ENSG00000113368_unmod,0.5084,0.33672040700912476
ENSG00000113369_unmod,0.0874,1.7240614891052246
ENSG00000113384_unmod,0.0842,0.5002803802490234
ENSG00000113387_unmod,-0.2074,0.060884419828653336
ENSG00000113389_unmod,-0.0544,0.8353343605995178
ENSG00000113391_unmod,0.0589,1.9100587368011475
ENSG00000113407_unmod,-0.0032,1.6980042457580566
ENSG00000113441_unmod,0.6107,0.686463475227356
ENSG00000113448_unmod,0.0472,0.8061607480049133
ENSG00000113456_unmod,0.2783,0.585509181022644
ENSG00000113460_unmod,-0.1216,1.0804377794265747
ENSG00000113504_unmod,0.5564,0.7214519381523132
ENSG00000113522_unmod,-0.202,1.219120740890503
ENSG00000113552_unmod,0.3061,2.785339832305908
ENSG00000113558_unmod,-0.0222,0.6132193803787231
ENSG00000113569_unmod,0.2195,0.3361915946006775
ENSG00000113575_unmod,-0.1738,1.372251272201538
ENSG00000113580_unmod,0.1099,0.36293941736221313
ENSG00000113583_unmod,0.1486,1.4721475839614868
ENSG00000113593_unmod,0.0856,0.2859342396259308
ENSG00000113594_unmod,-0.1396,0.4961499869823456
ENSG00000113595_unmod,0.6952,0.645421028137207
ENSG00000113597_unmod,0.4254,0.3164476752281189
ENSG00000113615_unmod,0.2387,0.7827097773551941
ENSG00000113621_unmod,-0.3921,0.3437748849391937
ENSG00000113638_unmod,0.7,1.3921091556549072
ENSG00000113643_unmod,-0.2436,0.4344567060470581
ENSG00000113645_unmod,-0.3826,0.8564280867576599
ENSG00000113648_unmod,0.0326,0.32710403203964233
ENSG00000113649_unmod,-0.4181,3.211296319961548
ENSG00000113657_unmod,0.1575,2.823280096054077
ENSG00000113658_unmod,0.474,0.7623606324195862
ENSG00000113712_unmod,0.3135,0.8029177784919739
ENSG00000113716_unmod,-0.2621,0.5375513434410095
ENSG00000113719_unmod,-0.2045,0.6968923211097717
ENSG00000113732_unmod,-0.1175,1.5533092021942139
ENSG00000113734_unmod,0.006,2.881155490875244
ENSG00000113739_unmod,-0.0437,0.85670405626297
ENSG00000113742_unmod,0.1761,1.78232741355896
ENSG00000113758_unmod,0.1674,0.46509453654289246
ENSG00000113761_unmod,-0.0485,1.194638967514038
ENSG00000113810_unmod,0.3888,0.5011699795722961
ENSG00000113811_unmod,0.7557,0.43773308396339417
ENSG00000113812_unmod,0.0254,0.407313734292984
ENSG00000113838_unmod,0.1541,0.6174256205558777
ENSG00000113845_unmod,-0.0336,2.0579559803009033
ENSG00000113851_unmod,-0.0127,0.5569770336151123
ENSG00000113916_unmod,0.2596,1.0395731925964355
ENSG00000113966_unmod,-0.2003,0.4720708727836609
ENSG00000114019_unmod,0.1081,1.2124170064926147
ENSG00000114021_unmod,-0.0938,2.0174171924591064
ENSG00000114023_unmod,-0.4091,0.6298170685768127
ENSG00000114026_unmod,0.0421,0.5708132386207581
ENSG00000114030_unmod,0.135,0.3934789001941681
ENSG00000114054_unmod,-0.4236,0.8427252173423767
ENSG00000114062_unmod,-0.0796,3.04630970954895
ENSG00000114098_unmod,-0.9307,0.5498442053794861
ENSG00000114107_unmod,0.478,0.7947031855583191
ENSG00000114120_unmod,-0.0803,0.3804466128349304
ENSG00000114125_unmod,-0.4963,0.41728249192237854
ENSG00000114126_unmod,-0.3859,0.5485343933105469
ENSG00000114127_unmod,0.4309,1.0151710510253906
ENSG00000114166_unmod,1.6413,0.9661297798156738
ENSG00000114209_unmod,0.0884,0.19747599959373474
ENSG00000114251_unmod,-0.418,1.4527643918991089
ENSG00000114268_unmod,0.608,0.3889777958393097
ENSG00000114270_unmod,0.3922,0.4550016224384308
ENSG00000114279_unmod,0.4056,0.6488956212997437
ENSG00000114302_unmod,-0.1274,2.327909231185913
ENSG00000114315_unmod,0.4019,1.2857263088226318
ENSG00000114316_unmod,0.031,0.8400571942329407
ENSG00000114346_unmod,0.3,0.6102181077003479
ENSG00000114353_unmod,0.2262,0.9473454356193542
ENSG00000114354_unmod,0.0802,0.6540436148643494
ENSG00000114378_unmod,0.1739,0.9639686346054077
ENSG00000114383_unmod,-0.3411,1.3949086666107178
ENSG00000114388_unmod,-0.1053,0.8817666172981262
ENSG00000114391_unmod,0.0722,1.3408535718917847
ENSG00000114395_unmod,0.3682,1.9625499248504639
ENSG00000114416_unmod,0.5377,0.6102192401885986
ENSG00000114423_unmod,0.0645,0.3742542862892151
ENSG00000114439_unmod,-0.1528,0.5778279304504395
ENSG00000114446_unmod,0.6992,0.531735897064209
ENSG00000114473_unmod,0.3583,0.26030218601226807
ENSG00000114480_unmod,0.2029,1.1815152168273926
ENSG00000114491_unmod,-0.1641,0.798812210559845
ENSG00000114503_unmod,0.1152,0.9180720448493958
ENSG00000114520_unmod,-0.1911,3.1834328174591064
ENSG00000114529_unmod,0.8225,0.9514548778533936
ENSG00000114544_unmod,-0.1177,0.7602426409721375
ENSG00000114554_unmod,0.0801,1.6925592422485352
ENSG00000114573_unmod,0.5315,0.22125573456287384
ENSG00000114626_unmod,0.1707,0.4341999888420105
ENSG00000114631_unmod,-0.1174,0.8791183233261108
ENSG00000114648_unmod,0.0082,0.9599148631095886
ENSG00000114650_unmod,-0.2568,0.872187077999115
ENSG00000114686_unmod,-0.2611,0.6417440176010132
ENSG00000114698_unmod,0.4228,2.2280969619750977
ENSG00000114735_unmod,0.2839,1.5285431146621704
ENSG00000114738_unmod,-0.1518,2.7274410724639893
ENSG00000114739_unmod,0.1574,2.907562255859375
ENSG00000114744_unmod,0.0709,0.5716179013252258
ENSG00000114745_unmod,-0.2499,0.40596088767051697
ENSG00000114767_unmod,-0.7189,0.5968049764633179
ENSG00000114770_unmod,0.0032,0.291587769985199
ENSG00000114779_unmod,-0.0924,0.6664177179336548
ENSG00000114784_unmod,-0.0544,2.0733766555786133
ENSG00000114790_unmod,-0.6126,2.175105333328247
ENSG00000114796_unmod,0.2582,0.4299696683883667
ENSG00000114812_unmod,-0.1838,1.0092648267745972
ENSG00000114850_unmod,-0.4158,0.5477551221847534
ENSG00000114853_unmod,-0.5387,1.361370325088501
ENSG00000114857_unmod,0.0829,0.7763769030570984
ENSG00000114859_unmod,-0.6731,0.35115811228752136
ENSG00000114861_unmod,0.0875,1.5175668001174927
ENSG00000114867_unmod,0.0707,0.9120728969573975
ENSG00000114902_unmod,-0.2572,1.0150723457336426
ENSG00000114904_unmod,0.018,1.4722789525985718
ENSG00000114933_unmod,-0.1147,0.8232149481773376
ENSG00000114942_unmod,0.033,2.178555727005005
ENSG00000114948_unmod,0.1795,0.7796452641487122
ENSG00000114956_unmod,-0.263,2.4542973041534424
ENSG00000114978_unmod,-0.7469,0.4465678036212921
ENSG00000114982_unmod,0.5424,2.3906736373901367
ENSG00000114988_unmod,0.0751,1.3823121786117554
ENSG00000114999_unmod,-0.1426,1.0763919353485107
ENSG00000115008_unmod,1.0412,0.3921445310115814
ENSG00000115020_unmod,-0.1747,0.6328209638595581
ENSG00000115042_unmod,0.1099,0.9913040399551392
ENSG00000115053_unmod,-0.4361,0.29118096828460693
ENSG00000115073_unmod,0.2222,0.3382836878299713
ENSG00000115084_unmod,-0.2565,1.4047904014587402
ENSG00000115091_unmod,0.1838,2.1068711280822754
ENSG00000115107_unmod,0.0936,1.0759285688400269
ENSG00000115109_unmod,-0.1272,1.0318677425384521
ENSG00000115128_unmod,-0.1126,2.1556546688079834
ENSG00000115129_unmod,0.7669,0.845967173576355
ENSG00000115137_unmod,-0.4565,0.5113769173622131
ENSG00000115145_unmod,0.3569,0.8224440217018127
ENSG00000115159_unmod,-1.2537,0.9129807353019714
ENSG00000115163_unmod,0.4472,1.0018746852874756
ENSG00000115170_unmod,-0.7992,1.7458409070968628
ENSG00000115183_unmod,0.1756,0.1651408076286316
ENSG00000115204_unmod,-0.0818,0.5219104290008545
ENSG00000115207_unmod,-0.3361,2.070449113845825
ENSG00000115211_unmod,-0.2426,0.5815584063529968
ENSG00000115216_unmod,0.0542,0.5997482538223267
ENSG00000115232_unmod,1.1655,1.9398282766342163
ENSG00000115233_unmod,0.1796,0.5790494084358215
ENSG00000115234_unmod,-0.291,2.6715667247772217
ENSG00000115241_unmod,0.1937,1.7683826684951782
ENSG00000115267_unmod,0.3796,1.4690710306167603
ENSG00000115268_unmod,-0.0804,2.1222245693206787
ENSG00000115275_unmod,-0.1181,1.0039703845977783
ENSG00000115282_unmod,-0.0939,1.4199206829071045
ENSG00000115286_unmod,-0.0039,0.7436906695365906
ENSG00000115289_unmod,0.0568,1.2386183738708496
ENSG00000115295_unmod,0.3806,0.31307217478752136
ENSG00000115306_unmod,0.133,0.4311601519584656
ENSG00000115307_unmod,-0.1586,0.8477818965911865
ENSG00000115310_unmod,0.1417,0.4727891683578491
ENSG00000115317_unmod,0.487,0.4667036831378937
ENSG00000115325_unmod,0.4302,1.4408997297286987
ENSG00000115339_unmod,0.7815,0.2206220179796219
ENSG00000115350_unmod,0.5067,0.5956528186798096
ENSG00000115355_unmod,0.0014,1.8055686950683594
ENSG00000115361_unmod,0.156,1.2213678359985352
ENSG00000115363_unmod,-0.8219,0.6341248750686646
ENSG00000115364_unmod,-0.6922,0.4663333296775818
ENSG00000115368_unmod,-0.1344,0.3904670774936676
ENSG00000115380_unmod,-0.4904,1.7326551675796509
ENSG00000115392_unmod,0.1356,0.9576674103736877
ENSG00000115414_unmod,0.3244,1.1154556274414062
ENSG00000115415_unmod,0.096,0.6192101836204529
ENSG00000115419_unmod,0.0107,0.5165224671363831
ENSG00000115421_unmod,-0.4954,0.7349797487258911
ENSG00000115425_unmod,0.2741,0.6795029640197754
ENSG00000115446_unmod,0.2392,1.2603626251220703
ENSG00000115459_unmod,0.2718,1.4315900802612305
ENSG00000115461_unmod,0.2387,2.355437994003296
ENSG00000115464_unmod,0.0225,0.6263169646263123
ENSG00000115484_unmod,-0.0852,0.830072283744812
ENSG00000115486_unmod,0.0826,1.1724666357040405
ENSG00000115504_unmod,0.1747,0.8543015122413635
ENSG00000115507_unmod,-0.4837,1.1081808805465698
ENSG00000115514_unmod,0.2209,1.898494839668274
ENSG00000115520_unmod,0.3616,1.5660111904144287
ENSG00000115524_unmod,-0.0258,0.6800646185874939
ENSG00000115525_unmod,0.3423,0.6491348743438721
ENSG00000115526_unmod,0.097,0.3895801603794098
ENSG00000115539_unmod,-0.0049,0.6785072684288025
ENSG00000115540_unmod,-0.2668,0.4347085952758789
ENSG00000115541_unmod,-0.6856,0.5906581282615662
ENSG00000115548_unmod,0.107,1.5281476974487305
ENSG00000115561_unmod,0.0854,0.5769908428192139
ENSG00000115568_unmod,-0.2217,2.2634353637695312
ENSG00000115594_unmod,0.6844,0.7772647142410278
ENSG00000115604_unmod,0.3574,1.8959226608276367
ENSG00000115616_unmod,0.1697,2.3859572410583496
ENSG00000115641_unmod,-0.0589,1.6574606895446777
ENSG00000115649_unmod,0.1521,1.5709171295166016
ENSG00000115652_unmod,-0.3658,1.663780689239502
ENSG00000115661_unmod,-0.0251,1.7675784826278687
ENSG00000115677_unmod,0.1444,1.5126698017120361
ENSG00000115685_unmod,0.0594,1.7896215915679932
ENSG00000115687_unmod,0.4201,2.6303935050964355
ENSG00000115694_unmod,0.0186,0.6574147343635559
ENSG00000115738_unmod,-0.1511,1.5601317882537842
ENSG00000115750_unmod,0.1799,1.6224994659423828
ENSG00000115756_unmod,0.0812,1.165299654006958
ENSG00000115758_unmod,0.0818,1.0093251466751099
ENSG00000115760_unmod,-0.0565,1.8931894302368164
ENSG00000115762_unmod,-0.2509,0.8229249119758606
ENSG00000115806_unmod,-0.235,1.0020051002502441
ENSG00000115808_unmod,0.1113,0.37351489067077637
ENSG00000115816_unmod,0.0541,2.26896333694458
ENSG00000115825_unmod,0.1605,1.054223895072937
ENSG00000115827_unmod,-0.2753,2.229914426803589
ENSG00000115839_unmod,-0.0132,2.7452335357666016
ENSG00000115840_unmod,-0.0723,0.9044211506843567
ENSG00000115844_unmod,-0.7728,5.114818572998047
ENSG00000115866_unmod,-0.0427,2.9222605228424072
ENSG00000115875_unmod,-0.0187,1.0272362232208252
ENSG00000115884_unmod,0.4037,1.0125361680984497
ENSG00000115896_unmod,0.0618,2.343698263168335
ENSG00000115902_unmod,0.6795,0.586976170539856
ENSG00000115904_unmod,-0.0715,0.5935055613517761
ENSG00000115919_unmod,0.466,2.4297924041748047
ENSG00000115935_unmod,0.5732,0.5949040055274963
ENSG00000115942_unmod,-0.0897,0.99973064661026
ENSG00000115944_unmod,-0.1196,1.9746630191802979
ENSG00000115946_unmod,-0.4869,1.8804835081100464
ENSG00000115947_unmod,-0.2175,0.2604987919330597
ENSG00000115963_unmod,0.2731,0.2970440983772278
ENSG00000115966_unmod,-0.0865,0.7032999992370605
ENSG00000115970_unmod,-0.1495,0.19368168711662292
ENSG00000115977_unmod,0.8756,0.44158247113227844
ENSG00000115993_unmod,0.1311,0.6738746762275696
ENSG00000115998_unmod,0.0168,1.9182268381118774
ENSG00000116001_unmod,-0.102,2.0068483352661133
ENSG00000116005_unmod,-0.1043,0.44879963994026184
ENSG00000116016_unmod,-0.2579,0.9105253219604492
ENSG00000116017_unmod,-0.0322,0.7001298666000366
ENSG00000116030_unmod,0.0159,0.4640657305717468
ENSG00000116044_unmod,-0.1185,1.8339524269104004
ENSG00000116062_unmod,0.458,2.8037893772125244
ENSG00000116095_unmod,-0.1472,0.6880270838737488
ENSG00000116096_unmod,0.0167,1.294338345527649
ENSG00000116106_unmod,0.0275,0.36129748821258545
ENSG00000116117_unmod,0.0485,0.9229621887207031
ENSG00000116120_unmod,-0.8416,0.2772347927093506
ENSG00000116127_unmod,-0.034,0.6431220173835754
ENSG00000116128_unmod,-0.3241,2.398514747619629
ENSG00000116132_unmod,0.3361,0.4055722653865814
ENSG00000116133_unmod,-1.3687,0.439471960067749
ENSG00000116138_unmod,-0.3286,0.23099622130393982
ENSG00000116141_unmod,0.1345,0.7283748984336853
ENSG00000116151_unmod,0.2746,1.9528160095214844
ENSG00000116161_unmod,-0.0355,0.6785895228385925
ENSG00000116171_unmod,0.0804,0.34667590260505676
ENSG00000116183_unmod,0.4539,2.348564386367798
ENSG00000116191_unmod,-0.0023,0.4705185294151306
ENSG00000116198_unmod,-0.1141,0.5772265195846558
ENSG00000116199_unmod,0.348,2.4643452167510986
ENSG00000116205_unmod,0.0534,0.6234371662139893
ENSG00000116209_unmod,0.0185,1.4135795831680298
ENSG00000116212_unmod,0.3061,1.4894973039627075
ENSG00000116213_unmod,-0.3554,1.0225502252578735
ENSG00000116221_unmod,-0.1041,1.4294594526290894
ENSG00000116237_unmod,0.3744,0.2946043908596039
ENSG00000116251_unmod,-0.0111,0.43095070123672485
ENSG00000116260_unmod,0.0544,2.2278857231140137
ENSG00000116266_unmod,0.2266,1.082678198814392
ENSG00000116273_unmod,0.4364,0.8189556002616882
ENSG00000116285_unmod,0.5599,0.24637749791145325
ENSG00000116288_unmod,0.2377,0.5597949624061584
ENSG00000116299_unmod,-0.1994,0.570052444934845
ENSG00000116337_unmod,-0.2174,0.4881894290447235
ENSG00000116350_unmod,-0.0795,1.779036045074463
ENSG00000116353_unmod,-0.0598,1.6090586185455322
ENSG00000116396_unmod,0.18,1.0693092346191406
ENSG00000116406_unmod,-0.3795,0.9815092086791992
ENSG00000116455_unmod,-0.3452,0.6001895070075989
ENSG00000116459_unmod,-0.1399,2.0037949085235596
ENSG00000116473_unmod,0.024,0.4838275909423828
ENSG00000116478_unmod,-0.2064,0.7109864354133606
ENSG00000116489_unmod,-0.6877,1.4395864009857178
ENSG00000116497_unmod,0.2623,2.398855447769165
ENSG00000116514_unmod,0.5344,6.01536226272583
ENSG00000116521_unmod,-0.332,0.9343442916870117
ENSG00000116525_unmod,-0.3995,0.8549292683601379
ENSG00000116539_unmod,-0.1429,0.8741833567619324
ENSG00000116560_unmod,0.1017,0.5317813158035278
ENSG00000116580_unmod,0.0183,0.7192108631134033
ENSG00000116584_unmod,0.6674,2.318330764770508
ENSG00000116586_unmod,0.5597,0.578641951084137
ENSG00000116604_unmod,-0.1767,1.3085590600967407
ENSG00000116641_unmod,-0.0095,0.6593607664108276
ENSG00000116649_unmod,-0.2978,1.2688133716583252
ENSG00000116667_unmod,0.3021,0.8160892724990845
ENSG00000116668_unmod,-0.2279,0.37798887491226196
ENSG00000116670_unmod,0.0576,2.1579337120056152
ENSG00000116675_unmod,0.7148,0.8542833924293518
ENSG00000116678_unmod,0.3881,0.34324780106544495
ENSG00000116679_unmod,-0.3538,3.3816559314727783
ENSG00000116685_unmod,-0.2901,0.8784008026123047
ENSG00000116688_unmod,-0.0981,0.8017057776451111
ENSG00000116690_unmod,0.3943,0.9922989010810852
ENSG00000116691_unmod,0.0333,0.3148707449436188
ENSG00000116698_unmod,-0.2313,0.6549544334411621
ENSG00000116701_unmod,0.4983,0.8285658955574036
ENSG00000116704_unmod,0.2983,1.103446364402771
ENSG00000116711_unmod,0.3922,1.0581341981887817
ENSG00000116717_unmod,-0.2178,1.247127890586853
ENSG00000116729_unmod,-0.2532,0.2845381796360016
ENSG00000116731_unmod,-0.1695,1.7569868564605713
ENSG00000116741_unmod,0.1707,0.13841032981872559
ENSG00000116747_unmod,-0.0219,0.5487191677093506
ENSG00000116750_unmod,-0.0594,2.5143558979034424
ENSG00000116752_unmod,0.4066,0.8446361422538757
ENSG00000116754_unmod,-0.3506,1.9485756158828735
ENSG00000116761_unmod,-0.1177,2.1136703491210938
ENSG00000116771_unmod,-0.3419,0.5344142913818359
ENSG00000116786_unmod,0.5066,1.0086077451705933
ENSG00000116791_unmod,0.0276,0.9973426461219788
ENSG00000116793_unmod,0.5056,0.5506027936935425
ENSG00000116809_unmod,0.271,29.581188201904297
ENSG00000116815_unmod,0.0674,0.9179115295410156
ENSG00000116830_unmod,0.0158,1.5254878997802734
ENSG00000116852_unmod,0.4177,0.49415695667266846
ENSG00000116857_unmod,0.2082,0.44552019238471985
ENSG00000116863_unmod,0.3368,0.7990825772285461
ENSG00000116871_unmod,0.3345,2.5872364044189453
ENSG00000116874_unmod,-0.9152,1.1768741607666016
ENSG00000116898_unmod,-0.0248,1.4468560218811035
ENSG00000116903_unmod,0.1092,2.7595055103302
ENSG00000116906_unmod,-0.1105,0.45226335525512695
ENSG00000116918_unmod,0.04,1.170753002166748
ENSG00000116922_unmod,-0.563,2.287290096282959
ENSG00000116954_unmod,0.4168,1.321804404258728
ENSG00000116962_unmod,0.3247,0.31197407841682434
ENSG00000116977_unmod,0.1328,0.7144709229469299
ENSG00000116984_unmod,0.2817,1.631047010421753
ENSG00000116985_unmod,0.1175,1.0031802654266357
ENSG00000116991_unmod,0.1972,0.48475563526153564
ENSG00000117000_unmod,0.1875,0.7412928938865662
ENSG00000117036_unmod,0.4626,1.1755272150039673
ENSG00000117054_unmod,-0.1736,0.47281956672668457
ENSG00000117114_unmod,-0.16,1.3902443647384644
ENSG00000117118_unmod,-0.0838,1.4463632106781006
ENSG00000117122_unmod,-0.1285,1.7844914197921753
ENSG00000117133_unmod,-0.2779,0.7009838819503784
ENSG00000117139_unmod,-0.4218,1.4449459314346313
ENSG00000117143_unmod,-0.1726,0.6119512319564819
ENSG00000117151_unmod,0.4695,2.1442160606384277
ENSG00000117153_unmod,-0.0464,0.5980563163757324
ENSG00000117155_unmod,0.8397,0.7905670404434204
ENSG00000117174_unmod,-0.725,0.6796706318855286
ENSG00000117222_unmod,-0.4612,0.9099775552749634
ENSG00000117226_unmod,-1.1355,0.6345447301864624
ENSG00000117228_unmod,0.582,0.7587079405784607
ENSG00000117242_unmod,-0.1993,2.7122485637664795
ENSG00000117262_unmod,-0.0727,0.4657982885837555
ENSG00000117266_unmod,0.0742,0.40118423104286194
ENSG00000117280_unmod,-0.0477,1.5804195404052734
ENSG00000117298_unmod,0.2352,0.44232580065727234
ENSG00000117305_unmod,0.1241,0.6771706342697144
ENSG00000117308_unmod,0.3596,0.28479743003845215
ENSG00000117318_unmod,0.057,0.8010559678077698
ENSG00000117335_unmod,-0.0256,1.3993171453475952
ENSG00000117360_unmod,0.0119,28.83135223388672
ENSG00000117362_unmod,0.039,1.3347665071487427
ENSG00000117385_unmod,0.0421,1.8347930908203125
ENSG00000117394_unmod,-0.4218,1.176567792892456
ENSG00000117395_unmod,-0.2967,1.6324366331100464
ENSG00000117399_unmod,0.2062,0.5088228583335876
ENSG00000117408_unmod,0.031,0.4867651164531708
ENSG00000117410_unmod,0.2303,0.21010152995586395
ENSG00000117411_unmod,-0.0976,1.6337847709655762
ENSG00000117419_unmod,-0.0621,1.1045655012130737
ENSG00000117448_unmod,0.1878,2.2685673236846924
ENSG00000117450_unmod,-0.0092,0.5606509447097778
ENSG00000117461_unmod,0.4374,2.525824546813965
ENSG00000117472_unmod,0.8612,1.2529942989349365
ENSG00000117475_unmod,0.0592,2.1828088760375977
ENSG00000117479_unmod,-0.5186,0.8860021829605103
ENSG00000117481_unmod,-0.3959,1.6129698753356934
ENSG00000117500_unmod,-0.2252,2.0901260375976562
ENSG00000117505_unmod,-0.2405,0.5207642316818237
ENSG00000117519_unmod,-0.2294,1.7680286169052124
ENSG00000117523_unmod,-0.3672,1.0017285346984863
ENSG00000117525_unmod,-0.5965,2.1025538444519043
ENSG00000117528_unmod,-0.0875,2.0053353309631348
ENSG00000117533_unmod,-0.1646,1.062554955482483
ENSG00000117543_unmod,-0.4159,2.6667964458465576
ENSG00000117569_unmod,-0.1195,0.2952994108200073
ENSG00000117592_unmod,-0.1402,1.704674243927002
ENSG00000117593_unmod,-0.0405,0.4904685616493225
ENSG00000117597_unmod,-0.0246,3.3094727993011475
ENSG00000117602_unmod,0.4074,1.962540626525879
ENSG00000117614_unmod,0.0323,1.0358500480651855
ENSG00000117616_unmod,0.3674,0.6527851223945618
ENSG00000117620_unmod,-0.1889,0.908942461013794
ENSG00000117625_unmod,-0.2036,1.5932960510253906
ENSG00000117632_unmod,0.4146,1.8750057220458984
ENSG00000117640_unmod,-0.3633,0.43296101689338684
ENSG00000117650_unmod,0.4029,0.7289596796035767
ENSG00000117676_unmod,-0.2583,1.7878907918930054
ENSG00000117682_unmod,-0.0421,1.0597240924835205
ENSG00000117691_unmod,0.2898,1.8810430765151978
ENSG00000117697_unmod,-0.0325,26.396909713745117
ENSG00000117713_unmod,0.0445,0.52851402759552
ENSG00000117724_unmod,0.2527,0.5589260458946228
ENSG00000117748_unmod,0.5106,0.4606306254863739
ENSG00000117751_unmod,0.1144,0.903377890586853
ENSG00000117758_unmod,-0.286,1.8810001611709595
ENSG00000117791_unmod,0.2215,0.6596084237098694
ENSG00000117859_unmod,-0.2009,1.5955489873886108
ENSG00000117862_unmod,0.1036,0.3759925365447998
ENSG00000117868_unmod,0.1072,2.269357442855835
ENSG00000117877_unmod,0.0878,2.658715009689331
ENSG00000117899_unmod,-1.0218,0.49580591917037964
ENSG00000117906_unmod,0.2247,2.90244460105896
ENSG00000117984_unmod,0.1879,0.8865603804588318
ENSG00000118007_unmod,0.2545,1.2225377559661865
ENSG00000118058_unmod,-0.1267,0.23616181313991547
ENSG00000118096_unmod,-0.1231,1.2698109149932861
ENSG00000118162_unmod,-0.2433,0.2565387487411499
ENSG00000118181_unmod,-0.0953,0.5768393278121948
ENSG00000118193_unmod,0.3934,0.6766942143440247
ENSG00000118197_unmod,0.0689,0.7189524173736572
ENSG00000118200_unmod,0.0824,3.037370443344116
ENSG00000118217_unmod,0.3636,0.45870763063430786
ENSG00000118242_unmod,-0.2118,1.6410608291625977
ENSG00000118246_unmod,-0.3205,0.28431981801986694
ENSG00000118257_unmod,-0.1883,1.3777769804000854
ENSG00000118260_unmod,0.1754,0.5647605657577515
ENSG00000118263_unmod,-0.1559,0.4962093234062195
ENSG00000118276_unmod,0.6825,1.1343995332717896
ENSG00000118363_unmod,0.0522,1.3488284349441528
ENSG00000118369_unmod,0.1859,2.3344714641571045
ENSG00000118402_unmod,-0.1222,2.7364161014556885
ENSG00000118412_unmod,0.4575,0.8035207986831665
ENSG00000118418_unmod,0.4168,0.2527408003807068
ENSG00000118420_unmod,-0.4728,0.809624433517456
ENSG00000118432_unmod,0.9113,0.46926966309547424
ENSG00000118454_unmod,0.3158,0.5531136989593506
ENSG00000118482_unmod,0.1802,1.7249797582626343
ENSG00000118495_unmod,0.2129,0.8712387084960938
ENSG00000118496_unmod,-0.035,1.8757243156433105
ENSG00000118503_unmod,0.5727,0.43782153725624084
ENSG00000118507_unmod,0.4678,0.6258854269981384
ENSG00000118508_unmod,0.2244,2.5227832794189453
ENSG00000118515_unmod,-0.1322,0.5044824481010437
ENSG00000118518_unmod,0.3158,2.9487197399139404
ENSG00000118523_unmod,-0.4435,0.6533973217010498
ENSG00000118564_unmod,0.2015,1.2847844362258911
ENSG00000118579_unmod,-0.006,1.1645522117614746
ENSG00000118596_unmod,-0.2716,0.5704975128173828
ENSG00000118600_unmod,-0.0429,0.5281513929367065
ENSG00000118620_unmod,0.4181,1.086289882659912
ENSG00000118640_unmod,0.0951,0.783247172832489
ENSG00000118655_unmod,0.3645,0.5964087247848511
ENSG00000118680_unmod,-0.138,1.3482565879821777
ENSG00000118689_unmod,-0.3141,0.4343649446964264
ENSG00000118705_unmod,-0.0187,0.42770978808403015
ENSG00000118707_unmod,-1.1786,1.5047625303268433
ENSG00000118762_unmod,0.5434,0.7817622423171997
ENSG00000118816_unmod,0.0152,2.0699875354766846
ENSG00000118855_unmod,0.0102,1.3866534233093262
ENSG00000118873_unmod,-0.2365,1.9695788621902466
ENSG00000118894_unmod,-0.4684,0.9713760614395142
ENSG00000118898_unmod,0.5041,0.5642566084861755
ENSG00000118900_unmod,0.986,2.0196709632873535
ENSG00000118922_unmod,0.0329,1.9807099103927612
ENSG00000118939_unmod,-0.2759,0.6064457893371582
ENSG00000118960_unmod,0.2748,0.303692102432251
ENSG00000118961_unmod,-0.48,0.6842686533927917
ENSG00000118965_unmod,-0.7718,2.21124529838562
ENSG00000118985_unmod,0.2603,0.3530314862728119
ENSG00000118997_unmod,0.7381,0.5976951718330383
ENSG00000119004_unmod,-0.1149,0.9229329824447632
ENSG00000119013_unmod,0.0405,2.5941009521484375
ENSG00000119041_unmod,-0.1808,0.444405198097229
ENSG00000119042_unmod,0.2116,0.949107825756073
ENSG00000119048_unmod,0.0631,0.8692636489868164
ENSG00000119125_unmod,-0.6727,1.994928240776062
ENSG00000119138_unmod,0.1796,1.6700087785720825
ENSG00000119185_unmod,0.1973,1.1868005990982056
ENSG00000119203_unmod,-0.1475,1.7120065689086914
ENSG00000119231_unmod,-0.2619,0.7629774212837219
ENSG00000119280_unmod,0.1339,1.3029154539108276
ENSG00000119285_unmod,-0.4546,0.8491783142089844
ENSG00000119314_unmod,-0.1337,2.278470754623413
ENSG00000119318_unmod,-0.0187,0.8199771642684937
ENSG00000119321_unmod,0.065,0.2715964615345001
ENSG00000119326_unmod,0.3262,0.6446499824523926
ENSG00000119328_unmod,-0.6076,0.28998446464538574
ENSG00000119333_unmod,0.5638,0.779612123966217
ENSG00000119335_unmod,-0.316,0.7113670706748962
ENSG00000119383_unmod,0.042,0.957181990146637
ENSG00000119392_unmod,0.0096,3.171869993209839
ENSG00000119396_unmod,0.7107,0.9480805993080139
ENSG00000119397_unmod,0.7114,0.6925410628318787
ENSG00000119401_unmod,-0.0758,27.738807678222656
ENSG00000119402_unmod,-0.1148,1.4791067838668823
ENSG00000119403_unmod,0.4128,2.606199026107788
ENSG00000119408_unmod,-0.5292,0.8649699091911316
ENSG00000119414_unmod,-0.3517,1.3703830242156982
ENSG00000119421_unmod,0.1951,1.3166333436965942
ENSG00000119431_unmod,-0.2603,1.0560026168823242
ENSG00000119446_unmod,-0.5839,0.5880285501480103
ENSG00000119471_unmod,-0.0988,0.30961185693740845
ENSG00000119487_unmod,0.3792,0.3710857629776001
ENSG00000119508_unmod,0.0542,1.2522977590560913
ENSG00000119509_unmod,-0.0846,1.0803595781326294
ENSG00000119522_unmod,-0.0033,0.7181898951530457
ENSG00000119523_unmod,-0.0399,1.3802201747894287
ENSG00000119537_unmod,0.4199,0.7525169253349304
ENSG00000119541_unmod,0.5805,1.2537287473678589
ENSG00000119547_unmod,-0.187,0.39043769240379333
ENSG00000119559_unmod,0.1057,6.2269463539123535
ENSG00000119574_unmod,-0.2541,0.3384212553501129
ENSG00000119596_unmod,-0.1703,1.0508654117584229
ENSG00000119599_unmod,-0.2002,0.6132305264472961
ENSG00000119616_unmod,0.0954,1.1766953468322754
ENSG00000119636_unmod,0.1297,1.4152555465698242
ENSG00000119638_unmod,0.0068,0.9626079201698303
ENSG00000119640_unmod,-0.1337,0.9202660918235779
ENSG00000119650_unmod,0.4277,0.2628527581691742
ENSG00000119655_unmod,0.3108,2.3504791259765625
ENSG00000119661_unmod,0.9981,0.52333003282547
ENSG00000119669_unmod,0.4871,2.693026304244995
ENSG00000119673_unmod,0.2065,1.7031022310256958
ENSG00000119681_unmod,0.2792,0.6339763402938843
ENSG00000119682_unmod,-0.0732,1.635575532913208
ENSG00000119684_unmod,-0.0464,1.1966557502746582
ENSG00000119685_unmod,0.0653,0.7035098075866699
ENSG00000119686_unmod,-0.4871,1.523413062095642
ENSG00000119688_unmod,-0.1507,0.5968785881996155
ENSG00000119689_unmod,0.0888,0.8378631472587585
ENSG00000119699_unmod,-0.0415,1.9811701774597168
ENSG00000119705_unmod,-0.0374,0.8382294178009033
ENSG00000119707_unmod,0.0876,1.9440007209777832
ENSG00000119711_unmod,-0.0138,2.8098084926605225
ENSG00000119718_unmod,-0.2764,1.181225299835205
ENSG00000119720_unmod,-0.037,0.35371384024620056
ENSG00000119723_unmod,0.4112,1.8494354486465454
ENSG00000119729_unmod,0.1001,2.521519899368286
ENSG00000119737_unmod,-0.5501,0.5925664305686951
ENSG00000119760_unmod,-0.0203,1.333359718322754
ENSG00000119771_unmod,-0.1791,3.598519802093506
ENSG00000119772_unmod,0.3315,0.3743484914302826
ENSG00000119777_unmod,0.1917,1.057466983795166
ENSG00000119778_unmod,0.3144,0.6740148067474365
ENSG00000119787_unmod,-0.0094,0.7244302034378052
ENSG00000119801_unmod,0.4854,0.25058990716934204
ENSG00000119812_unmod,0.0877,1.6774271726608276
ENSG00000119820_unmod,0.0869,2.038713216781616
ENSG00000119844_unmod,-0.1358,0.9115884900093079
ENSG00000119862_unmod,-0.2839,0.4700121283531189
ENSG00000119865_unmod,0.0683,2.2521841526031494
ENSG00000119878_unmod,-0.3879,1.4363338947296143
ENSG00000119899_unmod,0.0617,1.427297830581665
ENSG00000119900_unmod,-0.1502,2.461904764175415
ENSG00000119906_unmod,0.1687,0.674189031124115
ENSG00000119912_unmod,-0.1647,2.927123785018921
ENSG00000119917_unmod,0.449,1.8281116485595703
ENSG00000119922_unmod,0.7444,0.903361976146698
ENSG00000119927_unmod,-0.0767,0.9235155582427979
ENSG00000119929_unmod,0.1718,0.19934095442295074
ENSG00000119938_unmod,0.1714,0.9112542271614075
ENSG00000119943_unmod,0.0959,2.5868029594421387
ENSG00000119946_unmod,-0.5739,0.9405761957168579
ENSG00000119950_unmod,-0.519,0.41264262795448303
ENSG00000119953_unmod,-0.0248,1.4310169219970703
ENSG00000119965_unmod,-0.2545,0.47337159514427185
ENSG00000119969_unmod,0.049,0.5217738151550293
ENSG00000119977_unmod,-0.2309,0.9004198908805847
ENSG00000119979_unmod,0.0402,0.5180038213729858
ENSG00000120008_unmod,0.5273,0.5805656909942627
ENSG00000120029_unmod,-0.1067,0.6629493236541748
ENSG00000120053_unmod,-0.1117,1.2248891592025757
ENSG00000120063_unmod,0.1741,0.6075670719146729
ENSG00000120071_unmod,-0.5232,0.7683256268501282
ENSG00000120093_unmod,-0.3686,1.5735355615615845
ENSG00000120129_unmod,-0.0096,0.7921537756919861
ENSG00000120137_unmod,-0.6537,0.608890175819397
ENSG00000120156_unmod,0.0429,0.7242463231086731
ENSG00000120158_unmod,-0.147,2.720801591873169
ENSG00000120159_unmod,0.0844,2.2058537006378174
ENSG00000120162_unmod,-0.3881,1.2356387376785278
ENSG00000120217_unmod,-0.0697,0.5765544176101685
ENSG00000120254_unmod,0.07,1.1574981212615967
ENSG00000120256_unmod,1.0755,0.4820815324783325
ENSG00000120265_unmod,0.1401,0.526025652885437
ENSG00000120278_unmod,0.4661,0.9243503212928772
ENSG00000120306_unmod,0.0499,0.26867765188217163
ENSG00000120314_unmod,0.0572,0.1180681586265564
ENSG00000120318_unmod,0.3767,0.8645567893981934
ENSG00000120333_unmod,0.3812,1.6935667991638184
ENSG00000120334_unmod,0.2751,0.333976149559021
ENSG00000120370_unmod,0.4049,1.3955203294754028
ENSG00000120437_unmod,-0.051,1.6541459560394287
ENSG00000120438_unmod,-0.0101,1.1108955144882202
ENSG00000120451_unmod,-0.1975,0.5296481251716614
ENSG00000120458_unmod,0.018,0.9884107708930969
ENSG00000120509_unmod,0.247,2.793499708175659
ENSG00000120519_unmod,-0.3629,0.6479490995407104
ENSG00000120526_unmod,-0.4516,1.0404306650161743
ENSG00000120533_unmod,-0.0964,0.8295213580131531
ENSG00000120539_unmod,0.5343,1.333418607711792
ENSG00000120549_unmod,0.0911,0.4931628108024597
ENSG00000120594_unmod,0.0587,2.4069342613220215
ENSG00000120616_unmod,0.0003,0.417178750038147
ENSG00000120647_unmod,-0.12,1.9913511276245117
ENSG00000120656_unmod,-0.106,0.9216286540031433
ENSG00000120658_unmod,-0.0457,0.7062652111053467
ENSG00000120662_unmod,-0.079,0.8808789849281311
ENSG00000120675_unmod,-0.2616,0.5610793232917786
ENSG00000120685_unmod,-0.5496,0.7089476585388184
ENSG00000120686_unmod,0.0771,0.6769493222236633
ENSG00000120688_unmod,0.1856,1.8024064302444458
ENSG00000120690_unmod,-0.0747,0.8045275807380676
ENSG00000120693_unmod,0.2852,0.27802667021751404
ENSG00000120694_unmod,-0.4069,0.691039502620697
ENSG00000120696_unmod,-0.404,1.0336018800735474
ENSG00000120697_unmod,-0.2393,0.7301130294799805
ENSG00000120699_unmod,0.3382,1.4293369054794312
ENSG00000120705_unmod,-0.0702,0.24769067764282227
ENSG00000120708_unmod,0.062,0.3973040282726288
ENSG00000120709_unmod,0.0855,1.002656102180481
ENSG00000120725_unmod,0.3004,0.9262281656265259
ENSG00000120727_unmod,0.1839,2.506638288497925
ENSG00000120733_unmod,0.1713,2.190835475921631
ENSG00000120738_unmod,0.1583,1.1928776502609253
ENSG00000120742_unmod,-0.0193,0.9185611605644226
ENSG00000120756_unmod,-0.5098,0.3087472915649414
ENSG00000120784_unmod,-0.0852,1.1818145513534546
ENSG00000120798_unmod,-0.0176,0.7744227647781372
ENSG00000120800_unmod,-0.3719,0.23885707557201385
ENSG00000120802_unmod,0.0639,0.5258166193962097
ENSG00000120805_unmod,-0.769,1.1446319818496704
ENSG00000120820_unmod,-0.0165,0.6368853449821472
ENSG00000120832_unmod,0.171,1.809970498085022
ENSG00000120837_unmod,-0.1342,2.0469539165496826
ENSG00000120860_unmod,0.3569,1.7715649604797363
ENSG00000120868_unmod,0.7012,1.7728335857391357
ENSG00000120875_unmod,-0.1877,0.7223005890846252
ENSG00000120885_unmod,0.1906,1.3155885934829712
ENSG00000120889_unmod,-0.1359,1.4039000272750854
ENSG00000120896_unmod,0.3865,0.5551925301551819
ENSG00000120899_unmod,0.6064,1.4007725715637207
ENSG00000120910_unmod,0.1883,0.8349254727363586
ENSG00000120925_unmod,0.5635,1.9148398637771606
ENSG00000120942_unmod,-0.2931,0.30118319392204285
ENSG00000120948_unmod,-0.2491,2.138589859008789
ENSG00000120963_unmod,-0.2761,0.40144282579421997
ENSG00000120992_unmod,-0.1792,0.3700268566608429
ENSG00000121022_unmod,-0.036,1.102198839187622
ENSG00000121039_unmod,-0.5091,0.9511144757270813
ENSG00000121057_unmod,-0.3985,1.5073977708816528
ENSG00000121058_unmod,-0.1266,2.3145487308502197
ENSG00000121060_unmod,0.0321,0.9872593283653259
ENSG00000121064_unmod,0.2638,1.7286207675933838
ENSG00000121067_unmod,0.0048,0.9427562952041626
ENSG00000121073_unmod,-0.0307,2.2244443893432617
ENSG00000121152_unmod,0.0319,1.593256950378418
ENSG00000121210_unmod,-0.0551,0.2567102313041687
ENSG00000121211_unmod,0.413,0.9509568214416504
ENSG00000121274_unmod,0.2106,0.8835903406143188
ENSG00000121281_unmod,0.2741,1.795965552330017
ENSG00000121289_unmod,0.4865,0.567726731300354
ENSG00000121310_unmod,0.1932,2.2439892292022705
ENSG00000121316_unmod,-0.2749,1.7809605598449707
ENSG00000121350_unmod,-0.0491,0.6401738524436951
ENSG00000121390_unmod,0.2194,1.5639439821243286
ENSG00000121417_unmod,0.1125,1.1208103895187378
ENSG00000121481_unmod,0.9399,0.3893722593784332
ENSG00000121486_unmod,-0.2957,2.197713851928711
ENSG00000121542_unmod,0.3233,0.3153206408023834
ENSG00000121578_unmod,0.3044,1.6634395122528076
ENSG00000121579_unmod,-0.4233,0.8966896533966064
ENSG00000121621_unmod,-0.1834,2.842912197113037
ENSG00000121644_unmod,-0.5888,0.5324010848999023
ENSG00000121653_unmod,0.2061,1.0125093460083008
ENSG00000121671_unmod,0.2941,2.1219804286956787
ENSG00000121680_unmod,0.065,0.5915045142173767
ENSG00000121690_unmod,-0.58,0.39209917187690735
ENSG00000121691_unmod,0.0386,0.5841860771179199
ENSG00000121716_unmod,-0.0246,0.4981967508792877
ENSG00000121741_unmod,-0.1977,2.33404278755188
ENSG00000121749_unmod,0.174,0.8208619356155396
ENSG00000121753_unmod,0.2681,1.4334080219268799
ENSG00000121766_unmod,0.2364,1.7303324937820435
ENSG00000121774_unmod,0.0845,0.6975874304771423
ENSG00000121775_unmod,-0.1484,1.0713218450546265
ENSG00000121864_unmod,-0.2963,1.5919450521469116
ENSG00000121879_unmod,0.2563,0.8307445049285889
ENSG00000121892_unmod,-0.0986,0.32279959321022034
ENSG00000121895_unmod,0.2784,0.9447916150093079
ENSG00000121897_unmod,-0.3229,0.8033261895179749
ENSG00000121900_unmod,0.2954,1.870734691619873
ENSG00000121903_unmod,0.0153,2.128394842147827
ENSG00000121931_unmod,0.1304,0.6060235500335693
ENSG00000121940_unmod,0.0005,1.9277819395065308
ENSG00000121957_unmod,0.4722,0.6222153902053833
ENSG00000121964_unmod,0.0371,0.9199292659759521
ENSG00000121966_unmod,0.1774,2.010740280151367
ENSG00000121988_unmod,0.0031,1.2045964002609253
ENSG00000121989_unmod,-0.0637,0.6858633756637573
ENSG00000122008_unmod,0.1306,2.2511982917785645
ENSG00000122026_unmod,0.1153,1.1049185991287231
ENSG00000122033_unmod,0.1339,0.38269180059432983
ENSG00000122034_unmod,0.0193,1.2297011613845825
ENSG00000122042_unmod,-0.2374,1.2537915706634521
ENSG00000122068_unmod,0.0474,1.2914828062057495
ENSG00000122085_unmod,-0.0185,0.6434655785560608
ENSG00000122126_unmod,-0.3373,0.7897789478302002
ENSG00000122140_unmod,-0.2775,1.4886457920074463
ENSG00000122203_unmod,-0.3253,0.8527324795722961
ENSG00000122218_unmod,0.1347,1.7029776573181152
ENSG00000122257_unmod,0.0069,1.9068583250045776
ENSG00000122299_unmod,0.313,2.536700487136841
ENSG00000122335_unmod,-0.0118,0.37158942222595215
ENSG00000122359_unmod,0.1147,2.5172064304351807
ENSG00000122376_unmod,0.5462,0.831710696220398
ENSG00000122378_unmod,-0.0161,2.0126442909240723
ENSG00000122386_unmod,-0.095,0.8543866276741028
ENSG00000122390_unmod,-0.3116,0.9123811721801758
ENSG00000122406_unmod,-0.1822,0.3595060110092163
ENSG00000122417_unmod,0.2309,1.0691077709197998
ENSG00000122435_unmod,-0.04,0.08595535159111023
ENSG00000122482_unmod,0.141,0.8203914165496826
ENSG00000122483_unmod,0.3869,1.3095290660858154
ENSG00000122484_unmod,-0.2064,0.5801354646682739
ENSG00000122490_unmod,0.0719,1.542646884918213
ENSG00000122507_unmod,0.3281,1.0968350172042847
ENSG00000122512_unmod,0.0362,0.9604058265686035
ENSG00000122515_unmod,-0.0527,0.5985041260719299
ENSG00000122545_unmod,0.092,1.5397981405258179
ENSG00000122547_unmod,-0.1702,0.7473316788673401
ENSG00000122550_unmod,0.1265,1.7868832349777222
ENSG00000122557_unmod,-0.6523,0.33373400568962097
ENSG00000122565_unmod,-0.6885,0.33871230483055115
ENSG00000122566_unmod,0.0804,1.1682063341140747
ENSG00000122591_unmod,0.0824,0.7614604830741882
ENSG00000122592_unmod,-2.2326,0.24536176025867462
ENSG00000122641_unmod,1.1944,2.5804240703582764
ENSG00000122642_unmod,0.208,27.483964920043945
ENSG00000122643_unmod,-0.0812,0.47588708996772766
ENSG00000122644_unmod,0.3396,1.9036670923233032
ENSG00000122674_unmod,-0.1029,2.2927284240722656
ENSG00000122678_unmod,0.0516,0.5987155437469482
ENSG00000122691_unmod,0.4025,1.4028067588806152
ENSG00000122692_unmod,-0.2244,1.0050568580627441
ENSG00000122694_unmod,-0.0267,0.7405589818954468
ENSG00000122696_unmod,0.0736,0.8825898766517639
ENSG00000122705_unmod,-0.5438,1.8474560976028442
ENSG00000122707_unmod,-0.0351,1.0780222415924072
ENSG00000122729_unmod,0.3574,0.675341784954071
ENSG00000122741_unmod,-0.0405,1.316295862197876
ENSG00000122778_unmod,0.2779,0.5476314425468445
ENSG00000122779_unmod,0.2569,0.4362306296825409
ENSG00000122783_unmod,0.1364,1.7114375829696655
ENSG00000122786_unmod,-0.0231,1.8321424722671509
ENSG00000122861_unmod,1.6786,0.33207613229751587
ENSG00000122862_unmod,0.1489,2.099290132522583
ENSG00000122863_unmod,0.3233,1.1846600770950317
ENSG00000122870_unmod,0.2303,1.7210181951522827
ENSG00000122873_unmod,0.0231,0.45794597268104553
ENSG00000122882_unmod,-0.3009,2.353137731552124
ENSG00000122884_unmod,-0.2642,0.6647239923477173
ENSG00000122912_unmod,-0.1658,0.9892000555992126
ENSG00000122952_unmod,0.1237,2.271225690841675
ENSG00000122958_unmod,-0.2343,3.272106885910034
ENSG00000122965_unmod,-0.0905,0.5980156660079956
ENSG00000122966_unmod,0.0605,5.405829906463623
ENSG00000122970_unmod,0.5339,0.5350691676139832
ENSG00000123064_unmod,0.0554,0.06769166886806488
ENSG00000123066_unmod,-0.1725,0.598456859588623
ENSG00000123080_unmod,0.3344,0.9364535212516785
ENSG00000123091_unmod,-0.3296,1.0875144004821777
ENSG00000123094_unmod,-0.2116,0.5907207727432251
ENSG00000123104_unmod,0.3455,1.3219454288482666
ENSG00000123106_unmod,0.3027,0.4945051968097687
ENSG00000123124_unmod,0.035,0.6354482173919678
ENSG00000123130_unmod,0.1529,1.9339107275009155
ENSG00000123131_unmod,-0.2125,0.5682580471038818
ENSG00000123136_unmod,0.3186,2.083415985107422
ENSG00000123143_unmod,0.3394,3.2466537952423096
ENSG00000123146_unmod,0.7653,1.7857940196990967
ENSG00000123159_unmod,0.2388,1.3429760932922363
ENSG00000123178_unmod,0.1566,0.60671466588974
ENSG00000123179_unmod,-0.4106,1.1738145351409912
ENSG00000123200_unmod,-0.2335,0.9921417832374573
ENSG00000123213_unmod,-0.6201,1.3354922533035278
ENSG00000123219_unmod,0.4197,1.1930724382400513
ENSG00000123240_unmod,0.6077,0.44883105158805847
ENSG00000123268_unmod,-0.0506,2.399404525756836
ENSG00000123349_unmod,0.0959,1.783853530883789
ENSG00000123352_unmod,0.1393,0.989320695400238
ENSG00000123353_unmod,-0.0097,0.9579317569732666
ENSG00000123358_unmod,0.2948,0.9508512616157532
ENSG00000123364_unmod,-0.6891,1.2089720964431763
ENSG00000123374_unmod,0.1904,1.7028371095657349
ENSG00000123384_unmod,0.2539,0.47778841853141785
ENSG00000123388_unmod,0.053,1.5739845037460327
ENSG00000123395_unmod,0.0712,0.7067669630050659
ENSG00000123411_unmod,-0.4482,0.6877399682998657
ENSG00000123415_unmod,-0.1182,0.5771967768669128
ENSG00000123416_unmod,0.1801,1.344215750694275
ENSG00000123427_unmod,-0.1156,0.7110351324081421
ENSG00000123472_unmod,0.3356,2.953009843826294
ENSG00000123473_unmod,0.0359,2.2770533561706543
ENSG00000123485_unmod,0.5729,1.214799404144287
ENSG00000123505_unmod,-0.3221,1.9126702547073364
ENSG00000123545_unmod,-0.2818,1.4285249710083008
ENSG00000123552_unmod,0.1228,1.4413928985595703
ENSG00000123562_unmod,0.0867,1.8653746843338013
ENSG00000123575_unmod,-0.0394,0.466060608625412
ENSG00000123595_unmod,0.2273,1.9301701784133911
ENSG00000123600_unmod,-0.4524,0.7054534554481506
ENSG00000123607_unmod,-0.0356,1.928117036819458
ENSG00000123609_unmod,0.2516,0.4087430536746979
ENSG00000123610_unmod,1.2081,1.0185226202011108
ENSG00000123636_unmod,-0.077,0.7054234147071838
ENSG00000123684_unmod,0.0238,2.6322789192199707
ENSG00000123685_unmod,0.0942,0.35662150382995605
ENSG00000123689_unmod,0.4401,1.0271682739257812
ENSG00000123700_unmod,-0.1559,6.109014511108398
ENSG00000123728_unmod,-0.2142,0.885882556438446
ENSG00000123737_unmod,0.2004,2.3588597774505615
ENSG00000123739_unmod,0.2868,1.5641566514968872
ENSG00000123815_unmod,0.0313,2.440934896469116
ENSG00000123836_unmod,0.6195,0.8892165422439575
ENSG00000123843_unmod,0.2868,1.7424145936965942
ENSG00000123908_unmod,-0.5384,2.251829147338867
ENSG00000123933_unmod,0.3331,0.4135577082633972
ENSG00000123975_unmod,0.0385,0.47059905529022217
ENSG00000123983_unmod,0.0312,0.6899877190589905
ENSG00000123989_unmod,0.0896,1.8815170526504517
ENSG00000123992_unmod,-0.0425,0.6070660352706909
ENSG00000124006_unmod,0.4496,0.4351717233657837
ENSG00000124067_unmod,0.2564,0.3312528431415558
ENSG00000124074_unmod,0.3793,3.047865390777588
ENSG00000124098_unmod,0.1162,0.6638484597206116
ENSG00000124102_unmod,0.8267,1.747822642326355
ENSG00000124104_unmod,0.3917,1.3604650497436523
ENSG00000124107_unmod,0.5334,1.8394827842712402
ENSG00000124120_unmod,-0.2887,0.8011791110038757
ENSG00000124126_unmod,0.0032,0.9025436639785767
ENSG00000124145_unmod,0.7274,0.7218753695487976
ENSG00000124151_unmod,-0.2644,0.7850627303123474
ENSG00000124155_unmod,0.0851,0.8119245171546936
ENSG00000124160_unmod,0.0466,0.45017707347869873
ENSG00000124164_unmod,0.079,0.5477066040039062
ENSG00000124171_unmod,-0.1882,1.0320680141448975
ENSG00000124172_unmod,-0.1107,0.19305971264839172
ENSG00000124177_unmod,-0.7189,0.3444143533706665
ENSG00000124181_unmod,0.276,0.7609500885009766
ENSG00000124191_unmod,0.359,0.4215712249279022
ENSG00000124193_unmod,-0.0374,0.415143758058548
ENSG00000124198_unmod,0.078,1.3334903717041016
ENSG00000124201_unmod,0.1202,2.535461187362671
ENSG00000124207_unmod,-0.4258,2.2204601764678955
ENSG00000124209_unmod,0.506,2.3498122692108154
ENSG00000124214_unmod,0.226,0.5806236267089844
ENSG00000124216_unmod,-0.0747,1.3057180643081665
ENSG00000124217_unmod,-0.3366,2.847162961959839
ENSG00000124222_unmod,-0.118,0.6334759593009949
ENSG00000124224_unmod,0.3315,1.7784656286239624
ENSG00000124225_unmod,0.4232,2.039628744125366
ENSG00000124226_unmod,0.031,1.098641037940979
ENSG00000124228_unmod,0.0595,2.3160593509674072
ENSG00000124243_unmod,-0.0964,0.4360968768596649
ENSG00000124249_unmod,-0.191,2.0726876258850098
ENSG00000124275_unmod,-0.201,0.8924042582511902
ENSG00000124279_unmod,-0.4053,0.27586835622787476
ENSG00000124299_unmod,0.0702,0.4595579504966736
ENSG00000124313_unmod,0.5928,3.462552785873413
ENSG00000124333_unmod,-0.1578,0.5805898904800415
ENSG00000124356_unmod,0.3721,0.7624969482421875
ENSG00000124357_unmod,0.9723,0.7799102067947388
ENSG00000124370_unmod,0.6434,0.3023732304573059
ENSG00000124380_unmod,0.4318,2.536990165710449
ENSG00000124383_unmod,0.143,0.8547998666763306
ENSG00000124406_unmod,0.6253,2.542127847671509
ENSG00000124422_unmod,0.1742,0.828357994556427
ENSG00000124444_unmod,-0.1017,2.2544379234313965
ENSG00000124459_unmod,0.4155,2.0028131008148193
ENSG00000124466_unmod,0.9441,0.6607917547225952
ENSG00000124486_unmod,-0.1743,1.1688594818115234
ENSG00000124496_unmod,-0.669,0.3111712634563446
ENSG00000124508_unmod,0.1937,2.1480536460876465
ENSG00000124523_unmod,0.0069,0.7510831356048584
ENSG00000124532_unmod,-0.6319,0.16785861551761627
ENSG00000124535_unmod,-0.0887,2.108438491821289
ENSG00000124541_unmod,-0.0585,0.6552648544311523
ENSG00000124549_unmod,0.3604,0.4012519419193268
ENSG00000124562_unmod,-0.1999,1.148882508277893
ENSG00000124570_unmod,0.3775,0.60014808177948
ENSG00000124571_unmod,-0.4709,2.559645175933838
ENSG00000124574_unmod,-0.1286,2.047269821166992
ENSG00000124575_unmod,0.0143,1.4110833406448364
ENSG00000124587_unmod,0.2182,0.33747148513793945
ENSG00000124588_unmod,0.1231,1.2581322193145752
ENSG00000124596_unmod,0.4112,0.8279194235801697
ENSG00000124608_unmod,-0.198,2.195307493209839
ENSG00000124610_unmod,0.1076,0.43501538038253784
ENSG00000124635_unmod,0.4259,0.5833349227905273
ENSG00000124641_unmod,-0.2923,1.6175044775009155
ENSG00000124659_unmod,-0.0944,0.3205867409706116
ENSG00000124688_unmod,-0.5711,1.1695117950439453
ENSG00000124702_unmod,-0.041,0.9985863566398621
ENSG00000124733_unmod,0.0404,0.8510490655899048
ENSG00000124762_unmod,0.5562,0.9586830139160156
ENSG00000124766_unmod,-0.1367,0.5203884840011597
ENSG00000124767_unmod,-0.3891,0.9086383581161499
ENSG00000124782_unmod,0.1203,0.8056812286376953
ENSG00000124783_unmod,-0.6595,1.9043015241622925
ENSG00000124784_unmod,0.0294,1.0040706396102905
ENSG00000124786_unmod,0.0273,0.38291284441947937
ENSG00000124787_unmod,-0.175,1.2281476259231567
ENSG00000124788_unmod,0.5211,0.5109595656394958
ENSG00000124789_unmod,-0.0319,0.6543664336204529
ENSG00000124795_unmod,0.2736,0.38279494643211365
ENSG00000124802_unmod,-0.4533,1.8563625812530518
ENSG00000124813_unmod,0.0249,0.7096771597862244
ENSG00000124831_unmod,0.252,0.6475576162338257
ENSG00000124882_unmod,0.5355,1.0129103660583496
ENSG00000124920_unmod,0.4772,0.5242131352424622
ENSG00000124942_unmod,0.1086,3.121093988418579
ENSG00000125037_unmod,0.0676,2.2187678813934326
ENSG00000125089_unmod,0.3543,0.8592917919158936
ENSG00000125107_unmod,-0.0265,1.9196820259094238
ENSG00000125124_unmod,0.2496,1.2311893701553345
ENSG00000125148_unmod,0.4797,0.739213764667511
ENSG00000125149_unmod,-0.3683,0.28919538855552673
ENSG00000125166_unmod,-0.082,0.4981148838996887
ENSG00000125170_unmod,0.5746,1.6906346082687378
ENSG00000125247_unmod,0.3002,2.5656399726867676
ENSG00000125249_unmod,0.122,1.1406832933425903
ENSG00000125257_unmod,-0.492,1.764254093170166
ENSG00000125266_unmod,-0.1053,0.5608320236206055
ENSG00000125304_unmod,-0.0202,0.5468556880950928
ENSG00000125319_unmod,0.2248,1.7278587818145752
ENSG00000125347_unmod,0.4923,0.6123074889183044
ENSG00000125351_unmod,0.2174,1.2720757722854614
ENSG00000125352_unmod,0.1406,0.0918072909116745
ENSG00000125354_unmod,0.6781,0.6492218375205994
ENSG00000125356_unmod,0.1618,2.5936059951782227
ENSG00000125375_unmod,-0.0985,0.6983664631843567
ENSG00000125386_unmod,0.1737,0.5752682685852051
ENSG00000125388_unmod,0.5383,1.9150334596633911
ENSG00000125398_unmod,0.0529,1.034528374671936
ENSG00000125430_unmod,-0.0235,0.6330870389938354
ENSG00000125445_unmod,-0.0259,1.1640775203704834
ENSG00000125447_unmod,-0.2427,1.9474990367889404
ENSG00000125449_unmod,-0.0574,1.0163943767547607
ENSG00000125450_unmod,0.063,0.9277620911598206
ENSG00000125454_unmod,-0.5144,0.24021604657173157
ENSG00000125457_unmod,0.0733,0.5656363368034363
ENSG00000125458_unmod,0.0641,0.9125217199325562
ENSG00000125459_unmod,0.1774,1.7687734365463257
ENSG00000125482_unmod,0.1712,0.8200222253799438
ENSG00000125484_unmod,-0.3632,2.2780914306640625
ENSG00000125485_unmod,-0.4518,1.2883086204528809
ENSG00000125503_unmod,0.1087,2.230390787124634
ENSG00000125505_unmod,0.32,1.2238341569900513
ENSG00000125520_unmod,0.4374,1.9114564657211304
ENSG00000125534_unmod,0.2215,2.35054874420166
ENSG00000125538_unmod,0.5551,1.48410964012146
ENSG00000125611_unmod,0.1566,0.678595781326294
ENSG00000125629_unmod,0.0244,0.7314280867576599
ENSG00000125630_unmod,-0.5712,0.4282398521900177
ENSG00000125633_unmod,0.0866,2.115128755569458
ENSG00000125637_unmod,0.1645,36.98393249511719
ENSG00000125648_unmod,-0.8071,2.185568332672119
ENSG00000125651_unmod,0.0003,1.1157571077346802
ENSG00000125652_unmod,0.4541,2.2416269779205322
ENSG00000125656_unmod,-0.1239,0.9625667929649353
ENSG00000125657_unmod,-0.3765,0.5857648849487305
ENSG00000125676_unmod,0.0003,1.164861798286438
ENSG00000125686_unmod,-0.4759,0.8614818453788757
ENSG00000125691_unmod,0.0575,0.6482149362564087
ENSG00000125703_unmod,0.3089,0.6124759316444397
ENSG00000125726_unmod,0.1705,0.2720099985599518
ENSG00000125730_unmod,0.3646,2.2786405086517334
ENSG00000125731_unmod,-0.1774,0.6015787720680237
ENSG00000125733_unmod,0.2887,1.0563549995422363
ENSG00000125734_unmod,0.2032,1.8014779090881348
ENSG00000125740_unmod,0.2171,1.5789273977279663
ENSG00000125741_unmod,-0.5838,0.20407161116600037
ENSG00000125743_unmod,0.1542,0.8714936971664429
ENSG00000125744_unmod,0.7044,0.7047606706619263
ENSG00000125746_unmod,0.1832,0.4694649875164032
ENSG00000125753_unmod,0.2621,2.616939067840576
ENSG00000125755_unmod,-0.1334,1.4652658700942993
ENSG00000125772_unmod,-0.04,6.162180423736572
ENSG00000125779_unmod,0.0759,2.368177890777588
ENSG00000125812_unmod,0.1559,0.7627817988395691
ENSG00000125814_unmod,-0.6319,0.8278400301933289
ENSG00000125817_unmod,0.1883,1.1719955205917358
ENSG00000125818_unmod,-0.1464,1.5371309518814087
ENSG00000125821_unmod,-0.7058,1.6795101165771484
ENSG00000125826_unmod,0.2247,0.7872665524482727
ENSG00000125827_unmod,0.4581,1.8826019763946533
ENSG00000125834_unmod,-0.0391,0.5908868312835693
ENSG00000125835_unmod,0.0665,2.2037925720214844
ENSG00000125841_unmod,0.0794,0.8731616139411926
ENSG00000125843_unmod,-0.4462,0.45505210757255554
ENSG00000125844_unmod,0.583,2.735286235809326
ENSG00000125845_unmod,0.096,2.2379002571105957
ENSG00000125846_unmod,0.0211,0.8150172233581543
ENSG00000125863_unmod,-0.3522,2.0808639526367188
ENSG00000125868_unmod,0.1791,0.909214198589325
ENSG00000125870_unmod,-0.1519,0.9689838886260986
ENSG00000125871_unmod,0.0498,0.4605647325515747
ENSG00000125875_unmod,-0.1724,0.920321524143219
ENSG00000125877_unmod,0.024,0.8070529699325562
ENSG00000125898_unmod,0.7927,2.1442811489105225
ENSG00000125901_unmod,0.2451,1.1820392608642578
ENSG00000125912_unmod,-0.3053,1.1380791664123535
ENSG00000125944_unmod,0.3182,2.6462764739990234
ENSG00000125952_unmod,0.1059,2.785776138305664
ENSG00000125962_unmod,-0.4091,2.3658254146575928
ENSG00000125967_unmod,0.1809,0.6432278156280518
ENSG00000125968_unmod,0.2905,0.8685775995254517
ENSG00000125970_unmod,0.2523,0.8435575366020203
ENSG00000125971_unmod,-0.21,0.21534767746925354
ENSG00000125977_unmod,0.1333,0.39652419090270996
ENSG00000125991_unmod,0.031,2.4239490032196045
ENSG00000125995_unmod,0.3039,0.8199198842048645
ENSG00000126001_unmod,0.0096,0.33936527371406555
ENSG00000126003_unmod,-0.7868,1.5233511924743652
ENSG00000126005_unmod,-0.0719,0.8260596990585327
ENSG00000126012_unmod,0.4688,1.5944170951843262
ENSG00000126062_unmod,-0.053,0.916167140007019
ENSG00000126067_unmod,-0.1494,2.2437362670898438
ENSG00000126070_unmod,-0.1384,0.3473989963531494
ENSG00000126088_unmod,-0.0591,1.3521342277526855
ENSG00000126091_unmod,-0.1572,0.400799959897995
ENSG00000126107_unmod,-0.1966,6.866507530212402
ENSG00000126214_unmod,0.204,0.7638779878616333
ENSG00000126215_unmod,0.1268,2.1232714653015137
ENSG00000126216_unmod,0.0065,1.9075571298599243
ENSG00000126226_unmod,-0.2893,2.16701602935791
ENSG00000126243_unmod,-0.4703,0.7627225518226624
ENSG00000126247_unmod,0.0527,0.48210424184799194
ENSG00000126254_unmod,0.0942,1.8319448232650757
ENSG00000126261_unmod,0.0555,0.7173334360122681
ENSG00000126267_unmod,-0.6017,0.6902709603309631
ENSG00000126351_unmod,0.3702,5.048564434051514
ENSG00000126368_unmod,-0.1872,0.6438947319984436
ENSG00000126391_unmod,0.4472,1.0090205669403076
ENSG00000126432_unmod,0.3927,0.7069177627563477
ENSG00000126453_unmod,0.0248,1.0882022380828857
ENSG00000126456_unmod,0.0508,0.828952968120575
ENSG00000126457_unmod,-0.3374,0.759413480758667
ENSG00000126458_unmod,0.5483,0.9767957329750061
ENSG00000126464_unmod,-0.0866,0.3678177297115326
ENSG00000126522_unmod,0.249,1.180203914642334
ENSG00000126524_unmod,-0.5913,0.8698103427886963
ENSG00000126561_unmod,0.3484,0.749362051486969
ENSG00000126581_unmod,-0.0616,1.6813379526138306
ENSG00000126602_unmod,-0.2613,1.3860164880752563
ENSG00000126603_unmod,-0.5459,1.1806912422180176
ENSG00000126653_unmod,0.4466,1.1089305877685547
ENSG00000126698_unmod,-0.161,1.0079431533813477
ENSG00000126705_unmod,-0.1762,2.519460678100586
ENSG00000126709_unmod,0.2882,2.7663025856018066
ENSG00000126746_unmod,0.2415,1.4550402164459229
ENSG00000126749_unmod,-0.2,2.486954927444458
ENSG00000126756_unmod,0.1761,3.2336065769195557
ENSG00000126767_unmod,-0.0954,0.5744044184684753
ENSG00000126768_unmod,0.0253,1.3504329919815063
ENSG00000126773_unmod,-0.0042,2.8728370666503906
ENSG00000126775_unmod,-0.4341,0.3619789481163025
ENSG00000126777_unmod,0.0048,1.8701026439666748
ENSG00000126778_unmod,-0.6211,1.8622413873672485
ENSG00000126787_unmod,0.2263,0.16555991768836975
ENSG00000126790_unmod,-0.0782,0.24550415575504303
ENSG00000126804_unmod,0.2306,2.9028801918029785
ENSG00000126814_unmod,-0.3374,0.7916726469993591
ENSG00000126821_unmod,-0.4765,0.3064332902431488
ENSG00000126822_unmod,-0.1526,0.353148877620697
ENSG00000126858_unmod,-0.1113,0.5209648013114929
ENSG00000126870_unmod,0.2643,1.478830099105835
ENSG00000126878_unmod,0.0581,0.8384414911270142
ENSG00000126883_unmod,-0.0961,1.0583287477493286
ENSG00000126903_unmod,0.2158,1.760530948638916
ENSG00000126934_unmod,0.0575,1.0940314531326294
ENSG00000126945_unmod,0.3521,0.8223055005073547
ENSG00000126947_unmod,-0.0701,1.067261815071106
ENSG00000126953_unmod,0.1154,1.9664833545684814
ENSG00000126970_unmod,-0.0956,0.5494470596313477
ENSG00000127022_unmod,0.1799,1.5125178098678589
ENSG00000127054_unmod,-0.2601,0.971900999546051
ENSG00000127081_unmod,-0.3721,1.79210364818573
ENSG00000127124_unmod,0.2243,0.5952253937721252
ENSG00000127125_unmod,0.1181,0.6343521475791931
ENSG00000127184_unmod,0.1082,0.689905047416687
ENSG00000127191_unmod,0.1524,2.1968202590942383
ENSG00000127220_unmod,0.3867,1.8809270858764648
ENSG00000127311_unmod,-0.3133,0.26127609610557556
ENSG00000127314_unmod,-1.424,1.0011321306228638
ENSG00000127324_unmod,-0.1283,2.301011800765991
ENSG00000127328_unmod,0.1039,1.1715830564498901
ENSG00000127329_unmod,0.1676,1.3364137411117554
ENSG00000127334_unmod,-0.5023,1.7271157503128052
ENSG00000127337_unmod,0.5504,0.461598664522171
ENSG00000127399_unmod,-0.1177,2.7130589485168457
ENSG00000127415_unmod,0.2254,1.2023297548294067
ENSG00000127418_unmod,-0.1465,1.6568158864974976
ENSG00000127419_unmod,-0.0609,1.0913679599761963
ENSG00000127423_unmod,0.0976,1.6289516687393188
ENSG00000127445_unmod,0.0436,1.8771650791168213
ENSG00000127452_unmod,-0.1699,2.050985813140869
ENSG00000127463_unmod,-0.8355,0.2997185289859772
ENSG00000127481_unmod,-0.0377,0.6050270795822144
ENSG00000127483_unmod,0.2009,0.36136409640312195
ENSG00000127507_unmod,-0.6525,0.2473883032798767
ENSG00000127511_unmod,-0.0605,0.6030908226966858
ENSG00000127526_unmod,-0.0863,2.121690034866333
ENSG00000127527_unmod,-0.0336,0.438827782869339
ENSG00000127528_unmod,-0.1611,1.1770384311676025
ENSG00000127540_unmod,-0.7365,1.1213574409484863
ENSG00000127554_unmod,-0.0606,0.8376737236976624
ENSG00000127561_unmod,1.0766,1.9490748643875122
ENSG00000127564_unmod,0.6321,1.8863104581832886
ENSG00000127580_unmod,0.1639,1.5450810194015503
ENSG00000127585_unmod,-0.1434,0.8147560358047485
ENSG00000127586_unmod,0.1825,1.7185308933258057
ENSG00000127603_unmod,0.2529,1.845262050628662
ENSG00000127616_unmod,0.5042,0.33186060190200806
ENSG00000127663_unmod,-0.1054,0.8220661878585815
ENSG00000127666_unmod,0.2362,0.5234830975532532
ENSG00000127720_unmod,-0.0393,0.6135064363479614
ENSG00000127774_unmod,0.1415,1.9507060050964355
ENSG00000127804_unmod,-0.3415,0.9109455943107605
ENSG00000127824_unmod,0.1174,1.1854242086410522
ENSG00000127837_unmod,-0.0523,1.5403416156768799
ENSG00000127838_unmod,0.3358,1.7578842639923096
ENSG00000127863_unmod,0.7245,1.2651482820510864
ENSG00000127870_unmod,0.3444,1.1741011142730713
ENSG00000127884_unmod,0.2072,1.1859681606292725
ENSG00000127914_unmod,0.0422,0.47895678877830505
ENSG00000127920_unmod,0.6237,0.982382595539093
ENSG00000127922_unmod,0.1762,2.210817813873291
ENSG00000127928_unmod,0.2094,1.4941498041152954
ENSG00000127946_unmod,0.5712,1.664708137512207
ENSG00000127947_unmod,0.1238,0.5596691370010376
ENSG00000127948_unmod,-0.0592,0.4572159945964813
ENSG00000127952_unmod,-0.089,1.171738624572754
ENSG00000127954_unmod,0.4151,0.7837526798248291
ENSG00000127955_unmod,-0.3186,0.36272984743118286
ENSG00000127957_unmod,-0.1595,1.5164779424667358
ENSG00000127980_unmod,-0.2545,0.8594340682029724
ENSG00000127989_unmod,-0.4658,0.7119983434677124
ENSG00000127990_unmod,0.2717,1.1589109897613525
ENSG00000127993_unmod,0.205,1.1732242107391357
ENSG00000127995_unmod,-0.2822,0.7567062377929688
ENSG00000128016_unmod,0.513,1.088415265083313
ENSG00000128039_unmod,0.1302,0.6430543065071106
ENSG00000128050_unmod,-0.2215,0.4652990400791168
ENSG00000128059_unmod,-0.455,0.26606959104537964
ENSG00000128159_unmod,-0.0553,1.3491401672363281
ENSG00000128165_unmod,0.0356,0.6764398813247681
ENSG00000128185_unmod,0.1702,1.9956070184707642
ENSG00000128191_unmod,0.0451,0.9119943380355835
ENSG00000128228_unmod,0.728,0.6876935958862305
ENSG00000128245_unmod,-0.0417,1.5854365825653076
ENSG00000128266_unmod,0.5147,2.0717899799346924
ENSG00000128272_unmod,0.0789,2.141784906387329
ENSG00000128274_unmod,0.7296,2.352419853210449
ENSG00000128283_unmod,-0.4003,0.6178445816040039
ENSG00000128284_unmod,0.0481,0.7722283005714417
ENSG00000128294_unmod,-0.0446,1.968330979347229
ENSG00000128309_unmod,0.2438,1.0903902053833008
ENSG00000128335_unmod,0.4351,0.9601944088935852
ENSG00000128340_unmod,0.4261,0.946483314037323
ENSG00000128342_unmod,0.0565,0.5224196910858154
ENSG00000128408_unmod,1.2679,1.3076012134552002
ENSG00000128422_unmod,0.2987,1.0491762161254883
ENSG00000128463_unmod,-0.0777,1.8854461908340454
ENSG00000128487_unmod,0.3166,1.5647753477096558
ENSG00000128510_unmod,-1.7521,0.5980338454246521
ENSG00000128512_unmod,0.4085,1.4065971374511719
ENSG00000128513_unmod,0.3471,0.0723065510392189
ENSG00000128524_unmod,-0.0721,0.11934947222471237
ENSG00000128563_unmod,0.1595,1.3507106304168701
ENSG00000128567_unmod,0.1945,1.99251127243042
ENSG00000128573_unmod,0.1641,0.3441816568374634
ENSG00000128578_unmod,0.1837,0.45321184396743774
ENSG00000128581_unmod,0.2118,1.3024704456329346
ENSG00000128585_unmod,0.0052,3.220242738723755
ENSG00000128590_unmod,-0.1941,0.6584784984588623
ENSG00000128591_unmod,0.0669,0.6161524653434753
ENSG00000128595_unmod,0.1751,0.49162378907203674
ENSG00000128607_unmod,-0.0739,1.0612714290618896
ENSG00000128609_unmod,0.5347,1.0187426805496216
ENSG00000128626_unmod,0.0425,0.6797000169754028
ENSG00000128641_unmod,-0.0776,0.304695725440979
ENSG00000128654_unmod,-0.0762,1.2516812086105347
ENSG00000128656_unmod,0.0235,0.5559591054916382
ENSG00000128683_unmod,0.024,0.9205642938613892
ENSG00000128694_unmod,-1.1434,0.9011637568473816
ENSG00000128699_unmod,-0.2592,1.5923012495040894
ENSG00000128708_unmod,0.4042,1.3435651063919067
ENSG00000128731_unmod,0.175,0.8778930902481079
ENSG00000128789_unmod,-0.1275,1.6188963651657104
ENSG00000128791_unmod,0.0353,0.8772197365760803
ENSG00000128805_unmod,0.116,0.8191155195236206
ENSG00000128829_unmod,-0.2312,0.8557825088500977
ENSG00000128833_unmod,0.2209,0.9316699504852295
ENSG00000128849_unmod,0.3734,0.6415979862213135
ENSG00000128872_unmod,0.4748,1.4434508085250854
ENSG00000128881_unmod,-0.0092,0.5098332762718201
ENSG00000128891_unmod,0.135,1.24480140209198
ENSG00000128908_unmod,0.075,2.639737844467163
ENSG00000128915_unmod,-0.0938,0.48588821291923523
ENSG00000128918_unmod,-0.0081,1.288835883140564
ENSG00000128923_unmod,-0.5327,0.7583383917808533
ENSG00000128928_unmod,-0.4578,0.24520568549633026
ENSG00000128944_unmod,0.2127,0.4930606782436371
ENSG00000128951_unmod,0.4695,1.5174026489257812
ENSG00000128965_unmod,0.4189,2.5042099952697754
ENSG00000128973_unmod,-0.313,0.44664400815963745
ENSG00000128989_unmod,-0.5311,2.589733362197876
ENSG00000129003_unmod,0.5704,0.9957996010780334
ENSG00000129028_unmod,-0.0478,3.1024551391601562
ENSG00000129055_unmod,-0.0315,0.5364723205566406
ENSG00000129071_unmod,0.098,0.4688267111778259
ENSG00000129083_unmod,0.2283,0.9623034596443176
ENSG00000129084_unmod,0.2516,1.4462480545043945
ENSG00000129103_unmod,0.1279,2.3584671020507812
ENSG00000129116_unmod,0.0384,0.47440072894096375
ENSG00000129128_unmod,0.1054,1.4708502292633057
ENSG00000129158_unmod,-0.0235,0.8783410787582397
ENSG00000129173_unmod,0.6574,1.2070587873458862
ENSG00000129187_unmod,-0.7945,0.8726288080215454
ENSG00000129195_unmod,0.4434,29.946155548095703
ENSG00000129197_unmod,-0.1183,0.8009777069091797
ENSG00000129219_unmod,0.2104,1.1957502365112305
ENSG00000129235_unmod,0.0209,1.2122337818145752
ENSG00000129245_unmod,-0.0656,2.55049204826355
ENSG00000129250_unmod,0.0124,0.6114153861999512
ENSG00000129255_unmod,-0.065,0.8194475769996643
ENSG00000129292_unmod,0.0913,0.42894119024276733
ENSG00000129315_unmod,-0.1695,0.5365376472473145
ENSG00000129317_unmod,-0.4277,0.6589303612709045
ENSG00000129347_unmod,-0.11,0.47716957330703735
ENSG00000129351_unmod,-0.0406,0.3388066589832306
ENSG00000129353_unmod,0.1649,0.4036581814289093
ENSG00000129354_unmod,0.4606,1.3101706504821777
ENSG00000129422_unmod,-0.2324,1.1486907005310059
ENSG00000129460_unmod,-0.0693,1.9050747156143188
ENSG00000129472_unmod,-0.4595,0.6456636786460876
ENSG00000129473_unmod,0.8384,2.003316640853882
ENSG00000129474_unmod,-0.597,2.422334671020508
ENSG00000129480_unmod,-1.1101,2.5366227626800537
ENSG00000129484_unmod,0.369,0.4457211494445801
ENSG00000129493_unmod,-0.0583,0.6488146185874939
ENSG00000129514_unmod,-0.0759,0.7316440343856812
ENSG00000129515_unmod,0.1983,0.35307812690734863
ENSG00000129518_unmod,-0.0436,2.9117591381073
ENSG00000129521_unmod,-0.4142,2.144826650619507
ENSG00000129534_unmod,0.3207,0.48847252130508423
ENSG00000129562_unmod,0.0451,1.7527848482131958
ENSG00000129566_unmod,0.1731,1.3366506099700928
ENSG00000129595_unmod,-0.2755,2.507484197616577
ENSG00000129625_unmod,0.0494,1.1619564294815063
ENSG00000129636_unmod,0.0526,0.7627449035644531
ENSG00000129646_unmod,0.2525,1.1847741603851318
ENSG00000129657_unmod,-0.6047,0.46848657727241516
ENSG00000129667_unmod,-0.2357,1.0104730129241943
ENSG00000129680_unmod,-0.5558,0.4849821925163269
ENSG00000129691_unmod,-0.1512,2.202998638153076
ENSG00000129696_unmod,-0.0845,0.9682395458221436
ENSG00000129757_unmod,0.1696,0.9422659873962402
ENSG00000129810_unmod,0.1124,0.498259037733078
ENSG00000129911_unmod,-0.0909,2.0090720653533936
ENSG00000129925_unmod,0.0683,2.155927896499634
ENSG00000129932_unmod,-0.1122,1.0996007919311523
ENSG00000129933_unmod,-0.0123,1.138494849205017
ENSG00000129968_unmod,0.341,1.6576639413833618
ENSG00000130005_unmod,0.2494,1.6448193788528442
ENSG00000130021_unmod,-0.0548,0.7107283473014832
ENSG00000130023_unmod,0.0693,0.33512088656425476
ENSG00000130024_unmod,0.6204,0.5466898083686829
ENSG00000130052_unmod,0.8103,0.7915972471237183
ENSG00000130066_unmod,0.6339,1.2766655683517456
ENSG00000130119_unmod,-0.431,0.30596616864204407
ENSG00000130147_unmod,0.9019,0.8726426959037781
ENSG00000130150_unmod,-0.5004,0.6044989824295044
ENSG00000130158_unmod,0.1563,1.845886468887329
ENSG00000130159_unmod,0.0641,1.405419111251831
ENSG00000130164_unmod,0.3548,1.8543757200241089
ENSG00000130165_unmod,-0.0091,0.5208495259284973
ENSG00000130175_unmod,0.1297,0.6009345054626465
ENSG00000130177_unmod,0.1356,0.7195478677749634
ENSG00000130193_unmod,-0.4994,1.9986742734909058
ENSG00000130202_unmod,0.3652,1.1300694942474365
ENSG00000130204_unmod,-0.1798,1.0618082284927368
ENSG00000130227_unmod,0.0351,0.6338095664978027
ENSG00000130254_unmod,0.3483,0.5479545593261719
ENSG00000130255_unmod,0.1066,1.164821743965149
ENSG00000130270_unmod,0.7951,1.034910798072815
ENSG00000130299_unmod,-0.2731,3.2764995098114014
ENSG00000130303_unmod,0.1626,1.0824209451675415
ENSG00000130305_unmod,0.1557,2.6848530769348145
ENSG00000130309_unmod,0.0169,1.3960540294647217
ENSG00000130311_unmod,-0.0992,2.082946300506592
ENSG00000130312_unmod,-0.0261,2.21858549118042
ENSG00000130313_unmod,0.4035,0.6133351922035217
ENSG00000130332_unmod,0.2521,0.2594336271286011
ENSG00000130338_unmod,0.1265,1.1631218194961548
ENSG00000130340_unmod,0.4014,0.8702809810638428
ENSG00000130348_unmod,0.0245,0.72574383020401
ENSG00000130363_unmod,0.4816,2.1166934967041016
ENSG00000130382_unmod,0.2854,2.468712091445923
ENSG00000130396_unmod,0.3637,0.6175711154937744
ENSG00000130402_unmod,0.2261,1.172748327255249
ENSG00000130413_unmod,-0.3514,0.8360388278961182
ENSG00000130414_unmod,-0.1415,2.029174566268921
ENSG00000130449_unmod,-0.1426,0.1852063238620758
ENSG00000130477_unmod,0.7931,0.8857545256614685
ENSG00000130479_unmod,-0.0132,2.290172815322876
ENSG00000130487_unmod,0.5252,2.3908627033233643
ENSG00000130508_unmod,0.3111,1.7848759889602661
ENSG00000130511_unmod,0.0836,1.4628825187683105
ENSG00000130513_unmod,0.2671,1.0345149040222168
ENSG00000130517_unmod,0.092,0.7583330273628235
ENSG00000130520_unmod,0.2356,2.3427700996398926
ENSG00000130522_unmod,0.503,0.8903399705886841
ENSG00000130529_unmod,0.5685,0.36184874176979065
ENSG00000130540_unmod,-0.4372,0.693985641002655
ENSG00000130544_unmod,-0.4064,2.774315595626831
ENSG00000130558_unmod,0.8093,1.3648258447647095
ENSG00000130559_unmod,-0.0056,2.064154624938965
ENSG00000130560_unmod,0.2374,1.0389429330825806
ENSG00000130589_unmod,0.3208,2.575230836868286
ENSG00000130590_unmod,0.0206,2.1816132068634033
ENSG00000130635_unmod,0.1627,0.8655192255973816
ENSG00000130638_unmod,-0.0008,0.4063683748245239
ENSG00000130640_unmod,0.1,1.0549187660217285
ENSG00000130669_unmod,0.182,1.386238694190979
ENSG00000130684_unmod,-0.1927,0.29218634963035583
ENSG00000130695_unmod,0.2229,0.506995677947998
ENSG00000130699_unmod,0.0685,1.692916989326477
ENSG00000130702_unmod,0.0626,0.47966378927230835
ENSG00000130703_unmod,0.3938,1.1343820095062256
ENSG00000130706_unmod,0.1996,1.8072603940963745
ENSG00000130707_unmod,0.3475,0.6669961810112
ENSG00000130713_unmod,-0.3226,2.2134811878204346
ENSG00000130714_unmod,0.0067,0.8142897486686707
ENSG00000130717_unmod,0.2428,1.0345062017440796
ENSG00000130720_unmod,0.3234,0.5032509565353394
ENSG00000130724_unmod,0.242,1.0045546293258667
ENSG00000130725_unmod,0.1528,1.465437889099121
ENSG00000130726_unmod,-0.0842,1.4041786193847656
ENSG00000130731_unmod,-0.2666,2.1934845447540283
ENSG00000130733_unmod,0.2253,0.8478847146034241
ENSG00000130734_unmod,-0.178,0.7079494595527649
ENSG00000130749_unmod,0.1132,0.915000319480896
ENSG00000130758_unmod,0.0757,1.7792127132415771
ENSG00000130762_unmod,0.338,0.2931794226169586
ENSG00000130764_unmod,-0.0466,27.367515563964844
ENSG00000130766_unmod,-0.1235,1.2307491302490234
ENSG00000130770_unmod,0.36,1.1464751958847046
ENSG00000130779_unmod,0.2065,2.2515902519226074
ENSG00000130787_unmod,-0.2093,2.2194042205810547
ENSG00000130803_unmod,-0.2384,1.9874591827392578
ENSG00000130811_unmod,0.0878,2.334212303161621
ENSG00000130813_unmod,0.3555,0.3764858841896057
ENSG00000130816_unmod,0.3353,0.8049692511558533
ENSG00000130818_unmod,-0.5886,0.8758146166801453
ENSG00000130821_unmod,-0.6082,2.5570452213287354
ENSG00000130826_unmod,-0.3148,0.579113245010376
ENSG00000130827_unmod,0.0741,0.9241036772727966
ENSG00000130844_unmod,0.0062,0.9036596417427063
ENSG00000130856_unmod,-0.0564,0.33880311250686646
ENSG00000130881_unmod,-0.1704,0.6211476922035217
ENSG00000130921_unmod,0.1527,0.8170238733291626
ENSG00000130935_unmod,-0.2058,0.19949091970920563
ENSG00000130939_unmod,0.0996,1.2696646451950073
ENSG00000130940_unmod,0.1732,1.5487626791000366
ENSG00000130956_unmod,0.7665,0.18826748430728912
ENSG00000130962_unmod,-0.7581,2.3696351051330566
ENSG00000130985_unmod,-0.5121,0.9444589018821716
ENSG00000131013_unmod,0.3142,1.9535646438598633
ENSG00000131015_unmod,-0.1426,27.746543884277344
ENSG00000131016_unmod,0.7709,0.7718557119369507
ENSG00000131018_unmod,0.3639,0.5420317649841309
ENSG00000131019_unmod,-0.4706,2.3064160346984863
ENSG00000131023_unmod,-0.1338,0.7188035845756531
ENSG00000131043_unmod,-0.0719,1.040310025215149
ENSG00000131051_unmod,-0.0074,0.7355267405509949
ENSG00000131061_unmod,-0.183,0.46924224495887756
ENSG00000131067_unmod,-0.0578,0.49614423513412476
ENSG00000131069_unmod,-0.2892,0.4151481091976166
ENSG00000131089_unmod,-0.0717,1.3470371961593628
ENSG00000131094_unmod,0.1196,0.7437636256217957
ENSG00000131100_unmod,-0.0214,1.0457574129104614
ENSG00000131115_unmod,-0.0747,1.8981958627700806
ENSG00000131116_unmod,0.3586,0.8379995822906494
ENSG00000131127_unmod,-0.1434,2.1216368675231934
ENSG00000131143_unmod,0.2226,1.6828137636184692
ENSG00000131148_unmod,0.8256,0.6522753238677979
ENSG00000131149_unmod,-0.2839,1.3956753015518188
ENSG00000131153_unmod,0.5146,0.2707962095737457
ENSG00000131165_unmod,-0.0302,0.7059310078620911
ENSG00000131171_unmod,0.0016,1.7448924779891968
ENSG00000131174_unmod,0.3499,27.58489990234375
ENSG00000131188_unmod,-0.1536,0.5608488321304321
ENSG00000131196_unmod,0.7034,2.2688791751861572
ENSG00000131236_unmod,0.1117,3.4383633136749268
ENSG00000131238_unmod,-0.319,1.9163085222244263
ENSG00000131263_unmod,-0.1875,1.6392539739608765
ENSG00000131269_unmod,0.0127,0.7021102905273438
ENSG00000131323_unmod,0.0903,29.304603576660156
ENSG00000131351_unmod,0.2606,1.024324655532837
ENSG00000131368_unmod,-0.1796,0.78662109375
ENSG00000131370_unmod,0.3407,1.9098564386367798
ENSG00000131373_unmod,-0.076,0.5218958258628845
ENSG00000131374_unmod,0.0564,0.6744914054870605
ENSG00000131375_unmod,-0.0096,0.7633454203605652
ENSG00000131378_unmod,0.8652,2.6089699268341064
ENSG00000131381_unmod,-0.0346,1.2707757949829102
ENSG00000131389_unmod,0.2245,2.2981245517730713
ENSG00000131408_unmod,-0.0088,1.5167521238327026
ENSG00000131437_unmod,-0.1908,2.5023930072784424
ENSG00000131446_unmod,0.2425,0.6729691624641418
ENSG00000131459_unmod,0.4831,7.459167003631592
ENSG00000131462_unmod,0.0629,3.504185199737549
ENSG00000131467_unmod,-0.515,0.4319349229335785
ENSG00000131469_unmod,-0.1201,2.2998907566070557
ENSG00000131470_unmod,0.5397,0.46129268407821655
ENSG00000131473_unmod,0.5036,1.3901610374450684
ENSG00000131475_unmod,-0.1904,1.2962895631790161
ENSG00000131495_unmod,0.0351,1.9458750486373901
ENSG00000131503_unmod,0.2222,0.6931781768798828
ENSG00000131504_unmod,0.2045,1.8572572469711304
ENSG00000131507_unmod,-0.1697,0.5413091778755188
ENSG00000131508_unmod,-0.2355,0.416486918926239
ENSG00000131558_unmod,0.0993,2.009610176086426
ENSG00000131584_unmod,0.3447,1.0953401327133179
ENSG00000131591_unmod,-0.1973,0.9356013536453247
ENSG00000131626_unmod,0.0578,35.93141174316406
ENSG00000131652_unmod,0.0493,0.9220833778381348
ENSG00000131653_unmod,-0.0154,0.9630264639854431
ENSG00000131669_unmod,0.3033,0.562110424041748
ENSG00000131697_unmod,0.1738,2.2172999382019043
ENSG00000131711_unmod,0.2579,0.6906164288520813
ENSG00000131724_unmod,-0.4171,2.3128178119659424
ENSG00000131725_unmod,0.1526,0.8710571527481079
ENSG00000131732_unmod,0.1163,1.463503122329712
ENSG00000131746_unmod,0.3509,2.1573314666748047
ENSG00000131747_unmod,1.1426,0.6958072781562805
ENSG00000131748_unmod,0.4827,2.3146135807037354
ENSG00000131759_unmod,-0.075,1.5263125896453857
ENSG00000131773_unmod,0.267,0.8761842250823975
ENSG00000131779_unmod,-0.2113,1.596688151359558
ENSG00000131788_unmod,-0.0688,1.6176663637161255
ENSG00000131791_unmod,-0.4704,1.463876724243164
ENSG00000131797_unmod,0.2262,1.4427727460861206
ENSG00000131828_unmod,0.0573,2.3938775062561035
ENSG00000131844_unmod,-0.4821,0.21048040688037872
ENSG00000131845_unmod,-0.0965,0.6239765882492065
ENSG00000131848_unmod,0.1346,2.5378665924072266
ENSG00000131871_unmod,0.4248,0.43562668561935425
ENSG00000131873_unmod,0.0148,1.6238412857055664
ENSG00000131876_unmod,-0.3784,2.2165701389312744
ENSG00000131899_unmod,0.5114,0.4135153889656067
ENSG00000131931_unmod,0.199,2.0449020862579346
ENSG00000131941_unmod,-0.1397,0.9060913920402527
ENSG00000131943_unmod,-0.2096,1.1822803020477295
ENSG00000131944_unmod,0.0736,1.994593858718872
ENSG00000131966_unmod,0.1602,0.29136428236961365
ENSG00000131979_unmod,0.4543,0.5272861123085022
ENSG00000131981_unmod,-0.1505,0.39442405104637146
ENSG00000132002_unmod,0.632,1.986275553703308
ENSG00000132003_unmod,0.3381,1.532086730003357
ENSG00000132004_unmod,0.1055,2.0247414112091064
ENSG00000132005_unmod,0.1874,0.43477562069892883
ENSG00000132017_unmod,-0.1235,0.8295011520385742
ENSG00000132024_unmod,0.1652,0.9446698427200317
ENSG00000132109_unmod,0.3189,2.8832204341888428
ENSG00000132128_unmod,0.0162,1.0231860876083374
ENSG00000132153_unmod,-0.1062,0.39808231592178345
ENSG00000132155_unmod,-0.1141,1.6672965288162231
ENSG00000132170_unmod,-0.1298,0.23647479712963104
ENSG00000132182_unmod,-0.0162,1.00761878490448
ENSG00000132196_unmod,-0.0499,2.548076868057251
ENSG00000132199_unmod,-0.3496,1.5160788297653198
ENSG00000132254_unmod,0.2051,0.8143962621688843
ENSG00000132256_unmod,-0.026,0.6952741742134094
ENSG00000132275_unmod,-0.2228,1.6112991571426392
ENSG00000132286_unmod,-0.5187,0.9225170612335205
ENSG00000132294_unmod,0.1628,0.7982649207115173
ENSG00000132300_unmod,-0.015,0.7053147554397583
ENSG00000132305_unmod,-0.0361,1.0708568096160889
ENSG00000132313_unmod,-0.1504,0.8745936751365662
ENSG00000132321_unmod,0.1682,0.7620855569839478
ENSG00000132323_unmod,0.0437,0.7361583709716797
ENSG00000132326_unmod,0.7489,0.4381398558616638
ENSG00000132330_unmod,-0.7632,1.6396600008010864
ENSG00000132334_unmod,0.8143,0.4172450304031372
ENSG00000132341_unmod,-0.1253,0.5044522285461426
ENSG00000132356_unmod,-0.1784,1.103242039680481
ENSG00000132357_unmod,0.5797,0.6378808617591858
ENSG00000132359_unmod,-0.2278,0.5006278157234192
ENSG00000132361_unmod,-0.336,1.473354458808899
ENSG00000132376_unmod,0.2164,1.1388393640518188
ENSG00000132382_unmod,-0.2068,0.6205729842185974
ENSG00000132383_unmod,0.3184,0.3888442814350128
ENSG00000132388_unmod,-0.2876,1.741500973701477
ENSG00000132394_unmod,0.353,0.7580094933509827
ENSG00000132405_unmod,-0.1383,2.1412649154663086
ENSG00000132406_unmod,0.0581,0.8518631458282471
ENSG00000132423_unmod,0.2731,1.2455073595046997
ENSG00000132424_unmod,0.0032,1.986892580986023
ENSG00000132429_unmod,-0.2126,2.546288013458252
ENSG00000132432_unmod,0.4378,2.0733859539031982
ENSG00000132434_unmod,0.126,0.9768452048301697
ENSG00000132436_unmod,0.0538,0.21192806959152222
ENSG00000132463_unmod,0.1702,0.5322418212890625
ENSG00000132466_unmod,-0.3767,0.42511776089668274
ENSG00000132467_unmod,-0.15,6.298921585083008
ENSG00000132470_unmod,0.5672,1.327710747718811
ENSG00000132471_unmod,-0.0833,0.6118819713592529
ENSG00000132475_unmod,0.1846,1.1838312149047852
ENSG00000132478_unmod,0.3549,0.733004093170166
ENSG00000132481_unmod,0.235,2.7586894035339355
ENSG00000132485_unmod,0.1424,0.6497392654418945
ENSG00000132507_unmod,-0.1738,1.1751023530960083
ENSG00000132510_unmod,0.056,2.2605557441711426
ENSG00000132530_unmod,-0.2994,2.3084821701049805
ENSG00000132535_unmod,0.3825,0.7043271064758301
ENSG00000132541_unmod,0.0679,1.0576832294464111
ENSG00000132549_unmod,0.0221,0.5035172700881958
ENSG00000132561_unmod,0.9439,0.8631538152694702
ENSG00000132570_unmod,-0.022,1.872169017791748
ENSG00000132581_unmod,-0.0287,1.3341386318206787
ENSG00000132589_unmod,0.1321,0.3183915615081787
ENSG00000132591_unmod,-0.0537,0.7914467453956604
ENSG00000132600_unmod,-0.2021,0.4998652935028076
ENSG00000132603_unmod,-0.145,0.8473862409591675
ENSG00000132604_unmod,-0.1725,1.1856968402862549
ENSG00000132612_unmod,-0.0073,0.834117591381073
ENSG00000132613_unmod,-0.2501,0.6551313996315002
ENSG00000132623_unmod,-0.0342,0.8222661018371582
ENSG00000132635_unmod,-0.0802,0.9434049725532532
ENSG00000132639_unmod,0.3598,0.6497135758399963
ENSG00000132640_unmod,-0.0096,0.682746410369873
ENSG00000132646_unmod,0.5417,2.5127859115600586
ENSG00000132661_unmod,0.0204,1.5050022602081299
ENSG00000132664_unmod,-0.1089,0.6174386143684387
ENSG00000132669_unmod,0.1316,2.9187397956848145
ENSG00000132670_unmod,-0.0894,0.9020657539367676
ENSG00000132676_unmod,-0.1095,1.2373143434524536
ENSG00000132680_unmod,-0.0519,0.5449287295341492
ENSG00000132688_unmod,0.6105,0.4915464222431183
ENSG00000132694_unmod,0.3476,0.4834638833999634
ENSG00000132716_unmod,-0.4319,1.2486621141433716
ENSG00000132740_unmod,-0.0709,1.7526335716247559
ENSG00000132749_unmod,0.2502,0.7434569597244263
ENSG00000132763_unmod,-0.3041,1.1258715391159058
ENSG00000132768_unmod,-0.652,1.94797945022583
ENSG00000132773_unmod,-0.0154,0.4225080907344818
ENSG00000132780_unmod,0.1293,0.7384858727455139
ENSG00000132781_unmod,0.5148,1.4739174842834473
ENSG00000132792_unmod,-0.1017,0.5668715834617615
ENSG00000132793_unmod,0.1815,3.389392852783203
ENSG00000132801_unmod,0.1735,0.5238521695137024
ENSG00000132819_unmod,-0.4723,0.6245042681694031
ENSG00000132823_unmod,-0.1399,0.3983725607395172
ENSG00000132824_unmod,-0.0489,2.565100908279419
ENSG00000132825_unmod,-0.3571,1.8370083570480347
ENSG00000132842_unmod,-0.0009,0.45004671812057495
ENSG00000132846_unmod,-0.5743,2.6865193843841553
ENSG00000132849_unmod,0.3725,0.18850883841514587
ENSG00000132854_unmod,0.6956,2.812352418899536
ENSG00000132906_unmod,-0.135,0.598349928855896
ENSG00000132912_unmod,0.385,1.8899556398391724
ENSG00000132950_unmod,-0.1294,0.7799806594848633
ENSG00000132952_unmod,0.268,0.703106701374054
ENSG00000132953_unmod,-0.3067,2.7951905727386475
ENSG00000132963_unmod,0.1935,0.6601541638374329
ENSG00000132964_unmod,-0.1521,1.3209916353225708
ENSG00000133026_unmod,0.496,1.0311830043792725
ENSG00000133027_unmod,-0.369,0.202596515417099
ENSG00000133028_unmod,-0.5994,2.454289436340332
ENSG00000133030_unmod,0.1761,1.6146360635757446
ENSG00000133056_unmod,-0.4534,0.41004982590675354
ENSG00000133059_unmod,-0.0919,1.6267368793487549
ENSG00000133065_unmod,-0.1023,2.433056592941284
ENSG00000133067_unmod,0.5018,1.526659607887268
ENSG00000133083_unmod,0.3225,0.39384135603904724
ENSG00000133103_unmod,0.3168,0.44106200337409973
ENSG00000133104_unmod,0.4105,0.30259087681770325
ENSG00000133107_unmod,0.141,0.8915907740592957
ENSG00000133111_unmod,0.1121,1.5134819746017456
ENSG00000133112_unmod,0.2557,0.20001626014709473
ENSG00000133114_unmod,0.0465,0.41443729400634766
ENSG00000133119_unmod,0.3175,1.2485761642456055
ENSG00000133121_unmod,-0.5393,0.7819837331771851
ENSG00000133131_unmod,0.3522,0.716841995716095
ENSG00000133138_unmod,0.446,1.603458046913147
ENSG00000133142_unmod,-0.2024,1.9547064304351807
ENSG00000133193_unmod,0.0999,2.019878625869751
ENSG00000133195_unmod,0.2007,0.7781289219856262
ENSG00000133216_unmod,0.6395,1.7136393785476685
ENSG00000133226_unmod,-0.1003,1.0674554109573364
ENSG00000133243_unmod,0.2689,1.3835262060165405
ENSG00000133247_unmod,0.2265,0.9642934799194336
ENSG00000133250_unmod,-0.1951,0.8255268335342407
ENSG00000133265_unmod,-0.4219,0.7953869700431824
ENSG00000133275_unmod,0.0484,1.2242357730865479
ENSG00000133302_unmod,0.0986,0.6910107135772705
ENSG00000133313_unmod,-0.1246,1.10478675365448
ENSG00000133315_unmod,-0.1023,1.8040629625320435
ENSG00000133316_unmod,-0.3961,2.02072811126709
ENSG00000133318_unmod,-0.177,6.987072944641113
ENSG00000133393_unmod,-0.0466,0.249094158411026
ENSG00000133398_unmod,-0.0048,0.8424903750419617
ENSG00000133401_unmod,0.3792,0.7093247771263123
ENSG00000133422_unmod,-0.0139,0.9322890639305115
ENSG00000133466_unmod,0.0996,1.5473759174346924
ENSG00000133597_unmod,0.1821,2.4407384395599365
ENSG00000133606_unmod,-0.0989,1.0075018405914307
ENSG00000133612_unmod,0.0182,1.9762240648269653
ENSG00000133619_unmod,-0.0255,0.6525212526321411
ENSG00000133624_unmod,0.1477,0.9949709177017212
ENSG00000133627_unmod,-0.5555,1.3050282001495361
ENSG00000133639_unmod,0.369,0.42517518997192383
ENSG00000133640_unmod,0.8252,1.7569670677185059
ENSG00000133641_unmod,-0.2929,0.9260386228561401
ENSG00000133657_unmod,0.2112,1.2556416988372803
ENSG00000133678_unmod,-0.2514,0.5237208008766174
ENSG00000133687_unmod,0.0696,0.4147498607635498
ENSG00000133703_unmod,-0.1983,0.2654034197330475
ENSG00000133704_unmod,-0.011,1.6031616926193237
ENSG00000133706_unmod,-0.127,2.2034974098205566
ENSG00000133731_unmod,0.1124,0.7566891312599182
ENSG00000133739_unmod,0.5324,0.7127396464347839
ENSG00000133740_unmod,-1.6665,1.9889330863952637
ENSG00000133773_unmod,0.0827,1.1280951499938965
ENSG00000133789_unmod,0.3491,0.7723314762115479
ENSG00000133794_unmod,0.0811,0.35427358746528625
ENSG00000133805_unmod,0.4954,0.41212400794029236
ENSG00000133812_unmod,0.1536,1.8021092414855957
ENSG00000133816_unmod,0.4757,0.4900442957878113
ENSG00000133818_unmod,-0.1122,2.410430669784546
ENSG00000133835_unmod,-0.0128,0.7250986695289612
ENSG00000133858_unmod,0.0037,1.8260875940322876
ENSG00000133872_unmod,0.2876,1.802222490310669
ENSG00000133884_unmod,-0.294,0.6855152249336243
ENSG00000133895_unmod,-0.6975,1.5827418565750122
ENSG00000133935_unmod,-0.3186,1.41331148147583
ENSG00000133943_unmod,0.1576,0.8597773909568787
ENSG00000133961_unmod,0.4507,1.0591490268707275
ENSG00000133983_unmod,-0.5157,0.7489518523216248
ENSG00000133997_unmod,0.2012,0.9344289302825928
ENSG00000134001_unmod,-0.5308,0.7191256880760193
ENSG00000134013_unmod,0.1178,0.8005441427230835
ENSG00000134030_unmod,0.3597,1.5812933444976807
ENSG00000134046_unmod,-0.1945,0.782699704170227
ENSG00000134049_unmod,0.0764,28.58539390563965
ENSG00000134056_unmod,-0.2791,0.5711638927459717
ENSG00000134057_unmod,0.1015,0.5548100471496582
ENSG00000134058_unmod,-0.0828,1.9088752269744873
ENSG00000134070_unmod,0.734,0.5352404117584229
ENSG00000134072_unmod,0.3139,0.4866129755973816
ENSG00000134077_unmod,0.2489,0.8756453394889832
ENSG00000134086_unmod,0.0581,0.6961546540260315
ENSG00000134107_unmod,0.4526,0.9027657508850098
ENSG00000134108_unmod,-0.899,1.802325963973999
ENSG00000134109_unmod,0.3123,0.774692714214325
ENSG00000134121_unmod,0.4794,0.8706222176551819
ENSG00000134138_unmod,-0.0071,0.46334895491600037
ENSG00000134146_unmod,0.4561,0.39348092675209045
ENSG00000134152_unmod,0.0816,1.5851129293441772
ENSG00000134153_unmod,-0.2002,1.2195178270339966
ENSG00000134184_unmod,-0.1851,0.8617808818817139
ENSG00000134186_unmod,-0.1972,1.2814266681671143
ENSG00000134202_unmod,-0.0233,1.1604083776474
ENSG00000134215_unmod,0.3683,0.44054171442985535
ENSG00000134222_unmod,0.1675,2.3042590618133545
ENSG00000134243_unmod,0.2768,0.7103123664855957
ENSG00000134245_unmod,0.51,2.4339420795440674
ENSG00000134247_unmod,-0.312,0.7908290028572083
ENSG00000134248_unmod,-0.0735,1.9045778512954712
ENSG00000134250_unmod,0.2482,0.7113571763038635
ENSG00000134253_unmod,0.312,1.0259897708892822
ENSG00000134255_unmod,-0.3834,0.48025643825531006
ENSG00000134259_unmod,-0.1645,0.7830439805984497
ENSG00000134262_unmod,0.3495,0.5654197931289673
ENSG00000134265_unmod,-0.4915,0.6727960705757141
ENSG00000134278_unmod,0.2396,1.0535025596618652
ENSG00000134283_unmod,-0.2518,0.8355477452278137
ENSG00000134285_unmod,-0.101,0.3901936709880829
ENSG00000134287_unmod,-0.3299,1.1862397193908691
ENSG00000134291_unmod,0.0288,1.3141376972198486
ENSG00000134294_unmod,0.0615,1.1676961183547974
ENSG00000134308_unmod,0.0139,0.520306408405304
ENSG00000134313_unmod,-0.0341,2.199611186981201
ENSG00000134318_unmod,-0.0327,1.095171570777893
ENSG00000134321_unmod,-0.0951,3.9905357360839844
ENSG00000134324_unmod,-0.1545,0.5781880021095276
ENSG00000134330_unmod,-0.0333,0.5857105851173401
ENSG00000134333_unmod,-0.0508,0.4604392945766449
ENSG00000134352_unmod,-0.0209,1.8015750646591187
ENSG00000134363_unmod,0.257,1.6695241928100586
ENSG00000134369_unmod,-0.0528,0.7268571257591248
ENSG00000134371_unmod,0.2341,0.3364730775356293
ENSG00000134375_unmod,-0.0186,1.5108017921447754
ENSG00000134376_unmod,0.1667,0.44746291637420654
ENSG00000134419_unmod,-0.2452,0.5922442674636841
ENSG00000134440_unmod,-0.1906,1.7737834453582764
ENSG00000134444_unmod,-0.5259,0.44948023557662964
ENSG00000134452_unmod,0.201,0.7085953950881958
ENSG00000134453_unmod,0.0966,0.8745070099830627
ENSG00000134470_unmod,0.323,1.4905121326446533
ENSG00000134480_unmod,-0.2493,2.549440383911133
ENSG00000134490_unmod,-0.2545,0.2875570058822632
ENSG00000134504_unmod,-0.1079,0.5778303146362305
ENSG00000134508_unmod,-0.3043,2.2075324058532715
ENSG00000134516_unmod,0.0082,0.6536779999732971
ENSG00000134531_unmod,-0.631,1.5823105573654175
ENSG00000134533_unmod,0.1863,1.925257921218872
ENSG00000134569_unmod,-0.2097,0.8857333064079285
ENSG00000134574_unmod,0.2373,1.5934500694274902
ENSG00000134575_unmod,-0.0536,1.3328399658203125
ENSG00000134590_unmod,0.1973,0.25724348425865173
ENSG00000134597_unmod,-0.0504,0.22237755358219147
ENSG00000134602_unmod,-0.1791,2.9590375423431396
ENSG00000134644_unmod,-0.3655,0.7858304977416992
ENSG00000134668_unmod,0.2971,0.5587546825408936
ENSG00000134684_unmod,0.0559,0.9068243503570557
ENSG00000134686_unmod,0.2941,1.7931731939315796
ENSG00000134690_unmod,0.6099,2.0925779342651367
ENSG00000134697_unmod,0.0104,3.106234312057495
ENSG00000134698_unmod,0.2283,2.5154054164886475
ENSG00000134709_unmod,0.6663,0.5503429174423218
ENSG00000134717_unmod,-0.0526,1.1137079000473022
ENSG00000134744_unmod,-0.1577,0.4058619737625122
ENSG00000134748_unmod,0.0908,2.922775983810425
ENSG00000134755_unmod,0.4765,1.074282169342041
ENSG00000134758_unmod,-0.036,0.3590738773345947
ENSG00000134759_unmod,-0.2491,0.7852961421012878
ENSG00000134762_unmod,0.1613,0.48003098368644714
ENSG00000134775_unmod,0.5562,0.5934773683547974
ENSG00000134779_unmod,0.0042,0.6484721302986145
ENSG00000134780_unmod,-0.1197,1.916698694229126
ENSG00000134802_unmod,-0.1334,0.48718026280403137
ENSG00000134809_unmod,-0.134,2.58341908454895
ENSG00000134815_unmod,-0.2055,23.449739456176758
ENSG00000134824_unmod,0.009,1.8189295530319214
ENSG00000134825_unmod,0.2769,1.3006657361984253
ENSG00000134830_unmod,0.6279,0.5545167326927185
ENSG00000134851_unmod,0.2722,1.6306198835372925
ENSG00000134852_unmod,-0.1964,0.373841255903244
ENSG00000134871_unmod,0.2451,1.7210323810577393
ENSG00000134874_unmod,-0.1764,1.016170859336853
ENSG00000134882_unmod,-0.1506,1.0307201147079468
ENSG00000134884_unmod,0.2429,0.876905083656311
ENSG00000134897_unmod,0.1613,1.1360071897506714
ENSG00000134900_unmod,-0.2154,2.1968698501586914
ENSG00000134901_unmod,0.2821,0.6533851623535156
ENSG00000134905_unmod,-0.3056,0.8302940726280212
ENSG00000134909_unmod,-0.1518,0.3063693642616272
ENSG00000134910_unmod,0.0214,1.4345711469650269
ENSG00000134917_unmod,-0.3447,0.2931293249130249
ENSG00000134954_unmod,0.0684,0.78230220079422
ENSG00000134970_unmod,0.2046,1.447208046913147
ENSG00000134982_unmod,-0.4431,2.8934192657470703
ENSG00000134986_unmod,0.5234,0.5169264078140259
ENSG00000134987_unmod,-0.5304,0.3061113655567169
ENSG00000134996_unmod,0.422,1.995356559753418
ENSG00000135002_unmod,0.3559,1.0191847085952759
ENSG00000135040_unmod,0.2613,0.6933814883232117
ENSG00000135045_unmod,0.5968,1.1952017545700073
ENSG00000135046_unmod,0.0022,1.339416265487671
ENSG00000135047_unmod,0.332,2.100027084350586
ENSG00000135048_unmod,0.9677,1.696066975593567
ENSG00000135049_unmod,-0.2154,1.0398529767990112
ENSG00000135052_unmod,-0.9691,0.4344967305660248
ENSG00000135063_unmod,0.0004,0.5786841511726379
ENSG00000135069_unmod,-0.3728,0.486714631319046
ENSG00000135070_unmod,0.0045,1.6624867916107178
ENSG00000135074_unmod,0.3991,2.4882423877716064
ENSG00000135083_unmod,-0.0881,1.2399767637252808
ENSG00000135090_unmod,0.2333,0.49627405405044556
ENSG00000135093_unmod,-0.1841,0.6445183157920837
ENSG00000135108_unmod,0.0964,0.4498690664768219
ENSG00000135111_unmod,-0.1964,0.7959606647491455
ENSG00000135114_unmod,0.4526,2.1023170948028564
ENSG00000135116_unmod,-0.2631,0.9879989624023438
ENSG00000135119_unmod,-0.1762,0.9146052002906799
ENSG00000135127_unmod,0.9816,0.9641767144203186
ENSG00000135148_unmod,0.1648,0.17571157217025757
ENSG00000135164_unmod,0.5111,0.42813199758529663
ENSG00000135185_unmod,-0.3622,0.42201662063598633
ENSG00000135211_unmod,-0.1967,0.21123993396759033
ENSG00000135241_unmod,0.53,0.43787750601768494
ENSG00000135249_unmod,-0.1259,0.3784201741218567
ENSG00000135250_unmod,0.672,0.7750322818756104
ENSG00000135269_unmod,0.1534,1.2524796724319458
ENSG00000135272_unmod,0.5772,0.6808416247367859
ENSG00000135297_unmod,-0.1241,2.069422960281372
ENSG00000135314_unmod,0.0551,1.656702995300293
ENSG00000135315_unmod,0.2233,1.9318560361862183
ENSG00000135316_unmod,-0.2586,0.2876821756362915
ENSG00000135317_unmod,0.3849,0.7027758955955505
ENSG00000135318_unmod,0.7676,0.5154832005500793
ENSG00000135324_unmod,0.2035,2.108421564102173
ENSG00000135333_unmod,-0.0791,0.33019715547561646
ENSG00000135334_unmod,-0.0159,0.5296661257743835
ENSG00000135336_unmod,0.1269,2.366121530532837
ENSG00000135338_unmod,-0.1705,2.0587663650512695
ENSG00000135341_unmod,0.0081,0.5442652106285095
ENSG00000135346_unmod,0.5658,0.6846967339515686
ENSG00000135365_unmod,0.2905,1.025438666343689
ENSG00000135372_unmod,-0.3581,7.144880771636963
ENSG00000135378_unmod,1.529,0.9408019781112671
ENSG00000135387_unmod,-0.1977,0.9342520236968994
ENSG00000135390_unmod,-0.0489,1.1633085012435913
ENSG00000135392_unmod,0.0687,0.23107197880744934
ENSG00000135404_unmod,0.1856,1.1948994398117065
ENSG00000135414_unmod,-0.3577,0.8303892612457275
ENSG00000135424_unmod,0.3107,0.6017889976501465
ENSG00000135441_unmod,0.0161,3.114881753921509
ENSG00000135446_unmod,-0.1713,0.6653361916542053
ENSG00000135451_unmod,0.1453,0.6402159929275513
ENSG00000135452_unmod,0.1461,1.2976757287979126
ENSG00000135454_unmod,0.178,1.6137580871582031
ENSG00000135457_unmod,-0.2446,0.1963716745376587
ENSG00000135469_unmod,-0.1969,0.4824385941028595
ENSG00000135473_unmod,0.009,0.548840343952179
ENSG00000135476_unmod,0.1344,2.583584785461426
ENSG00000135480_unmod,0.0533,1.004331111907959
ENSG00000135482_unmod,-0.0588,1.9731431007385254
ENSG00000135486_unmod,0.1146,0.5898716449737549
ENSG00000135503_unmod,-0.3137,0.5986531972885132
ENSG00000135506_unmod,0.3246,1.525928020477295
ENSG00000135521_unmod,0.0258,1.6979163885116577
ENSG00000135525_unmod,0.2004,0.9062703251838684
ENSG00000135535_unmod,0.2187,0.7683386206626892
ENSG00000135537_unmod,0.4157,0.3861513137817383
ENSG00000135540_unmod,0.1034,0.609251856803894
ENSG00000135541_unmod,0.2168,0.6146742105484009
ENSG00000135549_unmod,0.0636,0.6072993874549866
ENSG00000135587_unmod,0.0534,0.830337405204773
ENSG00000135596_unmod,0.3596,0.6207175254821777
ENSG00000135597_unmod,-0.013,0.8005474209785461
ENSG00000135604_unmod,0.8289,0.5051349401473999
ENSG00000135617_unmod,0.3144,1.6104462146759033
ENSG00000135622_unmod,-0.3576,0.9919745326042175
ENSG00000135624_unmod,0.1838,0.869202733039856
ENSG00000135631_unmod,0.0724,1.9699386358261108
ENSG00000135632_unmod,-0.398,2.671172857284546
ENSG00000135637_unmod,0.0436,0.9830660820007324
ENSG00000135655_unmod,-0.3527,1.6767226457595825
ENSG00000135677_unmod,0.0364,1.3158971071243286
ENSG00000135678_unmod,-0.0341,0.9735252261161804
ENSG00000135679_unmod,0.3491,0.30635955929756165
ENSG00000135686_unmod,-0.232,0.33580252528190613
ENSG00000135698_unmod,-0.4896,0.9141331911087036
ENSG00000135709_unmod,0.7133,1.2850182056427002
ENSG00000135720_unmod,0.0237,1.667907476425171
ENSG00000135723_unmod,0.3452,2.758457660675049
ENSG00000135749_unmod,0.0467,1.5469859838485718
ENSG00000135750_unmod,0.2787,0.8528612852096558
ENSG00000135763_unmod,-0.6732,0.7921010851860046
ENSG00000135766_unmod,0.066,0.4613259732723236
ENSG00000135775_unmod,-0.2171,0.5126307010650635
ENSG00000135776_unmod,0.3807,0.9736499786376953
ENSG00000135778_unmod,0.0781,28.680295944213867
ENSG00000135801_unmod,0.1538,27.114532470703125
ENSG00000135821_unmod,0.1472,0.7190466523170471
ENSG00000135823_unmod,-0.3417,0.3449022173881531
ENSG00000135828_unmod,0.7437,0.978916585445404
ENSG00000135829_unmod,-0.1318,0.40876394510269165
ENSG00000135837_unmod,0.1225,1.0604960918426514
ENSG00000135842_unmod,0.5927,1.7511649131774902
ENSG00000135845_unmod,0.2716,0.7053380012512207
ENSG00000135862_unmod,-0.1012,1.1883360147476196
ENSG00000135870_unmod,-0.2769,2.3754677772521973
ENSG00000135899_unmod,0.2114,0.710851788520813
ENSG00000135900_unmod,0.1088,2.089468002319336
ENSG00000135905_unmod,-0.0739,1.1118475198745728
ENSG00000135912_unmod,-0.4108,0.5860304832458496
ENSG00000135913_unmod,-0.1423,1.0875030755996704
ENSG00000135916_unmod,0.2977,0.24850673973560333
ENSG00000135919_unmod,0.9663,0.4316006302833557
ENSG00000135924_unmod,0.4326,0.33105218410491943
ENSG00000135926_unmod,-0.0571,0.2891618013381958
ENSG00000135930_unmod,0.0336,0.6217097640037537
ENSG00000135931_unmod,0.0172,1.1985645294189453
ENSG00000135932_unmod,-0.2164,0.6703362464904785
ENSG00000135940_unmod,0.2503,2.9618935585021973
ENSG00000135945_unmod,0.0315,0.3808673024177551
ENSG00000135953_unmod,0.061,1.6270591020584106
ENSG00000135956_unmod,0.0282,1.1739132404327393
ENSG00000135966_unmod,0.0003,0.31051284074783325
ENSG00000135968_unmod,0.3884,0.5593310594558716
ENSG00000135972_unmod,0.0598,0.5635956525802612
ENSG00000135974_unmod,-0.2183,1.0802656412124634
ENSG00000135976_unmod,0.2682,0.9130840301513672
ENSG00000135999_unmod,0.1925,0.39221400022506714
ENSG00000136002_unmod,0.2829,0.3826669454574585
ENSG00000136003_unmod,-0.1362,1.2957234382629395
ENSG00000136010_unmod,0.2762,27.961610794067383
ENSG00000136021_unmod,0.0012,0.564203679561615
ENSG00000136026_unmod,0.1931,0.749480664730072
ENSG00000136044_unmod,0.3455,1.877652645111084
ENSG00000136045_unmod,-0.1116,1.0685254335403442
ENSG00000136048_unmod,0.0428,1.6061934232711792
ENSG00000136051_unmod,0.1393,1.9878833293914795
ENSG00000136052_unmod,0.3828,2.473876476287842
ENSG00000136068_unmod,0.1276,2.693359136581421
ENSG00000136098_unmod,0.1045,1.3286550045013428
ENSG00000136100_unmod,0.0097,0.6639422178268433
ENSG00000136104_unmod,-0.1618,2.2229557037353516
ENSG00000136108_unmod,-0.4557,0.7386429905891418
ENSG00000136111_unmod,-0.9414,2.1298105716705322
ENSG00000136122_unmod,0.1671,2.7741639614105225
ENSG00000136141_unmod,0.2491,0.767669677734375
ENSG00000136143_unmod,-0.0026,9.388758659362793
ENSG00000136144_unmod,0.0579,0.859697163105011
ENSG00000136146_unmod,0.3738,1.2172112464904785
ENSG00000136147_unmod,0.2126,0.7564943432807922
ENSG00000136152_unmod,-0.0876,1.4445667266845703
ENSG00000136153_unmod,0.2309,0.7963957190513611
ENSG00000136156_unmod,0.0139,0.3969683349132538
ENSG00000136158_unmod,0.0324,29.02802848815918
ENSG00000136159_unmod,0.0317,1.640921950340271
ENSG00000136169_unmod,-0.1553,2.497004270553589
ENSG00000136193_unmod,-0.1443,0.9709770679473877
ENSG00000136205_unmod,0.0268,0.6009199619293213
ENSG00000136213_unmod,-0.0516,0.7847385406494141
ENSG00000136231_unmod,-0.2722,1.6462090015411377
ENSG00000136235_unmod,-0.2764,2.2999930381774902
ENSG00000136238_unmod,0.2389,2.3619377613067627
ENSG00000136240_unmod,0.0915,0.9441511034965515
ENSG00000136243_unmod,-0.2063,3.247377872467041
ENSG00000136244_unmod,1.2604,0.6687898635864258
ENSG00000136247_unmod,0.142,0.6638312935829163
ENSG00000136261_unmod,0.6213,2.1627142429351807
ENSG00000136270_unmod,-0.266,0.4672595262527466
ENSG00000136271_unmod,-0.2263,2.5598959922790527
ENSG00000136273_unmod,0.0373,0.7417594194412231
ENSG00000136279_unmod,0.1925,1.1400036811828613
ENSG00000136280_unmod,0.5404,1.521162509918213
ENSG00000136286_unmod,0.8368,0.8067478537559509
ENSG00000136295_unmod,0.2813,1.326718807220459
ENSG00000136319_unmod,-0.6938,2.352989673614502
ENSG00000136378_unmod,1.2156,1.2914032936096191
ENSG00000136379_unmod,-0.2038,1.4541293382644653
ENSG00000136381_unmod,0.7396,1.9922488927841187
ENSG00000136436_unmod,0.1185,0.7415385842323303
ENSG00000136444_unmod,-0.318,0.1262042373418808
ENSG00000136448_unmod,0.1064,0.9177717566490173
ENSG00000136450_unmod,-0.3379,0.9883706569671631
ENSG00000136451_unmod,0.0547,1.3672162294387817
ENSG00000136463_unmod,-0.0149,0.34305647015571594
ENSG00000136478_unmod,-0.0366,0.7395319938659668
ENSG00000136485_unmod,0.8053,1.814291000366211
ENSG00000136492_unmod,0.4916,0.6483890414237976
ENSG00000136504_unmod,-0.1696,1.3818957805633545
ENSG00000136518_unmod,0.5371,0.9801984429359436
ENSG00000136521_unmod,-0.073,2.2620341777801514
ENSG00000136522_unmod,-0.1736,0.6282150149345398
ENSG00000136527_unmod,-0.0227,0.5645928382873535
ENSG00000136536_unmod,0.0838,0.6228232979774475
ENSG00000136560_unmod,0.5931,1.1969189643859863
ENSG00000136603_unmod,0.5045,1.0368728637695312
ENSG00000136628_unmod,0.0935,0.6985463500022888
ENSG00000136630_unmod,-0.3841,1.0737237930297852
ENSG00000136631_unmod,-0.032,1.0339775085449219
ENSG00000136636_unmod,0.3998,0.8029937148094177
ENSG00000136643_unmod,0.1005,0.6939452290534973
ENSG00000136682_unmod,-0.3969,0.9377201199531555
ENSG00000136699_unmod,0.0817,0.5278964042663574
ENSG00000136709_unmod,0.0425,1.5732357501983643
ENSG00000136710_unmod,-0.1694,1.4161691665649414
ENSG00000136715_unmod,-0.021,2.10330867767334
ENSG00000136717_unmod,0.1647,0.9735561609268188
ENSG00000136718_unmod,-0.7396,0.625629186630249
ENSG00000136720_unmod,0.2669,0.2301877737045288
ENSG00000136731_unmod,0.178,0.7048473954200745
ENSG00000136738_unmod,-0.2277,0.5092748403549194
ENSG00000136754_unmod,-0.014,0.3401193916797638
ENSG00000136758_unmod,-0.1446,0.6762810945510864
ENSG00000136770_unmod,0.5857,1.9827195405960083
ENSG00000136783_unmod,-0.008,1.5753700733184814
ENSG00000136802_unmod,0.3404,2.518146276473999
ENSG00000136807_unmod,-0.2678,0.7422929406166077
ENSG00000136810_unmod,0.1329,0.4496406614780426
ENSG00000136811_unmod,0.2554,0.9941835999488831
ENSG00000136813_unmod,0.0837,0.26789459586143494
ENSG00000136816_unmod,-0.5853,0.6880928874015808
ENSG00000136819_unmod,0.2373,3.4643869400024414
ENSG00000136824_unmod,0.0643,1.4022573232650757
ENSG00000136826_unmod,0.2244,0.6494492292404175
ENSG00000136827_unmod,-0.3845,0.6030287742614746
ENSG00000136828_unmod,0.0754,0.4934042692184448
ENSG00000136830_unmod,-0.0035,2.724412202835083
ENSG00000136840_unmod,-0.0085,0.7146584391593933
ENSG00000136842_unmod,0.7517,0.855091392993927
ENSG00000136848_unmod,-0.0277,1.163780689239502
ENSG00000136854_unmod,0.0909,1.238861322402954
ENSG00000136856_unmod,0.0398,1.0848309993743896
ENSG00000136861_unmod,0.2416,1.3368035554885864
ENSG00000136866_unmod,0.16,0.336764931678772
ENSG00000136867_unmod,0.1858,2.338446617126465
ENSG00000136868_unmod,-0.042,1.3174493312835693
ENSG00000136869_unmod,0.3658,1.0014212131500244
ENSG00000136870_unmod,0.2839,0.5175803303718567
ENSG00000136874_unmod,0.2147,2.8569347858428955
ENSG00000136875_unmod,0.0672,0.7387528419494629
ENSG00000136877_unmod,0.1874,1.0837770700454712
ENSG00000136878_unmod,-0.1509,1.1266169548034668
ENSG00000136891_unmod,-0.4672,2.218984365463257
ENSG00000136895_unmod,-0.1555,0.5946831107139587
ENSG00000136897_unmod,-0.5223,2.382413625717163
ENSG00000136908_unmod,-0.1446,2.8790619373321533
ENSG00000136925_unmod,-0.1763,3.0827488899230957
ENSG00000136930_unmod,0.0303,0.557656466960907
ENSG00000136932_unmod,-0.0225,0.8624042272567749
ENSG00000136933_unmod,-0.1801,2.563925266265869
ENSG00000136935_unmod,0.3556,1.575272798538208
ENSG00000136936_unmod,0.3356,1.297800898551941
ENSG00000136937_unmod,-0.2789,0.6498684883117676
ENSG00000136938_unmod,0.1057,0.7408827543258667
ENSG00000136940_unmod,-0.3169,2.2666263580322266
ENSG00000136942_unmod,0.2364,1.5683332681655884
ENSG00000136950_unmod,0.2879,1.7147269248962402
ENSG00000136982_unmod,0.5086,1.7949373722076416
ENSG00000136986_unmod,0.0941,1.2497334480285645
ENSG00000136997_unmod,-0.6343,1.8981748819351196
ENSG00000136999_unmod,-1.1072,0.8814302682876587
ENSG00000137033_unmod,1.2933,0.6130061745643616
ENSG00000137038_unmod,0.1118,1.2698874473571777
ENSG00000137040_unmod,0.0666,1.583853840827942
ENSG00000137054_unmod,-0.4555,1.1636838912963867
ENSG00000137055_unmod,-0.1092,1.0871423482894897
ENSG00000137070_unmod,-0.07,1.1632801294326782
ENSG00000137073_unmod,0.0881,0.4732283055782318
ENSG00000137074_unmod,-0.2499,0.5187543034553528
ENSG00000137075_unmod,-0.68,0.7162947058677673
ENSG00000137076_unmod,0.2488,0.3497600853443146
ENSG00000137094_unmod,1.035,2.598257303237915
ENSG00000137100_unmod,0.4751,1.725189447402954
ENSG00000137103_unmod,0.1156,0.5720605850219727
ENSG00000137106_unmod,-0.1798,0.9429262280464172
ENSG00000137124_unmod,-0.3424,0.41034477949142456
ENSG00000137135_unmod,0.474,2.4977285861968994
ENSG00000137142_unmod,0.0238,0.5225232839584351
ENSG00000137145_unmod,0.0933,0.8476335406303406
ENSG00000137154_unmod,-0.1376,1.6847764253616333
ENSG00000137161_unmod,0.1726,0.8326960802078247
ENSG00000137166_unmod,0.1709,0.6911974549293518
ENSG00000137168_unmod,0.2349,0.8450562953948975
ENSG00000137171_unmod,0.2711,0.2209584265947342
ENSG00000137177_unmod,0.2265,0.16856102645397186
ENSG00000137185_unmod,-0.0527,0.9327945113182068
ENSG00000137193_unmod,0.5489,2.8964672088623047
ENSG00000137200_unmod,0.0419,2.359469413757324
ENSG00000137203_unmod,-0.0811,0.2152169644832611
ENSG00000137207_unmod,-0.114,0.8046332001686096
ENSG00000137210_unmod,-0.1309,3.343604803085327
ENSG00000137216_unmod,-0.1335,2.952407121658325
ENSG00000137221_unmod,0.0309,1.1178629398345947
ENSG00000137261_unmod,0.504,0.32171928882598877
ENSG00000137266_unmod,0.466,1.8182306289672852
ENSG00000137267_unmod,0.2188,1.399816632270813
ENSG00000137269_unmod,-0.3358,1.2921366691589355
ENSG00000137273_unmod,-0.2177,0.6466503143310547
ENSG00000137274_unmod,-0.3088,0.9511524438858032
ENSG00000137275_unmod,0.3755,1.025894284248352
ENSG00000137288_unmod,0.11,0.7991503477096558
ENSG00000137309_unmod,-0.1021,1.721761703491211
ENSG00000137310_unmod,0.3041,1.6789219379425049
ENSG00000137331_unmod,0.3407,0.812565803527832
ENSG00000137337_unmod,0.486,0.5018709301948547
ENSG00000137338_unmod,0.1689,0.6705508232116699
ENSG00000137343_unmod,-0.0011,1.2363272905349731
ENSG00000137364_unmod,-0.1228,1.542659878730774
ENSG00000137404_unmod,0.0667,1.0346976518630981
ENSG00000137409_unmod,0.0403,0.6770239472389221
ENSG00000137411_unmod,0.1239,1.4020453691482544
ENSG00000137413_unmod,-0.4486,0.7029272317886353
ENSG00000137414_unmod,0.6712,0.6307584047317505
ENSG00000137449_unmod,0.0989,0.33275631070137024
ENSG00000137460_unmod,0.2499,0.36998245120048523
ENSG00000137478_unmod,-0.0073,0.8887283802032471
ENSG00000137486_unmod,0.3825,0.6890247464179993
ENSG00000137492_unmod,-0.0171,0.27036458253860474
ENSG00000137494_unmod,0.2359,0.6927632689476013
ENSG00000137496_unmod,-0.1928,1.3872885704040527
ENSG00000137497_unmod,0.1944,0.5457890629768372
ENSG00000137500_unmod,0.1866,0.7412019968032837
ENSG00000137502_unmod,-0.66,3.241039276123047
ENSG00000137504_unmod,0.0224,1.9478799104690552
ENSG00000137507_unmod,0.4194,1.9422705173492432
ENSG00000137513_unmod,-0.2275,0.9612109065055847
ENSG00000137522_unmod,-0.0789,1.3738048076629639
ENSG00000137547_unmod,-0.9944,0.5039713382720947
ENSG00000137563_unmod,0.3432,1.0714950561523438
ENSG00000137573_unmod,0.5119,1.0391926765441895
ENSG00000137574_unmod,-0.0305,0.8893523812294006
ENSG00000137575_unmod,0.2972,1.2520952224731445
ENSG00000137601_unmod,0.212,1.078001856803894
ENSG00000137628_unmod,0.1751,0.9137919545173645
ENSG00000137642_unmod,0.1005,4.095949172973633
ENSG00000137656_unmod,-0.0691,0.6203896999359131
ENSG00000137692_unmod,-0.219,2.5183985233306885
ENSG00000137693_unmod,0.5012,0.5469442009925842
ENSG00000137699_unmod,-0.0515,2.5745513439178467
ENSG00000137700_unmod,-0.0222,2.159262180328369
ENSG00000137710_unmod,0.2958,0.5829141736030579
ENSG00000137713_unmod,0.1619,0.5722075700759888
ENSG00000137714_unmod,0.1144,1.068230152130127
ENSG00000137760_unmod,-0.1279,0.5747806429862976
ENSG00000137764_unmod,0.0367,1.6381499767303467
ENSG00000137767_unmod,0.7283,1.0838379859924316
ENSG00000137770_unmod,0.4223,0.9489263296127319
ENSG00000137776_unmod,0.4243,1.7265340089797974
ENSG00000137801_unmod,-0.2421,0.7723733186721802
ENSG00000137802_unmod,-0.1713,0.6117159128189087
ENSG00000137804_unmod,0.5606,0.7822535634040833
ENSG00000137806_unmod,0.0199,1.6327199935913086
ENSG00000137807_unmod,0.2093,0.5510637164115906
ENSG00000137809_unmod,0.2452,0.2194732427597046
ENSG00000137812_unmod,0.2347,1.1632477045059204
ENSG00000137814_unmod,-0.4479,1.7732796669006348
ENSG00000137815_unmod,0.2218,2.2309980392456055
ENSG00000137817_unmod,0.0201,1.0301556587219238
ENSG00000137818_unmod,0.1656,2.2580127716064453
ENSG00000137819_unmod,0.1426,0.5307830572128296
ENSG00000137821_unmod,0.296,0.5845500826835632
ENSG00000137822_unmod,-1.0437,2.514612913131714
ENSG00000137824_unmod,-0.0682,0.5538328289985657
ENSG00000137831_unmod,0.4591,0.7096477150917053
ENSG00000137834_unmod,-0.3348,0.6973087787628174
ENSG00000137842_unmod,0.0643,1.8198381662368774
ENSG00000137845_unmod,-0.0007,0.3987159729003906
ENSG00000137868_unmod,0.3341,1.273736596107483
ENSG00000137871_unmod,-0.1842,1.0573770999908447
ENSG00000137876_unmod,-0.0267,0.4534304738044739
ENSG00000137877_unmod,0.1941,1.5950075387954712
ENSG00000137878_unmod,0.116,2.4814658164978027
ENSG00000137880_unmod,0.5143,0.4654296040534973
ENSG00000137936_unmod,0.2051,0.7828623652458191
ENSG00000137941_unmod,0.9164,0.3356192409992218
ENSG00000137942_unmod,-0.0008,0.7844870090484619
ENSG00000137944_unmod,-0.221,32.346309661865234
ENSG00000137947_unmod,-0.0437,0.6959484219551086
ENSG00000137955_unmod,-0.0688,0.44453728199005127
ENSG00000137959_unmod,0.2804,0.7434068322181702
ENSG00000137962_unmod,-0.5627,1.5781161785125732
ENSG00000137965_unmod,1.2034,0.7004871964454651
ENSG00000137992_unmod,-0.6239,0.7752171754837036
ENSG00000137996_unmod,0.2534,1.4185324907302856
ENSG00000138002_unmod,-0.033,0.4373611807823181
ENSG00000138018_unmod,-0.2737,0.3266420364379883
ENSG00000138028_unmod,0.1838,0.23758891224861145
ENSG00000138029_unmod,-0.2093,1.585278034210205
ENSG00000138031_unmod,0.0491,0.6375519037246704
ENSG00000138032_unmod,-0.1538,0.17254161834716797
ENSG00000138035_unmod,-0.2049,0.3627464771270752
ENSG00000138036_unmod,0.3915,1.9692106246948242
ENSG00000138050_unmod,-0.278,0.9572833180427551
ENSG00000138061_unmod,0.6274,0.8144689798355103
ENSG00000138069_unmod,0.0098,2.0952160358428955
ENSG00000138071_unmod,-0.1934,1.8628838062286377
ENSG00000138073_unmod,0.3095,0.09837611019611359
ENSG00000138074_unmod,-0.582,0.8620789647102356
ENSG00000138078_unmod,0.1121,0.8019763827323914
ENSG00000138081_unmod,0.0845,2.562030792236328
ENSG00000138085_unmod,0.0016,0.45445218682289124
ENSG00000138092_unmod,0.3435,0.4307701885700226
ENSG00000138095_unmod,-0.0609,0.7156028151512146
ENSG00000138101_unmod,-0.0054,0.7013137340545654
ENSG00000138107_unmod,0.1648,0.6755181550979614
ENSG00000138111_unmod,0.0228,3.0654876232147217
ENSG00000138119_unmod,-0.2034,0.2277497500181198
ENSG00000138131_unmod,0.1075,0.5204764008522034
ENSG00000138134_unmod,0.1401,1.3798785209655762
ENSG00000138138_unmod,-0.0863,0.7943441867828369
ENSG00000138160_unmod,0.3169,0.4751529097557068
ENSG00000138162_unmod,-0.1297,0.18888908624649048
ENSG00000138166_unmod,0.1948,0.8605189323425293
ENSG00000138175_unmod,0.5619,0.8899726271629333
ENSG00000138180_unmod,-0.6964,0.7297998070716858
ENSG00000138182_unmod,0.0884,0.47064879536628723
ENSG00000138190_unmod,-0.1137,1.1512638330459595
ENSG00000138193_unmod,0.3115,0.383071631193161
ENSG00000138231_unmod,0.331,0.9530548453330994
ENSG00000138246_unmod,-0.1056,0.9255213737487793
ENSG00000138279_unmod,0.1182,0.3442879915237427
ENSG00000138286_unmod,-0.0915,0.7809316515922546
ENSG00000138303_unmod,-0.1569,0.37471240758895874
ENSG00000138311_unmod,0.4885,0.8573334217071533
ENSG00000138326_unmod,0.3248,0.8261349201202393
ENSG00000138346_unmod,-0.047,0.1639004349708557
ENSG00000138347_unmod,-0.4169,1.6928073167800903
ENSG00000138356_unmod,-0.1656,0.9881342053413391
ENSG00000138363_unmod,-0.2205,1.8599135875701904
ENSG00000138375_unmod,0.507,2.7871170043945312
ENSG00000138376_unmod,0.3718,0.4855878949165344
ENSG00000138381_unmod,0.2298,0.883150577545166
ENSG00000138382_unmod,-0.4287,1.5630478858947754
ENSG00000138385_unmod,-0.0821,2.171082019805908
ENSG00000138386_unmod,0.6134,0.7024082541465759
ENSG00000138398_unmod,-0.13,0.5555516481399536
ENSG00000138399_unmod,-0.3242,6.2016448974609375
ENSG00000138411_unmod,0.3469,1.9545152187347412
ENSG00000138413_unmod,-0.0599,0.39652761816978455
ENSG00000138430_unmod,-0.2084,0.9854205250740051
ENSG00000138433_unmod,0.1712,0.9577202796936035
ENSG00000138434_unmod,0.1382,0.832737922668457
ENSG00000138439_unmod,-1.1643,1.181476354598999
ENSG00000138442_unmod,-0.6,0.7761114835739136
ENSG00000138443_unmod,-0.0713,0.6521781086921692
ENSG00000138448_unmod,-1.0969,2.0707850456237793
ENSG00000138459_unmod,-1.1528,0.5221521854400635
ENSG00000138463_unmod,-0.2381,1.2402148246765137
ENSG00000138468_unmod,0.6235,2.2092790603637695
ENSG00000138495_unmod,0.8326,3.8137826919555664
ENSG00000138496_unmod,0.4036,0.9568063020706177
ENSG00000138587_unmod,0.8065,1.8544447422027588
ENSG00000138592_unmod,0.1368,1.0168724060058594
ENSG00000138593_unmod,-0.0428,0.20235268771648407
ENSG00000138594_unmod,-0.0763,0.5093461871147156
ENSG00000138600_unmod,0.3112,4.363801002502441
ENSG00000138604_unmod,0.4202,0.45736801624298096
ENSG00000138614_unmod,-0.1537,0.8010126948356628
ENSG00000138617_unmod,0.3405,0.9182470440864563
ENSG00000138621_unmod,0.0883,2.3753621578216553
ENSG00000138623_unmod,0.5864,1.3996899127960205
ENSG00000138629_unmod,-0.0118,0.51329106092453
ENSG00000138640_unmod,-0.3295,0.3980829119682312
ENSG00000138641_unmod,-0.0516,1.036050796508789
ENSG00000138642_unmod,0.1784,0.45264703035354614
ENSG00000138646_unmod,0.1721,1.5960099697113037
ENSG00000138658_unmod,0.2844,0.40370601415634155
ENSG00000138660_unmod,-0.0907,0.3221989572048187
ENSG00000138663_unmod,0.0131,0.8668621778488159
ENSG00000138668_unmod,0.0599,1.8694876432418823
ENSG00000138674_unmod,0.0085,2.2537858486175537
ENSG00000138678_unmod,0.2844,0.677589476108551
ENSG00000138685_unmod,-0.0284,0.8342010974884033
ENSG00000138686_unmod,0.1681,29.119760513305664
ENSG00000138688_unmod,0.1916,30.290616989135742
ENSG00000138696_unmod,-0.1093,2.355119466781616
ENSG00000138698_unmod,0.0745,0.6205581426620483
ENSG00000138709_unmod,0.1756,0.666373074054718
ENSG00000138735_unmod,-0.2607,1.4006391763687134
ENSG00000138738_unmod,-0.1169,0.6145884990692139
ENSG00000138744_unmod,-0.1145,1.194687008857727
ENSG00000138750_unmod,0.172,26.779624938964844
ENSG00000138756_unmod,-1.0486,0.7388933300971985
ENSG00000138757_unmod,0.5411,0.5359252095222473
ENSG00000138758_unmod,0.1218,2.3011815547943115
ENSG00000138759_unmod,-0.4799,0.3715701699256897
ENSG00000138760_unmod,0.1853,0.9817900061607361
ENSG00000138764_unmod,-0.1975,1.8597468137741089
ENSG00000138767_unmod,0.1411,0.3164736032485962
ENSG00000138768_unmod,0.2298,0.12722985446453094
ENSG00000138771_unmod,-0.2212,0.6086355447769165
ENSG00000138772_unmod,-0.058,0.9175928235054016
ENSG00000138777_unmod,-0.186,2.7295565605163574
ENSG00000138780_unmod,0.0645,1.9660027027130127
ENSG00000138785_unmod,0.0172,1.185829520225525
ENSG00000138794_unmod,0.1588,0.5474744439125061
ENSG00000138796_unmod,0.079,0.5943664312362671
ENSG00000138801_unmod,-0.0156,0.44961732625961304
ENSG00000138802_unmod,-0.1284,1.6472206115722656
ENSG00000138814_unmod,0.2283,2.3112258911132812
ENSG00000138821_unmod,0.2524,0.400545597076416
ENSG00000138829_unmod,0.0823,0.7330595850944519
ENSG00000138834_unmod,0.075,0.5261731147766113
ENSG00000138835_unmod,0.5485,1.7081478834152222
ENSG00000138867_unmod,0.1788,2.284830093383789
ENSG00000138942_unmod,-0.1523,30.809741973876953
ENSG00000138944_unmod,-0.2608,0.3718094229698181
ENSG00000139083_unmod,0.1982,0.27747899293899536
ENSG00000139112_unmod,0.2118,1.915855884552002
ENSG00000139116_unmod,0.141,0.9826510548591614
ENSG00000139117_unmod,-0.1387,2.5188820362091064
ENSG00000139131_unmod,-0.3101,1.5285340547561646
ENSG00000139133_unmod,0.2962,2.295945882797241
ENSG00000139146_unmod,-1.426,0.3621424734592438
ENSG00000139154_unmod,-0.0343,2.5385735034942627
ENSG00000139155_unmod,0.2791,1.2087918519973755
ENSG00000139163_unmod,0.2718,0.6289610266685486
ENSG00000139168_unmod,0.5238,1.556796669960022
ENSG00000139173_unmod,-0.0954,1.259757399559021
ENSG00000139178_unmod,-0.1574,0.8303691148757935
ENSG00000139180_unmod,-0.2209,1.5418869256973267
ENSG00000139182_unmod,0.0825,0.5084643959999084
ENSG00000139190_unmod,-0.3393,0.650278627872467
ENSG00000139192_unmod,0.2081,1.8191686868667603
ENSG00000139197_unmod,-0.3735,1.0125337839126587
ENSG00000139211_unmod,-0.2566,3.084373712539673
ENSG00000139218_unmod,0.0293,0.5631281733512878
ENSG00000139233_unmod,-0.3186,1.0826106071472168
ENSG00000139263_unmod,0.2079,0.5387430191040039
ENSG00000139266_unmod,0.0923,1.3155078887939453
ENSG00000139278_unmod,0.1463,0.8229196667671204
ENSG00000139289_unmod,0.377,1.5271053314208984
ENSG00000139291_unmod,-0.7882,1.4413104057312012
ENSG00000139292_unmod,-0.2758,1.7479370832443237
ENSG00000139318_unmod,0.6454,0.31783753633499146
ENSG00000139323_unmod,0.4283,0.495800256729126
ENSG00000139324_unmod,0.4651,0.4321826100349426
ENSG00000139329_unmod,0.1036,8.999521255493164
ENSG00000139343_unmod,-0.1177,0.9291617274284363
ENSG00000139350_unmod,0.0741,0.42703813314437866
ENSG00000139354_unmod,0.2815,0.26364976167678833
ENSG00000139370_unmod,0.2057,1.5818830728530884
ENSG00000139372_unmod,-0.8218,2.327489137649536
ENSG00000139405_unmod,-0.1444,0.4377928078174591
ENSG00000139428_unmod,0.0036,2.623161792755127
ENSG00000139433_unmod,0.3002,2.533450126647949
ENSG00000139436_unmod,0.1913,2.1442553997039795
ENSG00000139437_unmod,0.0929,1.7330141067504883
ENSG00000139438_unmod,1.5954,1.1026400327682495
ENSG00000139496_unmod,0.0877,0.6994501948356628
ENSG00000139505_unmod,0.274,1.2296169996261597
ENSG00000139514_unmod,-0.0987,0.3912343978881836
ENSG00000139515_unmod,0.5604,0.7424363493919373
ENSG00000139517_unmod,0.2504,0.7754155993461609
ENSG00000139531_unmod,-0.1577,1.252854824066162
ENSG00000139579_unmod,-0.1529,1.305582046508789
ENSG00000139613_unmod,-0.2529,2.849942922592163
ENSG00000139618_unmod,0.2999,0.5624076128005981
ENSG00000139620_unmod,-0.1854,1.5567914247512817
ENSG00000139624_unmod,-0.0175,0.45760926604270935
ENSG00000139625_unmod,0.2778,1.9638524055480957
ENSG00000139629_unmod,0.7357,0.7200748324394226
ENSG00000139631_unmod,0.1992,0.6385254859924316
ENSG00000139636_unmod,-0.5646,1.1359511613845825
ENSG00000139637_unmod,-0.0055,1.4275044202804565
ENSG00000139641_unmod,0.3725,2.119412660598755
ENSG00000139644_unmod,-0.7316,2.639842987060547
ENSG00000139645_unmod,0.1308,0.4694705009460449
ENSG00000139651_unmod,-0.0043,0.7675424218177795
ENSG00000139668_unmod,-0.3912,1.624075174331665
ENSG00000139684_unmod,-0.3631,0.7086489796638489
ENSG00000139687_unmod,0.2762,0.6126068830490112
ENSG00000139697_unmod,-0.2456,1.957685947418213
ENSG00000139718_unmod,-0.0877,0.4176635444164276
ENSG00000139719_unmod,0.7499,0.5612083077430725
ENSG00000139722_unmod,1.0825,2.764737129211426
ENSG00000139725_unmod,0.1963,0.9623095989227295
ENSG00000139726_unmod,0.0145,0.8789384365081787
ENSG00000139734_unmod,0.2078,0.4796142280101776
ENSG00000139737_unmod,0.1657,1.6994622945785522
ENSG00000139746_unmod,-0.1831,0.7756755948066711
ENSG00000139793_unmod,-0.2137,2.9935646057128906
ENSG00000139800_unmod,-0.9322,1.04322350025177
ENSG00000139826_unmod,-0.2589,0.25688794255256653
ENSG00000139842_unmod,-0.1627,0.917492687702179
ENSG00000139865_unmod,0.6566,3.329792022705078
ENSG00000139874_unmod,-0.4823,0.43056195974349976
ENSG00000139880_unmod,-0.0987,0.40813854336738586
ENSG00000139921_unmod,-1.1611,0.7745967507362366
ENSG00000139926_unmod,0.0711,0.5276270508766174
ENSG00000139946_unmod,0.0612,1.3484556674957275
ENSG00000139974_unmod,-0.1848,1.2029255628585815
ENSG00000139977_unmod,-0.1756,0.2799455523490906
ENSG00000139990_unmod,-0.0121,0.7212679982185364
ENSG00000139998_unmod,0.3304,0.9181798696517944
ENSG00000140006_unmod,-0.2274,1.342128872871399
ENSG00000140015_unmod,0.4771,0.9004379510879517
ENSG00000140022_unmod,0.0018,0.653313159942627
ENSG00000140025_unmod,0.0573,1.939119577407837
ENSG00000140044_unmod,0.2588,0.6114033460617065
ENSG00000140092_unmod,0.1415,2.41162371635437
ENSG00000140104_unmod,0.2492,1.5536469221115112
ENSG00000140153_unmod,0.1687,2.2235701084136963
ENSG00000140157_unmod,0.5487,0.950861930847168
ENSG00000140199_unmod,0.0249,1.614831566810608
ENSG00000140259_unmod,0.1971,0.9216312766075134
ENSG00000140262_unmod,-0.1273,1.1258593797683716
ENSG00000140263_unmod,-0.2635,1.571982502937317
ENSG00000140264_unmod,0.079,0.6265219449996948
ENSG00000140265_unmod,-0.3307,0.5597921013832092
ENSG00000140280_unmod,-0.3164,0.5294155478477478
ENSG00000140284_unmod,-0.4067,1.5818698406219482
ENSG00000140299_unmod,0.3399,1.3610827922821045
ENSG00000140307_unmod,-0.3265,2.059319257736206
ENSG00000140319_unmod,0.1951,1.439030408859253
ENSG00000140320_unmod,-0.0531,0.1398860067129135
ENSG00000140323_unmod,0.8789,2.2176780700683594
ENSG00000140326_unmod,-0.0613,3.139780044555664
ENSG00000140332_unmod,0.2104,0.6807725429534912
ENSG00000140350_unmod,-0.5238,0.7934313416481018
ENSG00000140365_unmod,0.3312,2.558440923690796
ENSG00000140367_unmod,-0.2194,1.4711012840270996
ENSG00000140374_unmod,-0.1134,0.7621613144874573
ENSG00000140382_unmod,-0.2701,0.8846421837806702
ENSG00000140386_unmod,0.2075,0.5116608142852783
ENSG00000140391_unmod,-0.0165,0.331415057182312
ENSG00000140396_unmod,0.1334,0.5228599905967712
ENSG00000140400_unmod,-0.1237,1.5049314498901367
ENSG00000140403_unmod,0.0705,0.8769848942756653
ENSG00000140406_unmod,0.0416,0.9168719053268433
ENSG00000140416_unmod,0.0433,0.7178236842155457
ENSG00000140443_unmod,-0.0347,0.35363632440567017
ENSG00000140450_unmod,-0.5371,0.3868117928504944
ENSG00000140451_unmod,-0.0704,1.0241421461105347
ENSG00000140455_unmod,-0.0781,1.3601807355880737
ENSG00000140463_unmod,0.1883,0.44932451844215393
ENSG00000140464_unmod,0.1826,1.2486006021499634
ENSG00000140471_unmod,-0.3302,0.8175572156906128
ENSG00000140474_unmod,-0.117,1.0515666007995605
ENSG00000140479_unmod,-0.2824,1.0011347532272339
ENSG00000140497_unmod,-0.1096,1.2722952365875244
ENSG00000140521_unmod,0.0786,2.6386802196502686
ENSG00000140525_unmod,0.4024,0.13751576840877533
ENSG00000140526_unmod,-0.0053,1.7608000040054321
ENSG00000140534_unmod,0.1366,1.5815013647079468
ENSG00000140538_unmod,0.3409,0.4294697344303131
ENSG00000140545_unmod,0.1021,1.1014496088027954
ENSG00000140548_unmod,-0.1912,1.8154911994934082
ENSG00000140563_unmod,0.2647,0.36988383531570435
ENSG00000140564_unmod,0.4474,1.1272307634353638
ENSG00000140575_unmod,0.0083,2.089425802230835
ENSG00000140577_unmod,-0.039,1.0439629554748535
ENSG00000140598_unmod,0.5024,0.6380631923675537
ENSG00000140612_unmod,-0.0527,0.40081480145454407
ENSG00000140632_unmod,0.0013,2.7742209434509277
ENSG00000140650_unmod,-0.1013,0.5504130125045776
ENSG00000140682_unmod,0.0498,0.4510583281517029
ENSG00000140688_unmod,0.0632,1.2035094499588013
ENSG00000140691_unmod,0.2919,0.28861504793167114
ENSG00000140694_unmod,-0.1082,0.4136233329772949
ENSG00000140718_unmod,-0.1366,1.2722464799880981
ENSG00000140740_unmod,-0.1676,0.5494820475578308
ENSG00000140743_unmod,-0.0539,1.342524766921997
ENSG00000140750_unmod,-0.2146,2.852602243423462
ENSG00000140829_unmod,-0.062,0.5759605765342712
ENSG00000140830_unmod,-0.0197,1.667536973953247
ENSG00000140836_unmod,0.0036,0.3984275460243225
ENSG00000140848_unmod,0.2634,0.6899579167366028
ENSG00000140853_unmod,0.055,1.1350321769714355
ENSG00000140854_unmod,-0.311,1.0726306438446045
ENSG00000140859_unmod,-0.4407,0.5135114192962646
ENSG00000140931_unmod,0.2686,1.5697466135025024
ENSG00000140937_unmod,0.8866,0.9893519878387451
ENSG00000140939_unmod,0.461,1.371901273727417
ENSG00000140941_unmod,0.101,36.52433395385742
ENSG00000140943_unmod,0.301,1.0317695140838623
ENSG00000140945_unmod,0.0647,0.38422033190727234
ENSG00000140948_unmod,-0.2324,0.40691229701042175
ENSG00000140950_unmod,-0.0586,1.35325288772583
ENSG00000140961_unmod,0.3241,0.7940272092819214
ENSG00000140983_unmod,-0.0858,1.0490036010742188
ENSG00000140987_unmod,-0.3093,1.1050913333892822
ENSG00000140988_unmod,-0.2107,1.252398133277893
ENSG00000140990_unmod,0.0252,1.4168912172317505
ENSG00000140992_unmod,0.2852,0.6785899996757507
ENSG00000140995_unmod,0.123,1.2516134977340698
ENSG00000141002_unmod,0.1305,0.5018160343170166
ENSG00000141012_unmod,0.1408,1.0667634010314941
ENSG00000141013_unmod,0.4032,1.04837167263031
ENSG00000141026_unmod,-0.1191,2.2703168392181396
ENSG00000141027_unmod,0.6058,0.2731650769710541
ENSG00000141030_unmod,0.1099,0.5627354383468628
ENSG00000141034_unmod,-0.1945,1.108340859413147
ENSG00000141052_unmod,0.101,0.6036155819892883
ENSG00000141068_unmod,0.0884,0.1363144814968109
ENSG00000141076_unmod,-0.428,2.5430655479431152
ENSG00000141084_unmod,0.2593,2.5950541496276855
ENSG00000141098_unmod,-0.0715,0.6221275925636292
ENSG00000141101_unmod,-0.555,1.8417079448699951
ENSG00000141127_unmod,-0.4658,0.19717268645763397
ENSG00000141179_unmod,-0.0204,1.8516374826431274
ENSG00000141198_unmod,0.4054,0.9095503687858582
ENSG00000141219_unmod,-0.2798,0.6599760055541992
ENSG00000141232_unmod,-0.1191,2.5378525257110596
ENSG00000141252_unmod,-0.2649,1.0510514974594116
ENSG00000141258_unmod,-0.1368,0.6717871427536011
ENSG00000141279_unmod,-0.3667,0.8399150371551514
ENSG00000141295_unmod,0.2359,1.1588525772094727
ENSG00000141298_unmod,0.474,0.8742391467094421
ENSG00000141314_unmod,1.0408,0.8142191171646118
ENSG00000141337_unmod,-0.0845,0.8420460224151611
ENSG00000141349_unmod,-0.1597,0.4140976071357727
ENSG00000141367_unmod,0.0979,1.419803500175476
ENSG00000141376_unmod,0.1366,0.8001560568809509
ENSG00000141378_unmod,-0.1395,0.7430437803268433
ENSG00000141380_unmod,0.3452,0.6113559007644653
ENSG00000141384_unmod,-1.5086,0.655584990978241
ENSG00000141385_unmod,0.2509,1.1843761205673218
ENSG00000141401_unmod,0.2379,0.9948846697807312
ENSG00000141404_unmod,-0.043,1.0798600912094116
ENSG00000141424_unmod,0.5115,2.9803237915039062
ENSG00000141425_unmod,0.126,0.2712005078792572
ENSG00000141428_unmod,0.2072,0.22946690022945404
ENSG00000141429_unmod,0.0147,0.806919276714325
ENSG00000141441_unmod,-0.1369,2.3139901161193848
ENSG00000141446_unmod,0.3507,0.4117397665977478
ENSG00000141447_unmod,-0.1923,0.8507493734359741
ENSG00000141448_unmod,-0.4018,1.4978301525115967
ENSG00000141449_unmod,-0.4068,5.515621662139893
ENSG00000141452_unmod,-0.176,1.304927945137024
ENSG00000141456_unmod,-0.1232,0.49465495347976685
ENSG00000141458_unmod,-0.1289,0.5207440853118896
ENSG00000141480_unmod,0.139,2.466409921646118
ENSG00000141499_unmod,0.0519,0.756275475025177
ENSG00000141503_unmod,0.1487,2.1630396842956543
ENSG00000141510_unmod,0.18,0.4613938331604004
ENSG00000141522_unmod,0.138,2.301414966583252
ENSG00000141524_unmod,-0.1871,1.013137698173523
ENSG00000141526_unmod,0.3312,1.1469513177871704
ENSG00000141542_unmod,-0.0512,0.4534924030303955
ENSG00000141543_unmod,0.0542,1.9189915657043457
ENSG00000141551_unmod,0.018,5.70704460144043
ENSG00000141552_unmod,0.4287,0.8076707124710083
ENSG00000141556_unmod,0.0806,0.32319119572639465
ENSG00000141560_unmod,0.5833,1.712051272392273
ENSG00000141562_unmod,0.0927,0.5163952112197876
ENSG00000141564_unmod,-0.1206,0.5107192993164062
ENSG00000141568_unmod,-0.4397,1.6869028806686401
ENSG00000141569_unmod,-0.1856,1.006438970565796
ENSG00000141570_unmod,0.0027,1.6643245220184326
ENSG00000141574_unmod,0.7712,0.5578690767288208
ENSG00000141576_unmod,-0.0441,2.8186662197113037
ENSG00000141577_unmod,0.3838,0.7750771641731262
ENSG00000141580_unmod,-0.1296,1.0069479942321777
ENSG00000141582_unmod,0.3143,0.5016644597053528
ENSG00000141622_unmod,-0.2357,0.6734310984611511
ENSG00000141627_unmod,-0.2425,0.4466682970523834
ENSG00000141639_unmod,0.2432,0.8217764496803284
ENSG00000141644_unmod,0.2483,0.8049088716506958
ENSG00000141646_unmod,0.0571,0.900875449180603
ENSG00000141655_unmod,0.1893,1.1063863039016724
ENSG00000141664_unmod,-0.9202,0.6885975003242493
ENSG00000141682_unmod,0.537,0.4981335699558258
ENSG00000141696_unmod,0.1293,0.75323486328125
ENSG00000141698_unmod,-0.1617,1.3463022708892822
ENSG00000141699_unmod,-0.1398,0.9074434638023376
ENSG00000141736_unmod,-0.0786,0.5409187078475952
ENSG00000141741_unmod,-0.2187,0.6162148118019104
ENSG00000141750_unmod,0.2174,0.5608649253845215
ENSG00000141753_unmod,0.4113,1.292462706565857
ENSG00000141756_unmod,0.0189,2.596815586090088
ENSG00000141759_unmod,-0.4011,0.9562249779701233
ENSG00000141837_unmod,0.2521,7.011882781982422
ENSG00000141858_unmod,0.259,0.515489399433136
ENSG00000141867_unmod,0.0421,1.1546303033828735
ENSG00000141873_unmod,-0.1208,0.5408887267112732
ENSG00000141905_unmod,0.0168,0.883571207523346
ENSG00000141934_unmod,0.2134,0.8650088906288147
ENSG00000141956_unmod,-0.2034,0.45106738805770874
ENSG00000141959_unmod,0.2696,28.56396484375
ENSG00000141965_unmod,-0.082,1.1893154382705688
ENSG00000141971_unmod,0.3056,0.627136766910553
ENSG00000141985_unmod,0.2593,0.6374315619468689
ENSG00000141994_unmod,-0.139,0.9909828901290894
ENSG00000142002_unmod,-0.0506,0.5648520588874817
ENSG00000142039_unmod,-0.0548,0.71058589220047
ENSG00000142082_unmod,-0.2126,2.028430700302124
ENSG00000142089_unmod,0.1043,1.5948492288589478
ENSG00000142102_unmod,-0.2146,0.08857373148202896
ENSG00000142149_unmod,0.3573,2.8034110069274902
ENSG00000142156_unmod,0.4584,1.5956370830535889
ENSG00000142166_unmod,0.6179,2.2013580799102783
ENSG00000142168_unmod,0.3567,2.0567467212677
ENSG00000142178_unmod,0.3372,1.2435696125030518
ENSG00000142185_unmod,-0.001,0.2933558225631714
ENSG00000142186_unmod,0.2923,0.47867700457572937
ENSG00000142188_unmod,-0.1164,0.7996638417243958
ENSG00000142192_unmod,0.1389,0.9108166694641113
ENSG00000142197_unmod,0.4335,1.83387291431427
ENSG00000142207_unmod,-0.4107,2.2934834957122803
ENSG00000142208_unmod,0.2202,1.195892333984375
ENSG00000142227_unmod,0.2064,0.213331937789917
ENSG00000142230_unmod,0.0504,0.3625738024711609
ENSG00000142252_unmod,-0.23,2.096816062927246
ENSG00000142303_unmod,0.6587,0.927039384841919
ENSG00000142327_unmod,0.3601,0.44287538528442383
ENSG00000142330_unmod,-0.0649,1.839316487312317
ENSG00000142409_unmod,-0.1621,0.43261849880218506
ENSG00000142444_unmod,0.1904,0.5601657629013062
ENSG00000142453_unmod,-0.1813,2.6402268409729004
ENSG00000142459_unmod,0.2844,0.4173053503036499
ENSG00000142494_unmod,-0.152,0.7391679883003235
ENSG00000142507_unmod,-0.068,0.8608222007751465
ENSG00000142528_unmod,-0.0341,2.236910581588745
ENSG00000142534_unmod,0.2452,1.5335166454315186
ENSG00000142541_unmod,0.0407,0.3527303636074066
ENSG00000142544_unmod,-0.4834,2.7397966384887695
ENSG00000142546_unmod,0.1575,1.856452465057373
ENSG00000142556_unmod,-0.6184,1.0242369174957275
ENSG00000142599_unmod,-0.0869,0.7276143431663513
ENSG00000142627_unmod,0.2893,1.0915073156356812
ENSG00000142632_unmod,0.4749,0.6914194226264954
ENSG00000142634_unmod,0.0239,0.9431865215301514
ENSG00000142655_unmod,-0.0813,0.7170215249061584
ENSG00000142657_unmod,0.2578,0.9541859030723572
ENSG00000142661_unmod,0.3142,0.8742654919624329
ENSG00000142669_unmod,0.168,1.0957293510437012
ENSG00000142675_unmod,0.5433,1.1140779256820679
ENSG00000142676_unmod,0.3718,1.8586528301239014
ENSG00000142684_unmod,-0.2894,0.304590106010437
ENSG00000142686_unmod,0.2698,0.7572305202484131
ENSG00000142687_unmod,0.0487,0.6064983010292053
ENSG00000142731_unmod,0.4931,1.259040117263794
ENSG00000142733_unmod,0.4365,1.2674883604049683
ENSG00000142751_unmod,-0.2942,0.4656156301498413
ENSG00000142784_unmod,0.1051,2.524712324142456
ENSG00000142798_unmod,-0.18,2.43612003326416
ENSG00000142856_unmod,0.3697,0.6139664649963379
ENSG00000142864_unmod,-0.3988,1.160282850265503
ENSG00000142867_unmod,0.1906,2.5423858165740967
ENSG00000142871_unmod,-0.6227,25.73322868347168
ENSG00000142875_unmod,-0.2581,0.2699168026447296
ENSG00000142892_unmod,-0.1895,0.6745486259460449
ENSG00000142937_unmod,0.0048,1.0725284814834595
ENSG00000142945_unmod,0.0003,1.1894747018814087
ENSG00000142949_unmod,-0.0178,0.6431400179862976
ENSG00000142961_unmod,0.3926,0.8327221274375916
ENSG00000143013_unmod,0.1901,0.8091647624969482
ENSG00000143033_unmod,-0.106,0.673296332359314
ENSG00000143061_unmod,0.425,1.211370587348938
ENSG00000143067_unmod,-0.2645,2.8430192470550537
ENSG00000143079_unmod,0.0231,0.41512101888656616
ENSG00000143093_unmod,-0.332,1.2921810150146484
ENSG00000143106_unmod,0.0354,0.35956838726997375
ENSG00000143126_unmod,-0.2864,0.3186878263950348
ENSG00000143147_unmod,0.6588,0.6603003144264221
ENSG00000143149_unmod,0.2148,0.46675387024879456
ENSG00000143153_unmod,0.3047,1.1862773895263672
ENSG00000143155_unmod,-0.3591,1.7150373458862305
ENSG00000143156_unmod,0.2031,0.7475367784500122
ENSG00000143157_unmod,-0.0915,0.8387446403503418
ENSG00000143158_unmod,0.4281,0.23489519953727722
ENSG00000143162_unmod,-0.1482,1.1586992740631104
ENSG00000143164_unmod,0.1198,0.5246529579162598
ENSG00000143179_unmod,-0.3047,1.634413719177246
ENSG00000143183_unmod,-0.0653,0.9302768111228943
ENSG00000143190_unmod,-0.4856,30.192665100097656
ENSG00000143198_unmod,0.2006,1.0331990718841553
ENSG00000143207_unmod,0.1264,0.9578375220298767
ENSG00000143222_unmod,-0.3028,1.6947768926620483
ENSG00000143224_unmod,0.3405,1.2636780738830566
ENSG00000143228_unmod,0.2927,0.40851056575775146
ENSG00000143252_unmod,0.2066,3.0837514400482178
ENSG00000143256_unmod,0.3454,1.6887410879135132
ENSG00000143258_unmod,-0.4233,2.001530647277832
ENSG00000143294_unmod,0.0975,2.4585683345794678
ENSG00000143303_unmod,-0.0063,1.8339452743530273
ENSG00000143314_unmod,0.1703,2.198206901550293
ENSG00000143315_unmod,-0.217,0.6602309346199036
ENSG00000143319_unmod,-0.4471,2.2822885513305664
ENSG00000143320_unmod,0.3013,2.1320104598999023
ENSG00000143321_unmod,0.0138,2.9115090370178223
ENSG00000143322_unmod,-0.2192,1.241965651512146
ENSG00000143324_unmod,-0.0797,2.0423264503479004
ENSG00000143333_unmod,-0.079,1.0003670454025269
ENSG00000143337_unmod,0.176,1.2994364500045776
ENSG00000143340_unmod,-0.1336,2.4989826679229736
ENSG00000143341_unmod,-0.0449,0.9100531935691833
ENSG00000143344_unmod,0.6344,0.9516905546188354
ENSG00000143353_unmod,-0.0128,0.22916825115680695
ENSG00000143355_unmod,-0.8878,0.37160101532936096
ENSG00000143363_unmod,-0.0068,0.9784100651741028
ENSG00000143367_unmod,-0.4345,1.1280180215835571
ENSG00000143368_unmod,-0.1656,1.080317497253418
ENSG00000143369_unmod,0.9801,1.6513397693634033
ENSG00000143373_unmod,-0.0462,0.43157491087913513
ENSG00000143374_unmod,-0.0602,2.2950806617736816
ENSG00000143376_unmod,-0.3527,0.9019026756286621
ENSG00000143379_unmod,0.1116,1.5541298389434814
ENSG00000143384_unmod,0.4484,2.5354743003845215
ENSG00000143390_unmod,0.2055,0.9796879887580872
ENSG00000143393_unmod,0.2153,0.6236315369606018
ENSG00000143398_unmod,-0.1122,3.105579376220703
ENSG00000143401_unmod,0.348,0.4430800676345825
ENSG00000143409_unmod,0.037,1.789786696434021
ENSG00000143416_unmod,0.3728,1.0341848134994507
ENSG00000143418_unmod,-0.0259,1.6169734001159668
ENSG00000143420_unmod,0.2061,1.9385817050933838
ENSG00000143436_unmod,-0.0135,0.7242198586463928
ENSG00000143437_unmod,0.4217,0.9543066620826721
ENSG00000143442_unmod,-0.2258,0.7340480089187622
ENSG00000143452_unmod,-0.29,0.9013076424598694
ENSG00000143457_unmod,0.5547,2.795072555541992
ENSG00000143458_unmod,0.5105,1.2759400606155396
ENSG00000143473_unmod,-0.518,1.5785093307495117
ENSG00000143476_unmod,0.4882,0.2368471920490265
ENSG00000143486_unmod,-0.071,1.6823264360427856
ENSG00000143493_unmod,0.1626,1.2141835689544678
ENSG00000143494_unmod,-0.1526,0.25796806812286377
ENSG00000143498_unmod,-0.3326,2.149153470993042
ENSG00000143499_unmod,0.0681,2.0788655281066895
ENSG00000143507_unmod,0.451,0.9749184250831604
ENSG00000143514_unmod,1.2452,0.5642836689949036
ENSG00000143515_unmod,-0.148,1.2074583768844604
ENSG00000143537_unmod,0.1851,2.031714916229248
ENSG00000143553_unmod,-0.1127,1.5018658638000488
ENSG00000143569_unmod,-0.2901,0.5458623170852661
ENSG00000143570_unmod,-0.2042,0.6133056282997131
ENSG00000143575_unmod,-0.2983,0.46826544404029846
ENSG00000143578_unmod,-0.0655,1.5454984903335571
ENSG00000143612_unmod,-0.2352,2.4959521293640137
ENSG00000143614_unmod,0.0352,0.8600631356239319
ENSG00000143621_unmod,-0.1123,1.9869608879089355
ENSG00000143622_unmod,0.1999,2.545281171798706
ENSG00000143624_unmod,0.2394,1.6573914289474487
ENSG00000143633_unmod,0.0328,0.7299672365188599
ENSG00000143641_unmod,-0.1339,0.7832927107810974
ENSG00000143643_unmod,-0.1498,1.4831204414367676
ENSG00000143653_unmod,0.0944,0.5117627382278442
ENSG00000143669_unmod,-0.1911,1.7512849569320679
ENSG00000143674_unmod,-0.7613,0.7220870852470398
ENSG00000143702_unmod,0.5786,1.8978804349899292
ENSG00000143727_unmod,-0.1013,1.9821525812149048
ENSG00000143740_unmod,0.018,1.626319408416748
ENSG00000143742_unmod,0.2747,1.8549648523330688
ENSG00000143748_unmod,-0.1934,1.3948066234588623
ENSG00000143751_unmod,0.1181,0.8550409078598022
ENSG00000143753_unmod,-0.0508,1.8613282442092896
ENSG00000143756_unmod,-0.171,0.9221372008323669
ENSG00000143761_unmod,0.1193,1.628532886505127
ENSG00000143771_unmod,0.5577,1.7468658685684204
ENSG00000143772_unmod,0.1515,0.3886270821094513
ENSG00000143774_unmod,-0.2664,3.486274480819702
ENSG00000143776_unmod,0.2362,0.32006654143333435
ENSG00000143793_unmod,0.1809,1.5293244123458862
ENSG00000143797_unmod,-0.3298,2.471386671066284
ENSG00000143799_unmod,0.0983,1.5170196294784546
ENSG00000143801_unmod,-0.3023,0.954666793346405
ENSG00000143811_unmod,0.1385,0.6875097751617432
ENSG00000143815_unmod,0.4271,2.149745225906372
ENSG00000143816_unmod,0.7922,3.518134355545044
ENSG00000143819_unmod,0.0374,2.888493537902832
ENSG00000143842_unmod,0.0872,1.130359172821045
ENSG00000143850_unmod,0.402,0.8677247762680054
ENSG00000143862_unmod,0.1179,1.209347128868103
ENSG00000143870_unmod,0.3841,1.4452714920043945
ENSG00000143878_unmod,-0.409,1.4847735166549683
ENSG00000143889_unmod,0.0712,0.6108376383781433
ENSG00000143891_unmod,0.0802,1.7431111335754395
ENSG00000143919_unmod,0.3476,0.9332835078239441
ENSG00000143924_unmod,-0.4353,28.236141204833984
ENSG00000143933_unmod,-0.1038,2.4100823402404785
ENSG00000143942_unmod,-0.1109,1.7364721298217773
ENSG00000143947_unmod,0.0263,0.4568141996860504
ENSG00000143951_unmod,0.0954,0.4754168689250946
ENSG00000143952_unmod,-0.1637,1.380361557006836
ENSG00000143970_unmod,-0.147,0.17780962586402893
ENSG00000143971_unmod,0.234,1.3448251485824585
ENSG00000143977_unmod,0.0054,0.8389222621917725
ENSG00000143995_unmod,0.195,1.3856157064437866
ENSG00000144021_unmod,-0.1586,1.2346107959747314
ENSG00000144026_unmod,0.099,1.8326705694198608
ENSG00000144028_unmod,0.0175,0.6981584429740906
ENSG00000144029_unmod,0.7452,0.954326331615448
ENSG00000144034_unmod,0.06,1.2024428844451904
ENSG00000144043_unmod,-0.5345,0.2816895544528961
ENSG00000144048_unmod,-0.0589,0.6185294985771179
ENSG00000144063_unmod,0.7319,0.6093409657478333
ENSG00000144118_unmod,0.1332,0.6825624108314514
ENSG00000144120_unmod,-0.7146,0.8167284727096558
ENSG00000144134_unmod,0.2457,1.253583550453186
ENSG00000144136_unmod,0.2959,0.6105770468711853
ENSG00000144161_unmod,-0.2621,0.44558677077293396
ENSG00000144199_unmod,0.3482,0.7743475437164307
ENSG00000144218_unmod,0.3994,1.9874897003173828
ENSG00000144224_unmod,0.1719,1.9799693822860718
ENSG00000144228_unmod,1.2179,1.9166245460510254
ENSG00000144231_unmod,0.4149,0.5621077418327332
ENSG00000144233_unmod,-0.0875,0.16773492097854614
ENSG00000144278_unmod,0.2795,1.0246671438217163
ENSG00000144283_unmod,-0.0703,0.4455369710922241
ENSG00000144306_unmod,-0.2182,2.14563250541687
ENSG00000144320_unmod,0.2716,1.896317481994629
ENSG00000144354_unmod,0.0839,1.0632094144821167
ENSG00000144355_unmod,0.0205,0.45990851521492004
ENSG00000144357_unmod,-0.0852,0.3571232259273529
ENSG00000144366_unmod,0.0125,1.1345179080963135
ENSG00000144369_unmod,-1.8034,0.6990337371826172
ENSG00000144381_unmod,0.1623,0.35417279601097107
ENSG00000144395_unmod,0.08,0.7869541049003601
ENSG00000144401_unmod,0.0051,0.10348419845104218
ENSG00000144426_unmod,0.455,0.4120880365371704
ENSG00000144445_unmod,0.4771,1.371147871017456
ENSG00000144451_unmod,0.2915,0.662362277507782
ENSG00000144455_unmod,-0.0834,1.006371259689331
ENSG00000144460_unmod,-0.4649,0.7997276782989502
ENSG00000144468_unmod,0.0116,1.3155394792556763
ENSG00000144476_unmod,0.0484,0.4216565489768982
ENSG00000144504_unmod,-0.2313,0.7637326717376709
ENSG00000144524_unmod,-0.1852,0.44688552618026733
ENSG00000144535_unmod,-0.0561,0.9222192168235779
ENSG00000144554_unmod,0.1121,2.6769156455993652
ENSG00000144559_unmod,-0.4515,1.3431932926177979
ENSG00000144560_unmod,0.9086,0.45797210931777954
ENSG00000144566_unmod,-0.067,1.5414320230484009
ENSG00000144567_unmod,0.1385,1.8746230602264404
ENSG00000144579_unmod,0.281,0.3060527443885803
ENSG00000144580_unmod,-0.1041,0.4193509519100189
ENSG00000144583_unmod,-0.5131,0.33296120166778564
ENSG00000144589_unmod,0.179,0.6381163001060486
ENSG00000144591_unmod,0.2735,1.7870091199874878
ENSG00000144597_unmod,-0.0465,0.8498920798301697
ENSG00000144635_unmod,0.0565,1.6290395259857178
ENSG00000144642_unmod,0.2686,0.7707486748695374
ENSG00000144645_unmod,-0.0545,0.8873288631439209
ENSG00000144647_unmod,-0.2312,2.169942855834961
ENSG00000144655_unmod,0.3927,0.40135326981544495
ENSG00000144659_unmod,-0.1613,0.6530416011810303
ENSG00000144674_unmod,0.6643,0.6253595948219299
ENSG00000144677_unmod,-0.3323,0.8639189004898071
ENSG00000144681_unmod,-1.7776,2.2022781372070312
ENSG00000144711_unmod,-0.2108,0.5351229310035706
ENSG00000144713_unmod,-0.1607,1.6629613637924194
ENSG00000144724_unmod,-0.0145,0.6578757762908936
ENSG00000144736_unmod,-0.0423,1.2905397415161133
ENSG00000144741_unmod,-0.1978,2.0147311687469482
ENSG00000144744_unmod,0.1261,0.6252022981643677
ENSG00000144746_unmod,0.1896,0.6324934959411621
ENSG00000144747_unmod,0.7821,0.39178410172462463
ENSG00000144749_unmod,0.5287,0.48881641030311584
ENSG00000144791_unmod,-0.4135,0.5806019902229309
ENSG00000144802_unmod,0.7318,1.996968150138855
ENSG00000144810_unmod,1.1958,1.5328973531723022
ENSG00000144815_unmod,0.3241,0.8442198634147644
ENSG00000144824_unmod,0.0142,0.7935851216316223
ENSG00000144827_unmod,-0.0026,0.46535006165504456
ENSG00000144840_unmod,-0.0997,2.1925318241119385
ENSG00000144848_unmod,-0.0588,0.7318493723869324
ENSG00000144867_unmod,-0.2044,0.6578341126441956
ENSG00000144895_unmod,-0.1007,0.613466203212738
ENSG00000144909_unmod,-0.2453,0.7192568778991699
ENSG00000144935_unmod,0.1025,0.4875320494174957
ENSG00000144959_unmod,-0.1318,1.0726332664489746
ENSG00000145012_unmod,-0.6483,0.5375922322273254
ENSG00000145014_unmod,0.2724,0.8291842937469482
ENSG00000145016_unmod,0.028,2.5550928115844727
ENSG00000145022_unmod,-0.4064,1.6549617052078247
ENSG00000145040_unmod,0.0994,1.9646239280700684
ENSG00000145041_unmod,-0.2532,2.5467545986175537
ENSG00000145050_unmod,0.3128,0.5351128578186035
ENSG00000145087_unmod,0.2695,1.766136646270752
ENSG00000145147_unmod,0.06,1.0964573621749878
ENSG00000145191_unmod,-0.1842,2.0373661518096924
ENSG00000145214_unmod,0.1027,1.7812979221343994
ENSG00000145216_unmod,0.0166,2.122699737548828
ENSG00000145220_unmod,-0.1201,1.2074657678604126
ENSG00000145241_unmod,0.0493,0.4613763988018036
ENSG00000145242_unmod,-0.1168,0.43027105927467346
ENSG00000145246_unmod,0.0744,0.6889200806617737
ENSG00000145247_unmod,0.4193,1.2133779525756836
ENSG00000145284_unmod,0.1599,0.6604176163673401
ENSG00000145293_unmod,0.1345,1.6816378831863403
ENSG00000145331_unmod,0.2723,0.6684393286705017
ENSG00000145332_unmod,-0.3754,0.8091662526130676
ENSG00000145335_unmod,-0.1571,0.4652153253555298
ENSG00000145337_unmod,-0.0604,3.1978213787078857
ENSG00000145348_unmod,-0.1217,0.7502244710922241
ENSG00000145349_unmod,-0.0898,0.9262173771858215
ENSG00000145354_unmod,0.0927,0.4493904709815979
ENSG00000145365_unmod,0.5608,0.5913698077201843
ENSG00000145375_unmod,-0.2753,1.6291850805282593
ENSG00000145386_unmod,0.0745,1.3192931413650513
ENSG00000145388_unmod,0.175,0.4795701503753662
ENSG00000145390_unmod,0.1757,0.394062340259552
ENSG00000145391_unmod,-0.476,0.43902814388275146
ENSG00000145414_unmod,-0.3648,0.9641326069831848
ENSG00000145425_unmod,-0.1514,2.3119537830352783
ENSG00000145431_unmod,0.1898,2.2583444118499756
ENSG00000145439_unmod,-0.2981,1.3137825727462769
ENSG00000145476_unmod,0.3935,1.7757307291030884
ENSG00000145494_unmod,0.3661,1.3768937587738037
ENSG00000145495_unmod,-0.2651,1.2231273651123047
ENSG00000145536_unmod,-0.0857,0.839706540107727
ENSG00000145545_unmod,-1.2909,2.2152762413024902
ENSG00000145555_unmod,0.5077,1.2155053615570068
ENSG00000145569_unmod,0.5224,0.610030472278595
ENSG00000145592_unmod,0.0189,0.8571125268936157
ENSG00000145604_unmod,-0.1536,2.4210197925567627
ENSG00000145623_unmod,-0.0429,0.9822760224342346
ENSG00000145632_unmod,-0.4471,1.1829620599746704
ENSG00000145675_unmod,-0.0503,0.305990993976593
ENSG00000145685_unmod,-0.227,0.43444082140922546
ENSG00000145687_unmod,0.6692,1.3970075845718384
ENSG00000145703_unmod,0.1371,0.9292232990264893
ENSG00000145715_unmod,0.6093,2.4289231300354004
ENSG00000145723_unmod,0.0599,3.063000202178955
ENSG00000145725_unmod,0.1242,0.6695738434791565
ENSG00000145730_unmod,-0.182,2.280258893966675
ENSG00000145734_unmod,0.1391,2.155928611755371
ENSG00000145736_unmod,0.0716,1.0610796213150024
ENSG00000145740_unmod,0.1753,0.7462677955627441
ENSG00000145741_unmod,-0.158,2.360142946243286
ENSG00000145743_unmod,0.2354,0.3920672535896301
ENSG00000145779_unmod,0.6585,0.4065876305103302
ENSG00000145780_unmod,0.0661,2.9784786701202393
ENSG00000145781_unmod,-0.0452,1.0037522315979004
ENSG00000145782_unmod,-0.0882,2.2363340854644775
ENSG00000145817_unmod,0.3061,1.4310578107833862
ENSG00000145819_unmod,0.8234,0.3182630240917206
ENSG00000145833_unmod,0.0358,1.2484194040298462
ENSG00000145860_unmod,-0.1212,0.7717177271842957
ENSG00000145868_unmod,0.0139,1.9311087131500244
ENSG00000145901_unmod,0.4587,0.70301753282547
ENSG00000145907_unmod,-0.4153,1.3110214471817017
ENSG00000145908_unmod,0.1295,1.10191810131073
ENSG00000145911_unmod,0.894,0.28749412298202515
ENSG00000145912_unmod,-0.0021,0.6462823748588562
ENSG00000145916_unmod,0.0955,0.3409188687801361
ENSG00000145919_unmod,-0.9724,0.6433859467506409
ENSG00000145934_unmod,0.4894,1.1635925769805908
ENSG00000145945_unmod,-0.1244,1.3459218740463257
ENSG00000145979_unmod,0.1475,0.9879959225654602
ENSG00000145982_unmod,-0.1489,0.9963456392288208
ENSG00000145990_unmod,-0.0746,0.41334304213523865
ENSG00000145996_unmod,-0.0037,0.9064729809761047
ENSG00000146007_unmod,-0.2148,1.383772611618042
ENSG00000146054_unmod,0.3955,0.7197737097740173
ENSG00000146063_unmod,-0.1367,2.5294008255004883
ENSG00000146066_unmod,-1.4021,0.99944007396698
ENSG00000146067_unmod,0.0046,2.0372121334075928
ENSG00000146072_unmod,-0.896,0.6853711605072021
ENSG00000146083_unmod,-0.5864,1.1195918321609497
ENSG00000146085_unmod,0.4108,0.18419472873210907
ENSG00000146094_unmod,-0.5102,1.5715739727020264
ENSG00000146109_unmod,-0.6003,1.51741361618042
ENSG00000146112_unmod,0.3389,0.6597445607185364
ENSG00000146143_unmod,0.083,1.245159387588501
ENSG00000146205_unmod,-0.1374,1.2973214387893677
ENSG00000146223_unmod,-0.1003,0.5418882369995117
ENSG00000146232_unmod,0.499,0.6315460205078125
ENSG00000146247_unmod,0.3011,0.9452595710754395
ENSG00000146263_unmod,0.142,1.0216580629348755
ENSG00000146278_unmod,0.5223,1.6742322444915771
ENSG00000146281_unmod,0.3124,0.8304575085639954
ENSG00000146282_unmod,0.1107,0.9560180902481079
ENSG00000146350_unmod,0.0353,0.6266482472419739
ENSG00000146373_unmod,-0.5813,0.7116332650184631
ENSG00000146374_unmod,0.6141,0.5886935591697693
ENSG00000146376_unmod,0.208,1.1040725708007812
ENSG00000146386_unmod,-1.3235,0.39479148387908936
ENSG00000146409_unmod,-0.1581,1.6429001092910767
ENSG00000146410_unmod,0.0124,1.108254313468933
ENSG00000146414_unmod,-0.1365,0.848938524723053
ENSG00000146416_unmod,-0.4074,1.7531766891479492
ENSG00000146425_unmod,0.2281,1.5612053871154785
ENSG00000146426_unmod,0.3379,1.2299586534500122
ENSG00000146433_unmod,-0.0824,0.3758851885795593
ENSG00000146457_unmod,0.2888,0.7133020758628845
ENSG00000146463_unmod,-0.1278,0.778535008430481
ENSG00000146476_unmod,0.8771,29.255895614624023
ENSG00000146477_unmod,0.2717,1.4286673069000244
ENSG00000146530_unmod,-0.0743,2.2096505165100098
ENSG00000146535_unmod,-0.0766,29.92284393310547
ENSG00000146540_unmod,0.1361,2.5973124504089355
ENSG00000146555_unmod,0.667,0.4162927269935608
ENSG00000146574_unmod,-0.2935,1.94070565700531
ENSG00000146576_unmod,-0.3183,2.097188949584961
ENSG00000146587_unmod,-0.1964,0.4162953197956085
ENSG00000146592_unmod,0.1746,0.3082617521286011
ENSG00000146648_unmod,-0.3933,3.2462270259857178
ENSG00000146670_unmod,0.3867,2.2553510665893555
ENSG00000146674_unmod,-1.0897,1.6811221837997437
ENSG00000146676_unmod,-0.3908,1.8055254220962524
ENSG00000146701_unmod,0.024,1.877869725227356
ENSG00000146707_unmod,0.3034,2.320929765701294
ENSG00000146729_unmod,-0.2906,0.4439736604690552
ENSG00000146733_unmod,-0.5941,2.670497417449951
ENSG00000146757_unmod,-0.2027,1.5014266967773438
ENSG00000146776_unmod,-0.5012,0.5309239625930786
ENSG00000146802_unmod,0.691,0.6329061985015869
ENSG00000146826_unmod,0.0409,0.6827935576438904
ENSG00000146828_unmod,-0.009,0.7846025824546814
ENSG00000146830_unmod,-0.0887,0.8051148653030396
ENSG00000146833_unmod,-0.0273,0.5408684015274048
ENSG00000146834_unmod,0.0141,1.666441559791565
ENSG00000146842_unmod,-0.2563,0.9472617506980896
ENSG00000146858_unmod,-0.5727,2.006044626235962
ENSG00000146872_unmod,0.1492,3.2665648460388184
ENSG00000146909_unmod,-0.1378,0.1555715799331665
ENSG00000146918_unmod,0.2471,0.5974074602127075
ENSG00000146950_unmod,0.6097,0.5639575719833374
ENSG00000146963_unmod,0.1134,0.6588025689125061
ENSG00000147010_unmod,0.5077,3.721043348312378
ENSG00000147027_unmod,0.1029,3.1988251209259033
ENSG00000147036_unmod,-0.6487,1.2167470455169678
ENSG00000147044_unmod,0.2394,0.46867892146110535
ENSG00000147050_unmod,-0.0517,1.179223895072937
ENSG00000147065_unmod,-0.7855,0.7321208715438843
ENSG00000147099_unmod,0.0485,2.4846811294555664
ENSG00000147118_unmod,0.0109,0.7326784729957581
ENSG00000147121_unmod,-0.0029,1.2549216747283936
ENSG00000147123_unmod,0.1161,0.3907383978366852
ENSG00000147124_unmod,0.1184,0.42887669801712036
ENSG00000147130_unmod,-0.5596,0.6548938155174255
ENSG00000147133_unmod,0.255,0.8449188470840454
ENSG00000147140_unmod,-0.1162,1.4922364950180054
ENSG00000147144_unmod,0.1272,1.4603391885757446
ENSG00000147155_unmod,-0.2745,1.4509375095367432
ENSG00000147162_unmod,-0.0519,2.1341381072998047
ENSG00000147164_unmod,-0.4015,0.6176615357398987
ENSG00000147202_unmod,1.0246,0.7077952027320862
ENSG00000147224_unmod,0.0052,0.7623189687728882
ENSG00000147251_unmod,0.1819,0.736964225769043
ENSG00000147255_unmod,0.3801,0.7257732152938843
ENSG00000147274_unmod,-0.0158,0.3009491562843323
ENSG00000147316_unmod,0.3587,0.4141051173210144
ENSG00000147324_unmod,0.528,0.8750566244125366
ENSG00000147364_unmod,-0.3778,1.0226225852966309
ENSG00000147383_unmod,-0.0177,2.5309906005859375
ENSG00000147394_unmod,0.7631,0.9027538895606995
ENSG00000147400_unmod,0.4405,0.5571836829185486
ENSG00000147403_unmod,0.1794,1.3634239435195923
ENSG00000147408_unmod,0.6591,1.0985091924667358
ENSG00000147416_unmod,-0.041,1.0122510194778442
ENSG00000147419_unmod,0.0829,1.7884409427642822
ENSG00000147421_unmod,-0.3316,0.6538696885108948
ENSG00000147439_unmod,-0.2848,1.4739137887954712
ENSG00000147454_unmod,0.2367,0.6492879390716553
ENSG00000147457_unmod,-0.0263,0.9881736636161804
ENSG00000147459_unmod,-0.0029,1.4960453510284424
ENSG00000147471_unmod,-0.2739,0.3734813630580902
ENSG00000147475_unmod,-0.1019,0.19473347067832947
ENSG00000147526_unmod,0.3114,0.32112500071525574
ENSG00000147533_unmod,-0.0428,2.1726911067962646
ENSG00000147535_unmod,0.4149,1.306384563446045
ENSG00000147536_unmod,0.1626,1.8351178169250488
ENSG00000147548_unmod,-0.0053,0.20132578909397125
ENSG00000147592_unmod,0.0907,1.2954195737838745
ENSG00000147601_unmod,-0.3531,1.6626406908035278
ENSG00000147604_unmod,-0.1088,1.3635679483413696
ENSG00000147642_unmod,-0.0985,0.39665111899375916
ENSG00000147649_unmod,0.6517,0.6557233929634094
ENSG00000147650_unmod,-0.0113,1.5504446029663086
ENSG00000147654_unmod,-0.1603,1.2983200550079346
ENSG00000147669_unmod,0.3182,2.2674074172973633
ENSG00000147676_unmod,-0.419,0.7095605731010437
ENSG00000147677_unmod,-0.0746,0.9890105724334717
ENSG00000147679_unmod,-0.1857,1.4859683513641357
ENSG00000147684_unmod,0.0409,0.5061824917793274
ENSG00000147687_unmod,-0.1798,0.7962716221809387
ENSG00000147689_unmod,0.6485,0.665160596370697
ENSG00000147789_unmod,-0.0684,1.6413058042526245
ENSG00000147799_unmod,-0.204,0.8728939294815063
ENSG00000147813_unmod,0.1583,0.990657389163971
ENSG00000147852_unmod,0.1791,1.442643642425537
ENSG00000147853_unmod,-0.0051,2.4670398235321045
ENSG00000147854_unmod,-0.1548,0.7376323342323303
ENSG00000147862_unmod,0.1335,1.3400439023971558
ENSG00000147872_unmod,-0.1538,0.2671942710876465
ENSG00000147874_unmod,-0.2415,0.8335293531417847
ENSG00000147883_unmod,0.2519,0.2032436579465866
ENSG00000147889_unmod,-0.0667,1.7772300243377686
ENSG00000147894_unmod,0.3715,2.703993558883667
ENSG00000147905_unmod,-0.1007,0.46130648255348206
ENSG00000147912_unmod,-0.0626,0.7104725241661072
ENSG00000147955_unmod,-0.4359,1.1981873512268066
ENSG00000147996_unmod,-0.0801,1.659968376159668
ENSG00000148019_unmod,0.158,1.0734668970108032
ENSG00000148082_unmod,0.188,2.0097334384918213
ENSG00000148090_unmod,-0.3157,0.37706276774406433
ENSG00000148110_unmod,0.5501,0.5350272059440613
ENSG00000148120_unmod,0.2601,2.2451930046081543
ENSG00000148143_unmod,-0.7015,1.2076219320297241
ENSG00000148153_unmod,0.2697,1.3131577968597412
ENSG00000148154_unmod,-0.5443,0.6653236150741577
ENSG00000148158_unmod,0.173,0.6640340685844421
ENSG00000148175_unmod,-0.4133,0.5613616108894348
ENSG00000148180_unmod,0.4763,0.592778742313385
ENSG00000148187_unmod,-0.2847,0.806828498840332
ENSG00000148200_unmod,-0.0754,0.4816111624240875
ENSG00000148218_unmod,-0.0201,0.13447809219360352
ENSG00000148229_unmod,0.0734,2.277008533477783
ENSG00000148248_unmod,0.1952,3.185866117477417
ENSG00000148290_unmod,0.2917,0.512496292591095
ENSG00000148291_unmod,-0.1311,0.39437851309776306
ENSG00000148297_unmod,0.4005,1.3569130897521973
ENSG00000148300_unmod,-0.1784,0.8897969722747803
ENSG00000148303_unmod,0.1275,0.7164037227630615
ENSG00000148308_unmod,0.007,0.5590078830718994
ENSG00000148331_unmod,-0.1689,0.548681378364563
ENSG00000148334_unmod,-0.5009,0.5829392671585083
ENSG00000148335_unmod,-0.0748,0.9500442147254944
ENSG00000148337_unmod,0.0709,0.5208512544631958
ENSG00000148339_unmod,-0.4385,1.7701157331466675
ENSG00000148341_unmod,0.1969,0.5704918503761292
ENSG00000148343_unmod,0.0357,1.6775318384170532
ENSG00000148344_unmod,-0.1523,0.4277957081794739
ENSG00000148356_unmod,-0.0652,0.26914241909980774
ENSG00000148357_unmod,0.3779,2.001138925552368
ENSG00000148358_unmod,-0.0059,2.06392502784729
ENSG00000148362_unmod,0.3139,1.9567878246307373
ENSG00000148384_unmod,0.1761,0.6206609010696411
ENSG00000148396_unmod,0.1648,1.3148397207260132
ENSG00000148399_unmod,-0.001,1.9101237058639526
ENSG00000148400_unmod,0.0471,0.3355177044868469
ENSG00000148411_unmod,-0.6712,1.8308868408203125
ENSG00000148426_unmod,-0.3647,0.6878359913825989
ENSG00000148429_unmod,-0.107,0.760661780834198
ENSG00000148450_unmod,0.4152,0.9613469243049622
ENSG00000148459_unmod,-0.3726,1.021003007888794
ENSG00000148468_unmod,-1.4551,2.7402913570404053
ENSG00000148481_unmod,-0.4749,0.392131507396698
ENSG00000148484_unmod,-0.0035,0.7182928323745728
ENSG00000148498_unmod,0.2911,2.4390127658843994
ENSG00000148516_unmod,0.0859,1.9334124326705933
ENSG00000148572_unmod,1.1655,2.3765647411346436
ENSG00000148606_unmod,-0.3443,1.782932162284851
ENSG00000148634_unmod,-0.2658,2.322617530822754
ENSG00000148655_unmod,0.4148,0.4280247092247009
ENSG00000148660_unmod,-0.041,0.4524555802345276
ENSG00000148672_unmod,-0.0005,1.0929971933364868
ENSG00000148677_unmod,-1.3816,0.6304858326911926
ENSG00000148688_unmod,-0.1903,1.1477391719818115
ENSG00000148690_unmod,0.2639,0.5490254163742065
ENSG00000148700_unmod,0.4599,0.7127612829208374
ENSG00000148719_unmod,-0.2484,0.7969380021095276
ENSG00000148730_unmod,0.0386,0.85708087682724
ENSG00000148737_unmod,-0.1729,0.5799700021743774
ENSG00000148773_unmod,0.3676,0.5469988584518433
ENSG00000148798_unmod,0.0594,0.7171897888183594
ENSG00000148803_unmod,0.1211,1.2397671937942505
ENSG00000148824_unmod,-0.1958,2.498223066329956
ENSG00000148834_unmod,0.3956,2.3837270736694336
ENSG00000148835_unmod,0.4368,0.7506831884384155
ENSG00000148840_unmod,-0.2263,1.8079583644866943
ENSG00000148841_unmod,0.222,0.49986031651496887
ENSG00000148842_unmod,-0.2442,1.3961442708969116
ENSG00000148843_unmod,-0.4148,1.2816805839538574
ENSG00000148848_unmod,-0.0527,0.8144410252571106
ENSG00000148908_unmod,0.5834,1.321269154548645
ENSG00000148925_unmod,0.3498,1.469150424003601
ENSG00000148926_unmod,0.1137,0.2420583963394165
ENSG00000148943_unmod,0.4804,0.7984743714332581
ENSG00000148950_unmod,0.182,0.5088633894920349
ENSG00000148985_unmod,-0.0406,1.0329053401947021
ENSG00000149016_unmod,0.1177,0.5545275211334229
ENSG00000149084_unmod,-0.419,0.6561310887336731
ENSG00000149089_unmod,0.1046,1.0203341245651245
ENSG00000149091_unmod,0.0066,0.9753912687301636
ENSG00000149100_unmod,-0.3189,2.4313206672668457
ENSG00000149115_unmod,0.4925,2.068958282470703
ENSG00000149136_unmod,0.2037,1.1393280029296875
ENSG00000149177_unmod,-0.2553,0.8483439683914185
ENSG00000149179_unmod,0.1683,0.4954260587692261
ENSG00000149182_unmod,0.0311,1.061842679977417
ENSG00000149187_unmod,-0.273,1.6412373781204224
ENSG00000149196_unmod,-0.2187,0.5378855466842651
ENSG00000149212_unmod,-0.6908,5.5616865158081055
ENSG00000149218_unmod,-0.0937,0.3405167758464813
ENSG00000149231_unmod,0.5396,0.9148751497268677
ENSG00000149257_unmod,0.166,2.0020592212677
ENSG00000149262_unmod,0.0232,0.8701185584068298
ENSG00000149269_unmod,0.4196,0.9031434655189514
ENSG00000149273_unmod,0.1376,1.3132801055908203
ENSG00000149289_unmod,0.6902,0.6209161281585693
ENSG00000149292_unmod,0.341,2.500507116317749
ENSG00000149308_unmod,-0.1726,2.354325771331787
ENSG00000149311_unmod,-0.0601,0.8041015863418579
ENSG00000149313_unmod,-0.3966,0.9098706245422363
ENSG00000149328_unmod,-0.2312,0.6665120720863342
ENSG00000149346_unmod,-0.1818,0.7295613288879395
ENSG00000149357_unmod,-0.0372,0.5078287720680237
ENSG00000149380_unmod,0.7379,0.7904262542724609
ENSG00000149428_unmod,0.5111,0.3806857168674469
ENSG00000149474_unmod,-0.1467,0.6373234391212463
ENSG00000149476_unmod,-0.4235,0.7542959451675415
ENSG00000149480_unmod,-0.2981,0.35393449664115906
ENSG00000149483_unmod,-0.4917,1.7961235046386719
ENSG00000149499_unmod,0.1449,1.4718447923660278
ENSG00000149503_unmod,0.145,2.0324606895446777
ENSG00000149532_unmod,-0.0667,1.6260863542556763
ENSG00000149541_unmod,-0.0579,0.8801088333129883
ENSG00000149547_unmod,-0.4344,0.5748690962791443
ENSG00000149548_unmod,0.8177,0.0864083394408226
ENSG00000149554_unmod,0.465,0.6778781414031982
ENSG00000149577_unmod,-0.1168,0.6805245876312256
ENSG00000149582_unmod,-0.274,2.514389991760254
ENSG00000149591_unmod,0.0452,0.27728620171546936
ENSG00000149596_unmod,-0.0237,6.633962631225586
ENSG00000149600_unmod,0.362,2.253565549850464
ENSG00000149636_unmod,0.6232,0.981968104839325
ENSG00000149639_unmod,-0.176,0.6177127361297607
ENSG00000149657_unmod,-0.0601,1.0159716606140137
ENSG00000149658_unmod,-0.1708,0.6646358966827393
ENSG00000149679_unmod,0.042,1.1071361303329468
ENSG00000149716_unmod,-0.1345,1.1035254001617432
ENSG00000149743_unmod,0.272,1.7415339946746826
ENSG00000149761_unmod,0.1465,1.2656034231185913
ENSG00000149782_unmod,0.3119,1.2867271900177002
ENSG00000149792_unmod,-0.1944,1.752072811126709
ENSG00000149806_unmod,-0.0843,2.35278058052063
ENSG00000149823_unmod,0.1432,1.7052887678146362
ENSG00000149923_unmod,0.1411,1.5224895477294922
ENSG00000149925_unmod,-0.1355,1.2769877910614014
ENSG00000149929_unmod,0.2581,1.941140055656433
ENSG00000149930_unmod,0.1404,1.6194709539413452
ENSG00000149932_unmod,0.2375,1.7447741031646729
ENSG00000149948_unmod,-0.5131,0.4937538504600525
ENSG00000150051_unmod,-0.1462,0.38434258103370667
ENSG00000150054_unmod,-0.2939,0.8701626658439636
ENSG00000150093_unmod,0.2929,0.4555613100528717
ENSG00000150316_unmod,0.0526,1.5313260555267334
ENSG00000150347_unmod,0.1579,1.1045392751693726
ENSG00000150401_unmod,-0.1431,0.564208984375
ENSG00000150403_unmod,0.3336,1.2179087400436401
ENSG00000150433_unmod,-0.004,0.3879377841949463
ENSG00000150455_unmod,0.1475,0.3470463156700134
ENSG00000150457_unmod,0.2886,0.5009573101997375
ENSG00000150459_unmod,0.3105,0.6855580806732178
ENSG00000150477_unmod,0.4178,0.8201778531074524
ENSG00000150527_unmod,0.1083,0.7438157200813293
ENSG00000150540_unmod,0.6646,0.7365405559539795
ENSG00000150551_unmod,0.1647,0.46106192469596863
ENSG00000150593_unmod,0.2934,0.6274247765541077
ENSG00000150594_unmod,0.0571,0.2534969449043274
ENSG00000150630_unmod,0.1858,0.6347278952598572
ENSG00000150637_unmod,0.695,0.5141889452934265
ENSG00000150687_unmod,0.085,1.7982466220855713
ENSG00000150712_unmod,0.3727,0.7926622629165649
ENSG00000150753_unmod,0.0786,0.3541729152202606
ENSG00000150756_unmod,0.6126,0.506040632724762
ENSG00000150760_unmod,0.1101,0.7226668000221252
ENSG00000150764_unmod,0.8092,1.3645117282867432
ENSG00000150768_unmod,-0.2791,2.0330867767333984
ENSG00000150776_unmod,0.0402,0.6778716444969177
ENSG00000150779_unmod,-0.1076,1.7269996404647827
ENSG00000150782_unmod,-0.6329,2.2969233989715576
ENSG00000150787_unmod,0.0254,0.7690627574920654
ENSG00000150867_unmod,-0.1745,0.6289221048355103
ENSG00000150907_unmod,-0.145,1.993841528892517
ENSG00000150938_unmod,0.4866,1.9421089887619019
ENSG00000150961_unmod,0.3063,0.2389044463634491
ENSG00000150967_unmod,-0.1083,0.5116226077079773
ENSG00000150977_unmod,0.265,0.589203953742981
ENSG00000150990_unmod,-0.3751,1.6794580221176147
ENSG00000150991_unmod,0.2934,0.42194023728370667
ENSG00000150995_unmod,-0.0417,1.1045104265213013
ENSG00000151012_unmod,-0.1623,0.08185790479183197
ENSG00000151014_unmod,-0.0421,0.5187169909477234
ENSG00000151065_unmod,-0.2399,0.6888557076454163
ENSG00000151090_unmod,0.2863,0.7589496970176697
ENSG00000151092_unmod,0.223,1.8308424949645996
ENSG00000151093_unmod,-0.4866,0.6453695297241211
ENSG00000151116_unmod,-0.2085,29.817750930786133
ENSG00000151131_unmod,-0.604,0.4790409207344055
ENSG00000151135_unmod,0.2826,0.4909576177597046
ENSG00000151148_unmod,0.0169,0.301927775144577
ENSG00000151150_unmod,0.3593,1.5171091556549072
ENSG00000151151_unmod,0.2186,0.7053234577178955
ENSG00000151176_unmod,-0.4645,2.0790300369262695
ENSG00000151208_unmod,0.083,1.385541319847107
ENSG00000151229_unmod,-0.1713,0.4987601637840271
ENSG00000151233_unmod,1.0318,1.0824350118637085
ENSG00000151239_unmod,0.247,1.7739245891571045
ENSG00000151240_unmod,0.2254,0.3901062309741974
ENSG00000151247_unmod,-0.2477,0.4574873447418213
ENSG00000151276_unmod,-0.6925,0.6836546659469604
ENSG00000151287_unmod,0.0887,1.0431996583938599
ENSG00000151292_unmod,-0.3348,0.5288969278335571
ENSG00000151304_unmod,-0.1576,0.6750063300132751
ENSG00000151327_unmod,0.2585,0.40141576528549194
ENSG00000151332_unmod,-0.0348,0.29659411311149597
ENSG00000151338_unmod,-0.0978,0.5741620063781738
ENSG00000151348_unmod,0.2783,2.9742612838745117
ENSG00000151353_unmod,0.0718,0.8886535167694092
ENSG00000151364_unmod,0.351,1.128060221672058
ENSG00000151366_unmod,-0.3245,1.3395447731018066
ENSG00000151376_unmod,0.3775,1.0569970607757568
ENSG00000151413_unmod,-0.1766,1.1838611364364624
ENSG00000151414_unmod,0.251,0.6217020750045776
ENSG00000151422_unmod,-0.0955,1.0349090099334717
ENSG00000151445_unmod,-0.1877,1.9141398668289185
ENSG00000151458_unmod,0.1663,0.8439782857894897
ENSG00000151461_unmod,-0.0436,1.1381083726882935
ENSG00000151465_unmod,-0.2369,0.3762098550796509
ENSG00000151466_unmod,-0.1321,1.1063904762268066
ENSG00000151470_unmod,0.3385,2.067105293273926
ENSG00000151474_unmod,0.0629,0.26494914293289185
ENSG00000151490_unmod,0.5943,2.145766496658325
ENSG00000151491_unmod,0.2507,1.5915753841400146
ENSG00000151498_unmod,0.0086,0.698683500289917
ENSG00000151500_unmod,-0.3021,1.0281023979187012
ENSG00000151502_unmod,0.6684,0.6049162745475769
ENSG00000151503_unmod,0.1879,0.3703760504722595
ENSG00000151532_unmod,-0.0932,0.42871904373168945
ENSG00000151552_unmod,-0.3905,0.667919933795929
ENSG00000151553_unmod,-0.324,0.6717770099639893
ENSG00000151572_unmod,0.5139,0.43887588381767273
ENSG00000151575_unmod,0.1342,0.7061633467674255
ENSG00000151576_unmod,-0.003,1.915543556213379
ENSG00000151611_unmod,-0.4987,0.8090193271636963
ENSG00000151612_unmod,-0.3524,0.7911408543586731
ENSG00000151617_unmod,-0.2189,0.6449655890464783
ENSG00000151632_unmod,0.5133,0.7481800317764282
ENSG00000151657_unmod,0.2317,1.1014913320541382
ENSG00000151665_unmod,-0.5751,0.7615129351615906
ENSG00000151689_unmod,0.5121,0.5472161173820496
ENSG00000151690_unmod,0.2611,0.5971748232841492
ENSG00000151692_unmod,0.4713,0.44351306557655334
ENSG00000151693_unmod,-0.0031,1.0708296298980713
ENSG00000151694_unmod,0.1791,0.7259687185287476
ENSG00000151702_unmod,0.6988,1.1340183019638062
ENSG00000151718_unmod,0.0699,2.2157819271087646
ENSG00000151725_unmod,0.6525,1.2009919881820679
ENSG00000151726_unmod,0.0764,2.372291326522827
ENSG00000151729_unmod,0.0651,2.1474456787109375
ENSG00000151743_unmod,0.0717,0.4990910291671753
ENSG00000151746_unmod,0.0301,0.1568116545677185
ENSG00000151748_unmod,0.2337,0.7972171902656555
ENSG00000151779_unmod,0.0327,2.2926244735717773
ENSG00000151806_unmod,-0.1748,1.481526255607605
ENSG00000151849_unmod,0.1215,1.8267186880111694
ENSG00000151876_unmod,0.2576,1.2648929357528687
ENSG00000151881_unmod,0.0924,0.7364912629127502
ENSG00000151883_unmod,-0.1112,2.996354579925537
ENSG00000151893_unmod,-0.7844,2.347283124923706
ENSG00000151914_unmod,0.0445,0.6942622065544128
ENSG00000151917_unmod,0.0861,0.464465856552124
ENSG00000151923_unmod,0.0084,1.6774272918701172
ENSG00000151929_unmod,0.3613,0.29664793610572815
ENSG00000152056_unmod,-0.1569,2.3785483837127686
ENSG00000152061_unmod,0.1892,0.28657594323158264
ENSG00000152078_unmod,0.2273,1.1966713666915894
ENSG00000152082_unmod,0.4587,0.7555260062217712
ENSG00000152102_unmod,-0.3142,0.47685062885284424
ENSG00000152104_unmod,-0.2372,0.7969778180122375
ENSG00000152117_unmod,0.2646,0.48701390624046326
ENSG00000152127_unmod,-1.5706,5.25498628616333
ENSG00000152133_unmod,0.124,1.642917513847351
ENSG00000152137_unmod,0.0527,0.3493984639644623
ENSG00000152147_unmod,-0.2928,1.7583820819854736
ENSG00000152193_unmod,-0.0124,2.8579578399658203
ENSG00000152217_unmod,-0.3889,0.943430483341217
ENSG00000152219_unmod,-0.0636,1.7103298902511597
ENSG00000152223_unmod,-0.1227,0.8158241510391235
ENSG00000152229_unmod,0.0034,0.5096358060836792
ENSG00000152234_unmod,0.1279,1.4601600170135498
ENSG00000152240_unmod,-0.0215,29.0768985748291
ENSG00000152242_unmod,0.3524,0.8825352787971497
ENSG00000152253_unmod,0.4129,1.0918165445327759
ENSG00000152256_unmod,0.1523,1.3630088567733765
ENSG00000152270_unmod,0.6106,1.9338343143463135
ENSG00000152291_unmod,1.0196,0.1773468255996704
ENSG00000152332_unmod,-0.9373,1.178419828414917
ENSG00000152348_unmod,0.3302,0.2541434168815613
ENSG00000152359_unmod,-0.2009,0.7277783751487732
ENSG00000152377_unmod,0.0376,0.43124693632125854
ENSG00000152382_unmod,-0.3859,1.3952990770339966
ENSG00000152402_unmod,-0.1269,0.4408397376537323
ENSG00000152409_unmod,-0.196,1.5679142475128174
ENSG00000152413_unmod,-0.5124,2.043084144592285
ENSG00000152422_unmod,-0.4671,0.5294205546379089
ENSG00000152443_unmod,-0.2845,0.3944702446460724
ENSG00000152455_unmod,-0.1896,0.7671022415161133
ENSG00000152457_unmod,-0.3792,0.4175664186477661
ENSG00000152464_unmod,-0.162,1.5341968536376953
ENSG00000152465_unmod,-0.3383,0.5351356863975525
ENSG00000152484_unmod,0.0575,1.5549663305282593
ENSG00000152492_unmod,0.5142,2.531055212020874
ENSG00000152495_unmod,0.0959,1.425383448600769
ENSG00000152503_unmod,0.2472,29.773298263549805
ENSG00000152518_unmod,0.0252,0.9849961400032043
ENSG00000152520_unmod,0.1933,0.341422438621521
ENSG00000152527_unmod,0.5977,2.469111442565918
ENSG00000152556_unmod,-0.6725,2.379143714904785
ENSG00000152558_unmod,-0.4568,0.2145703136920929
ENSG00000152580_unmod,-0.3482,1.869756817817688
ENSG00000152582_unmod,0.4358,1.1216949224472046
ENSG00000152601_unmod,-0.2293,0.9977034330368042
ENSG00000152620_unmod,-0.0433,1.8124645948410034
ENSG00000152642_unmod,-0.3951,0.48440444469451904
ENSG00000152661_unmod,-0.9124,1.035943627357483
ENSG00000152669_unmod,-0.1261,1.16655433177948
ENSG00000152683_unmod,-0.2683,0.44308170676231384
ENSG00000152684_unmod,-0.1235,0.6002375483512878
ENSG00000152700_unmod,0.1062,0.7092747092247009
ENSG00000152749_unmod,0.5198,0.7540174722671509
ENSG00000152767_unmod,0.0146,1.4178552627563477
ENSG00000152778_unmod,-0.1234,0.9296702742576599
ENSG00000152795_unmod,-0.021,0.9850268363952637
ENSG00000152804_unmod,-0.2258,0.9480276703834534
ENSG00000152818_unmod,0.0519,0.6450201272964478
ENSG00000152894_unmod,0.5939,0.5133588314056396
ENSG00000152904_unmod,-0.1925,2.5182204246520996
ENSG00000152932_unmod,0.5115,0.7033767104148865
ENSG00000152942_unmod,0.2156,1.1721562147140503
ENSG00000152944_unmod,0.1293,1.8548591136932373
ENSG00000152952_unmod,1.2448,0.5703946948051453
ENSG00000152953_unmod,-0.2405,1.0919499397277832
ENSG00000152990_unmod,-0.4356,3.007796287536621
ENSG00000153006_unmod,0.0269,2.399395704269409
ENSG00000153015_unmod,0.0335,1.5673577785491943
ENSG00000153029_unmod,0.201,1.9122239351272583
ENSG00000153037_unmod,-0.0235,1.5824822187423706
ENSG00000153044_unmod,0.4056,0.49629998207092285
ENSG00000153046_unmod,0.3774,0.4856713116168976
ENSG00000153048_unmod,0.8298,1.2778501510620117
ENSG00000153064_unmod,0.1963,2.2164955139160156
ENSG00000153066_unmod,0.4026,0.4283692538738251
ENSG00000153071_unmod,-0.6809,1.9703919887542725
ENSG00000153094_unmod,-0.0031,0.4915406107902527
ENSG00000153107_unmod,-0.3797,0.2347099930047989
ENSG00000153113_unmod,0.3085,1.6031019687652588
ENSG00000153130_unmod,0.0585,1.1561944484710693
ENSG00000153132_unmod,0.4998,0.7280262112617493
ENSG00000153147_unmod,0.4957,1.09414541721344
ENSG00000153162_unmod,0.037,0.38801148533821106
ENSG00000153179_unmod,-0.1772,0.2688283622264862
ENSG00000153187_unmod,0.0505,1.6950763463974
ENSG00000153201_unmod,0.1248,1.203068494796753
ENSG00000153207_unmod,-0.0356,0.4296741187572479
ENSG00000153214_unmod,0.6673,1.1316636800765991
ENSG00000153234_unmod,0.4053,0.6577440500259399
ENSG00000153246_unmod,0.5574,2.9933245182037354
ENSG00000153250_unmod,0.8668,0.39433759450912476
ENSG00000153253_unmod,0.1693,0.8679471611976624
ENSG00000153310_unmod,-0.3154,0.8343274593353271
ENSG00000153317_unmod,-0.0861,0.5203740000724792
ENSG00000153339_unmod,-0.103,0.701353132724762
ENSG00000153363_unmod,0.074,1.5918807983398438
ENSG00000153391_unmod,-0.2294,0.2304629534482956
ENSG00000153395_unmod,-0.4956,0.6406638622283936
ENSG00000153406_unmod,0.4342,1.684569001197815
ENSG00000153443_unmod,-0.1787,1.3254815340042114
ENSG00000153487_unmod,0.4505,1.5471351146697998
ENSG00000153531_unmod,0.6641,0.2908836603164673
ENSG00000153551_unmod,-0.8296,0.746673047542572
ENSG00000153558_unmod,0.0595,2.3490819931030273
ENSG00000153560_unmod,-0.8634,27.128774642944336
ENSG00000153561_unmod,-0.2258,0.8609410524368286
ENSG00000153574_unmod,-0.1521,1.285308599472046
ENSG00000153707_unmod,0.5347,1.64442777633667
ENSG00000153714_unmod,-0.0916,1.6609747409820557
ENSG00000153721_unmod,0.1147,36.083282470703125
ENSG00000153767_unmod,0.3285,0.3999391496181488
ENSG00000153774_unmod,0.1205,0.8639573454856873
ENSG00000153786_unmod,0.1599,0.3490963280200958
ENSG00000153814_unmod,0.0331,0.8171250224113464
ENSG00000153815_unmod,-0.025,0.852443516254425
ENSG00000153823_unmod,0.2326,0.7965184450149536
ENSG00000153827_unmod,-0.0047,0.8911391496658325
ENSG00000153879_unmod,0.1175,0.6057018637657166
ENSG00000153885_unmod,-0.1295,0.4062725603580475
ENSG00000153904_unmod,0.3095,0.7089210748672485
ENSG00000153914_unmod,0.1252,0.6975412368774414
ENSG00000153922_unmod,0.1501,0.7931836247444153
ENSG00000153930_unmod,0.2609,0.4964020848274231
ENSG00000153936_unmod,0.3057,0.49480244517326355
ENSG00000153944_unmod,-0.1338,1.0002026557922363
ENSG00000153956_unmod,-0.0068,0.9029989838600159
ENSG00000153975_unmod,-0.169,2.0163204669952393
ENSG00000153989_unmod,-0.523,0.5113361477851868
ENSG00000153993_unmod,-0.7647,0.24281001091003418
ENSG00000154001_unmod,-0.2043,1.413164496421814
ENSG00000154059_unmod,0.0025,0.5765478610992432
ENSG00000154065_unmod,0.0378,1.8518681526184082
ENSG00000154096_unmod,-0.0858,1.4101251363754272
ENSG00000154114_unmod,-0.0197,1.5077420473098755
ENSG00000154122_unmod,-0.3803,1.8126155138015747
ENSG00000154124_unmod,0.0942,0.6350257992744446
ENSG00000154127_unmod,-1.1607,1.5450559854507446
ENSG00000154144_unmod,0.2921,0.9704452753067017
ENSG00000154146_unmod,0.4231,1.1432323455810547
ENSG00000154153_unmod,0.021,1.896312952041626
ENSG00000154162_unmod,0.3086,0.8955298662185669
ENSG00000154174_unmod,-0.0792,0.6267345547676086
ENSG00000154217_unmod,-0.179,0.6223037838935852
ENSG00000154222_unmod,0.4348,0.9838674664497375
ENSG00000154237_unmod,-0.2097,1.6539407968521118
ENSG00000154240_unmod,0.7833,0.659759521484375
ENSG00000154265_unmod,0.3158,1.5390520095825195
ENSG00000154274_unmod,-0.4499,0.4014818072319031
ENSG00000154277_unmod,0.4574,1.4513134956359863
ENSG00000154305_unmod,-0.365,0.206721693277359
ENSG00000154309_unmod,0.0879,1.2431799173355103
ENSG00000154310_unmod,0.1044,0.33397629857063293
ENSG00000154358_unmod,0.309,0.48231667280197144
ENSG00000154370_unmod,-0.0907,2.0986571311950684
ENSG00000154380_unmod,-0.5172,1.2552530765533447
ENSG00000154429_unmod,-0.7746,0.7406045794487
ENSG00000154447_unmod,0.11,1.0593897104263306
ENSG00000154451_unmod,1.123,0.6387321352958679
ENSG00000154511_unmod,-0.0887,0.523466944694519
ENSG00000154518_unmod,0.0955,1.054213285446167
ENSG00000154529_unmod,0.0496,0.35812345147132874
ENSG00000154553_unmod,0.3605,0.761894166469574
ENSG00000154556_unmod,0.0191,0.9294876456260681
ENSG00000154582_unmod,-0.1284,0.9147238731384277
ENSG00000154639_unmod,-0.8484,0.6235937476158142
ENSG00000154640_unmod,0.2504,1.9507243633270264
ENSG00000154642_unmod,0.1263,0.4172652065753937
ENSG00000154654_unmod,0.6097,0.30304574966430664
ENSG00000154678_unmod,-0.0008,0.20490138232707977
ENSG00000154710_unmod,0.3424,0.5304273366928101
ENSG00000154719_unmod,-0.1309,0.6521239876747131
ENSG00000154723_unmod,-0.091,0.5931024551391602
ENSG00000154727_unmod,0.1563,0.6170171499252319
ENSG00000154734_unmod,-0.3577,1.3808504343032837
ENSG00000154743_unmod,-0.4835,2.5248525142669678
ENSG00000154760_unmod,0.851,0.7869181632995605
ENSG00000154767_unmod,0.3169,2.6488125324249268
ENSG00000154781_unmod,0.2936,0.394415020942688
ENSG00000154803_unmod,0.1788,1.3807429075241089
ENSG00000154813_unmod,-0.085,3.211467742919922
ENSG00000154814_unmod,-0.3509,0.5362719297409058
ENSG00000154832_unmod,0.1648,1.2514960765838623
ENSG00000154839_unmod,0.3035,0.6380584239959717
ENSG00000154845_unmod,0.4302,1.346411943435669
ENSG00000154864_unmod,-0.0481,2.137881278991699
ENSG00000154874_unmod,-0.0324,1.5442558526992798
ENSG00000154889_unmod,0.2677,1.0946807861328125
ENSG00000154898_unmod,0.3982,1.4867445230484009
ENSG00000154914_unmod,0.193,0.4023214876651764
ENSG00000154917_unmod,0.4566,0.3593544661998749
ENSG00000154920_unmod,0.1681,2.014982223510742
ENSG00000154945_unmod,-0.3703,0.9128283262252808
ENSG00000154978_unmod,-0.4606,0.6960688829421997
ENSG00000155008_unmod,-0.4095,2.800185203552246
ENSG00000155016_unmod,-0.6728,0.4418558180332184
ENSG00000155034_unmod,-0.0826,1.0487831830978394
ENSG00000155085_unmod,0.3532,0.9137651920318604
ENSG00000155090_unmod,0.508,1.397632122039795
ENSG00000155096_unmod,-0.5381,1.150363564491272
ENSG00000155097_unmod,-0.1364,2.1393821239471436
ENSG00000155099_unmod,-0.6732,1.3380237817764282
ENSG00000155100_unmod,-0.5365,1.7031489610671997
ENSG00000155111_unmod,0.0577,1.696447491645813
ENSG00000155115_unmod,0.4939,1.4683051109313965
ENSG00000155158_unmod,0.4771,0.5806246995925903
ENSG00000155189_unmod,-0.3097,0.37184950709342957
ENSG00000155229_unmod,-0.0787,0.2400079071521759
ENSG00000155252_unmod,-0.0646,0.49482062458992004
ENSG00000155254_unmod,-0.0994,1.9374008178710938
ENSG00000155256_unmod,-0.3537,0.5657742023468018
ENSG00000155275_unmod,-0.2665,2.493929147720337
ENSG00000155287_unmod,0.1076,0.9350705742835999
ENSG00000155304_unmod,0.4944,0.3187871277332306
ENSG00000155313_unmod,-0.0126,0.5616122484207153
ENSG00000155324_unmod,0.6731,0.5614489316940308
ENSG00000155329_unmod,0.1659,2.278445243835449
ENSG00000155330_unmod,0.2879,0.575370728969574
ENSG00000155363_unmod,0.2173,0.6770319938659668
ENSG00000155366_unmod,0.4006,0.7897748351097107
ENSG00000155368_unmod,-0.3812,0.6666550636291504
ENSG00000155380_unmod,-0.0854,0.4273267388343811
ENSG00000155393_unmod,0.1809,0.713006317615509
ENSG00000155438_unmod,-0.1554,0.14323095977306366
ENSG00000155463_unmod,-0.3846,1.0196192264556885
ENSG00000155506_unmod,-0.2533,2.8080787658691406
ENSG00000155508_unmod,-0.1404,1.6824331283569336
ENSG00000155542_unmod,0.1591,1.1265803575515747
ENSG00000155545_unmod,0.0524,0.5827087759971619
ENSG00000155561_unmod,-0.0078,0.3795611262321472
ENSG00000155592_unmod,-0.6398,1.7326427698135376
ENSG00000155621_unmod,-0.2117,0.7092346549034119
ENSG00000155636_unmod,-0.2512,1.1973657608032227
ENSG00000155657_unmod,0.3413,1.2233796119689941
ENSG00000155660_unmod,0.5582,1.591300129890442
ENSG00000155729_unmod,0.24,2.835379123687744
ENSG00000155744_unmod,-0.176,1.8819516897201538
ENSG00000155755_unmod,-0.1669,0.07286717742681503
ENSG00000155760_unmod,0.1412,0.9684204459190369
ENSG00000155816_unmod,-0.1944,0.3841758370399475
ENSG00000155827_unmod,0.1447,1.3036917448043823
ENSG00000155846_unmod,-0.6058,0.9832777380943298
ENSG00000155850_unmod,0.3306,0.6146244406700134
ENSG00000155858_unmod,-0.0941,0.24276797473430634
ENSG00000155868_unmod,0.1407,1.8967164754867554
ENSG00000155876_unmod,-0.0656,0.9728406071662903
ENSG00000155893_unmod,0.2536,0.41009753942489624
ENSG00000155903_unmod,-0.2121,0.6941130757331848
ENSG00000155906_unmod,0.0711,0.7551444172859192
ENSG00000155957_unmod,0.1163,2.242663621902466
ENSG00000155959_unmod,-0.0295,1.0323784351348877
ENSG00000155962_unmod,0.0239,0.2700798213481903
ENSG00000155975_unmod,-0.6395,0.9208407998085022
ENSG00000156011_unmod,0.1904,0.9243829846382141
ENSG00000156017_unmod,0.0548,1.272691011428833
ENSG00000156026_unmod,0.0469,2.5665502548217773
ENSG00000156030_unmod,-0.1783,26.0892391204834
ENSG00000156050_unmod,0.7641,1.4474189281463623
ENSG00000156052_unmod,0.1009,4.630270004272461
ENSG00000156110_unmod,0.2726,0.4735119342803955
ENSG00000156113_unmod,0.4285,0.3215041756629944
ENSG00000156136_unmod,0.2363,0.7003150582313538
ENSG00000156140_unmod,0.3963,2.321383237838745
ENSG00000156162_unmod,-0.1259,1.5868432521820068
ENSG00000156170_unmod,0.0137,0.34781771898269653
ENSG00000156171_unmod,-0.0695,5.357079982757568
ENSG00000156172_unmod,-0.7237,0.7452832460403442
ENSG00000156218_unmod,0.0396,0.8867819309234619
ENSG00000156232_unmod,0.272,1.2184890508651733
ENSG00000156239_unmod,0.2507,0.6316322088241577
ENSG00000156253_unmod,-0.1556,0.7379885911941528
ENSG00000156256_unmod,0.2263,0.9919435977935791
ENSG00000156261_unmod,-0.1445,1.354628562927246
ENSG00000156273_unmod,0.1528,0.6868297457695007
ENSG00000156299_unmod,0.7572,2.1004650592803955
ENSG00000156304_unmod,-0.306,0.602060079574585
ENSG00000156313_unmod,-0.1562,0.8009740710258484
ENSG00000156345_unmod,-0.0714,1.6491940021514893
ENSG00000156374_unmod,-0.0655,1.4834704399108887
ENSG00000156381_unmod,0.2978,0.865003228187561
ENSG00000156384_unmod,0.4508,0.6050541400909424
ENSG00000156398_unmod,-0.3912,0.18429407477378845
ENSG00000156411_unmod,-0.0614,2.9887404441833496
ENSG00000156414_unmod,0.1649,0.7928573489189148
ENSG00000156453_unmod,0.7934,0.8673617243766785
ENSG00000156463_unmod,0.236,1.146196722984314
ENSG00000156467_unmod,0.1926,2.619009256362915
ENSG00000156469_unmod,-0.3669,0.467889666557312
ENSG00000156471_unmod,-0.2423,1.444326639175415
ENSG00000156475_unmod,-0.4108,0.7240374684333801
ENSG00000156482_unmod,-0.0248,0.7664741277694702
ENSG00000156500_unmod,0.4963,0.8785626888275146
ENSG00000156502_unmod,-0.3573,1.3786144256591797
ENSG00000156504_unmod,0.0468,0.7974163889884949
ENSG00000156508_unmod,0.1249,1.8916934728622437
ENSG00000156509_unmod,0.528,0.46338844299316406
ENSG00000156510_unmod,-0.0115,1.4321551322937012
ENSG00000156515_unmod,0.1254,1.735953688621521
ENSG00000156521_unmod,-0.0574,0.6401808857917786
ENSG00000156531_unmod,-0.111,0.7211787104606628
ENSG00000156535_unmod,0.3686,1.9575594663619995
ENSG00000156587_unmod,0.2014,2.2866389751434326
ENSG00000156599_unmod,-0.0288,1.7086445093154907
ENSG00000156603_unmod,0.2797,2.478788137435913
ENSG00000156639_unmod,0.2814,0.654756486415863
ENSG00000156642_unmod,0.0275,1.013804316520691
ENSG00000156650_unmod,-0.0569,0.6455579996109009
ENSG00000156671_unmod,0.0222,0.23961934447288513
ENSG00000156675_unmod,-0.01,1.320562481880188
ENSG00000156697_unmod,-0.1833,0.9226301908493042
ENSG00000156709_unmod,-0.036,3.0244030952453613
ENSG00000156735_unmod,-0.0298,2.334699869155884
ENSG00000156787_unmod,0.0301,1.6112250089645386
ENSG00000156795_unmod,0.1108,0.7739694118499756
ENSG00000156802_unmod,0.6159,1.8791593313217163
ENSG00000156804_unmod,0.0498,0.6096284985542297
ENSG00000156831_unmod,0.2652,0.3199956715106964
ENSG00000156853_unmod,-0.3348,0.46646326780319214
ENSG00000156858_unmod,-0.0404,0.5060883164405823
ENSG00000156860_unmod,-0.1658,2.2631444931030273
ENSG00000156869_unmod,0.0982,0.5149168372154236
ENSG00000156873_unmod,0.2983,0.7143083810806274
ENSG00000156876_unmod,-0.1332,0.483918160200119
ENSG00000156928_unmod,-0.0332,0.8418523073196411
ENSG00000156931_unmod,0.1002,0.40711331367492676
ENSG00000156958_unmod,0.2301,1.4877530336380005
ENSG00000156968_unmod,-0.509,0.6063364744186401
ENSG00000156970_unmod,0.1979,0.475372850894928
ENSG00000156973_unmod,0.2304,0.6722878813743591
ENSG00000156983_unmod,-0.0361,0.4975924789905548
ENSG00000156990_unmod,-0.32,0.734874427318573
ENSG00000157014_unmod,-0.1466,0.5231015682220459
ENSG00000157020_unmod,0.235,1.8174411058425903
ENSG00000157036_unmod,-0.0438,0.8676803708076477
ENSG00000157045_unmod,0.1996,0.7935450673103333
ENSG00000157064_unmod,-0.0947,2.261632204055786
ENSG00000157077_unmod,0.4289,0.625236988067627
ENSG00000157106_unmod,-0.1122,1.423750400543213
ENSG00000157107_unmod,0.1179,0.8882440328598022
ENSG00000157110_unmod,0.0908,0.6709810495376587
ENSG00000157150_unmod,0.3355,0.6256122589111328
ENSG00000157168_unmod,0.3957,0.751143753528595
ENSG00000157181_unmod,-0.2212,0.3647162914276123
ENSG00000157184_unmod,-0.0366,1.536024570465088
ENSG00000157191_unmod,0.2452,1.5608325004577637
ENSG00000157193_unmod,0.2754,0.8726023435592651
ENSG00000157212_unmod,-0.0433,0.48893022537231445
ENSG00000157216_unmod,-0.0965,0.4034147560596466
ENSG00000157224_unmod,-0.2991,0.8439525365829468
ENSG00000157227_unmod,0.5969,1.987284779548645
ENSG00000157240_unmod,0.1833,1.1847472190856934
ENSG00000157259_unmod,-0.008,0.2932039499282837
ENSG00000157349_unmod,0.014,0.737821102142334
ENSG00000157350_unmod,0.1405,1.3800426721572876
ENSG00000157353_unmod,-0.2717,0.7305173277854919
ENSG00000157379_unmod,0.5183,2.214892625808716
ENSG00000157426_unmod,0.1716,1.264305591583252
ENSG00000157445_unmod,0.287,1.173698902130127
ENSG00000157450_unmod,-0.0591,1.6783908605575562
ENSG00000157456_unmod,0.023,1.6387138366699219
ENSG00000157470_unmod,-0.1807,2.4645836353302
ENSG00000157483_unmod,-0.2785,0.6452637314796448
ENSG00000157500_unmod,-0.2403,0.47409069538116455
ENSG00000157510_unmod,0.3914,1.573182225227356
ENSG00000157514_unmod,0.0454,0.5056437849998474
ENSG00000157538_unmod,0.2427,0.8756075501441956
ENSG00000157540_unmod,-0.1246,1.061944603919983
ENSG00000157554_unmod,-0.0741,1.1825114488601685
ENSG00000157557_unmod,0.0973,1.702181100845337
ENSG00000157570_unmod,1.1505,1.481118083000183
ENSG00000157593_unmod,-0.0502,0.4202941656112671
ENSG00000157600_unmod,-0.2135,0.8243451118469238
ENSG00000157601_unmod,0.3232,1.729135513305664
ENSG00000157613_unmod,0.4407,1.2135761976242065
ENSG00000157617_unmod,-0.4011,1.6080217361450195
ENSG00000157625_unmod,-0.0973,0.5043856501579285
ENSG00000157637_unmod,0.2417,0.9893155097961426
ENSG00000157657_unmod,-0.4649,1.305398941040039
ENSG00000157680_unmod,0.3812,0.6600631475448608
ENSG00000157693_unmod,-0.2942,1.1940468549728394
ENSG00000157741_unmod,0.2559,0.5687881112098694
ENSG00000157764_unmod,-0.1176,1.0465145111083984
ENSG00000157778_unmod,0.0897,1.6666797399520874
ENSG00000157796_unmod,0.1527,0.5085510015487671
ENSG00000157800_unmod,0.4259,0.775801956653595
ENSG00000157823_unmod,-0.0853,29.071544647216797
ENSG00000157827_unmod,0.326,0.489877313375473
ENSG00000157837_unmod,-0.0329,1.060907244682312
ENSG00000157869_unmod,0.1526,0.40221139788627625
ENSG00000157881_unmod,0.2838,0.9790734648704529
ENSG00000157895_unmod,0.0345,0.8545713424682617
ENSG00000157911_unmod,-0.1125,0.6939172744750977
ENSG00000157916_unmod,-0.1263,0.849927544593811
ENSG00000157933_unmod,0.1679,0.5155349373817444
ENSG00000157954_unmod,0.1433,1.4082797765731812
ENSG00000157978_unmod,0.0436,1.1984049081802368
ENSG00000157985_unmod,0.0061,2.180907964706421
ENSG00000158006_unmod,-0.0202,1.0653184652328491
ENSG00000158019_unmod,-0.0049,0.3712618350982666
ENSG00000158023_unmod,-0.1151,0.3661480247974396
ENSG00000158042_unmod,-0.2703,0.5293247103691101
ENSG00000158050_unmod,-0.007,2.4170291423797607
ENSG00000158062_unmod,0.7108,1.3294330835342407
ENSG00000158079_unmod,0.399,0.8338022232055664
ENSG00000158092_unmod,0.4465,0.5872807502746582
ENSG00000158106_unmod,-0.0813,0.9958590865135193
ENSG00000158109_unmod,-0.1275,0.12533174455165863
ENSG00000158122_unmod,0.5292,0.31817102432250977
ENSG00000158156_unmod,-0.0686,3.44950008392334
ENSG00000158158_unmod,-0.7105,2.536379814147949
ENSG00000158161_unmod,-0.194,0.46606364846229553
ENSG00000158163_unmod,0.5984,1.5330740213394165
ENSG00000158169_unmod,0.1995,0.27947720885276794
ENSG00000158186_unmod,-0.573,0.26299774646759033
ENSG00000158195_unmod,-0.0501,1.0366084575653076
ENSG00000158201_unmod,-0.0085,0.9440087080001831
ENSG00000158234_unmod,0.5833,2.4627556800842285
ENSG00000158286_unmod,-0.1502,0.7008825540542603
ENSG00000158290_unmod,-0.0226,1.1650100946426392
ENSG00000158292_unmod,0.7203,2.0065057277679443
ENSG00000158321_unmod,0.266,0.8116682767868042
ENSG00000158373_unmod,0.2541,0.8076085448265076
ENSG00000158402_unmod,0.2578,0.6214436888694763
ENSG00000158406_unmod,0.353,2.0594606399536133
ENSG00000158411_unmod,-0.0549,1.0342448949813843
ENSG00000158417_unmod,0.5648,1.0568206310272217
ENSG00000158435_unmod,-0.0094,1.1414271593093872
ENSG00000158467_unmod,-0.2141,2.722196578979492
ENSG00000158470_unmod,0.0795,1.545264482498169
ENSG00000158480_unmod,-0.3482,0.2085174024105072
ENSG00000158483_unmod,-0.4473,0.938598096370697
ENSG00000158526_unmod,-0.1719,0.46113380789756775
ENSG00000158528_unmod,-0.5213,1.954162359237671
ENSG00000158545_unmod,-0.1808,0.9930599331855774
ENSG00000158552_unmod,0.2015,2.4062256813049316
ENSG00000158555_unmod,0.1031,0.5590313673019409
ENSG00000158604_unmod,0.0612,1.7781612873077393
ENSG00000158615_unmod,-0.0717,0.788493812084198
ENSG00000158623_unmod,-0.3854,0.7071075439453125
ENSG00000158636_unmod,-0.2118,0.3855392336845398
ENSG00000158669_unmod,0.1953,0.8873478770256042
ENSG00000158691_unmod,0.0165,0.6634373068809509
ENSG00000158710_unmod,0.2621,1.2961336374282837
ENSG00000158711_unmod,0.3808,0.6129010915756226
ENSG00000158715_unmod,-1.1037,0.43418851494789124
ENSG00000158716_unmod,0.0776,1.6330848932266235
ENSG00000158717_unmod,-0.2377,1.5930367708206177
ENSG00000158747_unmod,0.3464,1.1359281539916992
ENSG00000158773_unmod,0.1363,2.758546829223633
ENSG00000158792_unmod,0.5031,1.6351971626281738
ENSG00000158793_unmod,0.4302,0.8820368051528931
ENSG00000158796_unmod,0.1558,2.0617008209228516
ENSG00000158805_unmod,-0.3064,0.5456538200378418
ENSG00000158825_unmod,-0.0428,0.8134313821792603
ENSG00000158828_unmod,0.2843,1.4910941123962402
ENSG00000158850_unmod,-0.5146,1.610565423965454
ENSG00000158863_unmod,0.335,0.9181102514266968
ENSG00000158864_unmod,0.2377,0.3259336054325104
ENSG00000158882_unmod,-0.1398,0.5804941058158875
ENSG00000158941_unmod,0.2083,0.7618067264556885
ENSG00000158966_unmod,-0.4925,0.5795670747756958
ENSG00000158985_unmod,-0.2023,1.5416479110717773
ENSG00000158987_unmod,-0.3664,0.978791356086731
ENSG00000159023_unmod,0.0962,0.9063580632209778
ENSG00000159055_unmod,0.3928,1.0863885879516602
ENSG00000159063_unmod,-0.2841,29.159934997558594
ENSG00000159069_unmod,0.2751,0.5769190192222595
ENSG00000159079_unmod,-0.5098,1.6410644054412842
ENSG00000159082_unmod,0.2863,1.0818110704421997
ENSG00000159086_unmod,-0.0453,2.3268539905548096
ENSG00000159110_unmod,0.3527,0.39484232664108276
ENSG00000159111_unmod,-0.218,1.3970088958740234
ENSG00000159128_unmod,0.114,0.7650452256202698
ENSG00000159131_unmod,-0.2848,0.7106177806854248
ENSG00000159140_unmod,-0.0827,0.3667566180229187
ENSG00000159147_unmod,0.3702,2.2539517879486084
ENSG00000159164_unmod,0.3716,2.490640640258789
ENSG00000159176_unmod,-0.1254,0.5506566166877747
ENSG00000159199_unmod,-0.0715,1.5053901672363281
ENSG00000159200_unmod,0.502,0.7689544558525085
ENSG00000159202_unmod,-0.1644,0.7317385077476501
ENSG00000159210_unmod,0.294,2.1169190406799316
ENSG00000159216_unmod,0.0024,0.6653424501419067
ENSG00000159217_unmod,0.0128,0.98741614818573
ENSG00000159228_unmod,0.0002,1.29971444606781
ENSG00000159231_unmod,1.1662,2.0041041374206543
ENSG00000159251_unmod,0.0099,0.4351066052913666
ENSG00000159256_unmod,0.1902,0.1507592797279358
ENSG00000159259_unmod,0.2586,1.9889076948165894
ENSG00000159263_unmod,-0.511,0.5764767527580261
ENSG00000159267_unmod,0.3153,0.36727380752563477
ENSG00000159322_unmod,0.1739,0.17316226661205292
ENSG00000159335_unmod,0.4621,0.6678864359855652
ENSG00000159346_unmod,-0.1423,0.38388633728027344
ENSG00000159348_unmod,0.2317,1.4432084560394287
ENSG00000159352_unmod,0.0554,0.4286782443523407
ENSG00000159363_unmod,0.313,0.327814519405365
ENSG00000159377_unmod,0.0823,0.7858510613441467
ENSG00000159388_unmod,0.0563,2.6583609580993652
ENSG00000159399_unmod,-0.5753,0.43447044491767883
ENSG00000159403_unmod,0.6367,2.412379026412964
ENSG00000159433_unmod,0.0137,1.5248090028762817
ENSG00000159445_unmod,-0.2077,1.4572337865829468
ENSG00000159459_unmod,0.1187,0.9044111967086792
ENSG00000159461_unmod,0.1171,0.8708704710006714
ENSG00000159479_unmod,-0.0753,29.22857093811035
ENSG00000159556_unmod,0.122,5.171713352203369
ENSG00000159579_unmod,0.0521,0.46452558040618896
ENSG00000159592_unmod,-0.2297,0.572972297668457
ENSG00000159593_unmod,-0.0811,2.4359381198883057
ENSG00000159596_unmod,-0.1026,1.7263561487197876
ENSG00000159658_unmod,0.5536,1.9660800695419312
ENSG00000159685_unmod,-0.2231,0.9955717325210571
ENSG00000159692_unmod,0.1859,0.9081907868385315
ENSG00000159720_unmod,0.1803,1.054695725440979
ENSG00000159733_unmod,0.1978,0.29438817501068115
ENSG00000159788_unmod,0.7175,1.7673816680908203
ENSG00000159792_unmod,0.3083,0.1966201663017273
ENSG00000159840_unmod,-0.0498,0.5128597021102905
ENSG00000159842_unmod,0.4432,0.27167198061943054
ENSG00000159873_unmod,0.9595,0.5972727537155151
ENSG00000159884_unmod,0.7832,1.401422142982483
ENSG00000159899_unmod,0.0019,0.8122698068618774
ENSG00000159905_unmod,0.284,0.7681183218955994
ENSG00000159917_unmod,0.0133,0.5447052717208862
ENSG00000159921_unmod,-0.3893,1.560160756111145
ENSG00000160007_unmod,-0.0049,0.5556859374046326
ENSG00000160014_unmod,0.4005,3.2196342945098877
ENSG00000160049_unmod,-0.8186,1.1670703887939453
ENSG00000160051_unmod,0.385,0.4954596757888794
ENSG00000160055_unmod,0.0775,0.4544141888618469
ENSG00000160058_unmod,0.1796,0.4391491413116455
ENSG00000160062_unmod,0.1813,1.0238306522369385
ENSG00000160072_unmod,0.091,0.8819294571876526
ENSG00000160075_unmod,-0.0389,36.13323211669922
ENSG00000160087_unmod,0.0438,0.30477961897850037
ENSG00000160094_unmod,-0.0749,0.4092696011066437
ENSG00000160113_unmod,-0.0792,1.5821563005447388
ENSG00000160117_unmod,-0.3096,0.9643586277961731
ENSG00000160124_unmod,-0.3957,1.4649196863174438
ENSG00000160131_unmod,-0.4678,0.6735150814056396
ENSG00000160145_unmod,0.5759,2.886059284210205
ENSG00000160172_unmod,-0.5534,0.7115146517753601
ENSG00000160179_unmod,0.5421,0.21844755113124847
ENSG00000160190_unmod,0.6854,0.6036593317985535
ENSG00000160193_unmod,0.0656,0.3612978756427765
ENSG00000160194_unmod,-0.0193,1.3007793426513672
ENSG00000160199_unmod,0.0774,2.340027332305908
ENSG00000160200_unmod,0.1395,0.4283151924610138
ENSG00000160208_unmod,-0.4657,0.8025162220001221
ENSG00000160209_unmod,-0.0804,1.4109246730804443
ENSG00000160211_unmod,0.0557,1.345730185508728
ENSG00000160213_unmod,-1.496,1.4147604703903198
ENSG00000160214_unmod,-0.2178,1.2565139532089233
ENSG00000160216_unmod,0.0993,0.623558759689331
ENSG00000160218_unmod,0.0114,30.398122787475586
ENSG00000160256_unmod,-0.1062,0.6735962629318237
ENSG00000160285_unmod,0.1447,0.31943097710609436
ENSG00000160293_unmod,-0.207,1.4511624574661255
ENSG00000160294_unmod,0.0948,1.0117809772491455
ENSG00000160298_unmod,0.5186,0.5778576731681824
ENSG00000160299_unmod,0.2733,1.0670523643493652
ENSG00000160305_unmod,0.1063,1.831022024154663
ENSG00000160310_unmod,0.3213,2.3533012866973877
ENSG00000160326_unmod,0.6415,1.6338846683502197
ENSG00000160336_unmod,-0.1782,0.6976641416549683
ENSG00000160345_unmod,0.3477,0.5578645467758179
ENSG00000160352_unmod,-0.0212,0.8479380011558533
ENSG00000160360_unmod,0.439,0.2860923111438751
ENSG00000160392_unmod,0.0747,1.512825608253479
ENSG00000160404_unmod,-0.1696,0.8259260058403015
ENSG00000160410_unmod,0.0684,0.8626387715339661
ENSG00000160445_unmod,0.0392,0.8912447094917297
ENSG00000160446_unmod,0.2093,2.729269027709961
ENSG00000160447_unmod,0.3291,2.0276501178741455
ENSG00000160469_unmod,0.6226,2.5042614936828613
ENSG00000160551_unmod,0.0528,1.6092356443405151
ENSG00000160563_unmod,-0.2471,0.4147208631038666
ENSG00000160570_unmod,0.222,0.7169157266616821
ENSG00000160584_unmod,-0.0716,2.4790751934051514
ENSG00000160588_unmod,1.1569,0.31662431359291077
ENSG00000160602_unmod,-0.4346,0.48961320519447327
ENSG00000160606_unmod,0.1546,0.6745417714118958
ENSG00000160613_unmod,0.033,1.766007661819458
ENSG00000160633_unmod,0.0239,0.6678887605667114
ENSG00000160679_unmod,0.1667,1.4408913850784302
ENSG00000160685_unmod,0.3172,1.715637445449829
ENSG00000160688_unmod,-0.2906,0.6844489574432373
ENSG00000160691_unmod,0.2368,1.7381502389907837
ENSG00000160695_unmod,0.1274,1.5031859874725342
ENSG00000160703_unmod,0.07,2.793247938156128
ENSG00000160710_unmod,-0.1071,1.2283201217651367
ENSG00000160712_unmod,0.1333,2.7432076930999756
ENSG00000160714_unmod,-0.3243,2.5132224559783936
ENSG00000160741_unmod,-0.2805,0.4991285800933838
ENSG00000160746_unmod,-0.1538,0.9061087369918823
ENSG00000160752_unmod,0.1519,1.1107752323150635
ENSG00000160753_unmod,0.1967,2.2655763626098633
ENSG00000160767_unmod,-0.391,1.5846444368362427
ENSG00000160783_unmod,-0.0778,1.2097574472427368
ENSG00000160785_unmod,-0.3745,1.3150612115859985
ENSG00000160789_unmod,-0.1235,0.45372211933135986
ENSG00000160796_unmod,-0.6146,3.056943416595459
ENSG00000160799_unmod,-0.0254,0.5515986084938049
ENSG00000160803_unmod,-0.2742,0.604747474193573
ENSG00000160813_unmod,-0.0467,0.9939396381378174
ENSG00000160818_unmod,-0.1156,0.4659254550933838
ENSG00000160867_unmod,-0.5648,0.931901752948761
ENSG00000160877_unmod,-0.208,0.6977707147598267
ENSG00000160886_unmod,-0.1605,0.45489418506622314
ENSG00000160888_unmod,0.48,0.7648417353630066
ENSG00000160908_unmod,0.1162,1.5357351303100586
ENSG00000160917_unmod,-0.798,0.831775426864624
ENSG00000160932_unmod,-0.0073,0.4950861930847168
ENSG00000160948_unmod,0.3567,0.5100805163383484
ENSG00000160949_unmod,0.2953,0.8751251101493835
ENSG00000160953_unmod,0.001,0.24062667787075043
ENSG00000160957_unmod,0.5037,1.0226861238479614
ENSG00000160961_unmod,0.182,0.48288530111312866
ENSG00000160972_unmod,0.0885,0.23700004816055298
ENSG00000160991_unmod,0.1798,1.9308149814605713
ENSG00000160993_unmod,-0.1601,0.6278725266456604
ENSG00000161011_unmod,0.2621,1.9108538627624512
ENSG00000161013_unmod,0.1157,1.140043020248413
ENSG00000161016_unmod,0.1669,1.6901071071624756
ENSG00000161021_unmod,-0.4255,0.820624053478241
ENSG00000161036_unmod,0.0126,1.282880187034607
ENSG00000161040_unmod,0.2749,1.986703634262085
ENSG00000161057_unmod,-0.9708,0.09371986240148544
ENSG00000161091_unmod,0.1475,1.54425847530365
ENSG00000161179_unmod,-0.662,1.3128705024719238
ENSG00000161202_unmod,-0.1022,1.559577226638794
ENSG00000161203_unmod,0.1229,0.45518380403518677
ENSG00000161204_unmod,0.1063,0.4378465712070465
ENSG00000161217_unmod,0.4408,0.2279650717973709
ENSG00000161395_unmod,0.117,0.6464014053344727
ENSG00000161513_unmod,0.0513,1.5006908178329468
ENSG00000161526_unmod,0.2487,2.288008451461792
ENSG00000161533_unmod,-0.1491,2.6735000610351562
ENSG00000161542_unmod,0.3938,0.817288875579834
ENSG00000161547_unmod,-0.1028,0.8000551462173462
ENSG00000161558_unmod,0.3575,1.8660780191421509
ENSG00000161618_unmod,-0.0471,0.5079099535942078
ENSG00000161638_unmod,0.1012,0.8325244188308716
ENSG00000161642_unmod,0.3408,3.193511724472046
ENSG00000161647_unmod,0.0457,1.524923324584961
ENSG00000161654_unmod,-0.0946,0.3541712164878845
ENSG00000161671_unmod,-0.1194,0.18211643397808075
ENSG00000161692_unmod,-0.1476,1.63530695438385
ENSG00000161714_unmod,-0.0597,26.65346908569336
ENSG00000161791_unmod,0.3949,2.267479658126831
ENSG00000161800_unmod,0.1994,0.10683148354291916
ENSG00000161813_unmod,-0.2268,28.909446716308594
ENSG00000161847_unmod,0.2137,0.9196456670761108
ENSG00000161904_unmod,0.191,0.35544028878211975
ENSG00000161920_unmod,-0.1336,0.7027389407157898
ENSG00000161956_unmod,-0.2181,1.6700972318649292
ENSG00000161960_unmod,-0.172,2.4943907260894775
ENSG00000161970_unmod,-0.4896,1.999920129776001
ENSG00000161980_unmod,-1.0415,1.9008296728134155
ENSG00000161981_unmod,0.1682,1.1977102756500244
ENSG00000161996_unmod,0.0565,0.9019035696983337
ENSG00000161999_unmod,0.1781,0.8303417563438416
ENSG00000162032_unmod,0.393,0.4835883677005768
ENSG00000162062_unmod,0.4112,1.3082443475723267
ENSG00000162063_unmod,0.1207,1.910382866859436
ENSG00000162065_unmod,-0.2242,1.1885056495666504
ENSG00000162066_unmod,-0.0097,0.9472989439964294
ENSG00000162073_unmod,0.9991,1.9540613889694214
ENSG00000162076_unmod,0.3049,0.5837820768356323
ENSG00000162086_unmod,0.1908,1.5147504806518555
ENSG00000162104_unmod,0.4297,1.6014049053192139
ENSG00000162129_unmod,-0.5979,0.30549558997154236
ENSG00000162139_unmod,-0.3454,0.2789485454559326
ENSG00000162144_unmod,-0.1879,0.9000851511955261
ENSG00000162174_unmod,0.4751,0.482666939496994
ENSG00000162191_unmod,-0.1257,0.8966283798217773
ENSG00000162194_unmod,0.0318,0.9625681638717651
ENSG00000162222_unmod,0.4369,0.5794033408164978
ENSG00000162227_unmod,0.0182,1.968812108039856
ENSG00000162231_unmod,-0.1835,2.018393039703369
ENSG00000162236_unmod,0.3507,1.7259912490844727
ENSG00000162241_unmod,0.7066,0.2437210977077484
ENSG00000162244_unmod,-0.1313,0.4375680387020111
ENSG00000162298_unmod,0.0649,0.8408273458480835
ENSG00000162300_unmod,-0.0273,1.8908737897872925
ENSG00000162302_unmod,-0.1293,0.9287923574447632
ENSG00000162337_unmod,0.0108,0.6196697354316711
ENSG00000162341_unmod,0.2053,1.8606449365615845
ENSG00000162368_unmod,0.4217,1.4565171003341675
ENSG00000162377_unmod,-0.562,2.217578172683716
ENSG00000162378_unmod,-0.0909,0.7783300876617432
ENSG00000162384_unmod,-0.0848,1.357153296470642
ENSG00000162385_unmod,0.163,6.974158763885498
ENSG00000162396_unmod,-0.2438,2.000229835510254
ENSG00000162402_unmod,0.0334,1.8341120481491089
ENSG00000162407_unmod,-0.2224,0.7617493271827698
ENSG00000162408_unmod,-0.4186,0.7529873847961426
ENSG00000162409_unmod,-0.547,2.460714817047119
ENSG00000162413_unmod,-0.0793,2.718766450881958
ENSG00000162415_unmod,-0.2646,0.7830592393875122
ENSG00000162419_unmod,-0.1461,2.248641014099121
ENSG00000162430_unmod,-0.1257,0.950589120388031
ENSG00000162433_unmod,-0.9299,1.4825106859207153
ENSG00000162434_unmod,0.1002,0.6861405372619629
ENSG00000162437_unmod,-0.006,1.038575530052185
ENSG00000162441_unmod,0.3396,0.8270715475082397
ENSG00000162458_unmod,0.3018,2.147768497467041
ENSG00000162496_unmod,0.4419,0.9348747134208679
ENSG00000162512_unmod,0.9106,0.8123223185539246
ENSG00000162517_unmod,-0.0417,31.52200698852539
ENSG00000162520_unmod,0.4038,0.8700536489486694
ENSG00000162521_unmod,0.366,0.3207486569881439
ENSG00000162522_unmod,0.2962,1.142032265663147
ENSG00000162542_unmod,0.3611,0.772996723651886
ENSG00000162551_unmod,0.108,0.9966516494750977
ENSG00000162585_unmod,-0.0504,1.4966859817504883
ENSG00000162591_unmod,0.0534,1.731323480606079
ENSG00000162599_unmod,-0.1359,1.3454779386520386
ENSG00000162600_unmod,0.3413,1.8105982542037964
ENSG00000162601_unmod,-0.007,1.213679313659668
ENSG00000162604_unmod,0.111,0.33161377906799316
ENSG00000162607_unmod,0.6861,0.6670851707458496
ENSG00000162613_unmod,0.0081,3.0249288082122803
ENSG00000162614_unmod,0.2884,0.532539427280426
ENSG00000162616_unmod,-0.0668,1.304192304611206
ENSG00000162623_unmod,-0.0929,0.5029407739639282
ENSG00000162627_unmod,0.5895,2.177905797958374
ENSG00000162631_unmod,0.604,1.3481135368347168
ENSG00000162636_unmod,-0.1702,0.4603245258331299
ENSG00000162639_unmod,-1.153,0.9043518900871277
ENSG00000162642_unmod,-0.0377,2.2697339057922363
ENSG00000162645_unmod,0.4971,1.7253845930099487
ENSG00000162650_unmod,-0.0555,0.5332880616188049
ENSG00000162654_unmod,0.4909,0.6881070733070374
ENSG00000162664_unmod,-0.1461,0.7219947576522827
ENSG00000162687_unmod,0.5288,1.1081746816635132
ENSG00000162688_unmod,-0.1412,0.695499837398529
ENSG00000162694_unmod,0.217,2.7234058380126953
ENSG00000162695_unmod,-0.4705,0.43993011116981506
ENSG00000162702_unmod,-0.4738,1.066415786743164
ENSG00000162704_unmod,1.2567,1.7468314170837402
ENSG00000162714_unmod,-0.1026,0.3759666681289673
ENSG00000162729_unmod,-0.2709,1.2570081949234009
ENSG00000162733_unmod,-0.0491,0.9738694429397583
ENSG00000162734_unmod,-0.1442,2.6199772357940674
ENSG00000162735_unmod,-0.5679,0.5344376564025879
ENSG00000162736_unmod,-0.1339,1.877828598022461
ENSG00000162757_unmod,-0.4964,0.7848566174507141
ENSG00000162769_unmod,-0.3927,1.8816969394683838
ENSG00000162772_unmod,0.3215,0.9950808882713318
ENSG00000162775_unmod,0.0726,0.608420729637146
ENSG00000162777_unmod,0.4105,0.7258028388023376
ENSG00000162783_unmod,0.0314,0.7821946740150452
ENSG00000162813_unmod,-0.1362,2.3219635486602783
ENSG00000162819_unmod,0.176,1.8843039274215698
ENSG00000162825_unmod,0.0718,0.5842058062553406
ENSG00000162836_unmod,-0.0992,1.3659509420394897
ENSG00000162851_unmod,-0.6697,2.5669801235198975
ENSG00000162852_unmod,-0.3535,0.6613031029701233
ENSG00000162869_unmod,0.146,0.8450189232826233
ENSG00000162878_unmod,-0.0015,0.5155158638954163
ENSG00000162885_unmod,-0.0096,28.417924880981445
ENSG00000162889_unmod,0.1545,1.8399748802185059
ENSG00000162894_unmod,-0.2756,0.40386512875556946
ENSG00000162909_unmod,0.284,0.7212895750999451
ENSG00000162910_unmod,0.2664,0.45744726061820984
ENSG00000162913_unmod,-0.1361,0.7196393013000488
ENSG00000162923_unmod,-0.0494,1.100354790687561
ENSG00000162924_unmod,-0.3948,1.5359938144683838
ENSG00000162927_unmod,0.1363,0.5414561033248901
ENSG00000162928_unmod,0.5589,1.9542653560638428
ENSG00000162929_unmod,0.7228,0.6861297488212585
ENSG00000162961_unmod,0.152,0.31014418601989746
ENSG00000162971_unmod,-0.7011,1.2054259777069092
ENSG00000162972_unmod,0.5153,0.5228140354156494
ENSG00000162980_unmod,-0.0619,1.8241832256317139
ENSG00000162994_unmod,0.264,1.251107096672058
ENSG00000163002_unmod,-0.2739,0.53249192237854
ENSG00000163006_unmod,-0.4345,0.7015560269355774
ENSG00000163013_unmod,-0.314,0.5818945169448853
ENSG00000163017_unmod,0.1258,1.8448915481567383
ENSG00000163026_unmod,-0.4749,0.3888872563838959
ENSG00000163029_unmod,0.1261,2.0988428592681885
ENSG00000163041_unmod,0.0562,3.2712597846984863
ENSG00000163050_unmod,-0.2452,2.549866199493408
ENSG00000163053_unmod,-0.1268,0.9282656908035278
ENSG00000163064_unmod,-0.2933,2.1737489700317383
ENSG00000163069_unmod,-0.0695,2.4105494022369385
ENSG00000163104_unmod,-0.168,0.4397294521331787
ENSG00000163110_unmod,-0.3446,0.5395792126655579
ENSG00000163125_unmod,-0.1131,3.3424084186553955
ENSG00000163131_unmod,0.1007,0.6092914938926697
ENSG00000163132_unmod,0.185,0.2714516222476959
ENSG00000163138_unmod,-0.1522,0.8573126196861267
ENSG00000163155_unmod,-0.0129,3.1455678939819336
ENSG00000163156_unmod,-0.0644,0.5893535017967224
ENSG00000163159_unmod,-0.4559,0.18777218461036682
ENSG00000163161_unmod,-0.0063,1.0325809717178345
ENSG00000163162_unmod,-0.075,0.5469786524772644
ENSG00000163166_unmod,0.2291,1.922394037246704
ENSG00000163170_unmod,-0.0543,1.6767210960388184
ENSG00000163171_unmod,0.0898,0.46194541454315186
ENSG00000163191_unmod,0.2013,0.8803708553314209
ENSG00000163214_unmod,-0.1735,1.1825858354568481
ENSG00000163235_unmod,0.598,0.8521289825439453
ENSG00000163249_unmod,-0.0125,0.5564661622047424
ENSG00000163251_unmod,-0.4755,0.18842925131320953
ENSG00000163257_unmod,-0.3444,0.9719695448875427
ENSG00000163281_unmod,-0.1387,1.9706186056137085
ENSG00000163291_unmod,-0.0901,0.9615384340286255
ENSG00000163297_unmod,0.6597,1.4958306550979614
ENSG00000163312_unmod,-0.1284,2.168034315109253
ENSG00000163319_unmod,-0.1523,0.568087637424469
ENSG00000163320_unmod,-0.0911,1.3242323398590088
ENSG00000163322_unmod,-0.2571,0.9898223876953125
ENSG00000163328_unmod,0.2287,0.6980785727500916
ENSG00000163344_unmod,0.307,1.7221260070800781
ENSG00000163346_unmod,0.0507,1.0086013078689575
ENSG00000163347_unmod,-0.0504,0.4976036548614502
ENSG00000163348_unmod,0.3771,1.0975016355514526
ENSG00000163349_unmod,-0.344,0.7841021418571472
ENSG00000163364_unmod,0.0898,1.415845274925232
ENSG00000163374_unmod,-0.2077,1.559805154800415
ENSG00000163376_unmod,0.2785,1.1666439771652222
ENSG00000163378_unmod,0.2651,0.8440586924552917
ENSG00000163382_unmod,-0.1131,0.8698949217796326
ENSG00000163389_unmod,-0.5034,1.4266512393951416
ENSG00000163393_unmod,0.3882,0.6003004908561707
ENSG00000163395_unmod,-0.0716,0.5778416991233826
ENSG00000163399_unmod,0.0024,0.46643489599227905
ENSG00000163428_unmod,-0.6979,0.8507269620895386
ENSG00000163430_unmod,-0.1926,0.5805903673171997
ENSG00000163435_unmod,0.2594,0.3609866499900818
ENSG00000163444_unmod,-0.3229,0.9124152660369873
ENSG00000163453_unmod,0.157,0.12941278517246246
ENSG00000163466_unmod,-0.2485,1.6017916202545166
ENSG00000163468_unmod,-0.0655,1.5338438749313354
ENSG00000163472_unmod,-0.015,1.8793545961380005
ENSG00000163479_unmod,0.1098,0.23192693293094635
ENSG00000163481_unmod,0.2022,0.32407259941101074
ENSG00000163482_unmod,-0.3203,0.6920838356018066
ENSG00000163507_unmod,0.1512,1.2042256593704224
ENSG00000163510_unmod,0.0391,0.7440846562385559
ENSG00000163512_unmod,0.2522,0.5956770777702332
ENSG00000163513_unmod,0.1611,0.4595802426338196
ENSG00000163516_unmod,0.1194,1.4059193134307861
ENSG00000163521_unmod,0.276,0.420472651720047
ENSG00000163527_unmod,0.4539,0.16406704485416412
ENSG00000163528_unmod,-0.3232,0.9525977969169617
ENSG00000163535_unmod,0.3827,1.1699620485305786
ENSG00000163536_unmod,0.0699,0.6509079933166504
ENSG00000163539_unmod,-1.0372,1.130598545074463
ENSG00000163541_unmod,-0.0897,0.8170236945152283
ENSG00000163545_unmod,-0.1649,1.350258469581604
ENSG00000163558_unmod,-0.0683,0.8516798615455627
ENSG00000163565_unmod,-0.0683,0.7158542275428772
ENSG00000163577_unmod,-0.1662,2.0539262294769287
ENSG00000163584_unmod,-0.4696,1.2563813924789429
ENSG00000163590_unmod,-0.4064,0.42462804913520813
ENSG00000163597_unmod,-0.5473,1.239670991897583
ENSG00000163602_unmod,-0.1088,1.058966875076294
ENSG00000163605_unmod,0.4443,1.6690678596496582
ENSG00000163607_unmod,-0.2309,2.2312052249908447
ENSG00000163608_unmod,-0.2041,0.8155689239501953
ENSG00000163611_unmod,0.0318,1.6141316890716553
ENSG00000163624_unmod,-0.301,0.2708593010902405
ENSG00000163625_unmod,0.1014,0.8734051585197449
ENSG00000163626_unmod,0.1359,0.4674292504787445
ENSG00000163629_unmod,0.2943,0.30638566613197327
ENSG00000163634_unmod,0.1146,0.6053173542022705
ENSG00000163635_unmod,0.2836,2.4648234844207764
ENSG00000163636_unmod,-0.1565,0.9619544148445129
ENSG00000163637_unmod,-0.1705,0.6512900590896606
ENSG00000163644_unmod,0.4532,2.7772295475006104
ENSG00000163655_unmod,0.185,0.4910134971141815
ENSG00000163659_unmod,0.1059,1.9784269332885742
ENSG00000163660_unmod,0.0721,9.163198471069336
ENSG00000163661_unmod,0.4771,0.7026666402816772
ENSG00000163681_unmod,-0.0836,1.9161088466644287
ENSG00000163682_unmod,-0.0572,1.5534225702285767
ENSG00000163683_unmod,0.1539,1.4741482734680176
ENSG00000163684_unmod,-0.3476,0.1687154918909073
ENSG00000163686_unmod,-0.2964,0.6723392605781555
ENSG00000163689_unmod,0.4764,2.0115838050842285
ENSG00000163694_unmod,1.023,0.4779933989048004
ENSG00000163697_unmod,0.0525,0.61114102602005
ENSG00000163702_unmod,0.5141,0.808782160282135
ENSG00000163703_unmod,0.3747,0.8569493889808655
ENSG00000163710_unmod,-0.2912,0.48912712931632996
ENSG00000163714_unmod,0.0849,0.1096697449684143
ENSG00000163719_unmod,0.0966,0.5369722843170166
ENSG00000163728_unmod,0.0493,0.981106162071228
ENSG00000163734_unmod,1.1854,1.7229928970336914
ENSG00000163738_unmod,-0.1036,0.27788734436035156
ENSG00000163739_unmod,0.9945,0.8738713264465332
ENSG00000163743_unmod,-0.3493,1.0794439315795898
ENSG00000163754_unmod,-0.6616,1.4825314283370972
ENSG00000163755_unmod,0.2758,0.5011507272720337
ENSG00000163781_unmod,0.1892,2.067467451095581
ENSG00000163785_unmod,-0.1668,0.3346705436706543
ENSG00000163788_unmod,0.1504,0.7569738626480103
ENSG00000163795_unmod,-0.1002,1.4533263444900513
ENSG00000163798_unmod,-0.0737,2.765052080154419
ENSG00000163807_unmod,0.1087,2.895174741744995
ENSG00000163808_unmod,0.4399,1.9649806022644043
ENSG00000163811_unmod,-0.8612,1.9639294147491455
ENSG00000163812_unmod,-0.3636,0.6083486080169678
ENSG00000163814_unmod,-0.9398,0.6332153081893921
ENSG00000163818_unmod,0.2943,2.0329904556274414
ENSG00000163820_unmod,-0.7849,0.7505784630775452
ENSG00000163832_unmod,0.1374,1.4780477285385132
ENSG00000163840_unmod,0.266,1.7164945602416992
ENSG00000163848_unmod,-0.0573,1.5839968919754028
ENSG00000163866_unmod,-0.0943,0.697979748249054
ENSG00000163867_unmod,-0.3964,0.6675236225128174
ENSG00000163870_unmod,-0.1176,1.940622329711914
ENSG00000163872_unmod,0.0234,1.1717787981033325
ENSG00000163874_unmod,0.5186,1.9430345296859741
ENSG00000163875_unmod,-0.0808,1.5192584991455078
ENSG00000163877_unmod,-0.0227,0.6489275097846985
ENSG00000163882_unmod,-0.0178,2.616633415222168
ENSG00000163898_unmod,1.4132,0.9763993620872498
ENSG00000163900_unmod,-0.2847,1.897782325744629
ENSG00000163902_unmod,-0.039,0.72407066822052
ENSG00000163904_unmod,-0.6976,0.925934910774231
ENSG00000163913_unmod,0.3443,28.388343811035156
ENSG00000163918_unmod,0.4316,1.6331394910812378
ENSG00000163923_unmod,0.3142,2.274045944213867
ENSG00000163930_unmod,0.1231,2.3646278381347656
ENSG00000163931_unmod,-0.0748,1.0070490837097168
ENSG00000163932_unmod,0.4342,0.8187556862831116
ENSG00000163933_unmod,-0.2844,0.9076109528541565
ENSG00000163935_unmod,0.2609,0.29087701439857483
ENSG00000163938_unmod,-0.1982,0.9512485861778259
ENSG00000163939_unmod,0.3525,1.2049027681350708
ENSG00000163945_unmod,-0.0675,1.1810777187347412
ENSG00000163946_unmod,0.3707,0.4483768939971924
ENSG00000163947_unmod,0.3217,0.921934187412262
ENSG00000163950_unmod,0.6162,0.6625228524208069
ENSG00000163956_unmod,0.0244,1.5490127801895142
ENSG00000163960_unmod,0.0672,1.430016279220581
ENSG00000163961_unmod,0.0985,2.605950355529785
ENSG00000163964_unmod,0.2493,0.7769244313240051
ENSG00000163975_unmod,0.6934,1.8116252422332764
ENSG00000163993_unmod,0.4882,1.9921256303787231
ENSG00000163995_unmod,0.0601,1.7476738691329956
ENSG00000164002_unmod,0.1815,0.6277296543121338
ENSG00000164008_unmod,-0.5731,0.7124480605125427
ENSG00000164010_unmod,0.1566,0.643395185470581
ENSG00000164011_unmod,-0.1583,1.8677866458892822
ENSG00000164022_unmod,-0.3183,0.4521104693412781
ENSG00000164023_unmod,0.5531,1.8895598649978638
ENSG00000164024_unmod,-0.7765,0.584103524684906
ENSG00000164031_unmod,-0.0011,2.2776472568511963
ENSG00000164032_unmod,0.3037,0.9980488419532776
ENSG00000164038_unmod,-0.1578,0.5558338761329651
ENSG00000164039_unmod,0.3689,3.061889410018921
ENSG00000164040_unmod,0.3015,0.5160765051841736
ENSG00000164045_unmod,0.0773,0.392732709646225
ENSG00000164048_unmod,-0.6668,0.4578785002231598
ENSG00000164050_unmod,-0.0423,0.6552523970603943
ENSG00000164051_unmod,0.1043,2.5482473373413086
ENSG00000164053_unmod,-0.2523,2.3703572750091553
ENSG00000164054_unmod,-0.0547,0.9066064357757568
ENSG00000164062_unmod,-0.1199,0.7899773716926575
ENSG00000164066_unmod,0.1149,0.5807151794433594
ENSG00000164068_unmod,-0.2231,1.1967251300811768
ENSG00000164070_unmod,-0.2143,2.1070096492767334
ENSG00000164073_unmod,0.3046,0.6166366338729858
ENSG00000164074_unmod,0.2078,0.5714138746261597
ENSG00000164077_unmod,-0.4919,2.2524216175079346
ENSG00000164078_unmod,0.5604,0.28613489866256714
ENSG00000164080_unmod,0.0504,0.47123590111732483
ENSG00000164081_unmod,-0.0462,1.6190530061721802
ENSG00000164086_unmod,0.0443,0.6080169677734375
ENSG00000164087_unmod,0.2043,0.6707013845443726
ENSG00000164088_unmod,0.3893,1.462928295135498
ENSG00000164091_unmod,0.0267,0.6289889216423035
ENSG00000164093_unmod,-0.1259,0.5952711701393127
ENSG00000164096_unmod,0.3593,0.30495136976242065
ENSG00000164099_unmod,-0.1159,0.6046832203865051
ENSG00000164104_unmod,0.7152,1.8280320167541504
ENSG00000164105_unmod,-0.0033,0.5250226259231567
ENSG00000164109_unmod,-0.111,1.3335750102996826
ENSG00000164111_unmod,0.274,2.469683885574341
ENSG00000164117_unmod,0.1263,0.42541468143463135
ENSG00000164118_unmod,0.2242,1.1775760650634766
ENSG00000164124_unmod,-0.3364,0.5110679864883423
ENSG00000164134_unmod,0.1848,0.32650962471961975
ENSG00000164136_unmod,0.3418,0.47275078296661377
ENSG00000164142_unmod,-0.2115,1.0708963871002197
ENSG00000164144_unmod,0.1804,0.7706067562103271
ENSG00000164151_unmod,-0.0209,1.6804744005203247
ENSG00000164161_unmod,0.5881,0.3945199251174927
ENSG00000164162_unmod,-0.351,6.448704242706299
ENSG00000164163_unmod,-0.3796,0.267183393239975
ENSG00000164164_unmod,-0.9816,0.6746463179588318
ENSG00000164167_unmod,-0.0557,0.7737839818000793
ENSG00000164168_unmod,-0.5019,0.7409459948539734
ENSG00000164169_unmod,-0.0938,0.7147492170333862
ENSG00000164171_unmod,0.6961,0.6622369885444641
ENSG00000164172_unmod,0.1391,0.1363423466682434
ENSG00000164176_unmod,-0.0169,0.7712634205818176
ENSG00000164180_unmod,-0.5927,0.9713653922080994
ENSG00000164181_unmod,0.9629,2.911993980407715
ENSG00000164182_unmod,0.1483,0.1798258274793625
ENSG00000164187_unmod,0.0559,1.7280621528625488
ENSG00000164190_unmod,-0.0148,2.574948787689209
ENSG00000164199_unmod,0.202,1.0595786571502686
ENSG00000164209_unmod,-0.3093,2.113722324371338
ENSG00000164211_unmod,0.2671,2.657419204711914
ENSG00000164219_unmod,0.485,1.024501919746399
ENSG00000164221_unmod,-0.2838,0.4681907892227173
ENSG00000164236_unmod,-0.0377,1.6483200788497925
ENSG00000164241_unmod,-0.0737,0.6966485977172852
ENSG00000164244_unmod,-0.1212,0.38129380345344543
ENSG00000164251_unmod,0.804,0.741509199142456
ENSG00000164252_unmod,0.8288,0.5583353042602539
ENSG00000164253_unmod,0.2543,4.899281978607178
ENSG00000164258_unmod,-0.0844,1.5298055410385132
ENSG00000164284_unmod,-0.3977,0.49436843395233154
ENSG00000164291_unmod,0.028,0.8553467988967896
ENSG00000164292_unmod,0.0398,0.7842128872871399
ENSG00000164294_unmod,0.5197,0.6712564826011658
ENSG00000164296_unmod,0.0328,0.6594536304473877
ENSG00000164300_unmod,0.0079,2.517796516418457
ENSG00000164305_unmod,0.3808,0.5314441323280334
ENSG00000164306_unmod,0.326,1.02059006690979
ENSG00000164307_unmod,0.3236,0.8333835005760193
ENSG00000164308_unmod,0.2865,2.3368771076202393
ENSG00000164309_unmod,-0.0701,0.5539199113845825
ENSG00000164318_unmod,0.1344,0.5303126573562622
ENSG00000164323_unmod,-0.0655,0.9892310500144958
ENSG00000164327_unmod,-0.0537,1.1000680923461914
ENSG00000164329_unmod,-0.1275,0.30718207359313965
ENSG00000164330_unmod,0.0125,1.0256390571594238
ENSG00000164331_unmod,-0.0068,1.4463549852371216
ENSG00000164332_unmod,-0.1398,1.8643627166748047
ENSG00000164338_unmod,-0.5241,0.14133112132549286
ENSG00000164342_unmod,0.3191,0.6348322629928589
ENSG00000164346_unmod,-0.0203,0.4895924925804138
ENSG00000164347_unmod,-0.1596,0.756705105304718
ENSG00000164366_unmod,-0.1465,0.9249983429908752
ENSG00000164379_unmod,0.2217,0.8221157193183899
ENSG00000164402_unmod,0.6624,0.36422649025917053
ENSG00000164403_unmod,0.3174,1.266203761100769
ENSG00000164405_unmod,0.2491,0.2520921528339386
ENSG00000164414_unmod,-0.3385,0.8165198564529419
ENSG00000164418_unmod,-0.0656,0.28694528341293335
ENSG00000164430_unmod,-0.0405,0.5671554207801819
ENSG00000164438_unmod,0.0946,2.338935136795044
ENSG00000164442_unmod,-0.7981,1.0817043781280518
ENSG00000164463_unmod,-0.0992,0.9047568440437317
ENSG00000164465_unmod,0.3637,0.37113627791404724
ENSG00000164466_unmod,0.225,1.0100531578063965
ENSG00000164494_unmod,-0.0221,0.4165325164794922
ENSG00000164506_unmod,0.4,0.9151882529258728
ENSG00000164520_unmod,0.5259,0.5608813762664795
ENSG00000164535_unmod,-0.2854,0.8294796943664551
ENSG00000164542_unmod,0.5446,0.5094650387763977
ENSG00000164543_unmod,0.1282,0.7407292127609253
ENSG00000164548_unmod,-0.0373,0.22757501900196075
ENSG00000164574_unmod,0.1104,0.5781046152114868
ENSG00000164576_unmod,0.6031,1.1741825342178345
ENSG00000164587_unmod,0.0339,0.3202999234199524
ENSG00000164597_unmod,-0.1876,1.8292653560638428
ENSG00000164603_unmod,-0.8218,0.1977451741695404
ENSG00000164609_unmod,-0.1221,0.7499246001243591
ENSG00000164610_unmod,0.313,0.35528674721717834
ENSG00000164611_unmod,0.2008,0.8214606046676636
ENSG00000164615_unmod,0.0342,1.6773029565811157
ENSG00000164619_unmod,-0.1956,0.44267329573631287
ENSG00000164620_unmod,0.2456,1.5563697814941406
ENSG00000164626_unmod,0.233,1.1060885190963745
ENSG00000164631_unmod,0.0333,2.3295063972473145
ENSG00000164649_unmod,0.3017,1.9401925802230835
ENSG00000164651_unmod,0.6852,0.5460323095321655
ENSG00000164654_unmod,-0.1728,1.7105603218078613
ENSG00000164659_unmod,0.1132,0.5441879034042358
ENSG00000164663_unmod,-0.0874,0.6094850301742554
ENSG00000164683_unmod,0.0709,2.3128745555877686
ENSG00000164684_unmod,0.113,1.5250030755996704
ENSG00000164687_unmod,-0.2786,1.8845198154449463
ENSG00000164695_unmod,0.2409,0.648870050907135
ENSG00000164713_unmod,0.0538,0.8968245983123779
ENSG00000164715_unmod,0.0122,0.36319833993911743
ENSG00000164733_unmod,0.293,0.49801573157310486
ENSG00000164736_unmod,0.3189,1.1331491470336914
ENSG00000164751_unmod,-0.811,0.6657968163490295
ENSG00000164754_unmod,0.0128,0.4473423957824707
ENSG00000164761_unmod,0.3793,0.8310546278953552
ENSG00000164808_unmod,0.1744,0.339333176612854
ENSG00000164815_unmod,-0.16,1.8081685304641724
ENSG00000164818_unmod,-1.1453,1.8556175231933594
ENSG00000164823_unmod,0.6372,1.7654982805252075
ENSG00000164828_unmod,0.116,0.6402620673179626
ENSG00000164830_unmod,0.3053,0.8394246101379395
ENSG00000164855_unmod,-0.2153,1.0648125410079956
ENSG00000164877_unmod,0.3688,0.9918421506881714
ENSG00000164880_unmod,0.0424,1.4330990314483643
ENSG00000164885_unmod,0.0926,1.2503913640975952
ENSG00000164889_unmod,-0.0583,0.18977293372154236
ENSG00000164896_unmod,-0.0116,1.3735965490341187
ENSG00000164897_unmod,-0.2133,1.0051575899124146
ENSG00000164902_unmod,0.2749,0.5070866942405701
ENSG00000164904_unmod,0.1749,0.9217123985290527
ENSG00000164916_unmod,-0.1406,0.5619057416915894
ENSG00000164919_unmod,0.2204,1.5467708110809326
ENSG00000164924_unmod,0.2925,0.8955165147781372
ENSG00000164930_unmod,-1.4915,0.9186396598815918
ENSG00000164933_unmod,0.0892,1.2492238283157349
ENSG00000164934_unmod,-0.3844,0.9328482747077942
ENSG00000164938_unmod,0.5244,2.1424343585968018
ENSG00000164941_unmod,-0.0455,0.16251377761363983
ENSG00000164949_unmod,0.3648,0.9814273715019226
ENSG00000164951_unmod,-0.4684,0.42742225527763367
ENSG00000164953_unmod,-0.0773,0.7788549065589905
ENSG00000164961_unmod,-0.2237,0.5099748373031616
ENSG00000164967_unmod,-0.4579,1.7686022520065308
ENSG00000164970_unmod,0.3244,0.5324755907058716
ENSG00000164975_unmod,-0.2456,0.4829809069633484
ENSG00000164976_unmod,0.1106,1.0656979084014893
ENSG00000164978_unmod,0.1968,0.31856560707092285
ENSG00000164983_unmod,-0.1503,0.38934311270713806
ENSG00000164985_unmod,0.2849,1.883470892906189
ENSG00000164989_unmod,0.1036,0.5601075887680054
ENSG00000165006_unmod,0.018,2.136737585067749
ENSG00000165029_unmod,0.7856,0.48253077268600464
ENSG00000165030_unmod,0.1331,0.9619710445404053
ENSG00000165046_unmod,0.1113,2.6813573837280273
ENSG00000165055_unmod,-0.1972,0.6630003452301025
ENSG00000165060_unmod,-0.6261,1.1091431379318237
ENSG00000165072_unmod,-0.5723,32.276920318603516
ENSG00000165097_unmod,-0.0788,0.5804112553596497
ENSG00000165102_unmod,0.0743,1.868959665298462
ENSG00000165105_unmod,0.3619,1.1011176109313965
ENSG00000165118_unmod,0.1578,0.5879459977149963
ENSG00000165119_unmod,0.0161,3.942483425140381
ENSG00000165124_unmod,0.4424,2.628401279449463
ENSG00000165138_unmod,-0.1838,0.5970529913902283
ENSG00000165152_unmod,-0.8739,5.1299920082092285
ENSG00000165156_unmod,1.1525,1.9230432510375977
ENSG00000165169_unmod,0.2276,1.4744206666946411
ENSG00000165175_unmod,-0.1145,0.8583382964134216
ENSG00000165185_unmod,-0.1677,1.2700221538543701
ENSG00000165195_unmod,0.1564,0.6189064979553223
ENSG00000165209_unmod,-0.0976,1.8842990398406982
ENSG00000165219_unmod,-0.0602,1.1590546369552612
ENSG00000165233_unmod,0.5672,0.9534742832183838
ENSG00000165238_unmod,-0.421,0.6839838624000549
ENSG00000165240_unmod,0.7383,0.7096330523490906
ENSG00000165244_unmod,1.5946,1.8626410961151123
ENSG00000165259_unmod,0.1619,0.5431644916534424
ENSG00000165264_unmod,0.2782,0.4060273766517639
ENSG00000165271_unmod,-0.5864,0.21827451884746552
ENSG00000165272_unmod,0.1751,0.4660235345363617
ENSG00000165275_unmod,-0.085,0.4857095181941986
ENSG00000165280_unmod,0.1165,0.7256733775138855
ENSG00000165282_unmod,-0.0065,0.5184362530708313
ENSG00000165283_unmod,-0.1721,2.4640955924987793
ENSG00000165288_unmod,-0.8002,0.12916766107082367
ENSG00000165300_unmod,-0.2982,0.834921658039093
ENSG00000165304_unmod,0.3812,2.72804594039917
ENSG00000165312_unmod,0.6395,0.8413060307502747
ENSG00000165322_unmod,-0.4931,0.4981173574924469
ENSG00000165338_unmod,0.2079,2.528229236602783
ENSG00000165355_unmod,0.5934,1.0921826362609863
ENSG00000165389_unmod,0.101,0.7474122047424316
ENSG00000165392_unmod,0.1194,0.6199542284011841
ENSG00000165406_unmod,-0.0416,0.785951554775238
ENSG00000165410_unmod,-1.767,1.1186344623565674
ENSG00000165416_unmod,-0.1928,0.18833646178245544
ENSG00000165417_unmod,0.8438,2.3316845893859863
ENSG00000165424_unmod,0.8602,0.8978091478347778
ENSG00000165434_unmod,1.0202,0.4716183841228485
ENSG00000165449_unmod,-1.1023,0.9385875463485718
ENSG00000165458_unmod,0.0151,0.2927383482456207
ENSG00000165476_unmod,0.8018,0.36029016971588135
ENSG00000165480_unmod,-0.0399,1.826458215713501
ENSG00000165487_unmod,0.0482,0.46580997109413147
ENSG00000165490_unmod,-0.2384,0.6474431753158569
ENSG00000165494_unmod,-0.0926,0.12278922647237778
ENSG00000165501_unmod,0.1334,0.5859182476997375
ENSG00000165502_unmod,0.2409,0.5973371267318726
ENSG00000165506_unmod,-0.3528,2.672027826309204
ENSG00000165512_unmod,-0.2627,1.410519003868103
ENSG00000165516_unmod,0.1431,2.5079264640808105
ENSG00000165521_unmod,0.2256,0.5299295783042908
ENSG00000165525_unmod,0.0469,2.509465456008911
ENSG00000165526_unmod,-0.2749,2.2250959873199463
ENSG00000165527_unmod,-0.1283,0.4473368227481842
ENSG00000165533_unmod,-0.0063,1.6687957048416138
ENSG00000165548_unmod,0.0725,2.005042314529419
ENSG00000165572_unmod,-0.3034,1.3546866178512573
ENSG00000165609_unmod,-0.5101,0.5778631567955017
ENSG00000165629_unmod,0.0548,1.3471615314483643
ENSG00000165632_unmod,-0.0278,1.4624742269515991
ENSG00000165637_unmod,-0.2145,1.746000051498413
ENSG00000165644_unmod,-0.4521,1.9775493144989014
ENSG00000165650_unmod,0.0962,1.0767240524291992
ENSG00000165655_unmod,-0.0722,1.1388651132583618
ENSG00000165660_unmod,-0.388,0.9342820048332214
ENSG00000165661_unmod,0.0029,1.334209680557251
ENSG00000165669_unmod,0.1646,0.4171951115131378
ENSG00000165671_unmod,-0.5283,1.6997325420379639
ENSG00000165672_unmod,-0.0144,0.8794674873352051
ENSG00000165675_unmod,0.939,0.6270756721496582
ENSG00000165678_unmod,0.0197,0.6429163813591003
ENSG00000165684_unmod,-0.3088,1.133811354637146
ENSG00000165688_unmod,-0.0786,1.0331220626831055
ENSG00000165689_unmod,-0.3088,0.8483781814575195
ENSG00000165698_unmod,0.3604,0.8309476375579834
ENSG00000165699_unmod,0.4891,2.4304709434509277
ENSG00000165704_unmod,-0.0888,0.4755606949329376
ENSG00000165732_unmod,-0.3712,0.6080242991447449
ENSG00000165733_unmod,0.0829,1.1728020906448364
ENSG00000165752_unmod,-0.0131,0.6683017015457153
ENSG00000165775_unmod,0.0056,1.0017259120941162
ENSG00000165782_unmod,0.1417,0.8378888964653015
ENSG00000165792_unmod,0.0345,0.8372472524642944
ENSG00000165801_unmod,0.7429,0.7368608117103577
ENSG00000165802_unmod,-0.3353,2.5462770462036133
ENSG00000165804_unmod,0.3802,0.7636312246322632
ENSG00000165806_unmod,0.6731,0.9066111445426941
ENSG00000165813_unmod,0.3366,0.9877806305885315
ENSG00000165819_unmod,-0.2974,1.5122374296188354
ENSG00000165832_unmod,1.3324,1.3136476278305054
ENSG00000165861_unmod,0.5141,1.0944372415542603
ENSG00000165868_unmod,0.2311,5.740750789642334
ENSG00000165886_unmod,0.1183,0.22627660632133484
ENSG00000165891_unmod,-0.3773,1.9780694246292114
ENSG00000165895_unmod,0.1053,0.5795270800590515
ENSG00000165898_unmod,0.0376,0.45122990012168884
ENSG00000165912_unmod,0.0112,0.22672656178474426
ENSG00000165914_unmod,0.0511,0.5788438320159912
ENSG00000165915_unmod,-0.002,1.9820411205291748
ENSG00000165916_unmod,0.2748,0.8033401370048523
ENSG00000165929_unmod,-0.199,0.6014937162399292
ENSG00000165934_unmod,-0.0083,0.7452947497367859
ENSG00000165959_unmod,0.4264,0.7423810362815857
ENSG00000165983_unmod,-0.2203,0.9804781675338745
ENSG00000165996_unmod,0.048,2.595219373703003
ENSG00000165997_unmod,0.5829,0.3889436423778534
ENSG00000166002_unmod,0.3978,0.6110668182373047
ENSG00000166004_unmod,0.1436,0.8532027006149292
ENSG00000166012_unmod,-0.171,1.0952863693237305
ENSG00000166016_unmod,0.208,0.32573962211608887
ENSG00000166024_unmod,0.0006,11.1881103515625
ENSG00000166025_unmod,0.2369,0.27047714591026306
ENSG00000166033_unmod,0.3454,2.1206307411193848
ENSG00000166037_unmod,0.261,27.503015518188477
ENSG00000166046_unmod,0.1455,0.18191644549369812
ENSG00000166068_unmod,0.4348,0.8539235591888428
ENSG00000166073_unmod,-0.1226,0.5987098813056946
ENSG00000166106_unmod,-0.1501,0.47763022780418396
ENSG00000166123_unmod,-0.2141,0.4660339951515198
ENSG00000166128_unmod,-0.1223,1.3494212627410889
ENSG00000166130_unmod,0.0665,5.870951175689697
ENSG00000166133_unmod,-0.4525,1.4078599214553833
ENSG00000166135_unmod,-0.3957,2.792699098587036
ENSG00000166140_unmod,0.2047,1.0845298767089844
ENSG00000166147_unmod,0.0781,1.9341298341751099
ENSG00000166164_unmod,0.2955,0.6535576581954956
ENSG00000166165_unmod,0.0277,1.6896297931671143
ENSG00000166166_unmod,-0.3639,1.6023178100585938
ENSG00000166167_unmod,-0.3101,30.483081817626953
ENSG00000166169_unmod,0.0076,1.8498703241348267
ENSG00000166170_unmod,-0.0153,2.194553852081299
ENSG00000166171_unmod,-0.2246,0.9354820847511292
ENSG00000166173_unmod,0.2724,1.3468492031097412
ENSG00000166181_unmod,-0.0505,0.4298743009567261
ENSG00000166188_unmod,0.1809,1.1105393171310425
ENSG00000166189_unmod,-0.1582,0.8140050768852234
ENSG00000166197_unmod,-0.2022,1.339795470237732
ENSG00000166199_unmod,-0.177,0.7465032339096069
ENSG00000166200_unmod,-0.1374,0.5517210364341736
ENSG00000166224_unmod,-0.489,0.41822266578674316
ENSG00000166225_unmod,-0.1625,0.8009509444236755
ENSG00000166226_unmod,-0.1506,2.0599637031555176
ENSG00000166228_unmod,-0.1449,0.8048954010009766
ENSG00000166233_unmod,-0.3105,1.1608147621154785
ENSG00000166250_unmod,0.1995,1.0239862203598022
ENSG00000166260_unmod,-0.7798,0.3496718406677246
ENSG00000166261_unmod,-0.362,0.5758098363876343
ENSG00000166263_unmod,-0.1001,2.9644689559936523
ENSG00000166266_unmod,-0.3045,0.7563942670822144
ENSG00000166272_unmod,0.0103,0.3864215314388275
ENSG00000166289_unmod,0.1859,1.2271132469177246
ENSG00000166295_unmod,0.0155,0.5173502564430237
ENSG00000166311_unmod,0.3552,0.3275299668312073
ENSG00000166313_unmod,-0.0119,1.753911018371582
ENSG00000166326_unmod,-0.3024,0.5069918036460876
ENSG00000166333_unmod,0.271,1.3709995746612549
ENSG00000166337_unmod,0.0187,0.7011259198188782
ENSG00000166340_unmod,-0.5575,0.5278903841972351
ENSG00000166347_unmod,0.2631,1.0701844692230225
ENSG00000166348_unmod,0.159,2.282090902328491
ENSG00000166352_unmod,0.4891,1.7332180738449097
ENSG00000166377_unmod,0.0121,0.6184960603713989
ENSG00000166398_unmod,0.505,0.6821910738945007
ENSG00000166401_unmod,0.6806,2.597166061401367
ENSG00000166402_unmod,-0.0486,0.4276532828807831
ENSG00000166411_unmod,-0.0971,1.657692790031433
ENSG00000166415_unmod,0.489,0.47962361574172974
ENSG00000166435_unmod,0.2065,2.2259984016418457
ENSG00000166436_unmod,-0.1204,0.44795864820480347
ENSG00000166439_unmod,-0.2106,0.3546278774738312
ENSG00000166441_unmod,-0.0615,0.6027489304542542
ENSG00000166444_unmod,0.3331,1.6285921335220337
ENSG00000166446_unmod,0.5104,1.8374971151351929
ENSG00000166450_unmod,-0.4121,0.7097731232643127
ENSG00000166451_unmod,-0.1575,0.4665646553039551
ENSG00000166452_unmod,0.4519,2.5212488174438477
ENSG00000166454_unmod,-0.3431,1.1342486143112183
ENSG00000166471_unmod,0.3281,2.6202657222747803
ENSG00000166477_unmod,0.1857,0.3266555070877075
ENSG00000166478_unmod,0.1135,0.9372163414955139
ENSG00000166479_unmod,0.3178,1.8933745622634888
ENSG00000166483_unmod,0.3147,0.6703541874885559
ENSG00000166484_unmod,0.2522,1.0368568897247314
ENSG00000166501_unmod,0.009,0.6205107569694519
ENSG00000166503_unmod,0.1861,1.3458528518676758
ENSG00000166508_unmod,0.4574,1.100526213645935
ENSG00000166510_unmod,0.9647,1.2073858976364136
ENSG00000166526_unmod,-0.1398,0.9158194661140442
ENSG00000166529_unmod,-0.2218,1.8795043230056763
ENSG00000166532_unmod,0.5002,1.4651154279708862
ENSG00000166548_unmod,-0.1137,0.708996593952179
ENSG00000166557_unmod,-0.015,2.3015127182006836
ENSG00000166562_unmod,0.4516,0.588153064250946
ENSG00000166575_unmod,-0.2928,0.9281584024429321
ENSG00000166579_unmod,-0.1364,2.3053526878356934
ENSG00000166582_unmod,-0.2037,0.9601055979728699
ENSG00000166595_unmod,0.0959,0.6928970813751221
ENSG00000166598_unmod,0.3721,0.5930792689323425
ENSG00000166619_unmod,-0.3695,2.4922714233398438
ENSG00000166669_unmod,0.0086,1.0134899616241455
ENSG00000166681_unmod,-0.095,2.2487525939941406
ENSG00000166685_unmod,0.171,0.29476284980773926
ENSG00000166689_unmod,0.0612,0.5576491355895996
ENSG00000166710_unmod,0.1902,0.49835309386253357
ENSG00000166716_unmod,0.0577,0.7115761637687683
ENSG00000166734_unmod,-0.0639,0.2779400646686554
ENSG00000166741_unmod,-0.211,1.4467377662658691
ENSG00000166747_unmod,-0.1569,1.2414448261260986
ENSG00000166750_unmod,0.5128,2.4302563667297363
ENSG00000166762_unmod,-0.0271,0.6231750845909119
ENSG00000166780_unmod,0.5158,2.2622909545898438
ENSG00000166783_unmod,0.4299,0.6039735078811646
ENSG00000166788_unmod,-0.7015,0.530365526676178
ENSG00000166794_unmod,0.3311,0.9479852318763733
ENSG00000166797_unmod,0.3173,0.475597083568573
ENSG00000166801_unmod,0.7517,1.2996060848236084
ENSG00000166803_unmod,0.375,1.652416706085205
ENSG00000166813_unmod,0.1923,0.9161077737808228
ENSG00000166821_unmod,0.0447,0.5489294528961182
ENSG00000166822_unmod,0.488,0.5491418838500977
ENSG00000166825_unmod,0.8782,1.2428672313690186
ENSG00000166831_unmod,0.7846,0.5960748195648193
ENSG00000166833_unmod,0.1604,0.5762168765068054
ENSG00000166845_unmod,0.4678,0.9537680149078369
ENSG00000166847_unmod,0.0167,0.3615981638431549
ENSG00000166848_unmod,0.0861,0.14096671342849731
ENSG00000166851_unmod,0.0347,1.288415789604187
ENSG00000166855_unmod,-0.0683,1.9073625802993774
ENSG00000166860_unmod,0.0325,2.152621269226074
ENSG00000166881_unmod,0.0013,0.14583280682563782
ENSG00000166886_unmod,-0.0454,1.6364141702651978
ENSG00000166887_unmod,0.0438,0.28325098752975464
ENSG00000166888_unmod,0.0074,0.4552958309650421
ENSG00000166889_unmod,0.0213,2.6787948608398438
ENSG00000166897_unmod,-0.264,1.5618717670440674
ENSG00000166900_unmod,-0.2267,0.6246704459190369
ENSG00000166902_unmod,0.0615,1.0025897026062012
ENSG00000166908_unmod,-0.0379,0.5042029023170471
ENSG00000166912_unmod,-0.4091,0.6711323261260986
ENSG00000166913_unmod,-0.0885,0.31799769401550293
ENSG00000166923_unmod,0.7415,0.27024346590042114
ENSG00000166925_unmod,0.1963,1.841209888458252
ENSG00000166938_unmod,-0.4672,0.5146979689598083
ENSG00000166946_unmod,0.0557,0.7982341647148132
ENSG00000166949_unmod,0.2486,2.387058734893799
ENSG00000166963_unmod,0.3841,0.2804955840110779
ENSG00000166965_unmod,-0.3116,0.7859853506088257
ENSG00000166971_unmod,0.2778,0.8787832260131836
ENSG00000166974_unmod,-0.1492,0.5730589628219604
ENSG00000166979_unmod,-0.0151,0.8095738887786865
ENSG00000166986_unmod,0.1626,30.065134048461914
ENSG00000166987_unmod,0.2456,0.7162654399871826
ENSG00000166997_unmod,0.6829,1.6155718564987183
ENSG00000167004_unmod,0.2034,0.8502448797225952
ENSG00000167005_unmod,0.1013,0.546124279499054
ENSG00000167034_unmod,-0.1504,1.0974667072296143
ENSG00000167065_unmod,0.5476,1.5234538316726685
ENSG00000167074_unmod,0.321,0.11768566817045212
ENSG00000167077_unmod,0.1631,1.4139091968536377
ENSG00000167081_unmod,0.2857,1.9772833585739136
ENSG00000167085_unmod,-0.3127,1.120185375213623
ENSG00000167088_unmod,-0.0747,2.138564348220825
ENSG00000167106_unmod,-0.013,1.2631512880325317
ENSG00000167110_unmod,0.4765,1.7476516962051392
ENSG00000167112_unmod,-0.238,0.709855318069458
ENSG00000167113_unmod,-0.0948,0.4160834550857544
ENSG00000167114_unmod,-0.2052,1.0769999027252197
ENSG00000167118_unmod,-0.06,0.3501870334148407
ENSG00000167123_unmod,0.0252,0.4357486367225647
ENSG00000167130_unmod,-0.428,2.4345810413360596
ENSG00000167136_unmod,-0.2945,1.2065564393997192
ENSG00000167173_unmod,0.078,1.782640814781189
ENSG00000167182_unmod,0.0445,0.45433276891708374
ENSG00000167186_unmod,0.2464,0.3193436563014984
ENSG00000167191_unmod,-0.7711,1.1072896718978882
ENSG00000167193_unmod,-0.6754,0.6748426556587219
ENSG00000167196_unmod,0.1179,0.4381864368915558
ENSG00000167202_unmod,0.7209,2.2265238761901855
ENSG00000167220_unmod,0.2577,2.476614236831665
ENSG00000167232_unmod,-0.3918,0.9529242515563965
ENSG00000167257_unmod,0.1187,2.3248090744018555
ENSG00000167258_unmod,-0.3493,0.8043450713157654
ENSG00000167264_unmod,-0.3287,0.37435829639434814
ENSG00000167272_unmod,-0.2712,1.2884806394577026
ENSG00000167280_unmod,-0.0695,0.515617847442627
ENSG00000167283_unmod,0.2935,1.6282364130020142
ENSG00000167291_unmod,-0.0967,1.2258358001708984
ENSG00000167302_unmod,-0.1137,0.7480940818786621
ENSG00000167306_unmod,0.2936,1.0099501609802246
ENSG00000167315_unmod,0.139,0.5811447501182556
ENSG00000167323_unmod,-0.2266,2.5429868698120117
ENSG00000167325_unmod,0.1939,0.5956507921218872
ENSG00000167333_unmod,0.5794,1.714479684829712
ENSG00000167363_unmod,-0.0776,0.9590831398963928
ENSG00000167378_unmod,-0.4656,0.5774321556091309
ENSG00000167380_unmod,0.1679,0.8103557229042053
ENSG00000167384_unmod,-0.1109,0.10764116793870926
ENSG00000167393_unmod,0.0394,1.3641446828842163
ENSG00000167394_unmod,-0.0147,1.3394882678985596
ENSG00000167395_unmod,0.1487,0.5655303597450256
ENSG00000167397_unmod,-0.2415,2.3661530017852783
ENSG00000167447_unmod,-0.2799,2.527393102645874
ENSG00000167460_unmod,0.5561,0.7987679243087769
ENSG00000167461_unmod,0.0434,0.6149557828903198
ENSG00000167468_unmod,0.3184,6.623104572296143
ENSG00000167470_unmod,0.1726,0.9791993498802185
ENSG00000167487_unmod,-0.0271,2.1010258197784424
ENSG00000167491_unmod,-0.1292,3.671163320541382
ENSG00000167508_unmod,0.2281,0.29818108677864075
ENSG00000167513_unmod,0.6065,1.095458984375
ENSG00000167515_unmod,0.1318,1.536116123199463
ENSG00000167522_unmod,0.1813,0.9800897240638733
ENSG00000167523_unmod,0.5672,0.47118502855300903
ENSG00000167524_unmod,-0.5551,2.7921581268310547
ENSG00000167526_unmod,0.0345,0.669522225856781
ENSG00000167528_unmod,0.1891,0.7023555636405945
ENSG00000167535_unmod,0.6818,0.24624957144260406
ENSG00000167536_unmod,-0.455,1.1766279935836792
ENSG00000167543_unmod,0.3952,0.953418493270874
ENSG00000167548_unmod,-0.2618,1.0243314504623413
ENSG00000167549_unmod,0.7971,0.6940900087356567
ENSG00000167550_unmod,0.3911,0.5275990962982178
ENSG00000167552_unmod,0.1739,0.5144929885864258
ENSG00000167553_unmod,0.1278,1.298711895942688
ENSG00000167562_unmod,0.1266,0.0822405070066452
ENSG00000167565_unmod,-0.0591,2.508427143096924
ENSG00000167566_unmod,-0.2915,0.8081910610198975
ENSG00000167595_unmod,-0.0556,0.6355220079421997
ENSG00000167600_unmod,0.3716,1.3845347166061401
ENSG00000167601_unmod,-0.1708,0.10047807544469833
ENSG00000167604_unmod,0.1681,1.7482939958572388
ENSG00000167615_unmod,-0.153,1.8622735738754272
ENSG00000167625_unmod,0.0996,0.993872344493866
ENSG00000167632_unmod,0.1894,0.32560136914253235
ENSG00000167635_unmod,-0.1626,1.494744896888733
ENSG00000167637_unmod,-0.3678,0.5134708881378174
ENSG00000167645_unmod,0.2719,1.2405610084533691
ENSG00000167653_unmod,-0.3638,2.303201675415039
ENSG00000167657_unmod,0.1494,0.7388408184051514
ENSG00000167658_unmod,0.0136,0.633142352104187
ENSG00000167670_unmod,0.609,1.3936007022857666
ENSG00000167671_unmod,0.2312,1.0142494440078735
ENSG00000167674_unmod,0.4713,0.351942777633667
ENSG00000167685_unmod,-0.1191,1.883851408958435
ENSG00000167693_unmod,-0.2387,2.3087522983551025
ENSG00000167695_unmod,-0.5592,1.6820857524871826
ENSG00000167699_unmod,-0.0496,3.218672275543213
ENSG00000167700_unmod,-0.1714,0.8299285769462585
ENSG00000167702_unmod,0.1424,0.8162335753440857
ENSG00000167703_unmod,0.1955,0.9207571744918823
ENSG00000167716_unmod,0.0312,1.8642446994781494
ENSG00000167720_unmod,0.5494,1.773706078529358
ENSG00000167721_unmod,-0.5177,1.6917351484298706
ENSG00000167723_unmod,1.157,1.4647256135940552
ENSG00000167747_unmod,-0.1572,1.3441996574401855
ENSG00000167766_unmod,0.0257,0.19805042445659637
ENSG00000167767_unmod,-0.5274,0.27081456780433655
ENSG00000167770_unmod,-0.3757,1.1872040033340454
ENSG00000167772_unmod,0.2816,0.9893082976341248
ENSG00000167775_unmod,-0.4249,2.0835938453674316
ENSG00000167778_unmod,-0.1672,0.3542553782463074
ENSG00000167779_unmod,0.405,1.1036865711212158
ENSG00000167785_unmod,-0.1157,0.7502671480178833
ENSG00000167792_unmod,0.1824,2.356858253479004
ENSG00000167797_unmod,0.2168,0.8866934776306152
ENSG00000167815_unmod,0.1985,1.1112275123596191
ENSG00000167840_unmod,-0.09,0.749670684337616
ENSG00000167842_unmod,0.0988,0.7557346820831299
ENSG00000167861_unmod,0.4175,2.8210487365722656
ENSG00000167862_unmod,0.1367,0.5609356760978699
ENSG00000167863_unmod,0.2222,0.706950306892395
ENSG00000167880_unmod,0.0201,0.3319173753261566
ENSG00000167881_unmod,0.7665,1.3528807163238525
ENSG00000167889_unmod,0.0495,0.3443169891834259
ENSG00000167900_unmod,0.6658,1.8136996030807495
ENSG00000167920_unmod,-0.1331,0.39379769563674927
ENSG00000167925_unmod,0.3211,1.0908042192459106
ENSG00000167962_unmod,0.1644,0.8740114569664001
ENSG00000167965_unmod,-0.1223,0.4994945526123047
ENSG00000167967_unmod,-0.1167,3.021487236022949
ENSG00000167969_unmod,0.2315,1.1935429573059082
ENSG00000167972_unmod,-0.3315,0.9866849780082703
ENSG00000167977_unmod,0.2306,0.3788086175918579
ENSG00000167978_unmod,-0.1083,1.019893765449524
ENSG00000167981_unmod,-0.1576,0.6383016705513
ENSG00000167985_unmod,-0.0561,0.6234164237976074
ENSG00000167986_unmod,0.0005,0.3032430410385132
ENSG00000167987_unmod,-0.4816,1.0270817279815674
ENSG00000167994_unmod,-0.1606,0.7809998989105225
ENSG00000167995_unmod,-1.3921,0.774592936038971
ENSG00000167996_unmod,0.1248,1.9689265489578247
ENSG00000168000_unmod,-0.5268,0.7250418066978455
ENSG00000168002_unmod,-0.0584,1.0563206672668457
ENSG00000168003_unmod,-0.247,0.49440085887908936
ENSG00000168005_unmod,-0.0016,0.9872430562973022
ENSG00000168010_unmod,0.1725,2.008199453353882
ENSG00000168014_unmod,-0.1878,0.5803819894790649
ENSG00000168016_unmod,0.7495,0.8112646341323853
ENSG00000168028_unmod,-0.0906,0.8146051168441772
ENSG00000168036_unmod,0.2472,0.9976033568382263
ENSG00000168038_unmod,0.0579,1.9825745820999146
ENSG00000168040_unmod,-1.0525,0.6296008229255676
ENSG00000168056_unmod,0.2877,0.38472896814346313
ENSG00000168061_unmod,0.3511,0.8830808997154236
ENSG00000168066_unmod,-0.0655,1.5026785135269165
ENSG00000168067_unmod,-0.1349,0.5170918703079224
ENSG00000168077_unmod,0.2535,0.6087899208068848
ENSG00000168078_unmod,0.9034,2.2376210689544678
ENSG00000168090_unmod,0.0364,2.0844922065734863
ENSG00000168092_unmod,-0.1432,0.9490464925765991
ENSG00000168096_unmod,-0.3198,0.28605377674102783
ENSG00000168101_unmod,-0.1858,1.4487555027008057
ENSG00000168116_unmod,-0.2646,0.6009435057640076
ENSG00000168118_unmod,0.0664,0.4457756578922272
ENSG00000168137_unmod,-0.1075,2.263578176498413
ENSG00000168140_unmod,0.4664,0.8548262715339661
ENSG00000168143_unmod,0.2061,2.0838236808776855
ENSG00000168152_unmod,-0.9146,0.9005084037780762
ENSG00000168159_unmod,0.1804,0.30975431203842163
ENSG00000168172_unmod,0.1859,2.0401110649108887
ENSG00000168175_unmod,-0.3044,1.6868369579315186
ENSG00000168209_unmod,0.482,1.3246548175811768
ENSG00000168214_unmod,-0.2947,1.9262232780456543
ENSG00000168228_unmod,0.116,1.6049965620040894
ENSG00000168234_unmod,0.1167,0.7739114761352539
ENSG00000168237_unmod,0.3751,2.3378148078918457
ENSG00000168246_unmod,-0.3452,0.27297067642211914
ENSG00000168256_unmod,-0.2664,0.9722188711166382
ENSG00000168259_unmod,-0.1232,3.1370160579681396
ENSG00000168264_unmod,0.0457,2.4196584224700928
ENSG00000168268_unmod,0.3027,0.9023293256759644
ENSG00000168275_unmod,0.1954,0.7592254877090454
ENSG00000168282_unmod,0.2067,2.0160129070281982
ENSG00000168283_unmod,-0.232,0.9604308605194092
ENSG00000168286_unmod,-0.2924,0.8366949558258057
ENSG00000168288_unmod,0.147,0.702236533164978
ENSG00000168291_unmod,0.0263,0.5335967540740967
ENSG00000168297_unmod,0.0561,0.24810069799423218
ENSG00000168298_unmod,0.2931,0.5360774993896484
ENSG00000168300_unmod,0.3169,0.219444140791893
ENSG00000168301_unmod,-0.1862,2.031261920928955
ENSG00000168303_unmod,0.0731,0.9570007920265198
ENSG00000168310_unmod,0.1876,0.3730316460132599
ENSG00000168374_unmod,-0.0727,0.6553326845169067
ENSG00000168385_unmod,-0.1956,0.1846010386943817
ENSG00000168389_unmod,-0.2551,0.5324692726135254
ENSG00000168393_unmod,0.099,1.7530572414398193
ENSG00000168394_unmod,0.3036,1.8277273178100586
ENSG00000168395_unmod,-0.1846,1.1367478370666504
ENSG00000168397_unmod,-0.1716,2.0716612339019775
ENSG00000168398_unmod,1.8085,0.6163410544395447
ENSG00000168404_unmod,0.0338,0.6805980205535889
ENSG00000168411_unmod,0.0658,2.0426065921783447
ENSG00000168434_unmod,-0.1011,1.5373849868774414
ENSG00000168438_unmod,0.1978,0.7377267479896545
ENSG00000168439_unmod,-0.0204,0.519534707069397
ENSG00000168453_unmod,-0.074,0.23956610262393951
ENSG00000168461_unmod,0.2619,1.8934162855148315
ENSG00000168476_unmod,-0.0127,1.0650975704193115
ENSG00000168487_unmod,0.3232,3.4372012615203857
ENSG00000168488_unmod,-0.0211,0.5605878233909607
ENSG00000168495_unmod,-0.0171,0.6642917394638062
ENSG00000168496_unmod,0.5069,1.0139764547348022
ENSG00000168502_unmod,-0.2964,1.1732147932052612
ENSG00000168522_unmod,-0.1619,0.8074673414230347
ENSG00000168528_unmod,0.304,1.2451298236846924
ENSG00000168538_unmod,-0.1105,0.4633166790008545
ENSG00000168542_unmod,0.0733,1.6080577373504639
ENSG00000168564_unmod,0.0343,0.41813576221466064
ENSG00000168566_unmod,0.1158,1.5266438722610474
ENSG00000168569_unmod,0.2871,1.1912541389465332
ENSG00000168575_unmod,-0.0311,0.6294692754745483
ENSG00000168591_unmod,0.3309,0.26808974146842957
ENSG00000168610_unmod,0.0506,0.21010559797286987
ENSG00000168612_unmod,-0.2906,2.5254175662994385
ENSG00000168615_unmod,-0.0982,0.5178130865097046
ENSG00000168653_unmod,0.2477,2.0740623474121094
ENSG00000168672_unmod,-0.1031,0.6196390390396118
ENSG00000168675_unmod,0.215,0.7737528085708618
ENSG00000168685_unmod,0.6162,2.3573997020721436
ENSG00000168701_unmod,0.0952,0.5600027441978455
ENSG00000168702_unmod,0.1042,1.0680136680603027
ENSG00000168710_unmod,0.3004,0.5434064865112305
ENSG00000168724_unmod,0.0426,0.8927929997444153
ENSG00000168734_unmod,-0.0886,2.0875086784362793
ENSG00000168743_unmod,-0.0005,0.5339088439941406
ENSG00000168758_unmod,0.1953,1.551546573638916
ENSG00000168763_unmod,-0.3167,0.6243345141410828
ENSG00000168765_unmod,-0.022,1.129799246788025
ENSG00000168769_unmod,-0.1537,0.8914701342582703
ENSG00000168778_unmod,0.6376,4.643066883087158
ENSG00000168779_unmod,0.4404,2.0502641201019287
ENSG00000168781_unmod,0.0823,0.5162291526794434
ENSG00000168785_unmod,0.1268,0.8662108778953552
ENSG00000168792_unmod,0.444,1.729290246963501
ENSG00000168795_unmod,-0.239,2.694979667663574
ENSG00000168803_unmod,0.13,0.2306843101978302
ENSG00000168806_unmod,-0.0009,0.44513076543807983
ENSG00000168807_unmod,-1.2755,0.8956459164619446
ENSG00000168818_unmod,0.2821,1.8462151288986206
ENSG00000168826_unmod,0.2517,1.075160264968872
ENSG00000168827_unmod,-0.3285,0.22177979350090027
ENSG00000168872_unmod,0.5186,0.8821215629577637
ENSG00000168874_unmod,0.2284,1.6350427865982056
ENSG00000168876_unmod,-0.264,1.007248878479004
ENSG00000168883_unmod,-0.0102,0.6020113825798035
ENSG00000168884_unmod,0.207,0.5316872596740723
ENSG00000168887_unmod,-0.052,1.6970314979553223
ENSG00000168890_unmod,-1.3304,0.8207606077194214
ENSG00000168894_unmod,0.0175,1.458404302597046
ENSG00000168904_unmod,0.1521,0.7370486259460449
ENSG00000168906_unmod,-0.2931,0.31784388422966003
ENSG00000168917_unmod,0.4247,2.2663164138793945
ENSG00000168924_unmod,-0.3418,1.1962947845458984
ENSG00000168936_unmod,0.1316,2.2296152114868164
ENSG00000168938_unmod,-0.1287,0.4197212755680084
ENSG00000168939_unmod,0.1277,0.5187616944313049
ENSG00000168944_unmod,0.1216,2.6130504608154297
ENSG00000168958_unmod,0.157,2.2075653076171875
ENSG00000168994_unmod,0.0807,2.9130351543426514
ENSG00000169016_unmod,-0.0342,1.4087899923324585
ENSG00000169018_unmod,0.107,0.8525261878967285
ENSG00000169019_unmod,0.0072,0.6503109335899353
ENSG00000169020_unmod,0.1638,1.0022603273391724
ENSG00000169021_unmod,0.0624,0.6913765072822571
ENSG00000169031_unmod,-0.0857,0.8535098433494568
ENSG00000169032_unmod,0.0773,1.5166316032409668
ENSG00000169045_unmod,0.1337,1.4642727375030518
ENSG00000169047_unmod,-0.0101,1.254270315170288
ENSG00000169057_unmod,-0.0275,0.45230740308761597
ENSG00000169062_unmod,0.0233,0.9351930618286133
ENSG00000169071_unmod,-0.024,0.32780683040618896
ENSG00000169083_unmod,-0.0767,0.6132557392120361
ENSG00000169084_unmod,0.1808,0.4743540585041046
ENSG00000169087_unmod,-0.1578,2.1785929203033447
ENSG00000169093_unmod,-0.3256,0.11680272966623306
ENSG00000169100_unmod,0.1276,1.3342618942260742
ENSG00000169105_unmod,-0.3374,1.129724383354187
ENSG00000169118_unmod,0.0207,0.40170538425445557
ENSG00000169122_unmod,0.3027,0.5869635343551636
ENSG00000169126_unmod,-0.0254,0.48765331506729126
ENSG00000169131_unmod,0.2267,0.9939818978309631
ENSG00000169136_unmod,-0.1856,0.8869661688804626
ENSG00000169139_unmod,0.3033,1.7239619493484497
ENSG00000169155_unmod,0.103,0.4399322271347046
ENSG00000169174_unmod,-0.1211,0.7986345291137695
ENSG00000169180_unmod,-0.5132,0.9470769762992859
ENSG00000169184_unmod,0.2335,2.26210618019104
ENSG00000169188_unmod,0.054,0.8987661600112915
ENSG00000169189_unmod,0.2906,0.9988860487937927
ENSG00000169193_unmod,0.2442,4.725171089172363
ENSG00000169213_unmod,-0.1813,1.000147819519043
ENSG00000169217_unmod,0.0652,0.5748390555381775
ENSG00000169221_unmod,-0.0398,0.8829972147941589
ENSG00000169223_unmod,0.3478,0.7047308683395386
ENSG00000169230_unmod,0.2654,1.700576901435852
ENSG00000169231_unmod,-0.1293,1.3278311491012573
ENSG00000169239_unmod,0.1464,0.5712596774101257
ENSG00000169241_unmod,0.1066,0.867188036441803
ENSG00000169242_unmod,0.6058,1.2928693294525146
ENSG00000169247_unmod,0.0401,0.38403430581092834
ENSG00000169249_unmod,0.26,1.0116888284683228
ENSG00000169251_unmod,0.1077,0.9705827236175537
ENSG00000169252_unmod,-0.0944,0.9636406302452087
ENSG00000169255_unmod,0.1393,1.306130051612854
ENSG00000169258_unmod,0.6179,0.6637470126152039
ENSG00000169288_unmod,-0.0245,2.069718599319458
ENSG00000169299_unmod,-0.3929,1.7909445762634277
ENSG00000169330_unmod,0.0753,2.891458034515381
ENSG00000169359_unmod,0.3087,0.3256915509700775
ENSG00000169371_unmod,0.3308,2.2227749824523926
ENSG00000169375_unmod,0.3838,1.156957983970642
ENSG00000169379_unmod,0.1189,0.5888586044311523
ENSG00000169398_unmod,0.2937,1.567915916442871
ENSG00000169410_unmod,-0.2577,0.7541062831878662
ENSG00000169418_unmod,0.0397,0.7412771582603455
ENSG00000169429_unmod,1.2759,0.226847305893898
ENSG00000169432_unmod,-0.1127,0.5201484560966492
ENSG00000169439_unmod,0.0669,0.13472023606300354
ENSG00000169446_unmod,-0.4397,0.6692114472389221
ENSG00000169490_unmod,-0.5207,0.41391071677207947
ENSG00000169499_unmod,-0.3399,2.4777512550354004
ENSG00000169504_unmod,0.1134,6.9356536865234375
ENSG00000169519_unmod,-0.535,0.5304089188575745
ENSG00000169554_unmod,0.4384,2.264435052871704
ENSG00000169564_unmod,0.2537,1.4377769231796265
ENSG00000169567_unmod,-0.0642,0.4883657693862915
ENSG00000169570_unmod,0.0215,1.658149242401123
ENSG00000169583_unmod,0.3198,0.3660159409046173
ENSG00000169592_unmod,0.3162,0.8350478410720825
ENSG00000169598_unmod,-0.3,0.5598686933517456
ENSG00000169599_unmod,0.2495,1.2062749862670898
ENSG00000169604_unmod,-0.4714,0.3819965422153473
ENSG00000169607_unmod,0.6201,0.5005954504013062
ENSG00000169609_unmod,0.1029,1.9130548238754272
ENSG00000169612_unmod,0.0737,1.5969321727752686
ENSG00000169629_unmod,0.6912,1.2395561933517456
ENSG00000169635_unmod,-0.561,0.9419501423835754
ENSG00000169641_unmod,-0.2127,0.7739741802215576
ENSG00000169660_unmod,0.4208,27.391448974609375
ENSG00000169679_unmod,0.191,1.6834962368011475
ENSG00000169683_unmod,0.4098,2.7518556118011475
ENSG00000169684_unmod,-0.1798,2.3791537284851074
ENSG00000169689_unmod,0.2922,0.9284335970878601
ENSG00000169692_unmod,0.3775,1.156267523765564
ENSG00000169696_unmod,0.0039,0.7133388519287109
ENSG00000169710_unmod,-0.3515,0.7306064963340759
ENSG00000169714_unmod,-0.3159,1.5064266920089722
ENSG00000169715_unmod,-0.1849,0.7274385094642639
ENSG00000169718_unmod,-0.2972,2.0300536155700684
ENSG00000169727_unmod,-0.1168,1.5241883993148804
ENSG00000169733_unmod,0.0003,1.3593653440475464
ENSG00000169738_unmod,-0.093,1.5545405149459839
ENSG00000169740_unmod,-0.2489,1.4714075326919556
ENSG00000169750_unmod,-0.2103,2.1842451095581055
ENSG00000169752_unmod,0.0948,1.9203578233718872
ENSG00000169756_unmod,-0.0089,0.4310830235481262
ENSG00000169762_unmod,-0.108,1.777414083480835
ENSG00000169764_unmod,0.0945,0.5102555751800537
ENSG00000169813_unmod,0.1485,28.746784210205078
ENSG00000169814_unmod,-0.2093,0.5955302119255066
ENSG00000169826_unmod,0.4489,1.635492205619812
ENSG00000169851_unmod,-0.0859,1.2003411054611206
ENSG00000169855_unmod,0.0884,0.6184510588645935
ENSG00000169857_unmod,0.6578,1.8004851341247559
ENSG00000169860_unmod,0.3602,1.746382713317871
ENSG00000169871_unmod,0.3228,0.9210808873176575
ENSG00000169884_unmod,-0.865,0.6754785180091858
ENSG00000169891_unmod,0.2185,0.7444415092468262
ENSG00000169895_unmod,-0.0271,0.411139577627182
ENSG00000169902_unmod,-0.3639,1.2912425994873047
ENSG00000169905_unmod,0.2911,0.271478533744812
ENSG00000169908_unmod,-0.2053,0.5624852180480957
ENSG00000169914_unmod,0.0069,0.9602711200714111
ENSG00000169919_unmod,0.1889,0.6881933212280273
ENSG00000169925_unmod,0.3788,1.0240613222122192
ENSG00000169926_unmod,0.4924,1.228917121887207
ENSG00000169951_unmod,-0.0318,2.559649705886841
ENSG00000169955_unmod,-0.0695,2.1279776096343994
ENSG00000169957_unmod,-0.1833,0.587096095085144
ENSG00000169967_unmod,-1.3035,0.8515539169311523
ENSG00000169972_unmod,0.0398,2.8443033695220947
ENSG00000169976_unmod,-0.0392,1.601664423942566
ENSG00000169991_unmod,-0.4973,0.7656873464584351
ENSG00000169992_unmod,-0.1325,2.752002477645874
ENSG00000170004_unmod,0.229,0.21804657578468323
ENSG00000170006_unmod,0.1441,0.4311448633670807
ENSG00000170017_unmod,0.0862,1.2760276794433594
ENSG00000170027_unmod,-0.1407,1.024641990661621
ENSG00000170035_unmod,0.0603,1.9755092859268188
ENSG00000170037_unmod,0.2587,0.5631707906723022
ENSG00000170043_unmod,-0.1196,1.1709504127502441
ENSG00000170085_unmod,-1.0765,2.07489275932312
ENSG00000170088_unmod,-0.3919,0.30300939083099365
ENSG00000170100_unmod,-0.2055,0.9173716306686401
ENSG00000170142_unmod,-0.2654,1.9559168815612793
ENSG00000170144_unmod,0.1051,0.9547595977783203
ENSG00000170145_unmod,-0.4396,0.510303258895874
ENSG00000170153_unmod,-0.6445,0.5328668355941772
ENSG00000170185_unmod,0.1124,1.3677937984466553
ENSG00000170190_unmod,0.1964,0.7987486124038696
ENSG00000170191_unmod,0.1321,0.39715951681137085
ENSG00000170214_unmod,0.4209,0.3074444830417633
ENSG00000170222_unmod,0.1845,0.5393457412719727
ENSG00000170234_unmod,0.3253,1.3324668407440186
ENSG00000170242_unmod,0.148,2.822887420654297
ENSG00000170248_unmod,-0.1054,0.5716001391410828
ENSG00000170260_unmod,0.4177,0.5402413010597229
ENSG00000170264_unmod,0.7565,1.0129499435424805
ENSG00000170265_unmod,-0.1324,1.4388893842697144
ENSG00000170266_unmod,0.0148,0.520348846912384
ENSG00000170275_unmod,-0.1777,0.75633704662323
ENSG00000170291_unmod,-0.0504,1.6649919748306274
ENSG00000170293_unmod,-0.444,0.8105458617210388
ENSG00000170296_unmod,-0.2068,0.6923643350601196
ENSG00000170310_unmod,0.3899,0.8226608037948608
ENSG00000170312_unmod,0.445,1.3064472675323486
ENSG00000170315_unmod,0.4412,1.4496686458587646
ENSG00000170322_unmod,-0.1822,0.484091192483902
ENSG00000170325_unmod,0.1924,0.6874027252197266
ENSG00000170340_unmod,0.4119,0.6177573204040527
ENSG00000170345_unmod,0.3271,2.74973201751709
ENSG00000170348_unmod,0.2102,1.412467122077942
ENSG00000170364_unmod,-0.073,1.4527276754379272
ENSG00000170365_unmod,-0.2425,1.728835105895996
ENSG00000170385_unmod,-0.7579,2.525616407394409
ENSG00000170390_unmod,-0.2419,1.999359130859375
ENSG00000170396_unmod,-0.4004,1.129594326019287
ENSG00000170417_unmod,0.3658,0.9189286231994629
ENSG00000170421_unmod,0.2227,0.6431910395622253
ENSG00000170425_unmod,-0.2918,29.41743278503418
ENSG00000170430_unmod,0.2452,1.3171106576919556
ENSG00000170445_unmod,0.0677,0.4698817729949951
ENSG00000170448_unmod,0.1273,2.6925158500671387
ENSG00000170456_unmod,0.0423,0.5763334631919861
ENSG00000170464_unmod,0.0302,2.2295925617218018
ENSG00000170468_unmod,-0.052,1.320670485496521
ENSG00000170471_unmod,0.0169,0.6838310956954956
ENSG00000170473_unmod,0.0603,1.623624563217163
ENSG00000170485_unmod,0.0489,1.6935349702835083
ENSG00000170500_unmod,0.4739,0.7793874740600586
ENSG00000170502_unmod,0.2568,30.589195251464844
ENSG00000170515_unmod,-0.1544,1.6433944702148438
ENSG00000170522_unmod,-0.0813,0.21294623613357544
ENSG00000170525_unmod,-0.3582,1.3225618600845337
ENSG00000170537_unmod,0.4719,2.211352586746216
ENSG00000170540_unmod,0.8882,1.2013946771621704
ENSG00000170542_unmod,0.9573,0.4066445529460907
ENSG00000170545_unmod,0.0798,0.5522882342338562
ENSG00000170558_unmod,-0.0859,0.5111703872680664
ENSG00000170577_unmod,-0.3459,0.7589516639709473
ENSG00000170581_unmod,0.3004,1.1963423490524292
ENSG00000170584_unmod,-0.1123,0.8794977068901062
ENSG00000170604_unmod,0.1167,1.6021084785461426
ENSG00000170606_unmod,-0.1454,0.8007543087005615
ENSG00000170619_unmod,0.055,1.7612205743789673
ENSG00000170629_unmod,0.2041,1.7095705270767212
ENSG00000170631_unmod,-0.1696,1.1419742107391357
ENSG00000170632_unmod,-0.5371,0.8618645071983337
ENSG00000170633_unmod,0.0715,0.453046590089798
ENSG00000170634_unmod,0.2533,1.8024992942810059
ENSG00000170638_unmod,0.0978,1.4182077646255493
ENSG00000170653_unmod,-0.5839,0.886672854423523
ENSG00000170677_unmod,0.5018,0.7796423435211182
ENSG00000170684_unmod,-0.4371,0.9654332995414734
ENSG00000170689_unmod,0.101,0.8416691422462463
ENSG00000170734_unmod,0.0015,0.6226457357406616
ENSG00000170759_unmod,0.3014,0.5248854756355286
ENSG00000170775_unmod,0.0896,0.9591131806373596
ENSG00000170776_unmod,-0.3961,0.9099206328392029
ENSG00000170779_unmod,-0.0619,0.6326653361320496
ENSG00000170791_unmod,-0.1006,0.5648483037948608
ENSG00000170802_unmod,-0.4651,0.7112711071968079
ENSG00000170832_unmod,0.0749,1.530350923538208
ENSG00000170836_unmod,0.2066,1.3395569324493408
ENSG00000170846_unmod,-0.212,0.719312310218811
ENSG00000170852_unmod,0.0689,2.2463197708129883
ENSG00000170854_unmod,-0.5483,1.2490979433059692
ENSG00000170855_unmod,-1.7018,2.1717240810394287
ENSG00000170860_unmod,0.0556,1.4095892906188965
ENSG00000170871_unmod,0.671,0.6865506768226624
ENSG00000170873_unmod,0.5717,0.3330819308757782
ENSG00000170876_unmod,-0.1492,0.6941589713096619
ENSG00000170881_unmod,-0.0919,2.448350667953491
ENSG00000170889_unmod,0.0444,1.1515229940414429
ENSG00000170892_unmod,0.0921,1.771103858947754
ENSG00000170903_unmod,-0.3375,0.8596514463424683
ENSG00000170906_unmod,0.1544,1.4896667003631592
ENSG00000170919_unmod,0.352,3.081021785736084
ENSG00000170921_unmod,0.1717,0.6815372705459595
ENSG00000170946_unmod,0.1829,1.9374953508377075
ENSG00000170949_unmod,-0.0662,0.45109954476356506
ENSG00000170955_unmod,0.3965,0.21220821142196655
ENSG00000170961_unmod,1.0216,1.949765920639038
ENSG00000170962_unmod,-0.6414,0.5415459275245667
ENSG00000170989_unmod,-0.1451,0.4884587824344635
ENSG00000171004_unmod,-0.0796,1.2569289207458496
ENSG00000171016_unmod,0.2416,2.512199878692627
ENSG00000171017_unmod,-0.4475,0.36045488715171814
ENSG00000171033_unmod,0.3079,0.5551535487174988
ENSG00000171055_unmod,-0.0501,0.5601379871368408
ENSG00000171067_unmod,0.1459,0.5515343546867371
ENSG00000171100_unmod,0.049,0.9289942979812622
ENSG00000171103_unmod,-0.1155,0.6244608163833618
ENSG00000171105_unmod,0.3257,0.1256774216890335
ENSG00000171109_unmod,-0.6315,2.1963884830474854
ENSG00000171126_unmod,-0.2149,0.908105194568634
ENSG00000171130_unmod,-0.1578,1.1962295770645142
ENSG00000171132_unmod,0.2278,0.7401179075241089
ENSG00000171135_unmod,-0.3484,0.623755693435669
ENSG00000171148_unmod,0.203,0.6029770970344543
ENSG00000171150_unmod,-0.0412,0.7074229121208191
ENSG00000171155_unmod,-0.2975,0.45566439628601074
ENSG00000171159_unmod,0.1848,0.9201388955116272
ENSG00000171161_unmod,-0.0733,24.743471145629883
ENSG00000171163_unmod,-0.3543,0.3010657727718353
ENSG00000171169_unmod,0.0207,0.8877488374710083
ENSG00000171202_unmod,-0.0347,0.6974146962165833
ENSG00000171204_unmod,-0.6732,0.455996036529541
ENSG00000171206_unmod,0.5012,1.0224528312683105
ENSG00000171208_unmod,0.1291,2.762967824935913
ENSG00000171223_unmod,0.6326,1.0004652738571167
ENSG00000171241_unmod,0.5406,1.9267669916152954
ENSG00000171246_unmod,0.6244,2.7223129272460938
ENSG00000171262_unmod,-0.2322,0.9873042106628418
ENSG00000171295_unmod,-0.1081,0.6709261536598206
ENSG00000171298_unmod,-0.0561,0.5354355573654175
ENSG00000171302_unmod,-0.0245,0.9252903461456299
ENSG00000171303_unmod,0.1583,1.4274232387542725
ENSG00000171307_unmod,-0.0927,0.7349846959114075
ENSG00000171310_unmod,0.1911,1.9052480459213257
ENSG00000171311_unmod,-0.0298,1.0125706195831299
ENSG00000171314_unmod,-0.0723,1.066304087638855
ENSG00000171316_unmod,0.1659,0.9847105145454407
ENSG00000171320_unmod,0.7028,1.1333142518997192
ENSG00000171345_unmod,0.706,1.511055827140808
ENSG00000171365_unmod,0.3152,0.38009825348854065
ENSG00000171368_unmod,0.6021,1.9115941524505615
ENSG00000171408_unmod,0.1262,0.7252248525619507
ENSG00000171421_unmod,-0.0052,1.4244452714920044
ENSG00000171425_unmod,-0.3378,1.0375653505325317
ENSG00000171444_unmod,-0.0205,1.6057630777359009
ENSG00000171448_unmod,-0.0497,1.133318305015564
ENSG00000171453_unmod,-0.3056,1.493714690208435
ENSG00000171456_unmod,-0.0101,0.44671088457107544
ENSG00000171466_unmod,-0.0646,1.2339261770248413
ENSG00000171467_unmod,0.175,0.8505657315254211
ENSG00000171469_unmod,-0.1175,1.6184908151626587
ENSG00000171475_unmod,0.0765,0.6676265001296997
ENSG00000171488_unmod,0.2005,0.7975040078163147
ENSG00000171490_unmod,-0.5631,0.4908520579338074
ENSG00000171492_unmod,-0.4454,0.8956376314163208
ENSG00000171497_unmod,-0.1556,1.2531489133834839
ENSG00000171503_unmod,0.1742,0.38065603375434875
ENSG00000171522_unmod,-0.1493,1.4330661296844482
ENSG00000171530_unmod,-0.1151,0.7626996040344238
ENSG00000171551_unmod,0.3073,1.0760775804519653
ENSG00000171552_unmod,0.0668,1.529289722442627
ENSG00000171566_unmod,-0.0916,1.836606740951538
ENSG00000171574_unmod,-0.2144,1.419033169746399
ENSG00000171603_unmod,0.227,0.5209029316902161
ENSG00000171604_unmod,0.377,1.5756900310516357
ENSG00000171606_unmod,0.4002,3.13725209236145
ENSG00000171608_unmod,0.206,1.0492053031921387
ENSG00000171612_unmod,-0.403,0.5063589215278625
ENSG00000171617_unmod,-0.1996,2.2831056118011475
ENSG00000171621_unmod,0.2477,0.5720876455307007
ENSG00000171634_unmod,0.2437,0.38277244567871094
ENSG00000171658_unmod,0.7004,1.25754976272583
ENSG00000171680_unmod,0.6137,0.7918829917907715
ENSG00000171681_unmod,-0.25,2.1189568042755127
ENSG00000171700_unmod,0.0932,0.5519819259643555
ENSG00000171703_unmod,-0.0708,1.1247565746307373
ENSG00000171720_unmod,0.0174,1.480381965637207
ENSG00000171723_unmod,0.2772,1.6955183744430542
ENSG00000171729_unmod,0.742,1.370068073272705
ENSG00000171735_unmod,-0.1129,3.0409233570098877
ENSG00000171763_unmod,-0.1071,0.5841271877288818
ENSG00000171791_unmod,-0.0256,1.307033658027649
ENSG00000171792_unmod,0.1182,0.47814202308654785
ENSG00000171793_unmod,-0.1022,1.0088318586349487
ENSG00000171806_unmod,0.067,1.63443124294281
ENSG00000171813_unmod,-0.0818,1.3002500534057617
ENSG00000171823_unmod,0.1052,2.0834269523620605
ENSG00000171824_unmod,-0.0362,1.4937022924423218
ENSG00000171840_unmod,0.0821,1.1207627058029175
ENSG00000171843_unmod,-0.2259,1.1908257007598877
ENSG00000171848_unmod,0.5484,0.5797293186187744
ENSG00000171853_unmod,0.0014,0.9070866703987122
ENSG00000171858_unmod,0.1262,1.2352864742279053
ENSG00000171861_unmod,-0.197,1.385127067565918
ENSG00000171862_unmod,0.037,1.6169251203536987
ENSG00000171863_unmod,-0.1417,0.43804916739463806
ENSG00000171865_unmod,-0.4206,0.7416509389877319
ENSG00000171867_unmod,-0.0459,2.947688341140747
ENSG00000171877_unmod,-0.2169,1.9977322816848755
ENSG00000171889_unmod,0.083,0.6067764163017273
ENSG00000171903_unmod,0.4972,1.0820404291152954
ENSG00000171914_unmod,-0.2584,0.8662392497062683
ENSG00000171928_unmod,0.4322,0.5477859973907471
ENSG00000171931_unmod,0.3903,0.5412369966506958
ENSG00000171940_unmod,-0.2011,1.4241338968276978
ENSG00000171943_unmod,0.2437,0.7003428936004639
ENSG00000171951_unmod,1.0818,0.6270573735237122
ENSG00000171953_unmod,-0.2289,0.5301042199134827
ENSG00000171960_unmod,0.1745,1.0994105339050293
ENSG00000171970_unmod,-0.4826,0.1463913768529892
ENSG00000171988_unmod,-0.0137,0.9002111554145813
ENSG00000171992_unmod,-0.3925,1.0217034816741943
ENSG00000172000_unmod,-0.5981,28.80704116821289
ENSG00000172007_unmod,-0.1366,0.5623705983161926
ENSG00000172009_unmod,-0.1066,1.7522352933883667
ENSG00000172037_unmod,-0.1179,0.16466225683689117
ENSG00000172046_unmod,-0.004,2.329116106033325
ENSG00000172053_unmod,-0.1304,2.0285086631774902
ENSG00000172057_unmod,0.2546,0.8677724599838257
ENSG00000172059_unmod,0.3241,0.37788012623786926
ENSG00000172062_unmod,-0.2652,0.18942081928253174
ENSG00000172071_unmod,-0.1135,1.4407232999801636
ENSG00000172081_unmod,0.0501,0.6525284051895142
ENSG00000172086_unmod,1.077,2.8199331760406494
ENSG00000172113_unmod,-0.2057,0.8319911956787109
ENSG00000172115_unmod,-0.254,0.717786431312561
ENSG00000172123_unmod,-0.3241,0.5682786107063293
ENSG00000172159_unmod,0.0445,1.0672516822814941
ENSG00000172164_unmod,-0.1724,0.7219468355178833
ENSG00000172167_unmod,0.3464,1.7212347984313965
ENSG00000172171_unmod,-0.1078,1.6801294088363647
ENSG00000172172_unmod,0.048,0.2833840548992157
ENSG00000172175_unmod,0.0179,0.5499456524848938
ENSG00000172183_unmod,0.8871,1.486301064491272
ENSG00000172197_unmod,0.7183,0.5018355250358582
ENSG00000172216_unmod,0.7594,1.5933128595352173
ENSG00000172239_unmod,-0.381,0.37653103470802307
ENSG00000172244_unmod,-0.0463,3.183521270751953
ENSG00000172260_unmod,-0.1896,0.6520248055458069
ENSG00000172262_unmod,0.0291,1.2561588287353516
ENSG00000172269_unmod,-0.2995,0.4228716790676117
ENSG00000172270_unmod,0.2544,1.0645099878311157
ENSG00000172273_unmod,0.1861,0.6206627488136292
ENSG00000172292_unmod,0.0526,0.5371444821357727
ENSG00000172301_unmod,-0.2372,0.8678014278411865
ENSG00000172315_unmod,-0.1257,0.1271987110376358
ENSG00000172331_unmod,0.657,0.49151086807250977
ENSG00000172336_unmod,0.0363,0.4228333830833435
ENSG00000172339_unmod,-0.1755,1.6647083759307861
ENSG00000172340_unmod,-0.3288,0.36264336109161377
ENSG00000172354_unmod,0.2742,1.2416170835494995
ENSG00000172366_unmod,-0.4428,0.6982229351997375
ENSG00000172375_unmod,0.0434,3.289573907852173
ENSG00000172380_unmod,-2.4371,0.8333803415298462
ENSG00000172403_unmod,0.0945,0.6861006617546082
ENSG00000172409_unmod,0.2441,0.8046775460243225
ENSG00000172428_unmod,-0.0699,0.9852641224861145
ENSG00000172432_unmod,0.2461,0.6431742310523987
ENSG00000172456_unmod,0.8287,1.2424967288970947
ENSG00000172465_unmod,-0.1599,1.7284120321273804
ENSG00000172466_unmod,-0.2617,0.6447376012802124
ENSG00000172469_unmod,0.2248,0.4804942309856415
ENSG00000172493_unmod,-0.0021,0.6039549708366394
ENSG00000172500_unmod,-0.1672,0.9518412947654724
ENSG00000172530_unmod,0.0622,0.7142996191978455
ENSG00000172531_unmod,0.1539,1.5389275550842285
ENSG00000172534_unmod,0.2845,2.342230796813965
ENSG00000172548_unmod,-0.5014,1.6249299049377441
ENSG00000172572_unmod,0.6003,2.4990766048431396
ENSG00000172575_unmod,-0.9792,2.3481106758117676
ENSG00000172586_unmod,-0.0732,0.07706627249717712
ENSG00000172590_unmod,0.2092,0.6528030633926392
ENSG00000172594_unmod,0.1727,0.8997955918312073
ENSG00000172613_unmod,0.2879,0.757744312286377
ENSG00000172661_unmod,0.0162,0.33813712000846863
ENSG00000172663_unmod,0.0328,1.8556538820266724
ENSG00000172667_unmod,-0.1331,0.4233627915382385
ENSG00000172671_unmod,0.2435,2.0186822414398193
ENSG00000172725_unmod,0.2227,1.4094167947769165
ENSG00000172728_unmod,-0.394,0.48961520195007324
ENSG00000172731_unmod,-0.1895,3.2458271980285645
ENSG00000172732_unmod,-0.2264,0.9961446523666382
ENSG00000172757_unmod,0.2545,1.5031005144119263
ENSG00000172765_unmod,-0.6166,0.2849969267845154
ENSG00000172766_unmod,-0.3162,1.2173080444335938
ENSG00000172775_unmod,-0.3601,0.4318048655986786
ENSG00000172785_unmod,-0.0257,2.2743067741394043
ENSG00000172795_unmod,0.2361,0.7815977931022644
ENSG00000172809_unmod,0.0317,2.7123606204986572
ENSG00000172819_unmod,0.1583,7.941585540771484
ENSG00000172830_unmod,0.1545,0.9011825323104858
ENSG00000172831_unmod,0.0772,0.8419910073280334
ENSG00000172840_unmod,-1.0598,1.7122576236724854
ENSG00000172845_unmod,0.4426,0.43748700618743896
ENSG00000172869_unmod,0.1183,0.4983615279197693
ENSG00000172878_unmod,0.3047,2.0839998722076416
ENSG00000172888_unmod,-0.0107,0.3641192317008972
ENSG00000172890_unmod,-0.0941,2.569525718688965
ENSG00000172893_unmod,-0.4971,0.5518126487731934
ENSG00000172915_unmod,-0.0225,0.7838168144226074
ENSG00000172922_unmod,0.3386,1.258191704750061
ENSG00000172927_unmod,-0.3451,1.8992000818252563
ENSG00000172932_unmod,0.1562,0.4108503758907318
ENSG00000172936_unmod,0.3882,2.0577502250671387
ENSG00000172939_unmod,-0.4488,0.3604688346385956
ENSG00000172943_unmod,-0.0202,0.605475902557373
ENSG00000172954_unmod,-0.7827,0.8817988038063049
ENSG00000172965_unmod,-0.1,0.9186423420906067
ENSG00000172977_unmod,-0.1513,1.7196297645568848
ENSG00000172986_unmod,0.2143,0.5518509149551392
ENSG00000172992_unmod,-0.081,0.88453209400177
ENSG00000173011_unmod,-0.0513,2.3630263805389404
ENSG00000173020_unmod,0.1971,1.6745166778564453
ENSG00000173039_unmod,0.1007,2.8474910259246826
ENSG00000173041_unmod,-0.2563,3.030165910720825
ENSG00000173064_unmod,0.1665,0.759573757648468
ENSG00000173065_unmod,-0.7576,0.5212611556053162
ENSG00000173068_unmod,-0.108,0.6990885734558105
ENSG00000173083_unmod,-0.1673,1.0052978992462158
ENSG00000173085_unmod,-0.0379,1.2161808013916016
ENSG00000173110_unmod,0.4294,1.1921935081481934
ENSG00000173113_unmod,0.2277,1.7827595472335815
ENSG00000173120_unmod,0.0033,2.2740602493286133
ENSG00000173141_unmod,0.1305,2.190182685852051
ENSG00000173145_unmod,0.1781,0.7848995923995972
ENSG00000173153_unmod,-0.3538,2.531471014022827
ENSG00000173156_unmod,0.2437,1.808003306388855
ENSG00000173163_unmod,-0.0254,0.7079786062240601
ENSG00000173166_unmod,0.2895,1.186517357826233
ENSG00000173171_unmod,-0.0607,1.0226508378982544
ENSG00000173193_unmod,0.3305,0.7593370079994202
ENSG00000173207_unmod,0.0486,0.7675541043281555
ENSG00000173209_unmod,0.2653,0.6968507766723633
ENSG00000173210_unmod,0.4595,2.597609519958496
ENSG00000173214_unmod,0.0683,0.6027011275291443
ENSG00000173218_unmod,0.1874,1.0170239210128784
ENSG00000173221_unmod,0.0451,0.497885525226593
ENSG00000173226_unmod,0.0802,0.7478768825531006
ENSG00000173227_unmod,0.3919,0.5019331574440002
ENSG00000173230_unmod,0.3096,0.679127037525177
ENSG00000173258_unmod,-0.0978,0.723530650138855
ENSG00000173264_unmod,0.2134,0.43069344758987427
ENSG00000173267_unmod,0.3471,3.006272792816162
ENSG00000173272_unmod,0.2937,0.646577000617981
ENSG00000173273_unmod,0.3121,0.7067745327949524
ENSG00000173275_unmod,0.2619,0.04429350793361664
ENSG00000173276_unmod,-0.1224,1.2055422067642212
ENSG00000173327_unmod,0.2284,1.2776848077774048
ENSG00000173334_unmod,-0.1619,0.2690441906452179
ENSG00000173349_unmod,-0.4519,1.8559046983718872
ENSG00000173391_unmod,0.6344,0.4361377954483032
ENSG00000173402_unmod,-0.3865,1.0753929615020752
ENSG00000173406_unmod,0.1913,2.2570741176605225
ENSG00000173409_unmod,-0.3919,0.7838762402534485
ENSG00000173418_unmod,-0.0767,1.5958164930343628
ENSG00000173436_unmod,-0.3575,0.8887019157409668
ENSG00000173442_unmod,0.5651,1.3233275413513184
ENSG00000173451_unmod,0.2511,0.23115751147270203
ENSG00000173456_unmod,0.0621,0.3834052085876465
ENSG00000173457_unmod,0.3017,2.6679632663726807
ENSG00000173465_unmod,-0.2068,0.3545842468738556
ENSG00000173473_unmod,-0.1986,0.5923751592636108
ENSG00000173480_unmod,0.1467,0.9284600019454956
ENSG00000173482_unmod,0.2658,0.5073722004890442
ENSG00000173511_unmod,0.0562,1.5399041175842285
ENSG00000173517_unmod,0.066,0.6176124811172485
ENSG00000173530_unmod,-0.1966,1.624931812286377
ENSG00000173540_unmod,0.488,1.225115418434143
ENSG00000173542_unmod,0.1682,0.768717348575592
ENSG00000173545_unmod,0.1864,0.9116427302360535
ENSG00000173546_unmod,0.4574,2.2612478733062744
ENSG00000173548_unmod,0.0715,0.7291097044944763
ENSG00000173559_unmod,0.0674,0.8847422003746033
ENSG00000173575_unmod,0.0595,0.567216157913208
ENSG00000173581_unmod,-0.0238,0.6759400963783264
ENSG00000173588_unmod,-0.3307,0.712431013584137
ENSG00000173598_unmod,-0.2163,0.806253969669342
ENSG00000173599_unmod,0.2718,0.803080677986145
ENSG00000173611_unmod,-0.2204,0.3799375593662262
ENSG00000173614_unmod,0.062,2.3465590476989746
ENSG00000173621_unmod,-0.1987,1.2210694551467896
ENSG00000173638_unmod,-0.1703,2.70564866065979
ENSG00000173653_unmod,-0.1786,0.40965625643730164
ENSG00000173660_unmod,0.2961,3.0122063159942627
ENSG00000173674_unmod,0.8947,1.3501710891723633
ENSG00000173681_unmod,-0.0091,1.7165940999984741
ENSG00000173692_unmod,0.0889,0.8549147248268127
ENSG00000173698_unmod,-0.6822,2.364009141921997
ENSG00000173705_unmod,-0.4955,0.8990561962127686
ENSG00000173706_unmod,0.0333,2.5744237899780273
ENSG00000173715_unmod,0.4294,2.305673360824585
ENSG00000173726_unmod,-0.2504,1.1935250759124756
ENSG00000173727_unmod,0.5269,0.5169390439987183
ENSG00000173744_unmod,-0.5103,0.7392936944961548
ENSG00000173757_unmod,-0.6267,1.5874475240707397
ENSG00000173786_unmod,-0.1031,0.8611289262771606
ENSG00000173801_unmod,0.1782,0.6956387162208557
ENSG00000173812_unmod,-0.0687,0.3751353621482849
ENSG00000173818_unmod,0.0703,0.5811671018600464
ENSG00000173821_unmod,0.2451,1.1622103452682495
ENSG00000173846_unmod,0.2581,0.7367246747016907
ENSG00000173848_unmod,0.3143,2.0442137718200684
ENSG00000173852_unmod,0.1376,0.7573280334472656
ENSG00000173875_unmod,-0.0538,0.953140139579773
ENSG00000173889_unmod,-0.1174,1.3135703802108765
ENSG00000173894_unmod,0.1272,1.568219542503357
ENSG00000173898_unmod,0.0493,1.4592854976654053
ENSG00000173905_unmod,0.4231,0.8678622245788574
ENSG00000173914_unmod,0.3844,2.415539264678955
ENSG00000173915_unmod,0.0816,2.289090871810913
ENSG00000173917_unmod,0.0488,2.288148880004883
ENSG00000173918_unmod,0.5976,1.7060283422470093
ENSG00000173926_unmod,0.0951,0.6661375761032104
ENSG00000173933_unmod,-0.0598,0.28134456276893616
ENSG00000173950_unmod,-0.4213,0.995743453502655
ENSG00000173960_unmod,0.2707,0.3835262358188629
ENSG00000173992_unmod,0.4387,2.314923048019409
ENSG00000174010_unmod,-0.3124,2.4547231197357178
ENSG00000174013_unmod,0.4806,0.8378796577453613
ENSG00000174021_unmod,0.2196,0.2517038583755493
ENSG00000174028_unmod,-0.4624,1.2435059547424316
ENSG00000174032_unmod,1.4881,1.943717122077942
ENSG00000174080_unmod,0.1336,0.39124152064323425
ENSG00000174099_unmod,0.2402,0.47944557666778564
ENSG00000174106_unmod,0.35,2.0420660972595215
ENSG00000174109_unmod,-0.4471,1.041918158531189
ENSG00000174130_unmod,0.2735,2.4819064140319824
ENSG00000174132_unmod,0.3238,1.6650995016098022
ENSG00000174136_unmod,-0.1919,0.4574545919895172
ENSG00000174151_unmod,-0.3511,1.3031622171401978
ENSG00000174165_unmod,-0.1689,0.6759106516838074
ENSG00000174173_unmod,-0.4281,0.6600161790847778
ENSG00000174177_unmod,-0.4136,2.704511880874634
ENSG00000174197_unmod,-0.218,2.2914695739746094
ENSG00000174206_unmod,-0.4005,1.5337766408920288
ENSG00000174227_unmod,0.0236,0.7454771399497986
ENSG00000174231_unmod,-0.0655,1.1495590209960938
ENSG00000174233_unmod,0.1817,0.9352713823318481
ENSG00000174238_unmod,-0.6466,0.18972474336624146
ENSG00000174243_unmod,0.0937,0.7219701409339905
ENSG00000174276_unmod,0.1529,2.3514912128448486
ENSG00000174282_unmod,-0.0712,0.585409939289093
ENSG00000174306_unmod,0.0389,1.507128357887268
ENSG00000174307_unmod,-0.1194,2.627108335494995
ENSG00000174327_unmod,0.0756,2.3420634269714355
ENSG00000174332_unmod,0.0973,1.5344831943511963
ENSG00000174353_unmod,0.3191,0.6033211946487427
ENSG00000174365_unmod,-0.3264,0.47609975934028625
ENSG00000174371_unmod,0.5703,1.3702951669692993
ENSG00000174373_unmod,-0.131,2.052204132080078
ENSG00000174405_unmod,-0.08,0.8201937079429626
ENSG00000174437_unmod,0.0472,1.4865835905075073
ENSG00000174442_unmod,0.1317,1.706267237663269
ENSG00000174444_unmod,0.1407,0.919970691204071
ENSG00000174446_unmod,0.1211,0.29448315501213074
ENSG00000174482_unmod,0.3469,1.1850553750991821
ENSG00000174485_unmod,0.2953,0.6146993041038513
ENSG00000174501_unmod,0.4979,1.1859279870986938
ENSG00000174516_unmod,0.3111,2.1812798976898193
ENSG00000174547_unmod,-0.1178,2.3733222484588623
ENSG00000174564_unmod,0.4173,2.581662893295288
ENSG00000174574_unmod,0.2018,0.5976059436798096
ENSG00000174579_unmod,0.0493,0.3518732190132141
ENSG00000174606_unmod,-0.2829,0.2598482668399811
ENSG00000174607_unmod,-0.0335,2.177886486053467
ENSG00000174628_unmod,0.0739,1.1496330499649048
ENSG00000174640_unmod,0.1945,1.049822449684143
ENSG00000174652_unmod,0.0031,0.6535868048667908
ENSG00000174669_unmod,-0.7894,0.34176385402679443
ENSG00000174684_unmod,-0.3439,0.4039365351200104
ENSG00000174695_unmod,-0.461,0.4992445111274719
ENSG00000174705_unmod,0.4399,1.6470288038253784
ENSG00000174718_unmod,-0.0756,1.4502946138381958
ENSG00000174720_unmod,0.1312,0.7366145849227905
ENSG00000174738_unmod,-0.1012,0.6696574687957764
ENSG00000174744_unmod,0.0611,0.38155898451805115
ENSG00000174748_unmod,0.0079,0.6878952383995056
ENSG00000174749_unmod,-0.8965,2.4963278770446777
ENSG00000174775_unmod,0.5773,1.1712735891342163
ENSG00000174780_unmod,-0.0103,0.30519047379493713
ENSG00000174791_unmod,-0.2255,1.588615894317627
ENSG00000174796_unmod,-0.3015,1.1511797904968262
ENSG00000174799_unmod,0.3717,0.8499310612678528
ENSG00000174804_unmod,-0.0537,0.7494939565658569
ENSG00000174839_unmod,-0.8815,2.8254077434539795
ENSG00000174840_unmod,-0.1502,0.6626362800598145
ENSG00000174842_unmod,-0.4354,0.41392746567726135
ENSG00000174851_unmod,0.0875,0.3996322453022003
ENSG00000174886_unmod,-0.2809,1.6790127754211426
ENSG00000174891_unmod,0.0247,1.1139107942581177
ENSG00000174903_unmod,-0.0983,0.9352056384086609
ENSG00000174915_unmod,0.0118,0.5416717529296875
ENSG00000174917_unmod,0.0658,1.2177150249481201
ENSG00000174938_unmod,0.2179,0.5505081415176392
ENSG00000174939_unmod,0.0817,2.532636880874634
ENSG00000174943_unmod,-0.3152,0.49970588088035583
ENSG00000174951_unmod,0.8121,0.6936053037643433
ENSG00000174953_unmod,-0.2449,2.445256471633911
ENSG00000174977_unmod,-0.5135,1.5976524353027344
ENSG00000174989_unmod,-0.0393,0.9169937372207642
ENSG00000174996_unmod,0.0838,1.6654216051101685
ENSG00000175029_unmod,-0.1159,1.2812083959579468
ENSG00000175048_unmod,-0.4691,2.1144862174987793
ENSG00000175054_unmod,-0.1845,1.0230869054794312
ENSG00000175061_unmod,-0.0916,0.3078613579273224
ENSG00000175063_unmod,0.283,0.8486679792404175
ENSG00000175066_unmod,-0.2765,0.4277939200401306
ENSG00000175073_unmod,-0.082,0.9130020141601562
ENSG00000175087_unmod,0.0638,0.2749832570552826
ENSG00000175104_unmod,-0.2209,0.5886378288269043
ENSG00000175105_unmod,0.2307,1.1994630098342896
ENSG00000175106_unmod,0.2759,1.1812059879302979
ENSG00000175110_unmod,-0.0292,1.589139461517334
ENSG00000175115_unmod,-0.0609,0.5239349007606506
ENSG00000175130_unmod,-0.6648,2.011441230773926
ENSG00000175137_unmod,-0.0193,0.45358914136886597
ENSG00000175155_unmod,0.4069,1.0627244710922241
ENSG00000175166_unmod,0.1185,0.9423916935920715
ENSG00000175175_unmod,0.231,1.0973519086837769
ENSG00000175182_unmod,-0.2399,1.003235101699829
ENSG00000175183_unmod,0.1855,0.513755202293396
ENSG00000175193_unmod,0.1691,1.89242422580719
ENSG00000175197_unmod,0.1761,2.2241733074188232
ENSG00000175198_unmod,-0.0155,0.6800363063812256
ENSG00000175203_unmod,0.048,1.1147618293762207
ENSG00000175213_unmod,0.123,1.5997344255447388
ENSG00000175215_unmod,-0.3089,2.1772923469543457
ENSG00000175216_unmod,-0.0596,1.4478386640548706
ENSG00000175220_unmod,0.089,1.4876022338867188
ENSG00000175221_unmod,0.0232,2.1662769317626953
ENSG00000175224_unmod,-0.0216,0.6297380328178406
ENSG00000175265_unmod,-0.2182,0.8778110146522522
ENSG00000175274_unmod,0.4823,2.3066141605377197
ENSG00000175283_unmod,-0.6358,0.4229198098182678
ENSG00000175305_unmod,0.6019,0.8153455853462219
ENSG00000175309_unmod,-0.0989,1.0556107759475708
ENSG00000175322_unmod,0.4702,0.8926379680633545
ENSG00000175324_unmod,0.7755,2.2106173038482666
ENSG00000175334_unmod,-0.0343,1.7314151525497437
ENSG00000175348_unmod,-1.1013,1.6372281312942505
ENSG00000175352_unmod,0.3341,1.0047417879104614
ENSG00000175354_unmod,0.2967,0.7113363742828369
ENSG00000175376_unmod,-0.1135,0.32288047671318054
ENSG00000175387_unmod,-0.2749,0.8721785545349121
ENSG00000175390_unmod,-0.0101,2.121269464492798
ENSG00000175414_unmod,-0.6151,1.386217474937439
ENSG00000175416_unmod,0.2397,1.0020583868026733
ENSG00000175426_unmod,0.4444,1.5204378366470337
ENSG00000175445_unmod,-0.0831,1.8478885889053345
ENSG00000175455_unmod,-0.0013,2.458664655685425
ENSG00000175467_unmod,0.1855,0.728604257106781
ENSG00000175470_unmod,-0.0172,1.5405268669128418
ENSG00000175471_unmod,0.2757,0.6045020222663879
ENSG00000175505_unmod,0.4115,1.4912195205688477
ENSG00000175548_unmod,-0.1001,2.2030584812164307
ENSG00000175550_unmod,0.7129,1.07430100440979
ENSG00000175556_unmod,0.0486,0.2629806399345398
ENSG00000175567_unmod,-0.0242,0.6916830539703369
ENSG00000175573_unmod,-0.167,2.215125799179077
ENSG00000175575_unmod,0.0237,0.8710153698921204
ENSG00000175581_unmod,-0.0241,1.8886264562606812
ENSG00000175582_unmod,0.0186,0.755308210849762
ENSG00000175591_unmod,1.0409,1.3890728950500488
ENSG00000175592_unmod,-0.0676,1.6834841966629028
ENSG00000175595_unmod,-0.9149,0.8907657265663147
ENSG00000175602_unmod,0.1338,2.464303731918335
ENSG00000175606_unmod,0.2514,1.0759350061416626
ENSG00000175634_unmod,0.1551,0.791751503944397
ENSG00000175643_unmod,0.4005,2.1576645374298096
ENSG00000175662_unmod,-0.1756,1.7081270217895508
ENSG00000175697_unmod,0.2183,0.43261945247650146
ENSG00000175711_unmod,0.4994,1.612197995185852
ENSG00000175727_unmod,-0.2352,1.2232913970947266
ENSG00000175745_unmod,-0.0616,0.543131947517395
ENSG00000175756_unmod,0.2826,1.2326898574829102
ENSG00000175764_unmod,0.0878,0.676405131816864
ENSG00000175782_unmod,-0.094,1.1672115325927734
ENSG00000175792_unmod,-0.16,2.333176374435425
ENSG00000175793_unmod,0.6185,2.1752467155456543
ENSG00000175826_unmod,-0.0587,28.130292892456055
ENSG00000175832_unmod,0.3158,2.635962963104248
ENSG00000175854_unmod,0.2017,0.8828793168067932
ENSG00000175866_unmod,-0.163,2.2041854858398438
ENSG00000175874_unmod,0.0957,1.3574825525283813
ENSG00000175893_unmod,-0.2105,0.46149760484695435
ENSG00000175895_unmod,0.0648,2.2805979251861572
ENSG00000175899_unmod,0.1264,1.962321162223816
ENSG00000175906_unmod,0.0935,0.8776394128799438
ENSG00000175931_unmod,-0.1508,0.9325217008590698
ENSG00000175970_unmod,-0.0409,0.9307575821876526
ENSG00000175984_unmod,0.3024,0.7924824953079224
ENSG00000176014_unmod,-0.1301,0.4801673889160156
ENSG00000176018_unmod,0.8128,0.5746994018554688
ENSG00000176022_unmod,-0.0992,1.1122055053710938
ENSG00000176024_unmod,0.4788,2.122608184814453
ENSG00000176055_unmod,-0.9889,0.15096767246723175
ENSG00000176058_unmod,-0.2732,0.4781525433063507
ENSG00000176087_unmod,-0.056,0.8953409790992737
ENSG00000176095_unmod,0.0081,1.6530871391296387
ENSG00000176101_unmod,0.3856,0.30275094509124756
ENSG00000176102_unmod,0.1308,0.4905399978160858
ENSG00000176105_unmod,0.0478,2.3285610675811768
ENSG00000176108_unmod,-0.0348,0.8852313756942749
ENSG00000176124_unmod,0.0671,0.4259175658226013
ENSG00000176142_unmod,0.1072,0.4280847907066345
ENSG00000176148_unmod,-0.9683,0.7015371918678284
ENSG00000176155_unmod,0.0857,2.091623544692993
ENSG00000176170_unmod,0.2678,1.3097686767578125
ENSG00000176171_unmod,-0.0703,29.909292221069336
ENSG00000176182_unmod,0.2351,1.8399616479873657
ENSG00000176208_unmod,0.1214,1.2491896152496338
ENSG00000176209_unmod,-0.1097,0.7995138168334961
ENSG00000176225_unmod,0.1395,0.7853705286979675
ENSG00000176248_unmod,0.0634,1.6478989124298096
ENSG00000176261_unmod,0.3982,3.0188040733337402
ENSG00000176273_unmod,-0.3937,0.5273448824882507
ENSG00000176340_unmod,0.0462,0.681179404258728
ENSG00000176371_unmod,0.1324,0.5179597735404968
ENSG00000176386_unmod,-0.019,1.675539493560791
ENSG00000176390_unmod,0.6121,0.3587470054626465
ENSG00000176393_unmod,0.0756,1.0226472616195679
ENSG00000176396_unmod,-0.2724,1.5406180620193481
ENSG00000176399_unmod,0.036,0.6026973128318787
ENSG00000176407_unmod,-0.6446,2.2991199493408203
ENSG00000176410_unmod,-0.2937,1.8597468137741089
ENSG00000176422_unmod,-0.3246,0.1318843513727188
ENSG00000176438_unmod,0.5526,0.4570443332195282
ENSG00000176444_unmod,0.5361,0.6967164874076843
ENSG00000176454_unmod,-0.4384,0.5892941951751709
ENSG00000176463_unmod,0.1349,0.7476527690887451
ENSG00000176473_unmod,0.11,1.0676767826080322
ENSG00000176476_unmod,-0.1371,0.5738677382469177
ENSG00000176485_unmod,0.1344,1.9367749691009521
ENSG00000176531_unmod,0.2395,1.107863187789917
ENSG00000176532_unmod,0.7546,1.9728049039840698
ENSG00000176542_unmod,-0.3131,0.80641108751297
ENSG00000176597_unmod,0.4795,1.6730307340621948
ENSG00000176619_unmod,-0.2007,0.8262320160865784
ENSG00000176623_unmod,0.5797,0.7189396619796753
ENSG00000176624_unmod,-0.639,5.238902568817139
ENSG00000176678_unmod,0.3545,0.8706328272819519
ENSG00000176692_unmod,0.2368,2.0802319049835205
ENSG00000176697_unmod,-0.1256,1.740933895111084
ENSG00000176700_unmod,0.1974,1.4428999423980713
ENSG00000176715_unmod,-0.1426,1.1187198162078857
ENSG00000176720_unmod,0.025,0.3787093162536621
ENSG00000176731_unmod,-0.0322,0.7976484298706055
ENSG00000176749_unmod,-0.1107,2.4313530921936035
ENSG00000176771_unmod,0.0798,0.3390825688838959
ENSG00000176783_unmod,0.4046,0.457194060087204
ENSG00000176788_unmod,-0.0334,0.5890635848045349
ENSG00000176834_unmod,0.4793,0.4105912148952484
ENSG00000176842_unmod,0.0225,1.108690857887268
ENSG00000176845_unmod,-0.1692,1.5488921403884888
ENSG00000176853_unmod,-0.0575,0.7864498496055603
ENSG00000176871_unmod,0.3416,0.8458667397499084
ENSG00000176890_unmod,0.7428,0.5593737959861755
ENSG00000176903_unmod,-0.015,0.4747295379638672
ENSG00000176907_unmod,0.3961,2.6151623725891113
ENSG00000176915_unmod,0.1889,0.20460030436515808
ENSG00000176946_unmod,-0.2524,1.137980341911316
ENSG00000176953_unmod,0.1785,0.38373368978500366
ENSG00000176973_unmod,-0.3547,2.017381191253662
ENSG00000176974_unmod,0.3675,0.8462584614753723
ENSG00000176978_unmod,-0.1506,1.5949114561080933
ENSG00000176986_unmod,-0.1631,0.38587436079978943
ENSG00000176994_unmod,-0.7377,0.7621333599090576
ENSG00000177000_unmod,-0.142,2.4336822032928467
ENSG00000177030_unmod,-0.1247,0.6277683973312378
ENSG00000177034_unmod,-0.45,0.670484185218811
ENSG00000177042_unmod,0.1118,1.153017520904541
ENSG00000177045_unmod,-0.287,1.9841643571853638
ENSG00000177051_unmod,-0.2845,1.7715121507644653
ENSG00000177054_unmod,0.2645,0.403176486492157
ENSG00000177058_unmod,0.5019,0.47221654653549194
ENSG00000177076_unmod,0.0771,0.5858717560768127
ENSG00000177082_unmod,-0.0542,1.9514254331588745
ENSG00000177084_unmod,0.3259,1.5705742835998535
ENSG00000177105_unmod,-0.0223,0.6359826326370239
ENSG00000177106_unmod,0.105,1.357779860496521
ENSG00000177119_unmod,-0.184,0.5260782837867737
ENSG00000177125_unmod,0.1374,1.6841763257980347
ENSG00000177150_unmod,0.0718,0.6050286293029785
ENSG00000177156_unmod,-0.003,1.442164659500122
ENSG00000177169_unmod,0.3668,1.0784072875976562
ENSG00000177192_unmod,-0.0507,29.976539611816406
ENSG00000177200_unmod,0.2573,0.43650826811790466
ENSG00000177225_unmod,-0.0926,2.9328880310058594
ENSG00000177239_unmod,0.2154,0.9540033340454102
ENSG00000177283_unmod,0.3957,0.8737291693687439
ENSG00000177302_unmod,-0.0024,1.8743892908096313
ENSG00000177303_unmod,0.0037,1.7865443229675293
ENSG00000177311_unmod,-0.0991,0.5666218996047974
ENSG00000177337_unmod,0.1076,1.8036253452301025
ENSG00000177352_unmod,-0.1183,2.401655435562134
ENSG00000177370_unmod,0.113,0.838291347026825
ENSG00000177380_unmod,0.3064,1.6130177974700928
ENSG00000177383_unmod,0.5826,0.3424275517463684
ENSG00000177406_unmod,0.3122,0.4488728642463684
ENSG00000177409_unmod,0.4818,1.0969781875610352
ENSG00000177410_unmod,-0.3827,0.9801676273345947
ENSG00000177425_unmod,-0.3142,0.4038906693458557
ENSG00000177426_unmod,0.0195,0.8353419303894043
ENSG00000177432_unmod,0.5941,0.3463369607925415
ENSG00000177463_unmod,0.5357,1.8883956670761108
ENSG00000177469_unmod,-0.623,0.416370689868927
ENSG00000177479_unmod,-0.1626,1.4992313385009766
ENSG00000177485_unmod,-0.3339,2.091305732727051
ENSG00000177508_unmod,0.0196,0.5453500747680664
ENSG00000177542_unmod,0.2575,35.7890625
ENSG00000177548_unmod,0.041,0.8689138293266296
ENSG00000177556_unmod,-0.2438,1.1961489915847778
ENSG00000177565_unmod,-0.0955,2.4409701824188232
ENSG00000177570_unmod,-0.3959,0.7968510985374451
ENSG00000177595_unmod,0.1294,0.27162832021713257
ENSG00000177600_unmod,0.1317,0.5150195956230164
ENSG00000177606_unmod,0.243,0.9098571538925171
ENSG00000177613_unmod,0.0645,0.3090277314186096
ENSG00000177614_unmod,0.9985,0.6858907341957092
ENSG00000177628_unmod,0.1049,0.6495692729949951
ENSG00000177646_unmod,0.0522,1.2934457063674927
ENSG00000177663_unmod,-0.1033,0.4425066113471985
ENSG00000177666_unmod,-0.1486,1.3780715465545654
ENSG00000177674_unmod,0.1669,1.2426235675811768
ENSG00000177683_unmod,0.3183,27.733808517456055
ENSG00000177697_unmod,0.1825,1.8342235088348389
ENSG00000177700_unmod,0.3056,1.518066644668579
ENSG00000177706_unmod,0.2392,0.4940006136894226
ENSG00000177707_unmod,0.1853,0.3848917782306671
ENSG00000177728_unmod,-0.052,0.29668381810188293
ENSG00000177731_unmod,-0.0152,2.453923225402832
ENSG00000177732_unmod,-0.2406,0.3539491593837738
ENSG00000177733_unmod,0.145,0.7035908699035645
ENSG00000177738_unmod,0.3102,0.7117408514022827
ENSG00000177830_unmod,-0.0231,0.7222408652305603
ENSG00000177842_unmod,-0.2552,0.05297042801976204
ENSG00000177853_unmod,-0.0927,0.4349469244480133
ENSG00000177868_unmod,0.3174,1.533199667930603
ENSG00000177873_unmod,0.2321,0.023811807855963707
ENSG00000177879_unmod,-0.111,1.8825745582580566
ENSG00000177885_unmod,-0.0278,0.6147026419639587
ENSG00000177888_unmod,-0.9961,0.7797474265098572
ENSG00000177889_unmod,-0.3828,1.1804145574569702
ENSG00000177917_unmod,0.1397,0.43388500809669495
ENSG00000177943_unmod,0.2342,1.7099021673202515
ENSG00000177946_unmod,0.1699,0.596983790397644
ENSG00000177951_unmod,-0.2578,1.3322012424468994
ENSG00000177954_unmod,0.1002,1.6147618293762207
ENSG00000177963_unmod,0.0217,0.7476088404655457
ENSG00000177971_unmod,-0.3393,0.6280971169471741
ENSG00000177981_unmod,0.2307,0.5969380140304565
ENSG00000177989_unmod,0.3959,1.7778817415237427
ENSG00000178028_unmod,0.0999,1.6989541053771973
ENSG00000178035_unmod,-0.0635,0.9039580821990967
ENSG00000178038_unmod,0.3867,1.5142525434494019
ENSG00000178053_unmod,-0.5477,0.5094269514083862
ENSG00000178057_unmod,-0.077,1.9479597806930542
ENSG00000178074_unmod,0.0696,1.0177406072616577
ENSG00000178104_unmod,0.491,1.8963344097137451
ENSG00000178105_unmod,-0.4849,0.11627040803432465
ENSG00000178149_unmod,-0.2432,0.5227466225624084
ENSG00000178172_unmod,0.1063,0.9287954568862915
ENSG00000178177_unmod,-0.1792,0.7383055686950684
ENSG00000178188_unmod,0.0075,1.0906285047531128
ENSG00000178202_unmod,0.4424,0.585923433303833
ENSG00000178209_unmod,0.1748,1.6543508768081665
ENSG00000178222_unmod,0.1164,0.4116095006465912
ENSG00000178229_unmod,0.1742,0.6932809948921204
ENSG00000178234_unmod,0.059,0.8115792274475098
ENSG00000178252_unmod,0.0316,1.8526819944381714
ENSG00000178295_unmod,0.1779,1.29190993309021
ENSG00000178307_unmod,0.0903,1.2227325439453125
ENSG00000178338_unmod,-0.1096,1.218953013420105
ENSG00000178381_unmod,0.2024,0.9642915725708008
ENSG00000178385_unmod,-0.1839,1.6497641801834106
ENSG00000178409_unmod,-0.3774,0.22340835630893707
ENSG00000178425_unmod,-0.4721,0.4569827914237976
ENSG00000178449_unmod,0.2117,1.336520791053772
ENSG00000178467_unmod,-0.1944,0.6992239356040955
ENSG00000178498_unmod,-0.5032,0.6274694800376892
ENSG00000178502_unmod,-0.3288,0.709272027015686
ENSG00000178531_unmod,-0.0369,0.9207508563995361
ENSG00000178537_unmod,-0.141,0.5853210687637329
ENSG00000178567_unmod,0.3409,1.193477749824524
ENSG00000178568_unmod,-0.046,1.6994072198867798
ENSG00000178605_unmod,-0.3916,0.7463757395744324
ENSG00000178607_unmod,0.2743,0.530382513999939
ENSG00000178685_unmod,0.4168,2.5992069244384766
ENSG00000178691_unmod,0.7904,0.5562737584114075
ENSG00000178694_unmod,-0.622,0.6900341510772705
ENSG00000178695_unmod,-1.2102,1.4927184581756592
ENSG00000178700_unmod,0.3963,2.118701457977295
ENSG00000178718_unmod,-0.3546,0.44609102606773376
ENSG00000178719_unmod,-0.1428,0.6729997396469116
ENSG00000178726_unmod,-0.573,0.7185381054878235
ENSG00000178741_unmod,-0.0911,0.7462256550788879
ENSG00000178761_unmod,-0.0724,0.5397154092788696
ENSG00000178764_unmod,-0.4083,0.5367768406867981
ENSG00000178773_unmod,-0.5629,0.3470681309700012
ENSG00000178802_unmod,-0.0941,0.5555715560913086
ENSG00000178814_unmod,-0.0967,2.5666658878326416
ENSG00000178878_unmod,0.4336,0.3204842805862427
ENSG00000178896_unmod,-0.1571,2.070918083190918
ENSG00000178904_unmod,-0.1935,0.40168389678001404
ENSG00000178913_unmod,0.2811,1.7771114110946655
ENSG00000178919_unmod,-0.2238,0.7034260630607605
ENSG00000178921_unmod,-0.5808,2.4418249130249023
ENSG00000178922_unmod,0.0375,1.125230312347412
ENSG00000178927_unmod,0.0888,0.7293627858161926
ENSG00000178950_unmod,0.1506,0.4406207799911499
ENSG00000178951_unmod,0.0658,1.5420986413955688
ENSG00000178952_unmod,0.0088,2.1148767471313477
ENSG00000178966_unmod,-0.0569,0.7007659077644348
ENSG00000178971_unmod,-0.109,2.5847280025482178
ENSG00000178974_unmod,0.0997,1.39816415309906
ENSG00000178980_unmod,0.464,1.1282281875610352
ENSG00000178982_unmod,0.0512,2.282470941543579
ENSG00000178988_unmod,-0.1455,1.8441293239593506
ENSG00000178996_unmod,-0.2919,0.8635463118553162
ENSG00000178999_unmod,-0.0363,1.6730549335479736
ENSG00000179010_unmod,-0.0947,0.6461125612258911
ENSG00000179021_unmod,-0.3031,2.0874149799346924
ENSG00000179029_unmod,0.5276,0.2638833224773407
ENSG00000179041_unmod,-0.3086,0.28066620230674744
ENSG00000179051_unmod,-0.2785,1.194421648979187
ENSG00000179083_unmod,0.0564,0.19991888105869293
ENSG00000179085_unmod,0.4278,1.0840795040130615
ENSG00000179091_unmod,-0.0976,2.0258960723876953
ENSG00000179094_unmod,0.1781,1.5936188697814941
ENSG00000179104_unmod,0.0577,0.46762001514434814
ENSG00000179115_unmod,-0.1642,0.9812638163566589
ENSG00000179119_unmod,0.8529,0.5309573411941528
ENSG00000179134_unmod,-0.4543,2.62847638130188
ENSG00000179152_unmod,-0.0925,0.34832921624183655
ENSG00000179163_unmod,0.4654,1.946300745010376
ENSG00000179195_unmod,0.0908,0.7851031422615051
ENSG00000179218_unmod,0.373,1.8313782215118408
ENSG00000179241_unmod,-0.4507,1.7817323207855225
ENSG00000179262_unmod,0.037,1.8115867376327515
ENSG00000179271_unmod,0.2079,0.7858299016952515
ENSG00000179277_unmod,0.5368,2.267151355743408
ENSG00000179295_unmod,-0.7102,0.5736323595046997
ENSG00000179335_unmod,0.0008,1.708156704902649
ENSG00000179348_unmod,0.2878,2.514738082885742
ENSG00000179361_unmod,0.2935,2.2588024139404297
ENSG00000179364_unmod,0.03,0.7574496865272522
ENSG00000179387_unmod,-0.1384,0.514467179775238
ENSG00000179399_unmod,0.2303,0.4245588779449463
ENSG00000179406_unmod,-0.4479,1.6161222457885742
ENSG00000179409_unmod,-0.1222,1.2804436683654785
ENSG00000179431_unmod,-0.8395,0.5582942962646484
ENSG00000179454_unmod,-0.1033,1.7972677946090698
ENSG00000179455_unmod,-0.4162,1.8388398885726929
ENSG00000179456_unmod,-0.0233,1.5402781963348389
ENSG00000179523_unmod,-0.5674,2.5785202980041504
ENSG00000179526_unmod,0.1243,1.8353434801101685
ENSG00000179532_unmod,0.0665,1.8279587030410767
ENSG00000179542_unmod,0.1936,1.2474603652954102
ENSG00000179546_unmod,-0.0577,0.6705924868583679
ENSG00000179562_unmod,0.2037,0.6087200045585632
ENSG00000179583_unmod,0.3577,0.8116288781166077
ENSG00000179588_unmod,0.2299,0.35172539949417114
ENSG00000179598_unmod,-1.1708,2.873584032058716
ENSG00000179604_unmod,0.2723,1.24730384349823
ENSG00000179630_unmod,0.267,1.9210402965545654
ENSG00000179632_unmod,0.0622,0.7846403121948242
ENSG00000179715_unmod,0.6434,0.8191623091697693
ENSG00000179750_unmod,0.9023,0.9561073780059814
ENSG00000179772_unmod,0.4928,2.1649036407470703
ENSG00000179818_unmod,0.0178,1.0789484977722168
ENSG00000179820_unmod,0.391,1.6926935911178589
ENSG00000179832_unmod,0.0209,0.18105457723140717
ENSG00000179833_unmod,-0.0583,0.32087618112564087
ENSG00000179855_unmod,0.9114,0.36208635568618774
ENSG00000179859_unmod,-0.0086,1.0924828052520752
ENSG00000179862_unmod,0.8135,1.8771966695785522
ENSG00000179889_unmod,0.4089,1.355708360671997
ENSG00000179912_unmod,-0.0853,2.8573598861694336
ENSG00000179918_unmod,-0.1065,0.8193970322608948
ENSG00000179922_unmod,-0.6698,0.5505456924438477
ENSG00000179933_unmod,-0.1528,28.870542526245117
ENSG00000179941_unmod,0.1847,1.8373620510101318
ENSG00000179943_unmod,-0.1052,5.256178379058838
ENSG00000179950_unmod,0.2068,1.7141050100326538
ENSG00000179954_unmod,0.4198,0.5222781300544739
ENSG00000179958_unmod,-0.2761,1.4988634586334229
ENSG00000179965_unmod,-0.264,2.1135194301605225
ENSG00000179981_unmod,0.2317,0.7998627424240112
ENSG00000180008_unmod,-0.0127,1.2269903421401978
ENSG00000180011_unmod,-0.0855,1.292653203010559
ENSG00000180035_unmod,-0.0354,2.305706262588501
ENSG00000180071_unmod,-0.3411,0.6841519474983215
ENSG00000180098_unmod,0.5258,2.313516855239868
ENSG00000180104_unmod,0.0788,1.0575010776519775
ENSG00000180182_unmod,-0.3952,1.6278043985366821
ENSG00000180185_unmod,-0.2427,0.5884554386138916
ENSG00000180198_unmod,-0.4488,0.6335305571556091
ENSG00000180228_unmod,0.0244,0.5370227098464966
ENSG00000180229_unmod,0.3704,0.24125933647155762
ENSG00000180233_unmod,0.0929,0.4935208559036255
ENSG00000180263_unmod,0.1535,1.953396201133728
ENSG00000180304_unmod,0.2022,0.6593310832977295
ENSG00000180329_unmod,0.0989,0.4525352418422699
ENSG00000180340_unmod,-0.6148,28.113035202026367
ENSG00000180346_unmod,0.1307,0.7750461101531982
ENSG00000180354_unmod,0.0238,0.22012083232402802
ENSG00000180357_unmod,-0.1564,0.6432613134384155
ENSG00000180370_unmod,-0.1343,2.5303614139556885
ENSG00000180376_unmod,-0.1967,0.7465572357177734
ENSG00000180385_unmod,0.0737,2.036911725997925
ENSG00000180398_unmod,0.0605,0.8464308977127075
ENSG00000180447_unmod,-0.5735,0.7335265278816223
ENSG00000180448_unmod,0.4112,1.0013128519058228
ENSG00000180488_unmod,-0.0389,1.7385481595993042
ENSG00000180530_unmod,-0.0772,0.6940646767616272
ENSG00000180535_unmod,0.5067,2.130754232406616
ENSG00000180537_unmod,0.3616,2.3835315704345703
ENSG00000180573_unmod,0.2907,0.9883905053138733
ENSG00000180596_unmod,0.0606,0.6815943121910095
ENSG00000180611_unmod,-0.4127,1.686389446258545
ENSG00000180626_unmod,-0.1712,0.3182191848754883
ENSG00000180628_unmod,0.0389,1.316102385520935
ENSG00000180667_unmod,-0.0946,1.8281195163726807
ENSG00000180694_unmod,-2.5502,0.608063817024231
ENSG00000180758_unmod,-0.5311,0.44069215655326843
ENSG00000180773_unmod,0.0351,0.42511337995529175
ENSG00000180776_unmod,-0.1173,1.0410943031311035
ENSG00000180787_unmod,0.4294,2.1341733932495117
ENSG00000180801_unmod,0.1795,0.6979411244392395
ENSG00000180806_unmod,0.0481,0.8895536065101624
ENSG00000180817_unmod,-0.1138,0.6548912525177002
ENSG00000180818_unmod,-0.7179,0.7859140634536743
ENSG00000180822_unmod,0.0105,0.7940580248832703
ENSG00000180879_unmod,0.0129,1.9063220024108887
ENSG00000180891_unmod,0.1158,0.6856131553649902
ENSG00000180900_unmod,0.0945,1.8036442995071411
ENSG00000180901_unmod,-0.0884,1.1792643070220947
ENSG00000180902_unmod,-0.2539,1.209321141242981
ENSG00000180917_unmod,-0.0501,2.0153708457946777
ENSG00000180921_unmod,-0.3443,0.8170287609100342
ENSG00000180957_unmod,-0.0002,1.0077550411224365
ENSG00000180964_unmod,-0.053,1.6694800853729248
ENSG00000180979_unmod,-0.3988,1.149751901626587
ENSG00000180992_unmod,0.4014,0.5595136880874634
ENSG00000180998_unmod,0.7913,0.7556621432304382
ENSG00000181004_unmod,0.2734,0.7529883980751038
ENSG00000181007_unmod,-0.087,0.5346158146858215
ENSG00000181019_unmod,0.2459,0.44596219062805176
ENSG00000181026_unmod,-0.304,0.3330266773700714
ENSG00000181027_unmod,-0.5466,0.33679333329200745
ENSG00000181035_unmod,0.9754,1.1753740310668945
ENSG00000181038_unmod,0.1646,0.8534663915634155
ENSG00000181045_unmod,-0.094,0.2647402584552765
ENSG00000181061_unmod,-0.3136,0.2730436325073242
ENSG00000181090_unmod,-0.1195,1.7400492429733276
ENSG00000181104_unmod,0.1993,1.1819422245025635
ENSG00000181143_unmod,-0.0748,1.01328444480896
ENSG00000181163_unmod,-0.2502,0.1788020133972168
ENSG00000181191_unmod,0.2699,1.4955759048461914
ENSG00000181192_unmod,0.3969,0.2125304788351059
ENSG00000181220_unmod,0.0324,0.3351494073867798
ENSG00000181222_unmod,-0.1115,0.5098528265953064
ENSG00000181264_unmod,0.4655,2.7126190662384033
ENSG00000181274_unmod,-0.6507,1.6570125818252563
ENSG00000181315_unmod,-0.1662,0.6984330415725708
ENSG00000181381_unmod,0.2213,0.7711714506149292
ENSG00000181396_unmod,0.2525,0.8508005142211914
ENSG00000181450_unmod,0.0744,1.6848095655441284
ENSG00000181458_unmod,0.0418,1.519163966178894
ENSG00000181467_unmod,0.0055,1.0890283584594727
ENSG00000181472_unmod,-0.4012,0.4757230281829834
ENSG00000181481_unmod,-0.075,29.32737159729004
ENSG00000181523_unmod,-0.283,0.4711132049560547
ENSG00000181544_unmod,-0.0847,0.44703754782676697
ENSG00000181555_unmod,0.0844,1.7150214910507202
ENSG00000181577_unmod,0.7821,2.6077423095703125
ENSG00000181588_unmod,0.327,1.5817804336547852
ENSG00000181610_unmod,0.0209,1.4972548484802246
ENSG00000181619_unmod,-0.2514,1.1724377870559692
ENSG00000181634_unmod,1.0152,1.9534778594970703
ENSG00000181638_unmod,-0.0584,0.9311924576759338
ENSG00000181649_unmod,0.9432,0.8214731216430664
ENSG00000181666_unmod,0.1752,0.851765513420105
ENSG00000181690_unmod,-0.6886,0.5063002109527588
ENSG00000181704_unmod,-0.4128,0.27136915922164917
ENSG00000181722_unmod,-0.1877,0.5379934906959534
ENSG00000181744_unmod,-0.11,1.3566083908081055
ENSG00000181751_unmod,-0.2796,1.8714286088943481
ENSG00000181754_unmod,-0.1455,0.210158109664917
ENSG00000181789_unmod,-0.0136,0.2356434017419815
ENSG00000181817_unmod,-0.31,1.2458925247192383
ENSG00000181826_unmod,0.4875,1.2777217626571655
ENSG00000181827_unmod,0.0041,0.33573007583618164
ENSG00000181830_unmod,-0.1223,1.9801286458969116
ENSG00000181852_unmod,-0.4938,0.9400999546051025
ENSG00000181873_unmod,0.0036,0.7300247550010681
ENSG00000181894_unmod,0.0391,0.4424085021018982
ENSG00000181896_unmod,-0.063,1.65304696559906
ENSG00000181904_unmod,0.2074,2.7194411754608154
ENSG00000181915_unmod,-0.2528,0.7304074764251709
ENSG00000181924_unmod,-0.6541,1.3700462579727173
ENSG00000181929_unmod,-0.1042,1.0146454572677612
ENSG00000181938_unmod,0.0401,2.0519237518310547
ENSG00000181991_unmod,0.0604,1.1887093782424927
ENSG00000182004_unmod,-0.1132,0.8111029267311096
ENSG00000182010_unmod,0.3542,1.0316357612609863
ENSG00000182022_unmod,0.2171,2.1859216690063477
ENSG00000182054_unmod,0.3726,1.610744833946228
ENSG00000182057_unmod,-0.1333,0.6885840892791748
ENSG00000182087_unmod,-0.1344,1.785768747329712
ENSG00000182093_unmod,0.1529,0.477562814950943
ENSG00000182095_unmod,0.4695,1.3735013008117676
ENSG00000182108_unmod,-0.1953,0.9444568753242493
ENSG00000182117_unmod,-0.1022,0.8354128003120422
ENSG00000182134_unmod,0.4025,1.5570170879364014
ENSG00000182141_unmod,-0.1801,0.4623621106147766
ENSG00000182149_unmod,0.0021,2.28249454498291
ENSG00000182150_unmod,0.0747,1.38787841796875
ENSG00000182154_unmod,0.3371,0.4281744062900543
ENSG00000182158_unmod,-0.1455,0.9062587022781372
ENSG00000182173_unmod,-0.0457,0.7495886087417603
ENSG00000182180_unmod,-0.0894,0.7307952642440796
ENSG00000182185_unmod,0.3776,0.4419848620891571
ENSG00000182195_unmod,-0.0992,1.1209049224853516
ENSG00000182197_unmod,0.0051,0.5857880115509033
ENSG00000182199_unmod,-0.0784,1.0383343696594238
ENSG00000182208_unmod,-0.2398,1.6331194639205933
ENSG00000182220_unmod,0.2191,0.5966079831123352
ENSG00000182224_unmod,-0.2041,2.086265802383423
ENSG00000182240_unmod,-0.1389,0.7718586921691895
ENSG00000182247_unmod,-0.1378,0.7865514755249023
ENSG00000182253_unmod,-0.043,1.3857600688934326
ENSG00000182263_unmod,-0.4769,0.360393762588501
ENSG00000182272_unmod,-0.0642,0.9983554482460022
ENSG00000182287_unmod,0.4745,1.914155125617981
ENSG00000182307_unmod,0.1297,1.5914740562438965
ENSG00000182310_unmod,0.5244,0.8243229389190674
ENSG00000182318_unmod,-0.227,2.4401445388793945
ENSG00000182325_unmod,0.2006,3.2401304244995117
ENSG00000182326_unmod,0.1882,1.3895263671875
ENSG00000182362_unmod,0.2556,1.2166507244110107
ENSG00000182378_unmod,0.4073,0.47195738554000854
ENSG00000182400_unmod,-0.7997,0.39286985993385315
ENSG00000182405_unmod,0.1008,1.0767998695373535
ENSG00000182446_unmod,-0.043,1.045682430267334
ENSG00000182463_unmod,0.3456,2.156996011734009
ENSG00000182473_unmod,-0.0226,2.088881254196167
ENSG00000182481_unmod,0.0633,0.7864014506340027
ENSG00000182484_unmod,-0.1243,0.6632810831069946
ENSG00000182492_unmod,0.4097,0.950381875038147
ENSG00000182504_unmod,0.5876,1.1747013330459595
ENSG00000182512_unmod,-0.1827,0.6544569134712219
ENSG00000182518_unmod,0.1398,1.39372718334198
ENSG00000182534_unmod,0.022,0.8957582712173462
ENSG00000182541_unmod,0.3987,0.6175413727760315
ENSG00000182544_unmod,-0.3563,1.3793511390686035
ENSG00000182551_unmod,0.1404,0.9838569760322571
ENSG00000182552_unmod,-0.7084,0.3487125337123871
ENSG00000182585_unmod,0.8544,1.9244309663772583
ENSG00000182606_unmod,-0.2338,1.6381901502609253
ENSG00000182621_unmod,0.9396,0.4522363841533661
ENSG00000182628_unmod,0.2256,0.30199795961380005
ENSG00000182670_unmod,0.1233,0.6908105611801147
ENSG00000182700_unmod,0.1077,33.40841293334961
ENSG00000182704_unmod,0.0608,0.46092888712882996
ENSG00000182718_unmod,0.2132,2.6164891719818115
ENSG00000182742_unmod,0.2412,1.2216360569000244
ENSG00000182749_unmod,-0.3675,0.6875127553939819
ENSG00000182752_unmod,0.1557,0.6316006183624268
ENSG00000182768_unmod,-0.2676,1.2827528715133667
ENSG00000182795_unmod,-0.8315,0.634901762008667
ENSG00000182796_unmod,-0.1374,0.5700916051864624
ENSG00000182809_unmod,0.6134,1.1015011072158813
ENSG00000182810_unmod,-0.3358,1.354205846786499
ENSG00000182827_unmod,-0.5878,1.3083953857421875
ENSG00000182831_unmod,0.1148,1.540927529335022
ENSG00000182836_unmod,0.1099,0.4813166558742523
ENSG00000182841_unmod,0.1461,1.2868305444717407
ENSG00000182858_unmod,0.102,0.8184338808059692
ENSG00000182871_unmod,0.0646,0.2854869067668915
ENSG00000182872_unmod,0.0362,2.5646350383758545
ENSG00000182899_unmod,0.1598,0.35948923230171204
ENSG00000182903_unmod,-0.2384,0.5891212224960327
ENSG00000182919_unmod,0.478,1.940473198890686
ENSG00000182923_unmod,0.3013,0.9178537726402283
ENSG00000182934_unmod,-0.0656,2.2761824131011963
ENSG00000182944_unmod,0.1822,0.7921102643013
ENSG00000182952_unmod,0.0151,0.3497328460216522
ENSG00000182957_unmod,-0.6586,0.33342358469963074
ENSG00000182963_unmod,0.1979,1.1672887802124023
ENSG00000182973_unmod,-0.0532,1.0112909078598022
ENSG00000182979_unmod,-0.1639,0.5996332168579102
ENSG00000182985_unmod,0.1187,0.7751200199127197
ENSG00000183010_unmod,0.0991,3.1954500675201416
ENSG00000183011_unmod,0.1,0.5487586259841919
ENSG00000183020_unmod,0.0515,0.9813219904899597
ENSG00000183049_unmod,0.1084,0.5680792331695557
ENSG00000183060_unmod,0.3342,2.108666181564331
ENSG00000183077_unmod,-0.0424,2.3767709732055664
ENSG00000183087_unmod,0.5443,1.7498587369918823
ENSG00000183091_unmod,0.2153,1.3712847232818604
ENSG00000183092_unmod,0.2003,1.7816017866134644
ENSG00000183111_unmod,0.4314,1.3187813758850098
ENSG00000183137_unmod,0.4341,0.3936235308647156
ENSG00000183155_unmod,0.2024,0.9176948070526123
ENSG00000183161_unmod,0.0319,0.6065845489501953
ENSG00000183172_unmod,0.2707,0.9603577256202698
ENSG00000183207_unmod,0.007,2.127807140350342
ENSG00000183208_unmod,0.059,0.6739442944526672
ENSG00000183255_unmod,0.0108,3.042766809463501
ENSG00000183258_unmod,0.0468,1.0909138917922974
ENSG00000183283_unmod,-0.3217,1.7209858894348145
ENSG00000183291_unmod,-0.9778,0.44916805624961853
ENSG00000183323_unmod,-0.4373,1.5093363523483276
ENSG00000183337_unmod,-0.1602,0.517238438129425
ENSG00000183340_unmod,-0.092,0.559444010257721
ENSG00000183354_unmod,0.1429,0.6378372311592102
ENSG00000183386_unmod,0.184,0.763775646686554
ENSG00000183421_unmod,0.3625,0.47274675965309143
ENSG00000183426_unmod,-0.5169,0.8467720746994019
ENSG00000183431_unmod,-0.2873,1.948546051979065
ENSG00000183458_unmod,0.294,0.8191232681274414
ENSG00000183474_unmod,0.2454,0.8547305464744568
ENSG00000183475_unmod,-0.0998,0.2533856928348541
ENSG00000183486_unmod,0.3668,3.629509925842285
ENSG00000183495_unmod,0.1304,3.0019783973693848
ENSG00000183496_unmod,0.2784,1.6146007776260376
ENSG00000183506_unmod,0.2211,0.16673509776592255
ENSG00000183513_unmod,0.1974,1.799207329750061
ENSG00000183520_unmod,-0.4659,1.1099567413330078
ENSG00000183527_unmod,-0.1329,0.8700789213180542
ENSG00000183530_unmod,-0.0459,0.9698108434677124
ENSG00000183576_unmod,-1.1594,0.5410147309303284
ENSG00000183578_unmod,0.7652,1.9424034357070923
ENSG00000183579_unmod,-0.3709,0.9803313612937927
ENSG00000183597_unmod,0.1559,1.5640654563903809
ENSG00000183598_unmod,0.2143,1.0445202589035034
ENSG00000183604_unmod,0.1414,1.2527515888214111
ENSG00000183605_unmod,-0.1131,0.8253641724586487
ENSG00000183617_unmod,0.6404,1.8711559772491455
ENSG00000183621_unmod,0.3475,0.8053504824638367
ENSG00000183624_unmod,0.2865,2.0421302318573
ENSG00000183647_unmod,0.1239,2.5186965465545654
ENSG00000183648_unmod,0.4335,0.8525528907775879
ENSG00000183665_unmod,-0.5835,0.860117495059967
ENSG00000183666_unmod,0.1154,3.651181936264038
ENSG00000183684_unmod,0.4231,0.46610409021377563
ENSG00000183691_unmod,-0.2966,2.0967514514923096
ENSG00000183696_unmod,0.2889,0.8342544436454773
ENSG00000183718_unmod,-0.0515,0.5798332095146179
ENSG00000183722_unmod,0.8313,0.6509403586387634
ENSG00000183723_unmod,-0.2604,1.0040979385375977
ENSG00000183726_unmod,-0.3039,0.6534587144851685
ENSG00000183735_unmod,0.4689,1.7872432470321655
ENSG00000183741_unmod,0.2987,0.9984908103942871
ENSG00000183751_unmod,-0.2747,0.32860106229782104
ENSG00000183763_unmod,0.2398,1.0217132568359375
ENSG00000183765_unmod,0.2124,0.6915958523750305
ENSG00000183770_unmod,-0.3488,0.5493994951248169
ENSG00000183775_unmod,0.6043,0.20217034220695496
ENSG00000183779_unmod,-0.1161,0.9102756977081299
ENSG00000183780_unmod,-0.0358,0.550269603729248
ENSG00000183808_unmod,-0.008,1.5671021938323975
ENSG00000183814_unmod,0.2724,2.729630708694458
ENSG00000183826_unmod,-0.4083,2.6065940856933594
ENSG00000183840_unmod,0.3913,0.6452657580375671
ENSG00000183853_unmod,-0.1254,1.9025673866271973
ENSG00000183856_unmod,0.3587,1.2662001848220825
ENSG00000183864_unmod,0.6383,0.6809049844741821
ENSG00000183914_unmod,0.4654,0.7344035506248474
ENSG00000183943_unmod,-0.0988,1.795628547668457
ENSG00000183955_unmod,0.2161,1.2918224334716797
ENSG00000183963_unmod,0.3521,0.5482118129730225
ENSG00000183978_unmod,-0.0214,1.2573124170303345
ENSG00000184007_unmod,-0.0543,1.9574538469314575
ENSG00000184009_unmod,0.1698,1.6364257335662842
ENSG00000184014_unmod,0.2994,1.532393455505371
ENSG00000184076_unmod,0.4081,1.9576717615127563
ENSG00000184083_unmod,0.1216,0.8336479067802429
ENSG00000184110_unmod,0.7594,0.40622541308403015
ENSG00000184117_unmod,-0.3042,0.378541499376297
ENSG00000184162_unmod,0.0187,1.035946249961853
ENSG00000184164_unmod,0.6972,0.7647769451141357
ENSG00000184178_unmod,-0.3527,0.45416054129600525
ENSG00000184182_unmod,-0.0061,0.07683455944061279
ENSG00000184185_unmod,0.6925,0.45672568678855896
ENSG00000184194_unmod,-0.1213,1.6481468677520752
ENSG00000184203_unmod,0.1812,0.9387859106063843
ENSG00000184205_unmod,0.3244,0.4804537296295166
ENSG00000184207_unmod,0.7572,2.496622323989868
ENSG00000184208_unmod,0.601,0.3593571186065674
ENSG00000184209_unmod,0.1257,0.5324662327766418
ENSG00000184216_unmod,-0.0037,0.9611066579818726
ENSG00000184220_unmod,-0.2349,0.16228777170181274
ENSG00000184254_unmod,-0.4814,3.663393974304199
ENSG00000184260_unmod,0.1476,1.8963528871536255
ENSG00000184270_unmod,0.1949,2.478792190551758
ENSG00000184271_unmod,0.3325,1.3549654483795166
ENSG00000184277_unmod,-0.1016,0.500602662563324
ENSG00000184281_unmod,0.1532,0.9512541890144348
ENSG00000184292_unmod,-0.0337,0.3197883367538452
ENSG00000184305_unmod,-0.1527,0.23028907179832458
ENSG00000184307_unmod,-0.0909,0.7314012050628662
ENSG00000184319_unmod,-0.2172,1.8090484142303467
ENSG00000184349_unmod,-0.4585,0.9853009581565857
ENSG00000184357_unmod,0.042,2.2758936882019043
ENSG00000184363_unmod,0.0813,1.4636399745941162
ENSG00000184368_unmod,0.0598,0.7636551856994629
ENSG00000184371_unmod,0.5767,0.6286797523498535
ENSG00000184381_unmod,-0.1727,0.7142234444618225
ENSG00000184384_unmod,0.1278,1.232589840888977
ENSG00000184402_unmod,-0.154,0.23870034515857697
ENSG00000184428_unmod,-0.0485,0.6336973905563354
ENSG00000184432_unmod,0.7315,1.4156211614608765
ENSG00000184436_unmod,0.3681,2.1684441566467285
ENSG00000184445_unmod,0.3049,0.7378681302070618
ENSG00000184465_unmod,-0.1971,2.0277469158172607
ENSG00000184470_unmod,-0.256,0.8092780709266663
ENSG00000184481_unmod,0.293,0.9998442530632019
ENSG00000184500_unmod,0.1418,0.4330957233905792
ENSG00000184508_unmod,0.0091,0.4060869514942169
ENSG00000184517_unmod,0.0359,0.3546256721019745
ENSG00000184545_unmod,0.2337,1.873313546180725
ENSG00000184557_unmod,0.3674,0.9641991853713989
ENSG00000184575_unmod,0.1318,1.9857070446014404
ENSG00000184584_unmod,0.1724,1.7534841299057007
ENSG00000184588_unmod,0.1156,0.6150297522544861
ENSG00000184602_unmod,0.3585,0.5527516603469849
ENSG00000184613_unmod,-0.0707,0.8448233008384705
ENSG00000184634_unmod,-0.3172,0.3714503347873688
ENSG00000184640_unmod,0.1495,0.9733262658119202
ENSG00000184661_unmod,-0.021,1.2515424489974976
ENSG00000184675_unmod,-0.5429,0.2759649157524109
ENSG00000184677_unmod,-0.0247,0.6830673813819885
ENSG00000184678_unmod,0.029,0.2644958198070526
ENSG00000184708_unmod,0.0379,0.19087855517864227
ENSG00000184719_unmod,-0.3662,2.461498975753784
ENSG00000184731_unmod,0.904,0.5234606266021729
ENSG00000184743_unmod,-0.5234,0.49008506536483765
ENSG00000184752_unmod,0.1225,0.5223987102508545
ENSG00000184785_unmod,0.007,0.2608768045902252
ENSG00000184787_unmod,-0.2142,0.444843590259552
ENSG00000184792_unmod,-0.0938,1.5839112997055054
ENSG00000184828_unmod,0.4258,0.7343015074729919
ENSG00000184831_unmod,-0.2414,0.485991895198822
ENSG00000184838_unmod,-0.5525,2.4552102088928223
ENSG00000184840_unmod,0.3376,2.513331174850464
ENSG00000184857_unmod,-0.0026,1.1402885913848877
ENSG00000184860_unmod,0.4501,0.4175877869129181
ENSG00000184863_unmod,-0.0318,1.9446815252304077
ENSG00000184867_unmod,0.4407,0.32509645819664
ENSG00000184887_unmod,0.3423,0.7565127015113831
ENSG00000184897_unmod,1.0117,0.5739723443984985
ENSG00000184898_unmod,0.2262,1.0346028804779053
ENSG00000184900_unmod,0.0622,1.0195099115371704
ENSG00000184903_unmod,-0.0985,0.2847380042076111
ENSG00000184916_unmod,-0.4308,0.4517775774002075
ENSG00000184922_unmod,0.305,0.39756208658218384
ENSG00000184924_unmod,0.2492,1.2247846126556396
ENSG00000184939_unmod,-0.3306,1.376092791557312
ENSG00000184949_unmod,0.0975,2.2657268047332764
ENSG00000184967_unmod,0.0375,1.2070790529251099
ENSG00000184979_unmod,0.1017,0.6351432800292969
ENSG00000184983_unmod,0.2522,0.587096631526947
ENSG00000184985_unmod,0.5979,1.310600996017456
ENSG00000184988_unmod,0.5009,1.8488764762878418
ENSG00000184990_unmod,-0.166,0.4424741864204407
ENSG00000184992_unmod,0.2227,0.4249085485935211
ENSG00000185000_unmod,-0.2405,2.1360793113708496
ENSG00000185008_unmod,0.6421,0.6663099527359009
ENSG00000185009_unmod,-0.0022,0.8580015897750854
ENSG00000185015_unmod,0.1742,1.0151145458221436
ENSG00000185019_unmod,-0.1112,1.470739483833313
ENSG00000185022_unmod,0.0459,0.5910272002220154
ENSG00000185024_unmod,-0.1486,0.5470787882804871
ENSG00000185033_unmod,0.6254,0.572230875492096
ENSG00000185043_unmod,0.4013,0.9761321544647217
ENSG00000185049_unmod,-0.2649,1.1960840225219727
ENSG00000185070_unmod,0.3186,0.47360649704933167
ENSG00000185085_unmod,-0.0309,0.6814225316047668
ENSG00000185088_unmod,-0.0973,0.8445448279380798
ENSG00000185090_unmod,0.0456,1.612762212753296
ENSG00000185100_unmod,-0.1463,0.4788152575492859
ENSG00000185104_unmod,0.1061,0.790367066860199
ENSG00000185112_unmod,0.1615,2.2085230350494385
ENSG00000185122_unmod,0.0636,1.1338828802108765
ENSG00000185127_unmod,0.0179,0.5947728753089905
ENSG00000185129_unmod,-0.1673,0.7467088103294373
ENSG00000185130_unmod,0.4937,1.2109490633010864
ENSG00000185158_unmod,-0.1521,1.946713924407959
ENSG00000185163_unmod,-0.4459,1.4419279098510742
ENSG00000185164_unmod,-0.0529,2.936748504638672
ENSG00000185189_unmod,0.1366,1.172452688217163
ENSG00000185201_unmod,-0.0701,0.8687891960144043
ENSG00000185215_unmod,0.59,0.5964544415473938
ENSG00000185219_unmod,0.0585,27.36263084411621
ENSG00000185220_unmod,-0.1876,0.6199389100074768
ENSG00000185222_unmod,0.2246,0.7405304312705994
ENSG00000185236_unmod,0.0916,1.2891619205474854
ENSG00000185238_unmod,-0.1559,2.3965365886688232
ENSG00000185246_unmod,0.1587,0.4387231171131134
ENSG00000185252_unmod,-0.9564,1.5614231824874878
ENSG00000185261_unmod,0.364,2.2877585887908936
ENSG00000185262_unmod,0.7117,1.08747136592865
ENSG00000185278_unmod,-0.6035,0.7835904955863953
ENSG00000185305_unmod,-0.3265,2.525757074356079
ENSG00000185324_unmod,0.1069,1.4351271390914917
ENSG00000185338_unmod,-0.6053,1.0609503984451294
ENSG00000185340_unmod,0.1886,0.8225440382957458
ENSG00000185344_unmod,-0.2154,1.6063354015350342
ENSG00000185347_unmod,0.2653,1.8608635663986206
ENSG00000185352_unmod,0.2687,0.8393301367759705
ENSG00000185359_unmod,0.0166,0.2033761441707611
ENSG00000185361_unmod,0.4953,2.1403563022613525
ENSG00000185379_unmod,0.3113,1.0320559740066528
ENSG00000185386_unmod,0.6443,0.9923014044761658
ENSG00000185404_unmod,0.1734,0.23457419872283936
ENSG00000185414_unmod,-0.4941,0.5810487270355225
ENSG00000185418_unmod,0.1103,0.618888795375824
ENSG00000185420_unmod,-0.123,0.37363556027412415
ENSG00000185432_unmod,0.5256,2.2290148735046387
ENSG00000185453_unmod,0.1234,2.5331192016601562
ENSG00000185475_unmod,0.0698,2.3648505210876465
ENSG00000185480_unmod,0.0112,0.2573264539241791
ENSG00000185483_unmod,-0.1404,0.29807594418525696
ENSG00000185485_unmod,0.4443,0.7274466156959534
ENSG00000185495_unmod,-0.3911,0.2728692591190338
ENSG00000185499_unmod,0.0731,0.5271818041801453
ENSG00000185504_unmod,-0.1498,2.090095043182373
ENSG00000185507_unmod,0.763,0.8300763964653015
ENSG00000185513_unmod,0.0655,1.5342367887496948
ENSG00000185515_unmod,0.6474,1.1461025476455688
ENSG00000185518_unmod,-0.1649,0.9130600690841675
ENSG00000185551_unmod,-1.0381,1.2372304201126099
ENSG00000185567_unmod,-0.0784,0.3747808635234833
ENSG00000185585_unmod,0.0785,0.8379507064819336
ENSG00000185591_unmod,0.0833,1.1818557977676392
ENSG00000185596_unmod,0.3415,0.458626925945282
ENSG00000185608_unmod,-0.027,1.503783941268921
ENSG00000185619_unmod,0.0428,0.963234007358551
ENSG00000185621_unmod,1.6845,1.7185280323028564
ENSG00000185624_unmod,0.4739,0.9588128924369812
ENSG00000185627_unmod,-0.1183,1.2162927389144897
ENSG00000185630_unmod,-0.182,0.7853082418441772
ENSG00000185650_unmod,-0.0281,1.7545654773712158
ENSG00000185651_unmod,0.0523,0.7495181560516357
ENSG00000185658_unmod,-0.5299,0.9439067840576172
ENSG00000185684_unmod,0.1739,1.126380205154419
ENSG00000185686_unmod,0.3222,0.8681027889251709
ENSG00000185697_unmod,0.35,2.195546865463257
ENSG00000185710_unmod,-0.3988,1.2405712604522705
ENSG00000185716_unmod,-0.256,0.4568753242492676
ENSG00000185721_unmod,0.181,2.014207601547241
ENSG00000185722_unmod,-0.025,1.8414777517318726
ENSG00000185728_unmod,-0.2096,0.9566238522529602
ENSG00000185730_unmod,-0.3925,0.36337074637413025
ENSG00000185745_unmod,0.2327,0.7118486762046814
ENSG00000185753_unmod,0.1456,0.9189358353614807
ENSG00000185761_unmod,-0.0324,1.619896411895752
ENSG00000185787_unmod,-0.0679,0.6494640707969666
ENSG00000185798_unmod,0.0732,1.9147101640701294
ENSG00000185800_unmod,-0.002,2.648711919784546
ENSG00000185803_unmod,0.5875,2.5510454177856445
ENSG00000185808_unmod,0.662,2.6989870071411133
ENSG00000185813_unmod,-0.1146,0.7696129679679871
ENSG00000185818_unmod,-1.1099,0.5720929503440857
ENSG00000185825_unmod,0.1536,1.4636801481246948
ENSG00000185842_unmod,-0.1642,0.8703551292419434
ENSG00000185864_unmod,-0.2039,0.6636469960212708
ENSG00000185885_unmod,-0.0146,0.7390739917755127
ENSG00000185896_unmod,-1.5452,1.5306273698806763
ENSG00000185900_unmod,1.203,0.6313734650611877
ENSG00000185909_unmod,-0.0399,0.7245132923126221
ENSG00000185917_unmod,0.0126,0.9770480990409851
ENSG00000185920_unmod,-0.0255,1.041195273399353
ENSG00000185946_unmod,-0.1134,0.4662569761276245
ENSG00000185947_unmod,0.3005,0.44800084829330444
ENSG00000185950_unmod,0.0681,1.0780256986618042
ENSG00000185963_unmod,0.0117,1.8826453685760498
ENSG00000185973_unmod,-0.1121,1.9861111640930176
ENSG00000185986_unmod,0.3441,0.12776556611061096
ENSG00000185989_unmod,0.2082,2.676412343978882
ENSG00000186001_unmod,-0.072,0.8631606698036194
ENSG00000186017_unmod,-0.4892,2.6075079441070557
ENSG00000186020_unmod,-0.0987,28.54768943786621
ENSG00000186026_unmod,-0.2316,0.4781765639781952
ENSG00000186063_unmod,0.2851,1.287645697593689
ENSG00000186073_unmod,-0.2031,1.1222552061080933
ENSG00000186104_unmod,-0.0505,1.7836161851882935
ENSG00000186106_unmod,-1.1869,0.6986424922943115
ENSG00000186111_unmod,0.2303,1.6233854293823242
ENSG00000186130_unmod,-0.024,1.3872507810592651
ENSG00000186132_unmod,-0.1918,0.7927583456039429
ENSG00000186141_unmod,0.1608,0.3328317105770111
ENSG00000186162_unmod,-0.1085,1.290603756904602
ENSG00000186166_unmod,0.5139,0.4911768138408661
ENSG00000186174_unmod,0.198,3.0864291191101074
ENSG00000186184_unmod,-0.1501,0.5269745588302612
ENSG00000186185_unmod,0.1668,0.9546119570732117
ENSG00000186187_unmod,-0.0192,1.163556456565857
ENSG00000186193_unmod,0.3085,1.8727613687515259
ENSG00000186205_unmod,-0.7135,0.4513339400291443
ENSG00000186222_unmod,-0.8142,0.4197486937046051
ENSG00000186230_unmod,-0.0367,0.6948060989379883
ENSG00000186260_unmod,-0.1277,1.4062597751617432
ENSG00000186272_unmod,-0.2678,2.006118059158325
ENSG00000186283_unmod,0.6176,2.175144672393799
ENSG00000186298_unmod,-0.3772,1.1303644180297852
ENSG00000186300_unmod,-0.027,3.9303297996520996
ENSG00000186312_unmod,-0.0622,1.4691487550735474
ENSG00000186314_unmod,0.1899,1.7631129026412964
ENSG00000186318_unmod,-0.2235,1.4104421138763428
ENSG00000186350_unmod,0.2708,2.0099010467529297
ENSG00000186352_unmod,0.0383,1.126977562904358
ENSG00000186376_unmod,0.229,0.6788265109062195
ENSG00000186395_unmod,-0.0334,0.7934253215789795
ENSG00000186416_unmod,-0.3184,1.3113919496536255
ENSG00000186432_unmod,-0.1688,0.7124524116516113
ENSG00000186448_unmod,0.0278,0.7825432419776917
ENSG00000186468_unmod,-0.0164,27.706274032592773
ENSG00000186469_unmod,0.0633,1.2506365776062012
ENSG00000186470_unmod,0.2984,0.8843207359313965
ENSG00000186472_unmod,0.1948,0.8209851980209351
ENSG00000186480_unmod,0.792,8.166387557983398
ENSG00000186501_unmod,-0.0355,2.515084743499756
ENSG00000186522_unmod,0.3973,0.3161732852458954
ENSG00000186529_unmod,0.6513,0.645199716091156
ENSG00000186532_unmod,0.1538,0.5746455788612366
ENSG00000186566_unmod,-0.2405,0.9011025428771973
ENSG00000186575_unmod,-0.3656,0.3272978663444519
ENSG00000186577_unmod,0.1357,1.0621001720428467
ENSG00000186591_unmod,-0.3164,0.5482099056243896
ENSG00000186603_unmod,-0.5372,2.246494770050049
ENSG00000186625_unmod,0.4795,1.1668823957443237
ENSG00000186635_unmod,0.1337,0.8389309048652649
ENSG00000186638_unmod,0.3809,0.5405831933021545
ENSG00000186642_unmod,-0.2654,0.2241099625825882
ENSG00000186660_unmod,-0.1263,0.9679006934165955
ENSG00000186665_unmod,0.0673,1.2357887029647827
ENSG00000186666_unmod,-0.0741,1.1217105388641357
ENSG00000186684_unmod,0.7492,0.4659762978553772
ENSG00000186687_unmod,-0.7167,1.055816650390625
ENSG00000186716_unmod,-0.029,0.7907019257545471
ENSG00000186767_unmod,-0.1208,0.5974028706550598
ENSG00000186792_unmod,0.0441,1.3546686172485352
ENSG00000186806_unmod,0.2407,1.140127182006836
ENSG00000186812_unmod,0.0111,0.15214203298091888
ENSG00000186814_unmod,0.1296,1.4544317722320557
ENSG00000186815_unmod,0.4057,1.3547190427780151
ENSG00000186834_unmod,-0.0885,0.7366719245910645
ENSG00000186847_unmod,0.3132,0.5747457146644592
ENSG00000186854_unmod,-0.0156,0.6703145503997803
ENSG00000186866_unmod,0.1596,0.441231369972229
ENSG00000186871_unmod,0.5122,0.4842376708984375
ENSG00000186908_unmod,-0.2916,0.6451539397239685
ENSG00000186951_unmod,-1.0516,0.11090925335884094
ENSG00000187024_unmod,-0.1976,2.117770195007324
ENSG00000187049_unmod,-0.1937,2.131194829940796
ENSG00000187051_unmod,-0.1291,1.5163708925247192
ENSG00000187079_unmod,-0.4262,0.9273703694343567
ENSG00000187097_unmod,-0.0343,1.7967214584350586
ENSG00000187098_unmod,-0.6506,0.3620069921016693
ENSG00000187109_unmod,0.1149,30.747875213623047
ENSG00000187118_unmod,-0.092,0.32991278171539307
ENSG00000187123_unmod,-0.8335,0.35990607738494873
ENSG00000187134_unmod,0.6473,0.4388926923274994
ENSG00000187147_unmod,0.0558,1.1025570631027222
ENSG00000187164_unmod,-0.045,0.49687713384628296
ENSG00000187189_unmod,0.1949,1.580045223236084
ENSG00000187210_unmod,0.3827,1.4503076076507568
ENSG00000187231_unmod,0.3421,0.5710071921348572
ENSG00000187239_unmod,-0.0176,0.6512814164161682
ENSG00000187240_unmod,-0.2072,0.9000847339630127
ENSG00000187244_unmod,-0.0194,2.235930919647217
ENSG00000187257_unmod,-0.0109,0.31279587745666504
ENSG00000187391_unmod,0.5058,0.37257155776023865
ENSG00000187398_unmod,0.8587,0.5348652601242065
ENSG00000187446_unmod,-0.0064,0.4078909456729889
ENSG00000187479_unmod,1.0501,0.5156232118606567
ENSG00000187498_unmod,0.2371,0.3930485248565674
ENSG00000187514_unmod,0.0378,0.7799050211906433
ENSG00000187522_unmod,-0.0767,2.770348072052002
ENSG00000187531_unmod,0.0884,29.860153198242188
ENSG00000187535_unmod,0.3055,0.334075391292572
ENSG00000187555_unmod,-0.0526,2.958245038986206
ENSG00000187583_unmod,0.2173,1.583465814590454
ENSG00000187605_unmod,0.1084,0.7945994734764099
ENSG00000187607_unmod,0.2863,0.5654556751251221
ENSG00000187608_unmod,0.476,0.5960068702697754
ENSG00000187609_unmod,0.2278,0.8005576729774475
ENSG00000187626_unmod,-0.1114,0.5770814418792725
ENSG00000187634_unmod,0.2352,2.1441497802734375
ENSG00000187676_unmod,0.3142,1.121954321861267
ENSG00000187678_unmod,0.5341,1.1479815244674683
ENSG00000187713_unmod,-0.3434,1.5212643146514893
ENSG00000187720_unmod,0.2739,2.2421770095825195
ENSG00000187735_unmod,0.668,0.69650799036026
ENSG00000187741_unmod,0.2008,0.9340233206748962
ENSG00000187742_unmod,-0.1499,1.819803237915039
ENSG00000187764_unmod,0.7145,1.6216585636138916
ENSG00000187775_unmod,0.5847,0.4014236330986023
ENSG00000187778_unmod,-0.1873,1.3154215812683105
ENSG00000187790_unmod,0.122,0.2762395441532135
ENSG00000187792_unmod,0.3012,1.6371855735778809
ENSG00000187800_unmod,-0.0158,0.2796816825866699
ENSG00000187801_unmod,0.3368,1.1875962018966675
ENSG00000187815_unmod,-0.5909,0.5544105768203735
ENSG00000187840_unmod,0.225,0.5671041011810303
ENSG00000187866_unmod,0.007,0.8451305627822876
ENSG00000187908_unmod,0.6605,1.0647515058517456
ENSG00000187953_unmod,0.0032,0.8617756962776184
ENSG00000187954_unmod,0.1633,0.6067537069320679
ENSG00000187955_unmod,0.145,0.48215949535369873
ENSG00000187957_unmod,0.1382,0.8777083158493042
ENSG00000187961_unmod,-0.172,1.930654525756836
ENSG00000188002_unmod,0.1351,0.3784860372543335
ENSG00000188010_unmod,0.285,1.5496435165405273
ENSG00000188015_unmod,0.3256,2.364091634750366
ENSG00000188021_unmod,-0.47,0.7865869998931885
ENSG00000188026_unmod,-0.3089,2.0186517238616943
ENSG00000188033_unmod,-0.1694,2.430665969848633
ENSG00000188042_unmod,0.5399,1.5177044868469238
ENSG00000188060_unmod,0.4492,0.8922520875930786
ENSG00000188064_unmod,-0.6966,1.9460113048553467
ENSG00000188070_unmod,-0.4895,0.5581761002540588
ENSG00000188092_unmod,-0.2694,0.34565088152885437
ENSG00000188112_unmod,0.0796,1.2827651500701904
ENSG00000188130_unmod,0.0109,1.1047682762145996
ENSG00000188153_unmod,0.503,1.9311845302581787
ENSG00000188157_unmod,0.0012,1.406728982925415
ENSG00000188158_unmod,0.0449,0.6663375496864319
ENSG00000188167_unmod,-0.1486,1.4976059198379517
ENSG00000188177_unmod,0.104,0.6080139875411987
ENSG00000188185_unmod,0.115,2.075174570083618
ENSG00000188186_unmod,0.2257,2.005772113800049
ENSG00000188191_unmod,-0.2052,1.5810675621032715
ENSG00000188211_unmod,-1.203,0.3874363601207733
ENSG00000188215_unmod,-0.0208,0.7697742581367493
ENSG00000188229_unmod,0.2041,0.27399858832359314
ENSG00000188243_unmod,0.2323,0.9704738259315491
ENSG00000188283_unmod,-0.0954,0.2566819489002228
ENSG00000188290_unmod,0.6021,2.205655574798584
ENSG00000188293_unmod,0.1127,2.0767550468444824
ENSG00000188295_unmod,-0.1123,0.4278503954410553
ENSG00000188312_unmod,0.0842,1.2827562093734741
ENSG00000188313_unmod,0.3163,0.6058918833732605
ENSG00000188315_unmod,0.0985,0.7404505014419556
ENSG00000188321_unmod,0.2019,1.053356647491455
ENSG00000188342_unmod,-0.0771,0.6237683296203613
ENSG00000188343_unmod,-0.0098,0.5936790704727173
ENSG00000188352_unmod,0.1344,2.007373809814453
ENSG00000188372_unmod,-0.1268,2.029120922088623
ENSG00000188419_unmod,-0.294,0.326641321182251
ENSG00000188428_unmod,0.3671,0.24757471680641174
ENSG00000188483_unmod,-0.196,1.180554986000061
ENSG00000188486_unmod,0.3424,1.4903215169906616
ENSG00000188493_unmod,-0.1381,1.5744503736495972
ENSG00000188517_unmod,0.0175,0.599216639995575
ENSG00000188522_unmod,-0.0098,0.8489128351211548
ENSG00000188529_unmod,-0.0919,0.29627594351768494
ENSG00000188549_unmod,-0.053,2.5370023250579834
ENSG00000188554_unmod,0.0911,1.817952036857605
ENSG00000188559_unmod,0.401,0.550452709197998
ENSG00000188566_unmod,0.0338,1.2065575122833252
ENSG00000188610_unmod,-0.3777,1.4282746315002441
ENSG00000188612_unmod,-0.4758,2.291118621826172
ENSG00000188620_unmod,0.0241,1.7070146799087524
ENSG00000188636_unmod,0.1199,2.137505054473877
ENSG00000188641_unmod,0.4319,0.42882147431373596
ENSG00000188643_unmod,0.1935,1.6938197612762451
ENSG00000188647_unmod,-0.4032,0.6471854448318481
ENSG00000188677_unmod,-0.5742,0.5813750624656677
ENSG00000188690_unmod,0.0917,2.052659273147583
ENSG00000188706_unmod,-0.3137,1.2398664951324463
ENSG00000188707_unmod,0.0874,1.0173747539520264
ENSG00000188725_unmod,0.0782,0.7919948101043701
ENSG00000188735_unmod,-0.2291,0.35338687896728516
ENSG00000188738_unmod,0.1562,0.4485599994659424
ENSG00000188760_unmod,0.7881,1.4882423877716064
ENSG00000188785_unmod,0.3379,1.2757707834243774
ENSG00000188786_unmod,-0.8008,5.660666465759277
ENSG00000188807_unmod,-0.2165,0.9003398418426514
ENSG00000188811_unmod,-0.3998,0.46545982360839844
ENSG00000188818_unmod,-0.1325,1.8222118616104126
ENSG00000188827_unmod,0.2821,0.5743306875228882
ENSG00000188846_unmod,-0.1041,0.7076867818832397
ENSG00000188895_unmod,-0.2619,0.9820919632911682
ENSG00000188910_unmod,-0.3723,0.859280526638031
ENSG00000188917_unmod,0.1694,0.8112950921058655
ENSG00000188921_unmod,0.0173,1.6970185041427612
ENSG00000188938_unmod,0.0183,0.4788189232349396
ENSG00000188976_unmod,-0.2638,2.4457743167877197
ENSG00000188986_unmod,-0.0653,2.560044050216675
ENSG00000188994_unmod,-0.1172,1.0197654962539673
ENSG00000188997_unmod,0.3593,0.3407214283943176
ENSG00000189007_unmod,-0.3823,1.6094937324523926
ENSG00000189042_unmod,-0.259,1.9185116291046143
ENSG00000189043_unmod,-0.1222,1.0837966203689575
ENSG00000189046_unmod,-0.0089,0.7076336145401001
ENSG00000189050_unmod,-0.35,0.6239213943481445
ENSG00000189057_unmod,0.9252,1.338020920753479
ENSG00000189060_unmod,0.1975,2.419689655303955
ENSG00000189067_unmod,-0.0951,1.8055896759033203
ENSG00000189077_unmod,0.0797,0.8770844340324402
ENSG00000189079_unmod,0.0615,0.7393558025360107
ENSG00000189091_unmod,-0.0529,1.5520161390304565
ENSG00000189114_unmod,-0.0144,0.7928453087806702
ENSG00000189143_unmod,-0.0372,1.5377932786941528
ENSG00000189144_unmod,-0.4115,1.2435492277145386
ENSG00000189159_unmod,0.6648,1.9287656545639038
ENSG00000189164_unmod,-0.0039,2.8983359336853027
ENSG00000189180_unmod,0.0891,0.5719656944274902
ENSG00000189190_unmod,-0.3399,1.2778103351593018
ENSG00000189221_unmod,-0.0208,1.8057795763015747
ENSG00000189223_unmod,0.2231,1.7332940101623535
ENSG00000189227_unmod,-0.0535,0.29957321286201477
ENSG00000189229_unmod,0.1578,2.9957175254821777
ENSG00000189266_unmod,0.0232,2.008183479309082
ENSG00000189306_unmod,-0.0172,0.30163684487342834
ENSG00000189308_unmod,0.3979,0.5219542384147644
ENSG00000189319_unmod,-0.2049,2.895327091217041
ENSG00000189337_unmod,0.0319,0.6118718385696411
ENSG00000189339_unmod,0.0382,0.43718504905700684
ENSG00000189343_unmod,0.1292,1.5611178874969482
ENSG00000189362_unmod,0.4427,2.0418124198913574
ENSG00000189403_unmod,0.0136,0.4426735043525696
ENSG00000189410_unmod,-0.522,2.066683053970337
ENSG00000189423_unmod,0.4109,2.071685552597046
ENSG00000196072_unmod,-0.0522,0.7256535291671753
ENSG00000196074_unmod,0.4426,0.5017471313476562
ENSG00000196083_unmod,-0.5202,0.8662956357002258
ENSG00000196104_unmod,0.3863,0.6211398839950562
ENSG00000196110_unmod,0.3857,1.1388510465621948
ENSG00000196116_unmod,0.1711,1.0438965559005737
ENSG00000196118_unmod,0.4525,0.5397824645042419
ENSG00000196123_unmod,0.1289,1.536370038986206
ENSG00000196139_unmod,0.487,0.678141713142395
ENSG00000196141_unmod,0.3455,0.57414311170578
ENSG00000196150_unmod,0.4196,0.27127426862716675
ENSG00000196151_unmod,-0.0967,0.4651525020599365
ENSG00000196152_unmod,0.1922,2.1431868076324463
ENSG00000196154_unmod,0.1938,2.219700574874878
ENSG00000196155_unmod,0.0624,1.706903100013733
ENSG00000196159_unmod,-0.3744,2.186980962753296
ENSG00000196182_unmod,-0.2822,0.5406422019004822
ENSG00000196187_unmod,0.2282,0.9727463126182556
ENSG00000196196_unmod,-0.0243,0.8262118101119995
ENSG00000196199_unmod,-0.1642,0.6224217414855957
ENSG00000196204_unmod,-0.3103,1.0304354429244995
ENSG00000196205_unmod,0.1762,3.536583662033081
ENSG00000196214_unmod,-0.0153,0.42205846309661865
ENSG00000196227_unmod,-0.4237,0.965404748916626
ENSG00000196230_unmod,0.1559,0.7896649837493896
ENSG00000196233_unmod,0.1221,0.8080971240997314
ENSG00000196235_unmod,0.0137,1.3598159551620483
ENSG00000196236_unmod,0.0271,0.36699309945106506
ENSG00000196247_unmod,0.0066,1.9103002548217773
ENSG00000196262_unmod,-0.133,1.6715261936187744
ENSG00000196284_unmod,-0.3776,0.2125113308429718
ENSG00000196290_unmod,-0.3966,1.7231086492538452
ENSG00000196295_unmod,0.052,0.876379668712616
ENSG00000196305_unmod,-0.0407,0.8081094622612
ENSG00000196312_unmod,0.254,0.7086476683616638
ENSG00000196313_unmod,-0.6446,0.47191905975341797
ENSG00000196323_unmod,-0.3579,0.5810579061508179
ENSG00000196352_unmod,0.3815,0.48507699370384216
ENSG00000196363_unmod,-0.2732,1.9047163724899292
ENSG00000196365_unmod,0.2436,2.1449363231658936
ENSG00000196367_unmod,0.0053,0.7796196341514587
ENSG00000196369_unmod,0.5275,0.5135229229927063
ENSG00000196371_unmod,-0.6788,0.3910575211048126
ENSG00000196372_unmod,-0.5722,1.1398389339447021
ENSG00000196378_unmod,0.1178,1.8048067092895508
ENSG00000196387_unmod,0.1765,0.8205064535140991
ENSG00000196391_unmod,-0.015,0.7283108234405518
ENSG00000196396_unmod,-0.0149,1.6169202327728271
ENSG00000196405_unmod,0.0235,0.605925440788269
ENSG00000196411_unmod,0.5309,2.0771484375
ENSG00000196417_unmod,-0.1609,1.705830454826355
ENSG00000196418_unmod,-0.2653,0.872471034526825
ENSG00000196419_unmod,0.1224,0.3705936372280121
ENSG00000196422_unmod,0.4174,1.013978362083435
ENSG00000196428_unmod,0.2109,1.7081719636917114
ENSG00000196440_unmod,0.0061,1.986329436302185
ENSG00000196449_unmod,-0.0475,1.103385329246521
ENSG00000196453_unmod,-0.4535,3.2094695568084717
ENSG00000196455_unmod,-0.2343,0.6305733323097229
ENSG00000196458_unmod,0.1818,0.6726039052009583
ENSG00000196459_unmod,-0.12,0.3627106249332428
ENSG00000196465_unmod,0.112,1.1579869985580444
ENSG00000196470_unmod,0.116,0.5297923684120178
ENSG00000196498_unmod,0.2123,1.2360121011734009
ENSG00000196502_unmod,-0.3502,0.4121367037296295
ENSG00000196504_unmod,-0.0866,2.264439105987549
ENSG00000196505_unmod,-0.0602,1.9264671802520752
ENSG00000196507_unmod,0.175,1.5558024644851685
ENSG00000196510_unmod,-0.2642,0.3217937648296356
ENSG00000196517_unmod,0.0385,1.0557760000228882
ENSG00000196526_unmod,0.0458,0.6724066734313965
ENSG00000196531_unmod,-0.1575,2.3713831901550293
ENSG00000196535_unmod,0.2528,0.9719685316085815
ENSG00000196544_unmod,0.0498,1.5631071329116821
ENSG00000196547_unmod,0.0453,2.3395795822143555
ENSG00000196550_unmod,0.0715,1.2866007089614868
ENSG00000196562_unmod,0.1772,1.8954633474349976
ENSG00000196569_unmod,0.6519,1.431767463684082
ENSG00000196576_unmod,0.1509,2.095266103744507
ENSG00000196584_unmod,0.1262,0.7914281487464905
ENSG00000196586_unmod,-0.2411,0.08310461789369583
ENSG00000196588_unmod,0.0864,0.07591687142848969
ENSG00000196591_unmod,-0.0778,28.488018035888672
ENSG00000196597_unmod,-0.0389,1.4178481101989746
ENSG00000196636_unmod,-0.0288,39.54608154296875
ENSG00000196639_unmod,0.2773,2.0783064365386963
ENSG00000196642_unmod,0.9623,0.18852147459983826
ENSG00000196646_unmod,-0.3505,0.36660996079444885
ENSG00000196652_unmod,0.0994,1.2404003143310547
ENSG00000196655_unmod,-0.2337,0.3286423683166504
ENSG00000196663_unmod,-0.0506,0.421280175447464
ENSG00000196670_unmod,0.0774,2.1842081546783447
ENSG00000196678_unmod,-0.6367,0.5820795297622681
ENSG00000196683_unmod,0.29,0.6334978342056274
ENSG00000196693_unmod,0.0171,2.1101455688476562
ENSG00000196700_unmod,0.0949,0.4562014937400818
ENSG00000196704_unmod,-0.3182,0.5195366740226746
ENSG00000196705_unmod,-0.0262,2.0606768131256104
ENSG00000196712_unmod,-0.0632,2.1148369312286377
ENSG00000196715_unmod,-0.1676,0.7162461280822754
ENSG00000196730_unmod,-0.2649,0.5570780038833618
ENSG00000196739_unmod,-0.499,1.0728490352630615
ENSG00000196743_unmod,-0.32,0.4616168737411499
ENSG00000196747_unmod,0.6194,1.1112505197525024
ENSG00000196754_unmod,0.2802,0.5302729606628418
ENSG00000196756_unmod,-0.45,0.5538263320922852
ENSG00000196757_unmod,0.2264,0.4357210099697113
ENSG00000196776_unmod,0.3104,0.3671562671661377
ENSG00000196781_unmod,0.048,0.4260861575603485
ENSG00000196782_unmod,-0.0117,0.9657084345817566
ENSG00000196787_unmod,0.5401,1.1106102466583252
ENSG00000196792_unmod,-0.3037,1.5126951932907104
ENSG00000196793_unmod,-0.493,0.307081937789917
ENSG00000196810_unmod,-0.032,2.0570309162139893
ENSG00000196821_unmod,0.5708,0.2632744610309601
ENSG00000196839_unmod,0.1806,0.7351729869842529
ENSG00000196843_unmod,0.052,0.7685030698776245
ENSG00000196850_unmod,-0.3267,0.610694408416748
ENSG00000196865_unmod,-0.5602,1.5160434246063232
ENSG00000196878_unmod,0.2562,1.656343936920166
ENSG00000196911_unmod,0.437,0.8017370700836182
ENSG00000196912_unmod,0.2226,0.9070954918861389
ENSG00000196914_unmod,-0.0845,1.2037513256072998
ENSG00000196922_unmod,-0.1196,1.0587029457092285
ENSG00000196923_unmod,0.1495,0.8225464820861816
ENSG00000196924_unmod,0.0924,2.3112921714782715
ENSG00000196935_unmod,-0.7875,1.3783246278762817
ENSG00000196937_unmod,0.0883,0.435849666595459
ENSG00000196943_unmod,0.0538,1.0533905029296875
ENSG00000196950_unmod,0.1754,0.19407977163791656
ENSG00000196954_unmod,0.238,0.49514198303222656
ENSG00000196961_unmod,0.4481,0.5483434796333313
ENSG00000196967_unmod,-0.1845,0.5886592268943787
ENSG00000196968_unmod,-0.1141,0.7898216247558594
ENSG00000196975_unmod,0.0696,0.6964774131774902
ENSG00000196976_unmod,0.4012,1.8196454048156738
ENSG00000196981_unmod,0.0441,0.5160947442054749
ENSG00000196998_unmod,0.273,0.8770946264266968
ENSG00000197006_unmod,0.1349,0.43705514073371887
ENSG00000197008_unmod,-0.1757,2.273561954498291
ENSG00000197019_unmod,0.0865,0.8639666438102722
ENSG00000197021_unmod,0.1187,0.8770589232444763
ENSG00000197024_unmod,-0.0944,0.9217193126678467
ENSG00000197037_unmod,-0.264,1.6852130889892578
ENSG00000197043_unmod,0.572,2.0758087635040283
ENSG00000197044_unmod,-0.3184,1.9811158180236816
ENSG00000197045_unmod,-0.1573,0.8978468179702759
ENSG00000197050_unmod,-0.0768,0.9802929162979126
ENSG00000197056_unmod,0.0642,0.8846701383590698
ENSG00000197061_unmod,0.4121,0.5099215507507324
ENSG00000197062_unmod,0.1081,0.5503978729248047
ENSG00000197063_unmod,0.3247,0.8262848854064941
ENSG00000197070_unmod,0.1621,0.8351261615753174
ENSG00000197077_unmod,-0.6331,0.7996643781661987
ENSG00000197081_unmod,0.4322,0.5115180611610413
ENSG00000197102_unmod,0.0756,0.42393064498901367
ENSG00000197111_unmod,-0.0691,1.4658266305923462
ENSG00000197119_unmod,0.1361,1.8651902675628662
ENSG00000197121_unmod,0.1257,1.133816123008728
ENSG00000197122_unmod,0.273,0.5669019222259521
ENSG00000197136_unmod,-0.079,2.0912208557128906
ENSG00000197142_unmod,0.2231,1.3605092763900757
ENSG00000197147_unmod,0.7386,0.7358840107917786
ENSG00000197150_unmod,0.1242,1.3568084239959717
ENSG00000197157_unmod,0.0505,0.6992987990379333
ENSG00000197162_unmod,0.0772,1.191702127456665
ENSG00000197170_unmod,-0.0263,0.36276713013648987
ENSG00000197172_unmod,0.132,0.819586992263794
ENSG00000197182_unmod,-0.1464,29.525489807128906
ENSG00000197183_unmod,-0.578,1.711731195449829
ENSG00000197191_unmod,0.5756,1.8076444864273071
ENSG00000197208_unmod,0.6145,1.8350257873535156
ENSG00000197217_unmod,-0.2695,1.9338802099227905
ENSG00000197223_unmod,-0.1733,1.7345900535583496
ENSG00000197256_unmod,-0.0448,1.3611717224121094
ENSG00000197261_unmod,0.1713,0.8417312502861023
ENSG00000197265_unmod,-0.0033,1.156113862991333
ENSG00000197275_unmod,0.0704,1.8830441236495972
ENSG00000197279_unmod,0.0681,2.290515422821045
ENSG00000197283_unmod,-0.2113,0.8531970381736755
ENSG00000197296_unmod,-0.3714,0.4030416011810303
ENSG00000197299_unmod,0.2524,2.8137824535369873
ENSG00000197302_unmod,-0.4016,1.3599278926849365
ENSG00000197312_unmod,0.326,1.9610217809677124
ENSG00000197321_unmod,0.433,0.5028369426727295
ENSG00000197323_unmod,-0.097,0.5265066027641296
ENSG00000197324_unmod,-0.1997,0.5666738748550415
ENSG00000197329_unmod,0.392,1.6188604831695557
ENSG00000197343_unmod,-0.0803,0.6181854605674744
ENSG00000197345_unmod,-0.2141,1.2851752042770386
ENSG00000197355_unmod,-0.0416,1.7909015417099
ENSG00000197362_unmod,-0.141,1.9781537055969238
ENSG00000197372_unmod,-0.5178,0.702608585357666
ENSG00000197375_unmod,-0.7544,0.1747172474861145
ENSG00000197381_unmod,-0.2961,0.8686931133270264
ENSG00000197385_unmod,0.0028,1.3154217004776
ENSG00000197386_unmod,-0.1335,0.3255102038383484
ENSG00000197417_unmod,-0.2347,1.1265640258789062
ENSG00000197429_unmod,-0.0381,1.964926838874817
ENSG00000197442_unmod,0.4646,1.7792797088623047
ENSG00000197448_unmod,-0.1115,2.015902280807495
ENSG00000197451_unmod,-0.1396,0.2930907607078552
ENSG00000197457_unmod,0.7474,0.4894174039363861
ENSG00000197461_unmod,-0.1463,25.939800262451172
ENSG00000197472_unmod,0.224,0.6086274981498718
ENSG00000197483_unmod,0.0656,0.7541185021400452
ENSG00000197498_unmod,-0.4969,1.3977279663085938
ENSG00000197530_unmod,-0.0856,0.8734780550003052
ENSG00000197535_unmod,0.0577,0.4639948308467865
ENSG00000197536_unmod,0.4635,1.5154424905776978
ENSG00000197548_unmod,0.1377,0.7628768086433411
ENSG00000197555_unmod,0.3042,0.7185094952583313
ENSG00000197557_unmod,0.443,1.021430492401123
ENSG00000197562_unmod,0.0077,0.8983675837516785
ENSG00000197563_unmod,0.0504,0.6166983246803284
ENSG00000197565_unmod,0.4592,0.5564706325531006
ENSG00000197568_unmod,-0.1516,1.274399757385254
ENSG00000197579_unmod,0.0296,0.4992891848087311
ENSG00000197586_unmod,-0.0121,1.3540743589401245
ENSG00000197594_unmod,0.3171,0.6286658644676208
ENSG00000197601_unmod,-0.601,2.6358602046966553
ENSG00000197603_unmod,0.0795,1.1147226095199585
ENSG00000197608_unmod,0.2379,0.7890939116477966
ENSG00000197614_unmod,-0.2984,0.8747521638870239
ENSG00000197619_unmod,-0.1434,1.9943896532058716
ENSG00000197620_unmod,0.4382,1.0946247577667236
ENSG00000197622_unmod,0.2971,0.8057783246040344
ENSG00000197646_unmod,0.0094,0.2953478693962097
ENSG00000197694_unmod,0.2272,2.871983051300049
ENSG00000197696_unmod,-0.14,1.1651554107666016
ENSG00000197702_unmod,0.0419,0.14811865985393524
ENSG00000197712_unmod,1.1886,1.3248406648635864
ENSG00000197713_unmod,-0.0984,0.4966605007648468
ENSG00000197714_unmod,-0.4184,1.0676732063293457
ENSG00000197724_unmod,0.3376,1.4888993501663208
ENSG00000197728_unmod,0.151,0.9668309688568115
ENSG00000197746_unmod,0.2112,0.3671056628227234
ENSG00000197747_unmod,0.2009,0.8317423462867737
ENSG00000197756_unmod,0.121,1.8460009098052979
ENSG00000197757_unmod,-0.1117,1.4404332637786865
ENSG00000197771_unmod,-0.0232,0.5720784664154053
ENSG00000197774_unmod,-0.138,2.039881706237793
ENSG00000197779_unmod,-0.0437,2.1556382179260254
ENSG00000197780_unmod,0.5036,1.492568850517273
ENSG00000197785_unmod,0.039,0.5469272136688232
ENSG00000197798_unmod,-0.1372,1.890668511390686
ENSG00000197818_unmod,-0.0389,0.8947414755821228
ENSG00000197837_unmod,0.3556,0.7487741112709045
ENSG00000197841_unmod,0.4642,0.3905509114265442
ENSG00000197857_unmod,0.2421,0.7216501832008362
ENSG00000197858_unmod,0.0956,0.9581887722015381
ENSG00000197879_unmod,0.2015,1.5963420867919922
ENSG00000197885_unmod,0.1363,28.760717391967773
ENSG00000197892_unmod,0.4646,1.4753923416137695
ENSG00000197894_unmod,-0.2812,0.5440257787704468
ENSG00000197903_unmod,0.3035,2.1438326835632324
ENSG00000197905_unmod,-0.2727,1.8867486715316772
ENSG00000197912_unmod,0.0189,0.6521015167236328
ENSG00000197930_unmod,-0.7228,0.841334342956543
ENSG00000197933_unmod,0.3797,1.354117512702942
ENSG00000197943_unmod,0.3234,2.2028088569641113
ENSG00000197948_unmod,0.0791,0.4580126106739044
ENSG00000197956_unmod,0.0131,1.3480005264282227
ENSG00000197958_unmod,-0.0018,1.461230993270874
ENSG00000197959_unmod,0.0598,0.7625572681427002
ENSG00000197961_unmod,-0.5773,0.8136686086654663
ENSG00000197965_unmod,-0.3527,1.0364030599594116
ENSG00000197969_unmod,-0.2244,0.42048388719558716
ENSG00000197971_unmod,-0.2954,0.6447217464447021
ENSG00000197976_unmod,0.2698,0.33590570092201233
ENSG00000197977_unmod,0.4701,1.2438464164733887
ENSG00000197982_unmod,-0.0368,0.7117226719856262
ENSG00000197989_unmod,-0.1686,0.264116108417511
ENSG00000198000_unmod,-0.1645,0.5004210472106934
ENSG00000198001_unmod,0.3036,2.519397735595703
ENSG00000198015_unmod,-0.1809,0.8439070582389832
ENSG00000198018_unmod,0.3922,2.409118175506592
ENSG00000198026_unmod,0.1449,1.2045193910598755
ENSG00000198034_unmod,-0.0144,0.26201578974723816
ENSG00000198039_unmod,-0.2138,0.8138614296913147
ENSG00000198040_unmod,-0.104,1.9986385107040405
ENSG00000198042_unmod,-0.5111,0.8378610014915466
ENSG00000198053_unmod,0.6454,1.916259765625
ENSG00000198055_unmod,0.5157,1.8441424369812012
ENSG00000198056_unmod,0.2361,0.4721510410308838
ENSG00000198060_unmod,0.0156,1.0960348844528198
ENSG00000198081_unmod,-0.0791,0.3529677987098694
ENSG00000198087_unmod,0.1125,0.5332396030426025
ENSG00000198088_unmod,0.5862,2.2638163566589355
ENSG00000198089_unmod,0.1467,0.5594749450683594
ENSG00000198105_unmod,-0.2191,0.8890435099601746
ENSG00000198108_unmod,-0.1093,1.0206408500671387
ENSG00000198113_unmod,0.4409,2.451071262359619
ENSG00000198121_unmod,0.5824,0.4674558937549591
ENSG00000198130_unmod,-0.0515,0.8631470203399658
ENSG00000198131_unmod,-0.0854,0.7250967621803284
ENSG00000198142_unmod,-0.4581,1.0920965671539307
ENSG00000198146_unmod,-0.1216,1.6743868589401245
ENSG00000198157_unmod,0.2858,2.748518466949463
ENSG00000198160_unmod,0.008,28.446359634399414
ENSG00000198162_unmod,0.1236,1.1261495351791382
ENSG00000198176_unmod,0.1712,1.3565270900726318
ENSG00000198182_unmod,0.0058,1.9117655754089355
ENSG00000198189_unmod,0.1814,0.5450921058654785
ENSG00000198198_unmod,-0.077,0.978395938873291
ENSG00000198205_unmod,-0.1484,0.27984610199928284
ENSG00000198218_unmod,-0.0166,1.912609338760376
ENSG00000198223_unmod,0.0298,0.9684950709342957
ENSG00000198231_unmod,0.0271,1.131878137588501
ENSG00000198242_unmod,0.0381,1.9399031400680542
ENSG00000198252_unmod,-0.7395,0.8333514928817749
ENSG00000198258_unmod,-0.1401,1.393129825592041
ENSG00000198265_unmod,-0.3472,1.4724342823028564
ENSG00000198270_unmod,0.4732,1.6026697158813477
ENSG00000198276_unmod,-0.1219,2.4767038822174072
ENSG00000198286_unmod,0.6658,1.0672285556793213
ENSG00000198301_unmod,-0.3238,0.459936261177063
ENSG00000198315_unmod,-0.3356,0.6715180277824402
ENSG00000198324_unmod,0.1852,0.5141028165817261
ENSG00000198346_unmod,-0.1862,0.8279323577880859
ENSG00000198355_unmod,-0.2488,1.228969693183899
ENSG00000198356_unmod,0.0938,0.8075635433197021
ENSG00000198363_unmod,0.3239,1.1725257635116577
ENSG00000198369_unmod,0.0745,1.5203208923339844
ENSG00000198373_unmod,0.0199,0.6848599314689636
ENSG00000198380_unmod,-0.1776,0.7273947596549988
ENSG00000198382_unmod,-0.066,0.956447422504425
ENSG00000198393_unmod,0.2254,0.5660613775253296
ENSG00000198399_unmod,0.225,1.0745737552642822
ENSG00000198408_unmod,0.2502,1.7704057693481445
ENSG00000198420_unmod,0.5736,0.658728837966919
ENSG00000198431_unmod,0.2493,0.5234001874923706
ENSG00000198435_unmod,-0.4421,1.2169698476791382
ENSG00000198455_unmod,-0.2614,1.7253799438476562
ENSG00000198464_unmod,-0.704,1.5106639862060547
ENSG00000198466_unmod,-0.1413,1.1025041341781616
ENSG00000198467_unmod,0.2651,3.069589138031006
ENSG00000198478_unmod,0.2973,1.7628775835037231
ENSG00000198482_unmod,-0.1641,1.2448675632476807
ENSG00000198492_unmod,-0.5039,0.31732597947120667
ENSG00000198496_unmod,0.1059,0.45483365654945374
ENSG00000198498_unmod,-0.2386,0.5527455806732178
ENSG00000198517_unmod,0.2538,1.936521053314209
ENSG00000198522_unmod,-0.1744,2.033315658569336
ENSG00000198538_unmod,-0.2868,0.5730526447296143
ENSG00000198546_unmod,0.0974,0.7887445688247681
ENSG00000198551_unmod,-0.1593,0.6811929941177368
ENSG00000198554_unmod,0.6444,1.691532850265503
ENSG00000198556_unmod,-0.0693,1.6023378372192383
ENSG00000198561_unmod,-0.0013,2.655134439468384
ENSG00000198576_unmod,-0.377,2.7199532985687256
ENSG00000198585_unmod,-0.3892,2.0154292583465576
ENSG00000198586_unmod,-0.1376,0.5107595324516296
ENSG00000198589_unmod,-0.0518,0.8915050625801086
ENSG00000198598_unmod,-0.0226,1.560667634010315
ENSG00000198604_unmod,0.5206,1.5336965322494507
ENSG00000198612_unmod,0.4122,1.0513176918029785
ENSG00000198618_unmod,-0.1377,2.360921859741211
ENSG00000198625_unmod,-0.2925,0.3590560853481293
ENSG00000198626_unmod,0.5048,0.8703985810279846
ENSG00000198642_unmod,-0.1951,2.0442628860473633
ENSG00000198646_unmod,-0.1851,0.6011455655097961
ENSG00000198648_unmod,0.0771,0.7157346606254578
ENSG00000198663_unmod,0.2684,0.3680964410305023
ENSG00000198668_unmod,0.5584,0.9426838159561157
ENSG00000198673_unmod,-0.2899,0.52828449010849
ENSG00000198677_unmod,0.0381,0.5983769297599792
ENSG00000198680_unmod,-0.1581,0.8198902010917664
ENSG00000198681_unmod,0.2856,2.448488473892212
ENSG00000198682_unmod,0.4143,0.17492912709712982
ENSG00000198689_unmod,-0.0133,0.5937864184379578
ENSG00000198690_unmod,0.5277,0.3331289291381836
ENSG00000198695_unmod,-0.6174,2.8904330730438232
ENSG00000198700_unmod,0.1283,1.017703652381897
ENSG00000198707_unmod,0.9061,1.8032499551773071
ENSG00000198712_unmod,-0.2572,1.0565128326416016
ENSG00000198715_unmod,-0.0697,2.658374786376953
ENSG00000198718_unmod,-0.3706,1.6888381242752075
ENSG00000198720_unmod,-0.1564,1.0808981657028198
ENSG00000198721_unmod,0.0776,0.768343448638916
ENSG00000198722_unmod,0.0623,1.7414149045944214
ENSG00000198727_unmod,-0.253,1.6519591808319092
ENSG00000198728_unmod,-0.3126,0.47473761439323425
ENSG00000198730_unmod,-0.0398,1.8553386926651
ENSG00000198732_unmod,0.8268,2.995774507522583
ENSG00000198736_unmod,0.1643,0.5433260202407837
ENSG00000198740_unmod,0.2207,1.0364391803741455
ENSG00000198742_unmod,0.1803,0.6126441955566406
ENSG00000198743_unmod,-0.0449,1.2185864448547363
ENSG00000198746_unmod,0.1809,1.827978253364563
ENSG00000198752_unmod,0.2185,2.232234001159668
ENSG00000198753_unmod,0.3213,0.874327540397644
ENSG00000198755_unmod,-0.0757,0.7243875861167908
ENSG00000198763_unmod,-0.4154,0.3182617723941803
ENSG00000198774_unmod,-0.0313,1.1739919185638428
ENSG00000198780_unmod,0.2201,0.7390010356903076
ENSG00000198783_unmod,0.131,1.3145214319229126
ENSG00000198786_unmod,-0.2226,0.7863507866859436
ENSG00000198791_unmod,-0.0974,0.6369288563728333
ENSG00000198792_unmod,0.2733,3.2605531215667725
ENSG00000198793_unmod,0.0064,1.4729387760162354
ENSG00000198796_unmod,-0.0367,0.9306994676589966
ENSG00000198799_unmod,-0.2262,1.8189224004745483
ENSG00000198804_unmod,-0.0536,1.7677881717681885
ENSG00000198805_unmod,0.3812,1.648916482925415
ENSG00000198807_unmod,-0.4974,1.1763070821762085
ENSG00000198814_unmod,0.2913,0.6000107526779175
ENSG00000198815_unmod,-0.2517,0.5897709727287292
ENSG00000198816_unmod,-0.0842,1.1387964487075806
ENSG00000198818_unmod,-0.3338,0.5929968953132629
ENSG00000198824_unmod,-0.1617,0.7200474739074707
ENSG00000198825_unmod,-0.0058,1.3906346559524536
ENSG00000198826_unmod,0.0737,0.9170398712158203
ENSG00000198830_unmod,0.3094,1.6309583187103271
ENSG00000198832_unmod,0.2309,1.761246681213379
ENSG00000198833_unmod,0.0006,1.6003971099853516
ENSG00000198836_unmod,-0.023,1.8751057386398315
ENSG00000198837_unmod,-0.4764,2.3392956256866455
ENSG00000198838_unmod,0.4964,0.6595311760902405
ENSG00000198839_unmod,0.0607,1.5250874757766724
ENSG00000198840_unmod,0.1283,1.1506267786026
ENSG00000198841_unmod,-0.5577,0.48254358768463135
ENSG00000198843_unmod,-1.1736,0.8693532943725586
ENSG00000198846_unmod,-0.123,0.25607970356941223
ENSG00000198853_unmod,-0.2184,3.0136544704437256
ENSG00000198855_unmod,0.3152,0.9129020571708679
ENSG00000198856_unmod,0.2628,1.1557999849319458
ENSG00000198858_unmod,-0.1964,0.805912435054779
ENSG00000198860_unmod,-0.002,0.95098876953125
ENSG00000198862_unmod,-0.9098,1.800861120223999
ENSG00000198863_unmod,-0.0429,0.4648052453994751
ENSG00000198865_unmod,0.1078,0.5899257659912109
ENSG00000198873_unmod,0.177,0.9482364058494568
ENSG00000198874_unmod,-0.0328,1.683384656906128
ENSG00000198876_unmod,-0.0997,1.3556772470474243
ENSG00000198879_unmod,-0.1574,1.814616084098816
ENSG00000198886_unmod,-0.3201,1.8865153789520264
ENSG00000198887_unmod,0.0834,0.8474465012550354
ENSG00000198888_unmod,-0.2011,0.8844320774078369
ENSG00000198890_unmod,-0.1708,0.46143072843551636
ENSG00000198892_unmod,-0.2903,2.158691167831421
ENSG00000198894_unmod,0.1271,0.26040947437286377
ENSG00000198898_unmod,-0.0025,1.4564692974090576
ENSG00000198899_unmod,-0.2905,0.631870448589325
ENSG00000198900_unmod,-0.0419,2.152571439743042
ENSG00000198909_unmod,0.4382,0.3809104859828949
ENSG00000198910_unmod,0.1683,2.085963249206543
ENSG00000198911_unmod,-0.1705,0.7567412257194519
ENSG00000198912_unmod,0.0249,0.7760974764823914
ENSG00000198918_unmod,0.046,0.7003003358840942
ENSG00000198919_unmod,0.0725,0.9520409107208252
ENSG00000198920_unmod,0.2604,1.0799474716186523
ENSG00000198924_unmod,0.4038,1.0074589252471924
ENSG00000198925_unmod,-0.0377,1.2302650213241577
ENSG00000198931_unmod,-0.067,0.46267348527908325
ENSG00000198933_unmod,-0.6757,1.4031620025634766
ENSG00000198937_unmod,0.1277,1.7160905599594116
ENSG00000198938_unmod,-0.2307,1.0307990312576294
ENSG00000198945_unmod,-0.2095,1.167598843574524
ENSG00000198947_unmod,-0.2403,0.23842903971672058
ENSG00000198948_unmod,-0.1232,1.6910369396209717
ENSG00000198951_unmod,0.1919,0.38609403371810913
ENSG00000198952_unmod,-0.1467,1.3675801753997803
ENSG00000198954_unmod,-1.1127,0.973851203918457
ENSG00000198959_unmod,0.5223,1.160054087638855
ENSG00000198960_unmod,0.0158,1.8783458471298218
ENSG00000198961_unmod,0.2142,0.7988494038581848
ENSG00000198964_unmod,-0.1693,0.8239957690238953
ENSG00000199377_unmod,0.6146,1.5294625759124756
ENSG00000199568_unmod,0.1905,0.4258648157119751
ENSG00000200087_unmod,-0.2062,1.0115631818771362
ENSG00000200795_unmod,-0.3958,1.203129768371582
ENSG00000200913_unmod,-0.0916,1.3518223762512207
ENSG00000200997_unmod,1.3766,1.8691312074661255
ENSG00000201098_unmod,0.1122,1.3063101768493652
ENSG00000201512_unmod,0.0462,0.7458104491233826
ENSG00000201558_unmod,0.5103,2.613581418991089
ENSG00000201801_unmod,0.4191,1.4252701997756958
ENSG00000201998_unmod,-0.6235,1.0734225511550903
ENSG00000202538_unmod,-0.5327,1.3822813034057617
ENSG00000203326_unmod,-0.1279,0.6220170259475708
ENSG00000203485_unmod,0.0283,1.3618016242980957
ENSG00000203644_unmod,-0.412,0.49799129366874695
ENSG00000203666_unmod,0.5478,1.5739021301269531
ENSG00000203667_unmod,0.1334,2.4717350006103516
ENSG00000203668_unmod,0.0681,1.3499091863632202
ENSG00000203705_unmod,-0.0424,0.29320046305656433
ENSG00000203709_unmod,0.2692,0.3789043426513672
ENSG00000203722_unmod,0.5262,1.0532910823822021
ENSG00000203760_unmod,0.4902,1.4336084127426147
ENSG00000203761_unmod,0.5002,1.922751784324646
ENSG00000203791_unmod,0.1506,0.8653466105461121
ENSG00000203804_unmod,0.4349,2.44923996925354
ENSG00000203814_unmod,0.2492,1.3549586534500122
ENSG00000203875_unmod,-0.4479,2.4069275856018066
ENSG00000203879_unmod,-0.1011,0.32856181263923645
ENSG00000203880_unmod,0.0478,0.8154167532920837
ENSG00000203950_unmod,-0.1253,1.1539745330810547
ENSG00000203965_unmod,0.4515,3.4651479721069336
ENSG00000203993_unmod,-0.0674,0.42097237706184387
ENSG00000203995_unmod,-0.0946,2.1683261394500732
ENSG00000203999_unmod,0.1486,0.6694943904876709
ENSG00000204019_unmod,0.4437,1.5607945919036865
ENSG00000204054_unmod,0.512,0.32872697710990906
ENSG00000204070_unmod,-0.0739,2.1498525142669678
ENSG00000204084_unmod,0.1407,0.6906324625015259
ENSG00000204103_unmod,-0.2598,0.6104387044906616
ENSG00000204104_unmod,0.4699,0.6863160133361816
ENSG00000204116_unmod,-0.8593,0.9171110987663269
ENSG00000204120_unmod,0.1941,0.2472948133945465
ENSG00000204130_unmod,-0.8099,0.5784524083137512
ENSG00000204138_unmod,0.4163,0.5589122772216797
ENSG00000204147_unmod,-0.3314,1.3128688335418701
ENSG00000204160_unmod,0.2507,1.743517518043518
ENSG00000204177_unmod,0.0704,2.331414222717285
ENSG00000204178_unmod,-0.0221,0.5932273268699646
ENSG00000204186_unmod,0.9758,0.5195598602294922
ENSG00000204209_unmod,0.4303,0.790135383605957
ENSG00000204217_unmod,-1.2513,1.5556633472442627
ENSG00000204220_unmod,0.0901,0.6368391513824463
ENSG00000204227_unmod,0.279,0.28532955050468445
ENSG00000204231_unmod,-0.0484,1.2971845865249634
ENSG00000204237_unmod,0.0612,0.8811163902282715
ENSG00000204256_unmod,0.0325,1.6646865606307983
ENSG00000204262_unmod,0.5168,0.4533725082874298
ENSG00000204264_unmod,0.2196,0.48039302229881287
ENSG00000204271_unmod,-0.36,0.3540867269039154
ENSG00000204272_unmod,-0.3877,1.0192606449127197
ENSG00000204291_unmod,0.4846,0.6178408265113831
ENSG00000204304_unmod,0.0592,1.3243259191513062
ENSG00000204308_unmod,0.1302,0.8299752473831177
ENSG00000204310_unmod,0.1835,1.063315749168396
ENSG00000204344_unmod,0.6217,0.5798423290252686
ENSG00000204348_unmod,0.0181,1.080729603767395
ENSG00000204351_unmod,0.0272,0.5903782248497009
ENSG00000204356_unmod,0.2565,1.2488195896148682
ENSG00000204370_unmod,-0.3502,0.650802731513977
ENSG00000204371_unmod,-0.1472,0.7157907485961914
ENSG00000204386_unmod,-0.2636,2.360710859298706
ENSG00000204392_unmod,-0.243,0.8123019337654114
ENSG00000204394_unmod,-0.1149,0.5173042416572571
ENSG00000204406_unmod,0.0297,0.5510068535804749
ENSG00000204438_unmod,0.5424,2.2959117889404297
ENSG00000204463_unmod,0.1685,0.6940578818321228
ENSG00000204469_unmod,-0.0675,0.5637438893318176
ENSG00000204498_unmod,0.0501,1.2479485273361206
ENSG00000204516_unmod,0.4448,2.704401731491089
ENSG00000204520_unmod,0.0569,1.071773886680603
ENSG00000204524_unmod,-0.4142,0.7313937544822693
ENSG00000204536_unmod,1.0021,0.7475926280021667
ENSG00000204560_unmod,-0.1638,0.36999350786209106
ENSG00000204564_unmod,-0.3671,0.41803938150405884
ENSG00000204568_unmod,0.1258,0.9863128662109375
ENSG00000204569_unmod,-0.0639,0.33407944440841675
ENSG00000204574_unmod,-0.0297,1.4551897048950195
ENSG00000204576_unmod,-0.3988,0.5320002436637878
ENSG00000204580_unmod,0.7394,2.8438220024108887
ENSG00000204590_unmod,0.4547,2.987590789794922
ENSG00000204592_unmod,0.5079,0.5796995162963867
ENSG00000204604_unmod,-0.3817,28.823514938354492
ENSG00000204611_unmod,-0.2347,1.1116490364074707
ENSG00000204628_unmod,-0.1275,2.093590259552002
ENSG00000204634_unmod,0.1501,0.4715161919593811
ENSG00000204642_unmod,0.434,0.6981641054153442
ENSG00000204673_unmod,-0.0236,1.0977758169174194
ENSG00000204713_unmod,-0.943,0.22545169293880463
ENSG00000204758_unmod,0.165,1.0357277393341064
ENSG00000204764_unmod,-0.0352,0.24596895277500153
ENSG00000204767_unmod,0.0655,0.4951549172401428
ENSG00000204842_unmod,-0.0981,1.4322519302368164
ENSG00000204843_unmod,-0.0143,1.6404824256896973
ENSG00000204852_unmod,0.153,0.877031683921814
ENSG00000204856_unmod,-0.31,0.22626909613609314
ENSG00000204859_unmod,-0.1366,1.590526819229126
ENSG00000204860_unmod,0.0377,1.961112141609192
ENSG00000204899_unmod,-0.0221,0.9883064031600952
ENSG00000204920_unmod,-0.1814,2.7582478523254395
ENSG00000204922_unmod,-0.0848,1.2658276557922363
ENSG00000204946_unmod,-0.6361,1.975075125694275
ENSG00000204954_unmod,-0.7741,0.417546808719635
ENSG00000204977_unmod,-0.3594,1.9552934169769287
ENSG00000204991_unmod,0.3486,1.713415503501892
ENSG00000205060_unmod,-0.0046,0.7673649191856384
ENSG00000205084_unmod,-0.6937,0.8751354217529297
ENSG00000205133_unmod,0.2188,0.8992830514907837
ENSG00000205155_unmod,0.4977,2.421015739440918
ENSG00000205189_unmod,-0.147,0.8642080426216125
ENSG00000205208_unmod,0.281,0.6920623183250427
ENSG00000205213_unmod,-0.1914,2.438370704650879
ENSG00000205250_unmod,-0.3267,1.3270859718322754
ENSG00000205268_unmod,-0.0411,1.7685567140579224
ENSG00000205269_unmod,0.1173,0.3643292784690857
ENSG00000205277_unmod,0.4096,0.7211491465568542
ENSG00000205302_unmod,0.0651,0.7154556512832642
ENSG00000205336_unmod,0.5211,1.8694393634796143
ENSG00000205339_unmod,0.0545,0.32653844356536865
ENSG00000205352_unmod,-0.0874,0.10580804198980331
ENSG00000205356_unmod,0.1871,1.0636435747146606
ENSG00000205413_unmod,0.2412,2.5611743927001953
ENSG00000205423_unmod,-0.4673,26.09852409362793
ENSG00000205476_unmod,-0.1779,0.5648330450057983
ENSG00000205517_unmod,-0.1349,2.41265869140625
ENSG00000205531_unmod,0.232,0.44675979018211365
ENSG00000205542_unmod,0.1775,1.2643293142318726
ENSG00000205571_unmod,-0.291,0.3133193552494049
ENSG00000205581_unmod,-0.6809,1.107462763786316
ENSG00000205592_unmod,0.0098,0.928429126739502
ENSG00000205629_unmod,0.1573,1.0489161014556885
ENSG00000205643_unmod,0.2274,0.895210325717926
ENSG00000205659_unmod,0.1218,1.2878421545028687
ENSG00000205726_unmod,-0.1401,0.2724752426147461
ENSG00000205758_unmod,0.3522,1.4973247051239014
ENSG00000205763_unmod,0.7633,0.6646438241004944
ENSG00000205765_unmod,-0.4591,0.6320976614952087
ENSG00000205808_unmod,-1.0749,0.7145085334777832
ENSG00000205885_unmod,0.1022,0.5973034501075745
ENSG00000205903_unmod,-0.198,1.2567429542541504
ENSG00000205937_unmod,-0.2084,1.3842328786849976
ENSG00000205978_unmod,0.2448,0.3755708932876587
ENSG00000205981_unmod,-0.0042,0.8361210227012634
ENSG00000206053_unmod,0.0273,0.5107659101486206
ENSG00000206075_unmod,0.2465,1.0770982503890991
ENSG00000206120_unmod,0.2682,1.6840380430221558
ENSG00000206149_unmod,-0.0617,2.0056521892547607
ENSG00000206195_unmod,-0.2941,0.7740564942359924
ENSG00000206418_unmod,0.34,1.3505698442459106
ENSG00000206503_unmod,0.2428,0.7466099858283997
ENSG00000206527_unmod,-0.1376,0.6961278915405273
ENSG00000206530_unmod,0.0331,0.39823082089424133
ENSG00000206538_unmod,0.322,0.9769625067710876
ENSG00000206560_unmod,0.1227,2.1319990158081055
ENSG00000206562_unmod,-0.1426,2.1047487258911133
ENSG00000206573_unmod,-0.0971,1.1182080507278442
ENSG00000206585_unmod,0.1093,1.9297698736190796
ENSG00000206634_unmod,0.2204,0.5108253955841064
ENSG00000206828_unmod,0.6956,1.8986470699310303
ENSG00000207181_unmod,-0.5455,0.9334469437599182
ENSG00000207205_unmod,0.593,1.5600528717041016
ENSG00000207344_unmod,0.1597,1.425053596496582
ENSG00000207445_unmod,0.6589,1.1321818828582764
ENSG00000210082_unmod,-0.2341,0.8692405223846436
ENSG00000210112_unmod,-0.2829,1.4139516353607178
ENSG00000210117_unmod,0.299,1.1131467819213867
ENSG00000210127_unmod,-0.9619,1.5417028665542603
ENSG00000210144_unmod,-0.1699,1.7225372791290283
ENSG00000210151_unmod,0.045,1.600870966911316
ENSG00000210194_unmod,-0.6777,2.180497646331787
ENSG00000210195_unmod,-0.2791,1.8894957304000854
ENSG00000210196_unmod,-0.2206,1.1620935201644897
ENSG00000211445_unmod,0.3353,1.9999171495437622
ENSG00000211448_unmod,-0.0777,0.754921555519104
ENSG00000211450_unmod,0.3697,0.5857199430465698
ENSG00000211455_unmod,0.9126,0.6399276256561279
ENSG00000211456_unmod,0.0742,0.5431645512580872
ENSG00000211459_unmod,-0.0269,1.4755464792251587
ENSG00000211460_unmod,-0.111,1.8856134414672852
ENSG00000211584_unmod,-0.1414,2.026139497756958
ENSG00000212195_unmod,0.9083,1.3421422243118286
ENSG00000212402_unmod,-0.5536,1.1378437280654907
ENSG00000212443_unmod,-0.4583,0.2935204803943634
ENSG00000212464_unmod,0.2986,1.2996437549591064
ENSG00000212719_unmod,-0.0932,1.16887366771698
ENSG00000212747_unmod,0.052,0.4774516820907593
ENSG00000212907_unmod,-0.1334,0.32247987389564514
ENSG00000212978_unmod,0.4959,1.7678006887435913
ENSG00000213015_unmod,0.0752,1.0319124460220337
ENSG00000213020_unmod,-0.1107,27.954553604125977
ENSG00000213024_unmod,-0.0355,0.6793003082275391
ENSG00000213025_unmod,0.6429,2.0512118339538574
ENSG00000213047_unmod,0.557,0.4191720485687256
ENSG00000213064_unmod,-0.3335,0.5553876161575317
ENSG00000213066_unmod,0.5483,2.3919355869293213
ENSG00000213079_unmod,-0.1519,0.6922786235809326
ENSG00000213096_unmod,-0.1281,0.2725878357887268
ENSG00000213160_unmod,0.4565,0.5399340391159058
ENSG00000213185_unmod,-0.2757,1.9844733476638794
ENSG00000213186_unmod,0.1669,0.5914126634597778
ENSG00000213190_unmod,0.1238,0.4902617335319519
ENSG00000213281_unmod,-0.4606,0.41174545884132385
ENSG00000213339_unmod,-0.0523,2.8320670127868652
ENSG00000213341_unmod,0.3701,0.3902447521686554
ENSG00000213347_unmod,1.1152,0.5691632628440857
ENSG00000213380_unmod,-0.2277,0.9171494245529175
ENSG00000213390_unmod,-0.0788,1.9499934911727905
ENSG00000213398_unmod,0.0539,0.5863891839981079
ENSG00000213442_unmod,-0.1412,1.0820292234420776
ENSG00000213445_unmod,0.5416,1.8724339008331299
ENSG00000213463_unmod,-0.2829,0.8067586421966553
ENSG00000213465_unmod,-0.202,1.8421235084533691
ENSG00000213468_unmod,-0.1419,1.3184858560562134
ENSG00000213516_unmod,-0.3715,0.4317775070667267
ENSG00000213523_unmod,0.0183,2.418891668319702
ENSG00000213551_unmod,0.4242,0.27014416456222534
ENSG00000213563_unmod,0.0587,1.7454113960266113
ENSG00000213585_unmod,-0.052,0.6602408289909363
ENSG00000213593_unmod,-0.4641,0.8325121402740479
ENSG00000213614_unmod,0.1298,1.9680392742156982
ENSG00000213619_unmod,-0.1311,2.1580684185028076
ENSG00000213625_unmod,0.0298,0.39843785762786865
ENSG00000213626_unmod,-0.3727,1.2979440689086914
ENSG00000213639_unmod,-0.1442,0.8299168944358826
ENSG00000213676_unmod,-0.1483,1.3568326234817505
ENSG00000213694_unmod,-0.028,1.0981552600860596
ENSG00000213699_unmod,0.0626,1.3837382793426514
ENSG00000213719_unmod,0.2917,1.022228717803955
ENSG00000213722_unmod,0.906,0.2829093039035797
ENSG00000213741_unmod,-0.1064,0.21691745519638062
ENSG00000213753_unmod,0.2646,2.705871820449829
ENSG00000213762_unmod,-0.0797,2.1455371379852295
ENSG00000213793_unmod,-0.2505,2.44805908203125
ENSG00000213799_unmod,-0.2434,1.7277746200561523
ENSG00000213853_unmod,0.356,0.651453971862793
ENSG00000213859_unmod,0.2659,2.0871212482452393
ENSG00000213918_unmod,0.398,0.850439190864563
ENSG00000213923_unmod,0.0302,1.7130955457687378
ENSG00000213930_unmod,0.3543,1.4266290664672852
ENSG00000213949_unmod,0.073,1.8224334716796875
ENSG00000213965_unmod,-0.7344,3.917722463607788
ENSG00000213983_unmod,-0.3135,2.0174264907836914
ENSG00000213995_unmod,0.0524,1.0513801574707031
ENSG00000214013_unmod,0.2058,0.30801844596862793
ENSG00000214021_unmod,0.2074,0.5867569446563721
ENSG00000214022_unmod,-0.2701,1.1361929178237915
ENSG00000214029_unmod,-0.0827,0.7904008626937866
ENSG00000214046_unmod,-0.1196,0.783190131187439
ENSG00000214063_unmod,0.0001,0.7807766199111938
ENSG00000214078_unmod,-0.0909,0.6806567311286926
ENSG00000214087_unmod,-0.0698,2.0868778228759766
ENSG00000214113_unmod,-0.1536,0.2996686100959778
ENSG00000214114_unmod,0.033,0.45938631892204285
ENSG00000214135_unmod,0.0664,1.337280511856079
ENSG00000214160_unmod,-0.3749,0.4970661699771881
ENSG00000214174_unmod,-0.3646,0.39279115200042725
ENSG00000214176_unmod,0.0406,1.1273119449615479
ENSG00000214193_unmod,0.3673,0.38845279812812805
ENSG00000214194_unmod,-0.3164,0.6732987761497498
ENSG00000214253_unmod,0.3768,0.710456907749176
ENSG00000214293_unmod,-0.0481,2.9328577518463135
ENSG00000214331_unmod,0.5389,0.4553564190864563
ENSG00000214357_unmod,0.8903,0.49924254417419434
ENSG00000214367_unmod,0.1192,1.113601565361023
ENSG00000214413_unmod,0.0407,0.6312916874885559
ENSG00000214510_unmod,0.0921,0.7362240552902222
ENSG00000214517_unmod,-0.0401,1.6205295324325562
ENSG00000214530_unmod,0.3819,0.7602066993713379
ENSG00000214548_unmod,0.0942,0.22314520180225372
ENSG00000214595_unmod,0.5312,1.0236023664474487
ENSG00000214654_unmod,0.0184,0.15685853362083435
ENSG00000214655_unmod,0.205,0.3186298608779907
ENSG00000214706_unmod,-0.0268,1.7444337606430054
ENSG00000214717_unmod,0.1286,0.804663896560669
ENSG00000214753_unmod,-0.199,1.2775471210479736
ENSG00000214756_unmod,-0.6789,0.9293749332427979
ENSG00000214765_unmod,0.1153,1.547031283378601
ENSG00000214776_unmod,0.6834,1.4050326347351074
ENSG00000214826_unmod,0.6749,0.5306475162506104
ENSG00000214941_unmod,0.0441,1.9866629838943481
ENSG00000214944_unmod,-0.3358,1.0590465068817139
ENSG00000215012_unmod,-0.4686,1.4757744073867798
ENSG00000215021_unmod,-0.2595,2.682929754257202
ENSG00000215030_unmod,0.3613,1.0367610454559326
ENSG00000215041_unmod,-0.2085,0.7096489071846008
ENSG00000215068_unmod,0.314,0.7618348598480225
ENSG00000215114_unmod,-0.1523,0.44531482458114624
ENSG00000215126_unmod,0.1036,1.7557429075241089
ENSG00000215154_unmod,-0.299,0.75508713722229
ENSG00000215158_unmod,0.2933,1.7921109199523926
ENSG00000215190_unmod,-0.1069,2.2922325134277344
ENSG00000215193_unmod,0.3097,1.2592729330062866
ENSG00000215218_unmod,-0.5722,2.5558176040649414
ENSG00000215251_unmod,-0.3029,1.6922597885131836
ENSG00000215252_unmod,-0.0488,1.9830995798110962
ENSG00000215271_unmod,-0.0073,0.8830587863922119
ENSG00000215301_unmod,0.1112,2.2139017581939697
ENSG00000215305_unmod,0.2378,0.6464990377426147
ENSG00000215386_unmod,0.2678,1.1515063047409058
ENSG00000215417_unmod,-0.0354,0.4990347623825073
ENSG00000215421_unmod,0.0524,0.6801624894142151
ENSG00000215424_unmod,-0.1086,1.0928621292114258
ENSG00000215440_unmod,-0.1909,1.2769263982772827
ENSG00000215712_unmod,0.1021,1.2053848505020142
ENSG00000215717_unmod,-0.2652,0.8315017223358154
ENSG00000215788_unmod,0.6155,2.411464214324951
ENSG00000215790_unmod,0.2188,2.4392850399017334
ENSG00000215808_unmod,-0.1889,1.080307960510254
ENSG00000215883_unmod,-0.4709,1.0848726034164429
ENSG00000215908_unmod,-0.0888,0.5816473364830017
ENSG00000216937_unmod,0.2063,29.65065574645996
ENSG00000217128_unmod,0.2856,0.4719346761703491
ENSG00000217801_unmod,0.3506,2.294797658920288
ENSG00000218283_unmod,0.2634,1.2069602012634277
ENSG00000218739_unmod,-0.0212,0.7868567109107971
ENSG00000218891_unmod,0.0637,0.6067733764648438
ENSG00000219481_unmod,-0.0694,0.8961695432662964
ENSG00000219545_unmod,-0.576,0.6817636489868164
ENSG00000220205_unmod,-0.0778,1.3022412061691284
ENSG00000220323_unmod,-0.1775,1.0496926307678223
ENSG00000220785_unmod,0.4432,0.4604869484901428
ENSG00000220804_unmod,-0.0088,0.34691542387008667
ENSG00000221823_unmod,0.0093,4.4032416343688965
ENSG00000221829_unmod,0.4979,0.6005461812019348
ENSG00000221838_unmod,0.6929,1.0854613780975342
ENSG00000221867_unmod,0.0121,0.7391053438186646
ENSG00000221869_unmod,0.2118,0.47489240765571594
ENSG00000221886_unmod,0.4451,3.1992950439453125
ENSG00000221909_unmod,-0.1578,2.062286853790283
ENSG00000221914_unmod,-0.2101,0.8324275016784668
ENSG00000221926_unmod,-0.2443,0.35481101274490356
ENSG00000221944_unmod,-0.2559,1.3815064430236816
ENSG00000221955_unmod,-0.0246,0.603164792060852
ENSG00000221963_unmod,0.2255,0.32390448451042175
ENSG00000221968_unmod,-0.5185,0.9357547163963318
ENSG00000221978_unmod,0.1948,2.479492664337158
ENSG00000221983_unmod,0.0498,1.0368505716323853
ENSG00000222009_unmod,0.4056,0.8005175590515137
ENSG00000222011_unmod,-0.0556,1.415715217590332
ENSG00000222041_unmod,-0.2362,0.7359931468963623
ENSG00000222724_unmod,1.3784,21.858179092407227
ENSG00000223361_unmod,0.2362,0.4814048409461975
ENSG00000223396_unmod,0.4375,0.3919570744037628
ENSG00000223482_unmod,-0.0237,1.0250672101974487
ENSG00000223496_unmod,0.018,1.177436351776123
ENSG00000223501_unmod,-0.0295,2.0040884017944336
ENSG00000223546_unmod,-0.2192,1.0135008096694946
ENSG00000223705_unmod,0.1776,0.614556074142456
ENSG00000223768_unmod,0.2621,0.7939713001251221
ENSG00000223784_unmod,-0.5059,0.4696085453033447
ENSG00000223959_unmod,-0.0208,1.4630666971206665
ENSG00000223960_unmod,0.1045,1.020749807357788
ENSG00000224020_unmod,0.1358,0.16290591657161713
ENSG00000224032_unmod,-0.4432,0.21433000266551971
ENSG00000224051_unmod,0.2308,0.9386881589889526
ENSG00000224078_unmod,-0.1331,1.3586468696594238
ENSG00000224259_unmod,0.0172,1.6055809259414673
ENSG00000224271_unmod,0.0427,0.6454177498817444
ENSG00000224411_unmod,-0.0049,0.5079006552696228
ENSG00000224470_unmod,-0.5212,1.0217337608337402
ENSG00000224531_unmod,-0.3009,0.48059189319610596
ENSG00000224546_unmod,-0.5984,0.9545801281929016
ENSG00000224597_unmod,0.3227,2.7932398319244385
ENSG00000224660_unmod,-0.0161,2.0919911861419678
ENSG00000224699_unmod,0.0503,0.40784990787506104
ENSG00000224870_unmod,0.1429,1.3428274393081665
ENSG00000224877_unmod,0.1178,1.537999153137207
ENSG00000224897_unmod,0.156,0.8315851092338562
ENSG00000225091_unmod,-0.1029,1.2348394393920898
ENSG00000225138_unmod,0.4019,2.4403891563415527
ENSG00000225190_unmod,-0.1725,1.0957105159759521
ENSG00000225206_unmod,0.5075,0.4705056846141815
ENSG00000225313_unmod,0.0326,0.34662818908691406
ENSG00000225345_unmod,-0.5288,1.7925338745117188
ENSG00000225470_unmod,0.0573,0.8735728859901428
ENSG00000225484_unmod,-0.2992,1.0192126035690308
ENSG00000225614_unmod,-0.0352,1.5631828308105469
ENSG00000225630_unmod,-1.1323,0.5275601744651794
ENSG00000225648_unmod,-0.6811,1.559578537940979
ENSG00000225663_unmod,-0.0552,1.1624256372451782
ENSG00000225697_unmod,0.1835,0.22070655226707458
ENSG00000225733_unmod,0.2894,1.2745493650436401
ENSG00000225828_unmod,0.2362,1.4298382997512817
ENSG00000225830_unmod,0.0102,0.7205055952072144
ENSG00000225921_unmod,0.335,1.7262085676193237
ENSG00000225973_unmod,0.4134,0.6997020244598389
ENSG00000226067_unmod,0.5284,0.7429677844047546
ENSG00000226137_unmod,0.3405,0.5314211845397949
ENSG00000226210_unmod,-0.1609,2.3170390129089355
ENSG00000226278_unmod,0.3509,2.582730293273926
ENSG00000226328_unmod,0.4527,0.7918132543563843
ENSG00000226479_unmod,-0.2583,0.2783935070037842
ENSG00000226562_unmod,-0.8728,2.561491012573242
ENSG00000226564_unmod,-0.382,0.41199666261672974
ENSG00000226688_unmod,-0.0718,0.4923308491706848
ENSG00000226742_unmod,0.0928,0.4208890199661255
ENSG00000226752_unmod,-0.1401,0.5189628601074219
ENSG00000226950_unmod,-0.344,0.3751305937767029
ENSG00000227036_unmod,0.3059,0.3509456217288971
ENSG00000227057_unmod,-0.0511,2.176044225692749
ENSG00000227063_unmod,0.9868,1.392622709274292
ENSG00000227124_unmod,-0.3375,2.2632882595062256
ENSG00000227189_unmod,-0.1353,0.6762881278991699
ENSG00000227292_unmod,0.2311,1.5198673009872437
ENSG00000227345_unmod,-0.0954,1.1649329662322998
ENSG00000227372_unmod,-0.3431,1.2505459785461426
ENSG00000227467_unmod,0.0722,1.3482462167739868
ENSG00000227500_unmod,-0.0346,1.0763837099075317
ENSG00000227671_unmod,0.1428,0.5565887093544006
ENSG00000228192_unmod,-0.6945,1.9947807788848877
ENSG00000228223_unmod,0.0375,5.376899719238281
ENSG00000228253_unmod,-0.559,0.6891032457351685
ENSG00000228300_unmod,0.1084,0.5010931491851807
ENSG00000228315_unmod,0.1712,0.3441680669784546
ENSG00000228327_unmod,-0.1453,1.3936548233032227
ENSG00000228340_unmod,-0.543,0.49538886547088623
ENSG00000228409_unmod,0.2089,1.522402048110962
ENSG00000228474_unmod,-0.1971,1.3032501935958862
ENSG00000228506_unmod,-0.0505,0.9822059273719788
ENSG00000228526_unmod,-0.0572,1.4727472066879272
ENSG00000228544_unmod,-0.0014,0.758235514163971
ENSG00000228594_unmod,-0.0316,1.8670928478240967
ENSG00000228649_unmod,-0.3078,0.8198068737983704
ENSG00000228716_unmod,0.5938,1.5320862531661987
ENSG00000228782_unmod,-0.0848,0.9145113825798035
ENSG00000229043_unmod,0.2937,1.0861635208129883
ENSG00000229117_unmod,0.4802,2.2371416091918945
ENSG00000229152_unmod,0.05,0.692920446395874
ENSG00000229180_unmod,0.0526,2.396317958831787
ENSG00000229267_unmod,0.316,0.18064430356025696
ENSG00000229419_unmod,0.0213,1.6038556098937988
ENSG00000229425_unmod,-0.0992,1.0417762994766235
ENSG00000229619_unmod,-0.099,0.8049663305282593
ENSG00000229677_unmod,0.1045,0.9307200908660889
ENSG00000229953_unmod,0.0381,0.8943392634391785
ENSG00000229989_unmod,0.1401,0.5680844187736511
ENSG00000230076_unmod,-0.5974,0.8151413202285767
ENSG00000230082_unmod,0.0929,1.5806115865707397
ENSG00000230124_unmod,0.0746,0.6130750775337219
ENSG00000230202_unmod,-0.0026,0.4694661498069763
ENSG00000230234_unmod,0.1129,1.2459437847137451
ENSG00000230453_unmod,-0.3735,1.1262587308883667
ENSG00000230551_unmod,0.0563,1.972640037536621
ENSG00000230590_unmod,0.0177,2.989504337310791
ENSG00000230615_unmod,0.6966,1.2032653093338013
ENSG00000230715_unmod,0.0322,1.9112434387207031
ENSG00000230989_unmod,0.0464,0.711997389793396
ENSG00000231074_unmod,-0.4971,0.6848292946815491
ENSG00000231290_unmod,0.6264,0.7347462773323059
ENSG00000231365_unmod,0.0873,2.356792688369751
ENSG00000231412_unmod,-0.6241,1.0066697597503662
ENSG00000231500_unmod,0.0842,0.6348407864570618
ENSG00000231503_unmod,-0.4527,0.7820446491241455
ENSG00000231607_unmod,0.4568,0.5804678201675415
ENSG00000231721_unmod,-0.135,0.5717443823814392
ENSG00000231925_unmod,0.2416,1.0576415061950684
ENSG00000232082_unmod,0.0939,0.9018732309341431
ENSG00000232098_unmod,-0.5716,1.0505291223526
ENSG00000232112_unmod,-0.0117,1.0369324684143066
ENSG00000232119_unmod,0.2616,0.40072527527809143
ENSG00000232388_unmod,-0.5783,1.0985949039459229
ENSG00000232434_unmod,0.376,0.8397737741470337
ENSG00000232445_unmod,-0.451,0.31770867109298706
ENSG00000232533_unmod,0.3561,1.1789236068725586
ENSG00000232593_unmod,-0.1964,0.19366896152496338
ENSG00000232774_unmod,0.4534,1.0895931720733643
ENSG00000232956_unmod,-0.1096,2.21332049369812
ENSG00000233006_unmod,0.3253,0.6318784952163696
ENSG00000233016_unmod,-0.05,1.7749860286712646
ENSG00000233098_unmod,0.3762,0.8130065202713013
ENSG00000233184_unmod,-0.1862,0.7692838311195374
ENSG00000233237_unmod,0.0094,0.7615238428115845
ENSG00000233276_unmod,0.1485,1.0231343507766724
ENSG00000233369_unmod,0.1782,2.687190294265747
ENSG00000233461_unmod,-0.1506,0.3327401280403137
ENSG00000233608_unmod,0.3395,2.2906792163848877
ENSG00000233621_unmod,0.6396,0.7754950523376465
ENSG00000233818_unmod,0.4965,0.49890220165252686
ENSG00000233822_unmod,0.3728,1.4876275062561035
ENSG00000233913_unmod,-0.0136,27.448875427246094
ENSG00000233927_unmod,0.1436,2.0066640377044678
ENSG00000233954_unmod,-0.1807,2.645904541015625
ENSG00000234009_unmod,-0.5276,2.5237724781036377
ENSG00000234127_unmod,0.484,1.187119722366333
ENSG00000234160_unmod,-0.2053,1.624813437461853
ENSG00000234171_unmod,-0.1529,3.8193914890289307
ENSG00000234373_unmod,-0.8542,0.34921252727508545
ENSG00000234420_unmod,-0.0376,1.0902284383773804
ENSG00000234444_unmod,0.2986,0.12319912016391754
ENSG00000234545_unmod,0.0998,1.8680925369262695
ENSG00000234602_unmod,-0.2603,1.5448999404907227
ENSG00000234608_unmod,-0.196,0.7747018933296204
ENSG00000234616_unmod,-0.2002,1.8315579891204834
ENSG00000234665_unmod,0.4995,0.812312126159668
ENSG00000234678_unmod,0.3698,2.081789493560791
ENSG00000234741_unmod,-0.2347,1.4166945219039917
ENSG00000234745_unmod,0.2127,1.239328384399414
ENSG00000234771_unmod,-0.6776,0.1278662383556366
ENSG00000234840_unmod,0.494,0.30674585700035095
ENSG00000234851_unmod,0.0601,2.8897860050201416
ENSG00000234912_unmod,-0.6596,0.5560508966445923
ENSG00000235106_unmod,-0.2448,0.821082592010498
ENSG00000235109_unmod,0.035,0.3819507658481598
ENSG00000235162_unmod,-0.1742,0.7165693044662476
ENSG00000235173_unmod,-0.4575,1.6057223081588745
ENSG00000235194_unmod,0.4073,0.5359506011009216
ENSG00000235244_unmod,-0.5747,0.9539592862129211
ENSG00000235408_unmod,-0.9312,2.3731470108032227
ENSG00000235437_unmod,-0.3184,0.5297629237174988
ENSG00000235499_unmod,0.1276,1.1095935106277466
ENSG00000235531_unmod,0.1795,0.56678307056427
ENSG00000235590_unmod,0.0102,2.5033342838287354
ENSG00000235636_unmod,0.2937,0.9214776158332825
ENSG00000235655_unmod,-0.0512,2.703643798828125
ENSG00000235703_unmod,-0.0499,0.7416503429412842
ENSG00000235750_unmod,0.5488,1.270367980003357
ENSG00000235823_unmod,-0.3312,1.5383516550064087
ENSG00000236088_unmod,-0.2782,1.5826174020767212
ENSG00000236144_unmod,-0.6101,1.0216591358184814
ENSG00000236287_unmod,-0.171,2.320828437805176
ENSG00000236753_unmod,-0.0597,1.905462622642517
ENSG00000236824_unmod,0.2206,1.0535286664962769
ENSG00000236901_unmod,0.0222,3.147167205810547
ENSG00000237004_unmod,0.4007,1.506159782409668
ENSG00000237172_unmod,0.4794,0.6706904172897339
ENSG00000237187_unmod,0.1016,1.2512236833572388
ENSG00000237190_unmod,0.0094,0.8871979117393494
ENSG00000237298_unmod,0.0987,0.7042378187179565
ENSG00000237424_unmod,0.5237,0.7744758725166321
ENSG00000237441_unmod,0.2182,1.7367744445800781
ENSG00000237649_unmod,0.7246,0.4869764447212219
ENSG00000237686_unmod,0.5686,0.8035641312599182
ENSG00000237765_unmod,-0.0102,1.366854190826416
ENSG00000237973_unmod,-0.4683,1.8489725589752197
ENSG00000238058_unmod,0.1745,3.0990376472473145
ENSG00000238105_unmod,0.1853,1.2922542095184326
ENSG00000238113_unmod,0.0473,1.1475193500518799
ENSG00000238227_unmod,-0.152,0.620691180229187
ENSG00000238266_unmod,-0.4113,1.2245842218399048
ENSG00000238741_unmod,0.3174,0.5429198741912842
ENSG00000238961_unmod,0.7606,1.9488173723220825
ENSG00000239039_unmod,0.4582,1.3676589727401733
ENSG00000239305_unmod,-0.73,0.9429677724838257
ENSG00000239306_unmod,-0.2506,0.6484191417694092
ENSG00000239407_unmod,0.0915,0.8770833611488342
ENSG00000239653_unmod,0.2126,1.5893666744232178
ENSG00000239672_unmod,-0.1761,2.387423515319824
ENSG00000239789_unmod,-0.0253,0.4747440218925476
ENSG00000239883_unmod,-0.1828,0.5916298031806946
ENSG00000239900_unmod,-0.3526,0.7207905650138855
ENSG00000240230_unmod,-0.0166,0.7700632810592651
ENSG00000240342_unmod,0.4974,1.5059504508972168
ENSG00000240344_unmod,-0.0226,1.0920264720916748
ENSG00000240498_unmod,0.3481,0.11447793245315552
ENSG00000240583_unmod,0.5916,1.1972084045410156
ENSG00000240682_unmod,0.0081,1.036740779876709
ENSG00000240694_unmod,0.1125,1.094896912574768
ENSG00000240771_unmod,0.25,0.9918774366378784
ENSG00000240849_unmod,0.0128,0.12006672471761703
ENSG00000240891_unmod,-0.3707,0.8375481963157654
ENSG00000241058_unmod,0.1534,1.596523404121399
ENSG00000241127_unmod,-0.2104,0.3655172884464264
ENSG00000241258_unmod,-0.2036,0.43310990929603577
ENSG00000241288_unmod,0.2537,0.9816479682922363
ENSG00000241322_unmod,0.3313,0.6212224364280701
ENSG00000241343_unmod,-0.4259,0.8267342448234558
ENSG00000241399_unmod,-0.3868,0.6276131272315979
ENSG00000241468_unmod,-1.0896,0.8985980749130249
ENSG00000241553_unmod,-0.0615,0.49299556016921997
ENSG00000241685_unmod,-0.2293,1.0501372814178467
ENSG00000241837_unmod,0.1184,0.3297785520553589
ENSG00000241839_unmod,0.067,1.8050150871276855
ENSG00000241852_unmod,-0.2004,1.7536972761154175
ENSG00000241878_unmod,-0.3122,1.834350824356079
ENSG00000241945_unmod,0.0435,2.226409673690796
ENSG00000241973_unmod,0.178,0.5319182872772217
ENSG00000242028_unmod,-0.5089,1.1999117136001587
ENSG00000242247_unmod,0.6883,0.7835040092468262
ENSG00000242259_unmod,0.2441,0.3758423626422882
ENSG00000242265_unmod,-0.2808,0.8287859559059143
ENSG00000242294_unmod,-0.0915,0.5975660085678101
ENSG00000242372_unmod,-0.0388,0.7222483158111572
ENSG00000242485_unmod,-0.2781,1.2589101791381836
ENSG00000242498_unmod,-0.1215,1.8658868074417114
ENSG00000242516_unmod,0.2813,1.6464508771896362
ENSG00000242588_unmod,-0.2722,2.045658588409424
ENSG00000242612_unmod,-0.2219,2.0365312099456787
ENSG00000242802_unmod,0.1744,0.7267143726348877
ENSG00000243147_unmod,-0.1127,0.48522382974624634
ENSG00000243156_unmod,0.0046,0.36280736327171326
ENSG00000243232_unmod,0.3703,0.9798445701599121
ENSG00000243279_unmod,0.0153,0.7936605215072632
ENSG00000243302_unmod,-0.0053,1.3315341472625732
ENSG00000243317_unmod,0.0367,1.8885316848754883
ENSG00000243335_unmod,0.1584,1.177507758140564
ENSG00000243364_unmod,0.2094,0.6770344972610474
ENSG00000243449_unmod,0.156,1.14823317527771
ENSG00000243477_unmod,0.0481,0.5937634110450745
ENSG00000243679_unmod,0.3359,2.1716556549072266
ENSG00000243927_unmod,-0.2262,1.0903946161270142
ENSG00000243943_unmod,-0.2013,1.3363338708877563
ENSG00000243970_unmod,-0.3114,0.9303470849990845
ENSG00000244005_unmod,-0.3454,0.623582661151886
ENSG00000244026_unmod,-0.0376,1.3912127017974854
ENSG00000244038_unmod,0.1429,1.5382237434387207
ENSG00000244045_unmod,0.2137,1.9889004230499268
ENSG00000244300_unmod,0.0969,0.6068707704544067
ENSG00000244405_unmod,0.0821,0.5651817321777344
ENSG00000244462_unmod,-0.274,0.7258113622665405
ENSG00000244687_unmod,0.1399,0.7426043748855591
ENSG00000244754_unmod,-0.0813,2.4886560440063477
ENSG00000244879_unmod,-0.142,0.49691063165664673
ENSG00000245532_unmod,-0.7073,0.4819878339767456
ENSG00000245680_unmod,0.0025,0.4188779890537262
ENSG00000245694_unmod,0.4921,1.4721018075942993
ENSG00000245750_unmod,0.5443,1.506831169128418
ENSG00000245910_unmod,0.286,0.9867143034934998
ENSG00000245937_unmod,-0.2839,0.5233033299446106
ENSG00000245958_unmod,0.1402,0.1560843586921692
ENSG00000246067_unmod,0.1489,1.2058011293411255
ENSG00000246082_unmod,-0.7439,1.2434765100479126
ENSG00000246273_unmod,0.3091,1.4540927410125732
ENSG00000246334_unmod,-0.6458,0.5122439861297607
ENSG00000246582_unmod,-0.3778,0.7707540392875671
ENSG00000246695_unmod,0.5037,2.7599294185638428
ENSG00000246705_unmod,0.4239,2.3129336833953857
ENSG00000246922_unmod,-0.0042,0.37625208497047424
ENSG00000247077_unmod,-0.3145,0.6131051778793335
ENSG00000247092_unmod,-0.0388,0.5857542157173157
ENSG00000247137_unmod,-0.0792,0.8233953714370728
ENSG00000247315_unmod,-0.0667,0.4595876634120941
ENSG00000247498_unmod,0.0501,0.6703121662139893
ENSG00000247516_unmod,0.0222,0.5099035501480103
ENSG00000247556_unmod,0.7496,0.48476484417915344
ENSG00000247572_unmod,-0.0066,1.7990342378616333
ENSG00000247596_unmod,0.3663,2.0938689708709717
ENSG00000247626_unmod,-0.8974,1.8944624662399292
ENSG00000247828_unmod,-0.0161,0.6159943342208862
ENSG00000248008_unmod,0.3804,2.159217596054077
ENSG00000248049_unmod,0.2459,1.1154459714889526
ENSG00000248092_unmod,0.243,0.33008041977882385
ENSG00000248109_unmod,0.3608,0.5684769749641418
ENSG00000248333_unmod,0.3167,0.7562596797943115
ENSG00000248458_unmod,0.7136,0.6782798767089844
ENSG00000248487_unmod,-0.3164,1.7037235498428345
ENSG00000248527_unmod,0.2116,0.5331275463104248
ENSG00000248874_unmod,0.0293,2.6988608837127686
ENSG00000248905_unmod,0.1759,3.065721035003662
ENSG00000249115_unmod,0.1375,0.5558695197105408
ENSG00000249306_unmod,0.4996,0.32354870438575745
ENSG00000249353_unmod,-0.2321,1.3755203485488892
ENSG00000249459_unmod,0.4252,0.5656832456588745
ENSG00000249471_unmod,0.2037,1.1737136840820312
ENSG00000249592_unmod,0.2667,0.20698167383670807
ENSG00000249669_unmod,0.1871,0.6106798052787781
ENSG00000249673_unmod,-0.0149,0.1958591639995575
ENSG00000249740_unmod,0.7014,2.168642044067383
ENSG00000249859_unmod,-0.3215,0.606305718421936
ENSG00000249915_unmod,-0.1399,0.9283393025398254
ENSG00000249992_unmod,0.2339,2.026120185852051
ENSG00000250251_unmod,0.3816,2.5808868408203125
ENSG00000250312_unmod,1.0536,2.605966091156006
ENSG00000250317_unmod,0.153,1.2261054515838623
ENSG00000250320_unmod,0.051,1.8814952373504639
ENSG00000250337_unmod,0.0131,2.197760820388794
ENSG00000250462_unmod,0.2423,1.515385627746582
ENSG00000250479_unmod,0.2456,1.7755768299102783
ENSG00000250539_unmod,0.4464,1.4863680601119995
ENSG00000250565_unmod,0.4488,0.6960340142250061
ENSG00000250571_unmod,0.319,1.0401140451431274
ENSG00000250899_unmod,-0.5291,1.4675958156585693
ENSG00000250920_unmod,0.1683,0.9286330938339233
ENSG00000251003_unmod,0.1935,0.8004263639450073
ENSG00000251022_unmod,-0.0699,1.9736192226409912
ENSG00000251136_unmod,0.0083,0.6243854761123657
ENSG00000251192_unmod,0.2271,0.8446157574653625
ENSG00000251369_unmod,-0.1005,0.6521500945091248
ENSG00000251381_unmod,-0.3679,0.869569718837738
ENSG00000251474_unmod,-0.1847,0.9776430726051331
ENSG00000251493_unmod,0.8198,2.3863234519958496
ENSG00000251537_unmod,0.5492,0.6052966713905334
ENSG00000251562_unmod,0.1004,0.959962010383606
ENSG00000252481_unmod,0.1445,1.785617709159851
ENSG00000252835_unmod,0.4176,1.032841682434082
ENSG00000252947_unmod,-0.4346,0.20241346955299377
ENSG00000253250_unmod,0.0264,0.5864155292510986
ENSG00000253251_unmod,-0.1482,1.3176653385162354
ENSG00000253276_unmod,0.1205,1.9463247060775757
ENSG00000253284_unmod,-0.0929,0.9695016741752625
ENSG00000253293_unmod,0.1005,1.8837924003601074
ENSG00000253304_unmod,0.9012,0.9724611043930054
ENSG00000253368_unmod,-1.0447,0.5629634261131287
ENSG00000253669_unmod,0.4252,0.6483165621757507
ENSG00000253710_unmod,0.0955,0.6766287684440613
ENSG00000253719_unmod,-1.1322,0.6818630695343018
ENSG00000253729_unmod,0.0743,0.7147326469421387
ENSG00000253738_unmod,0.3598,1.8555327653884888
ENSG00000254004_unmod,-0.0475,1.7204653024673462
ENSG00000254087_unmod,0.3055,1.7139942646026611
ENSG00000254166_unmod,-0.0911,0.5542536973953247
ENSG00000254206_unmod,-0.6635,1.507091760635376
ENSG00000254469_unmod,0.3414,1.666827917098999
ENSG00000254470_unmod,-0.0237,0.7442389726638794
ENSG00000254535_unmod,0.201,0.5777155160903931
ENSG00000254634_unmod,-0.4769,1.6580629348754883
ENSG00000254635_unmod,0.7729,1.2069329023361206
ENSG00000254685_unmod,0.416,0.8595921993255615
ENSG00000254726_unmod,-1.0724,8.285283088684082
ENSG00000254858_unmod,-0.2934,1.988389492034912
ENSG00000254901_unmod,-0.1673,0.45832714438438416
ENSG00000254986_unmod,0.0538,0.8073951601982117
ENSG00000254999_unmod,0.3478,0.7904906868934631
ENSG00000255031_unmod,0.3693,1.6094738245010376
ENSG00000255112_unmod,0.0205,1.4332574605941772
ENSG00000255150_unmod,0.2806,1.1022058725357056
ENSG00000255198_unmod,-0.5289,2.466554880142212
ENSG00000255248_unmod,0.2567,0.11783719807863235
ENSG00000255302_unmod,-0.2635,0.25553879141807556
ENSG00000255529_unmod,0.1989,0.7518736720085144
ENSG00000255717_unmod,-0.4152,1.819417953491211
ENSG00000255737_unmod,-0.303,2.342599868774414
ENSG00000255769_unmod,0.6257,1.6301891803741455
ENSG00000255874_unmod,0.4047,1.9022701978683472
ENSG00000256053_unmod,0.0608,1.1393963098526
ENSG00000256087_unmod,0.0849,1.1046556234359741
ENSG00000256223_unmod,0.0662,2.21828293800354
ENSG00000256269_unmod,-0.3062,1.536860704421997
ENSG00000256294_unmod,-0.0598,1.5280035734176636
ENSG00000256433_unmod,-0.4122,1.3477435111999512
ENSG00000256525_unmod,-0.4263,1.8693572282791138
ENSG00000256591_unmod,-0.2641,0.7806872129440308
ENSG00000256683_unmod,0.2993,0.5872102379798889
ENSG00000256940_unmod,0.3994,2.595266819000244
ENSG00000257027_unmod,-1.0529,2.382511615753174
ENSG00000257093_unmod,-0.4259,2.3684442043304443
ENSG00000257103_unmod,0.0893,2.043708086013794
ENSG00000257167_unmod,-0.4205,0.6367638111114502
ENSG00000257218_unmod,-0.497,0.31349581480026245
ENSG00000257267_unmod,-0.0616,1.1497223377227783
ENSG00000257315_unmod,0.1839,0.6945118308067322
ENSG00000257354_unmod,0.221,0.4971744120121002
ENSG00000257365_unmod,-0.1731,0.6738883852958679
ENSG00000257621_unmod,0.3912,0.4093429148197174
ENSG00000257702_unmod,-0.2818,1.4334499835968018
ENSG00000257704_unmod,0.4016,1.9303202629089355
ENSG00000257727_unmod,-0.1923,2.4668397903442383
ENSG00000257923_unmod,0.1405,1.3356150388717651
ENSG00000258289_unmod,-0.0441,0.4993925392627716
ENSG00000258441_unmod,-0.5089,0.3377849757671356
ENSG00000258890_unmod,0.0771,0.808021068572998
ENSG00000259207_unmod,0.5486,1.1742902994155884
ENSG00000259330_unmod,-0.9837,1.0145907402038574
ENSG00000259354_unmod,1.0814,0.7009004354476929
ENSG00000259479_unmod,-0.2987,1.9320859909057617
ENSG00000259494_unmod,-0.1156,0.6225435137748718
ENSG00000259768_unmod,0.801,1.865627646446228
ENSG00000259781_unmod,-0.0635,0.8080397844314575
ENSG00000259820_unmod,0.2135,0.7060480713844299
ENSG00000259953_unmod,0.2294,0.3848304748535156
ENSG00000259956_unmod,0.2038,1.163169026374817
ENSG00000259959_unmod,0.0844,1.9491782188415527
ENSG00000260027_unmod,-0.025,0.8371702432632446
ENSG00000260032_unmod,0.3743,5.299437522888184
ENSG00000260196_unmod,-1.2221,0.6852974891662598
ENSG00000260257_unmod,-0.553,0.7440527081489563
ENSG00000260260_unmod,-0.371,0.4411652684211731
ENSG00000260267_unmod,0.1645,2.172466993331909
ENSG00000260404_unmod,-0.3561,1.4129970073699951
ENSG00000260418_unmod,0.6828,0.6225711107254028
ENSG00000260565_unmod,0.1674,0.9124685525894165
ENSG00000260708_unmod,-0.0737,2.1392433643341064
ENSG00000260804_unmod,1.729,1.801343321800232
ENSG00000260852_unmod,0.0246,0.7626634836196899
ENSG00000260916_unmod,-0.1994,2.4420711994171143
ENSG00000260917_unmod,-0.5477,0.3133062422275543
ENSG00000260920_unmod,0.1272,2.3535683155059814
ENSG00000261040_unmod,0.2031,1.0434011220932007
ENSG00000261061_unmod,-0.5052,0.21063123643398285
ENSG00000261150_unmod,0.1185,0.9933913350105286
ENSG00000261221_unmod,0.1082,0.8986870646476746
ENSG00000261236_unmod,-0.3707,4.030739784240723
ENSG00000261373_unmod,-1.6045,0.21934464573860168
ENSG00000261556_unmod,-0.2178,1.346561312675476
ENSG00000261578_unmod,-0.116,0.5793890953063965
ENSG00000261609_unmod,-1.1665,1.7466635704040527
ENSG00000261652_unmod,-0.0913,2.0350935459136963
ENSG00000261716_unmod,-0.1332,1.5126725435256958
ENSG00000261786_unmod,-0.1237,2.0342910289764404
ENSG00000261801_unmod,-0.1617,0.2911877930164337
ENSG00000261824_unmod,0.0319,1.9241188764572144
ENSG00000261971_unmod,-0.5552,0.40664592385292053
ENSG00000262001_unmod,0.246,2.030346393585205
ENSG00000262454_unmod,-0.0176,0.9674409031867981
ENSG00000262580_unmod,-0.132,0.739720344543457
ENSG00000262879_unmod,0.1176,0.32400497794151306
ENSG00000262919_unmod,0.1562,0.8265199661254883
ENSG00000263001_unmod,-0.0407,1.8875691890716553
ENSG00000263002_unmod,-0.1646,0.8446717262268066
ENSG00000263072_unmod,-0.1713,0.43078747391700745
ENSG00000263465_unmod,0.0231,0.6686053276062012
ENSG00000263528_unmod,0.2293,0.4626077711582184
ENSG00000263731_unmod,-0.0871,0.8389812111854553
ENSG00000263753_unmod,0.0912,1.0060869455337524
ENSG00000263934_unmod,-0.1865,3.172502040863037
ENSG00000263956_unmod,0.0899,3.3345937728881836
ENSG00000264112_unmod,-0.0817,0.9937231540679932
ENSG00000264230_unmod,0.8919,0.6732043027877808
ENSG00000264247_unmod,-0.0144,1.0718634128570557
ENSG00000264364_unmod,-0.1989,0.45286181569099426
ENSG00000264522_unmod,0.0985,0.9252877235412598
ENSG00000264538_unmod,0.1148,0.6931547522544861
ENSG00000265185_unmod,0.7107,3.178954839706421
ENSG00000265190_unmod,0.5192,0.5879822373390198
ENSG00000265241_unmod,-0.7304,0.7642917037010193
ENSG00000265354_unmod,-0.0851,2.0009045600891113
ENSG00000265491_unmod,0.1465,1.6213544607162476
ENSG00000265688_unmod,0.1193,0.3894681930541992
ENSG00000265763_unmod,-0.1625,1.2083474397659302
ENSG00000265808_unmod,0.0391,0.5385845899581909
ENSG00000265817_unmod,-0.2142,0.6264355778694153
ENSG00000265972_unmod,-0.0905,0.6170693635940552
ENSG00000266028_unmod,0.0848,0.6800483465194702
ENSG00000266066_unmod,-0.2119,0.8061511516571045
ENSG00000266074_unmod,0.5574,2.1530253887176514
ENSG00000266094_unmod,-0.3414,0.9213557839393616
ENSG00000266173_unmod,0.1729,1.146456003189087
ENSG00000266338_unmod,0.0476,0.48028939962387085
ENSG00000266412_unmod,0.0749,0.566923201084137
ENSG00000266472_unmod,-0.0631,1.7327057123184204
ENSG00000266714_unmod,0.2041,1.5568524599075317
ENSG00000266962_unmod,0.1527,1.358479619026184
ENSG00000267002_unmod,0.1319,1.690566062927246
ENSG00000267080_unmod,0.0031,1.9276938438415527
ENSG00000267121_unmod,0.5721,0.4468139708042145
ENSG00000267123_unmod,0.4916,1.232978343963623
ENSG00000267270_unmod,-0.3442,1.11226224899292
ENSG00000267317_unmod,-0.1138,1.6326826810836792
ENSG00000267321_unmod,-0.105,0.498382568359375
ENSG00000267374_unmod,0.3381,1.7418400049209595
ENSG00000267432_unmod,-0.2736,1.167706847190857
ENSG00000267519_unmod,0.3638,0.1076803058385849
ENSG00000267534_unmod,0.0206,1.1435009241104126
ENSG00000267680_unmod,-0.0836,0.6942363977432251
ENSG00000268043_unmod,0.0634,3.3978047370910645
ENSG00000268089_unmod,0.6296,0.26677393913269043
ENSG00000268205_unmod,-0.4475,0.6733829379081726
ENSG00000268362_unmod,-0.2752,0.5139305591583252
ENSG00000268460_unmod,0.3669,0.8593040704727173
ENSG00000268575_unmod,-0.3687,2.029261827468872
ENSG00000268621_unmod,0.0356,1.856017827987671
ENSG00000268858_unmod,0.2891,1.2031790018081665
ENSG00000269113_unmod,0.1698,1.1258212327957153
ENSG00000269335_unmod,0.2414,0.5435469746589661
ENSG00000269343_unmod,-0.1891,0.7124451398849487
ENSG00000269352_unmod,0.1478,2.5609617233276367
ENSG00000269556_unmod,0.2477,0.5420600175857544
ENSG00000269713_unmod,0.1124,0.4107007682323456
ENSG00000269729_unmod,0.6979,0.6227363348007202
ENSG00000269743_unmod,0.3886,1.6875168085098267
ENSG00000269821_unmod,0.0485,0.42202043533325195
ENSG00000269825_unmod,0.3055,0.29690951108932495
ENSG00000269826_unmod,0.8913,1.8489910364151
ENSG00000269858_unmod,-0.0005,1.3717385530471802
ENSG00000269893_unmod,-0.1636,0.9847923517227173
ENSG00000269929_unmod,0.6567,0.3671400547027588
ENSG00000269958_unmod,0.3112,0.6843684315681458
ENSG00000269973_unmod,0.0359,0.6173784732818604
ENSG00000270022_unmod,0.3621,1.2969765663146973
ENSG00000270069_unmod,-0.2397,2.9174606800079346
ENSG00000270170_unmod,-0.127,0.5654255747795105
ENSG00000270231_unmod,0.1529,0.4284023642539978
ENSG00000270504_unmod,0.0311,0.2934741973876953
ENSG00000270629_unmod,0.1265,3.423557758331299
ENSG00000270641_unmod,0.2033,1.1701915264129639
ENSG00000270647_unmod,0.0196,0.5724517703056335
ENSG00000270722_unmod,-0.1879,1.0453572273254395
ENSG00000270885_unmod,-0.3399,1.0097510814666748
ENSG00000271122_unmod,-0.0103,1.1248469352722168
ENSG00000271204_unmod,-0.0915,0.2429625242948532
ENSG00000271254_unmod,0.5951,3.24743390083313
ENSG00000271425_unmod,0.2363,3.570756196975708
ENSG00000271503_unmod,0.5962,1.948349118232727
ENSG00000271533_unmod,0.024,1.9150042533874512
ENSG00000271601_unmod,-0.0724,0.23560887575149536
ENSG00000271643_unmod,0.2082,1.4824755191802979
ENSG00000271781_unmod,0.24,1.203364610671997
ENSG00000271976_unmod,-0.0161,0.9093127846717834
ENSG00000272047_unmod,0.4461,0.9565964937210083
ENSG00000272086_unmod,0.4734,1.0290805101394653
ENSG00000272168_unmod,0.5288,0.6062324047088623
ENSG00000272325_unmod,-0.1672,1.7997169494628906
ENSG00000272333_unmod,-0.0033,0.855329155921936
ENSG00000272335_unmod,-0.3499,0.9375181198120117
ENSG00000272391_unmod,-0.1907,1.0408836603164673
ENSG00000272398_unmod,0.2381,1.3814101219177246
ENSG00000272405_unmod,0.1019,0.7018425464630127
ENSG00000272419_unmod,0.3286,2.1539180278778076
ENSG00000272512_unmod,0.2544,1.0014113187789917
ENSG00000272556_unmod,-0.0859,33.72566223144531
ENSG00000272604_unmod,-0.1074,1.8037317991256714
ENSG00000272645_unmod,0.0086,2.023820161819458
ENSG00000272668_unmod,0.6358,0.5846458077430725
ENSG00000272703_unmod,-0.1132,0.8089972138404846
ENSG00000272734_unmod,0.1281,2.4246106147766113
ENSG00000272763_unmod,0.0483,2.6530814170837402
ENSG00000272808_unmod,0.7464,1.0465002059936523
ENSG00000272886_unmod,-0.8973,1.241204023361206
ENSG00000272888_unmod,-0.0307,0.7858107089996338
ENSG00000273015_unmod,0.0231,0.8008434176445007
ENSG00000273018_unmod,0.1653,0.9262627363204956
ENSG00000273033_unmod,-0.5143,1.3297830820083618
ENSG00000273079_unmod,0.1707,1.8310261964797974
ENSG00000273142_unmod,-0.0147,0.6514413952827454
ENSG00000273247_unmod,0.3074,0.7921181917190552
ENSG00000273297_unmod,0.6352,0.34173908829689026
ENSG00000273311_unmod,-0.2944,1.040258765220642
ENSG00000273329_unmod,-0.5812,1.8794474601745605
ENSG00000273373_unmod,0.7848,0.49534955620765686
ENSG00000273559_unmod,0.3075,1.8324775695800781
ENSG00000273611_unmod,-0.082,0.5597190856933594
ENSG00000273703_unmod,1.0553,1.0611883401870728
ENSG00000273749_unmod,0.0009,0.357800155878067
ENSG00000273760_unmod,-0.4809,0.9613455533981323
ENSG00000273802_unmod,0.0842,0.6049231290817261
ENSG00000273983_unmod,0.1421,0.5132224559783936
ENSG00000274012_unmod,0.433,2.1540732383728027
ENSG00000274020_unmod,0.3052,0.9239848852157593
ENSG00000274070_unmod,0.4568,1.361276388168335
ENSG00000274210_unmod,0.6384,1.1481183767318726
ENSG00000274211_unmod,-0.009,1.2162446975708008
ENSG00000274523_unmod,0.2066,0.7186110019683838
ENSG00000274605_unmod,-0.3479,0.41853827238082886
ENSG00000274641_unmod,0.2636,1.390260100364685
ENSG00000274997_unmod,0.5825,1.7721468210220337
ENSG00000275023_unmod,-0.0926,2.683922290802002
ENSG00000275052_unmod,0.0226,0.3280806541442871
ENSG00000275066_unmod,0.5643,0.39912718534469604
ENSG00000275111_unmod,-0.1203,0.7733064889907837
ENSG00000275131_unmod,0.7481,1.598545789718628
ENSG00000275202_unmod,0.446,0.4027390480041504
ENSG00000275216_unmod,-0.494,1.8969314098358154
ENSG00000275221_unmod,0.6353,1.7352795600891113
ENSG00000275342_unmod,-0.3553,0.5095140337944031
ENSG00000275700_unmod,0.0762,0.6569963693618774
ENSG00000275713_unmod,0.409,2.0597968101501465
ENSG00000275714_unmod,0.0674,0.7596707940101624
ENSG00000275764_unmod,0.2371,0.25908562541007996
ENSG00000275832_unmod,0.0263,0.3362079858779907
ENSG00000275835_unmod,0.2601,0.44157683849334717
ENSG00000275874_unmod,-0.0641,0.36838477849960327
ENSG00000275894_unmod,0.7459,1.5581796169281006
ENSG00000275993_unmod,0.2831,1.5170010328292847
ENSG00000276043_unmod,0.6928,1.215829610824585
ENSG00000276045_unmod,-0.2117,1.0535171031951904
ENSG00000276107_unmod,-0.8814,0.5414927005767822
ENSG00000276168_unmod,-0.0052,1.951988935470581
ENSG00000276170_unmod,0.1165,1.1587942838668823
ENSG00000276234_unmod,-0.0283,0.848137378692627
ENSG00000276256_unmod,0.4501,1.5195387601852417
ENSG00000276291_unmod,0.3252,1.609201192855835
ENSG00000276293_unmod,0.6857,1.9165568351745605
ENSG00000276368_unmod,0.8029,1.9215874671936035
ENSG00000276550_unmod,0.2384,1.8374203443527222
ENSG00000276672_unmod,0.0694,0.45265263319015503
ENSG00000276700_unmod,0.0577,0.9516938328742981
ENSG00000276850_unmod,-0.5676,0.07177554816007614
ENSG00000276855_unmod,0.1987,1.4853041172027588
ENSG00000276903_unmod,0.4933,2.1381328105926514
ENSG00000276966_unmod,0.4994,0.7897514700889587
ENSG00000277072_unmod,0.0686,0.4220830798149109
ENSG00000277075_unmod,0.283,1.0393688678741455
ENSG00000277147_unmod,0.508,0.7700632214546204
ENSG00000277149_unmod,-0.1775,1.9490454196929932
ENSG00000277157_unmod,0.2757,2.085920810699463
ENSG00000277203_unmod,-0.2975,1.546769618988037
ENSG00000277224_unmod,0.3677,1.3850204944610596
ENSG00000277258_unmod,-0.1303,2.3240201473236084
ENSG00000277443_unmod,0.0683,1.3743948936462402
ENSG00000277462_unmod,-0.1062,1.0748509168624878
ENSG00000277534_unmod,-0.3924,0.8065749406814575
ENSG00000277610_unmod,0.4891,1.4691287279129028
ENSG00000277693_unmod,-0.0059,0.8852225542068481
ENSG00000277775_unmod,0.4463,1.2731622457504272
ENSG00000277791_unmod,0.1217,2.5441925525665283
ENSG00000277972_unmod,0.2443,0.8674313426017761
ENSG00000278053_unmod,-0.7048,1.612027883529663
ENSG00000278129_unmod,-0.368,0.417423814535141
ENSG00000278175_unmod,-0.6961,0.4406518340110779
ENSG00000278259_unmod,0.4561,0.19238510727882385
ENSG00000278272_unmod,0.4512,2.168919801712036
ENSG00000278318_unmod,0.0317,0.4836455285549164
ENSG00000278463_unmod,0.6289,2.160447120666504
ENSG00000278535_unmod,0.2251,1.576213002204895
ENSG00000278540_unmod,-0.3131,0.7309913635253906
ENSG00000278588_unmod,0.6849,0.6461368203163147
ENSG00000278637_unmod,0.8235,1.0173958539962769
ENSG00000278705_unmod,0.4457,1.1399720907211304
ENSG00000278709_unmod,-0.122,1.9167609214782715
ENSG00000278730_unmod,0.0604,1.0986576080322266
ENSG00000278768_unmod,-0.1093,0.9107958078384399
ENSG00000278771_unmod,0.4078,2.195376396179199
ENSG00000278828_unmod,0.3098,1.2979696989059448
ENSG00000278845_unmod,-0.0078,0.7664290070533752
ENSG00000278864_unmod,0.0397,0.6637321710586548
ENSG00000278948_unmod,0.1636,0.5689878463745117
ENSG00000279059_unmod,-0.4484,0.31692326068878174
ENSG00000279088_unmod,-0.2303,0.246098130941391
ENSG00000279089_unmod,-0.2729,1.1849557161331177
ENSG00000279133_unmod,-0.5869,1.7947709560394287
ENSG00000279159_unmod,0.3483,0.7669524550437927
ENSG00000279170_unmod,-0.258,2.513672113418579
ENSG00000279207_unmod,-0.1528,1.4307498931884766
ENSG00000279289_unmod,0.1711,0.48183533549308777
ENSG00000279342_unmod,-0.3953,1.8571887016296387
ENSG00000279348_unmod,1.3464,0.8879857063293457
ENSG00000279432_unmod,0.2395,0.43544816970825195
ENSG00000279453_unmod,-0.7139,2.623474359512329
ENSG00000279520_unmod,-0.5504,29.56804847717285
ENSG00000279602_unmod,0.1711,0.2818693518638611
ENSG00000279608_unmod,0.1002,2.487647771835327
ENSG00000279696_unmod,0.1394,1.8269537687301636
ENSG00000279738_unmod,-0.342,1.1043226718902588
ENSG00000279759_unmod,-0.1325,1.1535139083862305
ENSG00000279806_unmod,0.1715,0.4647279977798462
ENSG00000279821_unmod,0.2975,0.740967333316803
ENSG00000280088_unmod,-0.4033,1.2486884593963623
ENSG00000280138_unmod,0.3051,1.5885206460952759
ENSG00000280143_unmod,-0.369,0.9010360240936279
ENSG00000280173_unmod,-0.1087,0.3022802770137787
ENSG00000280208_unmod,0.5928,0.21838846802711487
ENSG00000280276_unmod,0.6427,2.0783326625823975
ENSG00000280347_unmod,-0.2721,1.890742540359497
ENSG00000280355_unmod,-0.2864,0.7699344158172607
ENSG00000280383_unmod,-0.1694,1.063315749168396
ENSG00000280434_unmod,-0.4664,1.491082787513733
ENSG00000280670_unmod,0.1566,0.2878464162349701
ENSG00000280789_unmod,-0.3045,2.2902884483337402
ENSG00000280798_unmod,-1.0724,0.6603963971138
ENSG00000280832_unmod,0.4938,0.91633540391922
ENSG00000281026_unmod,0.1462,0.24865326285362244
ENSG00000281183_unmod,-0.3063,0.35961398482322693
ENSG00000281207_unmod,-0.2246,2.2462379932403564
ENSG00000281332_unmod,-0.3458,0.692431628704071
ENSG00000281344_unmod,0.2282,1.1830254793167114
ENSG00000281398_unmod,-0.5705,0.6795369982719421
ENSG00000281649_unmod,0.0629,1.9555047750473022
ENSG00000282826_unmod,0.4703,0.8666895627975464
ENSG00000282851_unmod,0.1257,0.18975885212421417
ENSG00000283041_unmod,0.0263,2.3102920055389404
ENSG00000283050_unmod,0.0104,34.06556701660156
ENSG00000283103_unmod,-0.3031,0.31407344341278076
ENSG00000283122_unmod,0.0953,0.49759379029273987
ENSG00000283154_unmod,0.4932,0.6407861709594727
ENSG00000283196_unmod,0.382,0.5497027635574341
ENSG00000283445_unmod,0.4311,0.6761142015457153
ENSG00000284024_unmod,-0.153,0.3844275176525116
ENSG00000284052_unmod,0.3138,29.383806228637695
ENSG00000284753_unmod,-0.4688,0.31957271695137024
ENSG00000284946_unmod,0.1485,2.2284350395202637
ENSG00000284976_unmod,-0.014,0.963432788848877
ENSG00000285043_unmod,0.9012,1.093843698501587
ENSG00000285106_unmod,-0.4023,0.6004453897476196
ENSG00000285219_unmod,0.2542,1.0713621377944946
ENSG00000285230_unmod,0.0092,1.1954267024993896
ENSG00000285410_unmod,-0.0505,0.6455392241477966
ENSG00000285437_unmod,-0.1162,0.816897451877594
ENSG00000285517_unmod,0.0854,0.901197612285614
ENSG00000285756_unmod,-0.0869,0.3858572840690613
ENSG00000285796_unmod,0.1562,0.2821759581565857
ENSG00000285906_unmod,0.2439,0.49194613099098206
ENSG00000285967_unmod,0.155,1.1229426860809326
ENSG00000285976_unmod,0.3394,0.544849157333374
ENSG00000286134_unmod,0.141,0.6393445134162903
ENSG00000286215_unmod,0.1808,0.8336175084114075
