comp_name,log2FC
ENSG00000000003_unmod,-0.2557
ENSG00000000419_unmod,0.2017
ENSG00000000457_unmod,0.4518
ENSG00000000460_unmod,0.0926
ENSG00000000971_unmod,0.4337
ENSG00000001036_unmod,0.0301
ENSG00000001084_unmod,0.0606
ENSG00000001167_unmod,0.3662
ENSG00000001460_unmod,0.1441
ENSG00000001461_unmod,-0.7095
ENSG00000001497_unmod,-0.1232
ENSG00000001617_unmod,0.2273
ENSG00000001629_unmod,0.1826
ENSG00000001631_unmod,0.1752
ENSG00000002016_unmod,0.1238
ENSG00000002330_unmod,0.2727
ENSG00000002549_unmod,0.0093
ENSG00000002586_unmod,0.1117
ENSG00000002746_unmod,-0.0081
ENSG00000002834_unmod,-0.0881
ENSG00000002919_unmod,-0.2988
ENSG00000003056_unmod,0.4564
ENSG00000003096_unmod,-0.3336
ENSG00000003137_unmod,0.6146
ENSG00000003249_unmod,0.0574
ENSG00000003393_unmod,0.1662
ENSG00000003400_unmod,0.2976
ENSG00000003402_unmod,0.1228
ENSG00000003436_unmod,0.4039
ENSG00000003509_unmod,0.0483
ENSG00000003756_unmod,0.1451
ENSG00000003989_unmod,-0.3661
ENSG00000004059_unmod,0.1099
ENSG00000004139_unmod,0.0051
ENSG00000004142_unmod,0.014
ENSG00000004399_unmod,-0.1483
ENSG00000004455_unmod,-0.649
ENSG00000004478_unmod,-0.0999
ENSG00000004487_unmod,-0.1666
ENSG00000004534_unmod,0.2778
ENSG00000004660_unmod,0.1615
ENSG00000004700_unmod,0.7527
ENSG00000004766_unmod,0.1352
ENSG00000004777_unmod,0.857
ENSG00000004779_unmod,0.1858
ENSG00000004799_unmod,-0.1693
ENSG00000004864_unmod,-0.1471
ENSG00000004866_unmod,-0.39
ENSG00000004897_unmod,0.0027
ENSG00000004961_unmod,-0.1221
ENSG00000004975_unmod,0.1536
ENSG00000005007_unmod,0.0173
ENSG00000005020_unmod,0.3872
ENSG00000005022_unmod,0.0383
ENSG00000005059_unmod,0.1829
ENSG00000005073_unmod,-0.1007
ENSG00000005075_unmod,0.0969
ENSG00000005100_unmod,-0.2748
ENSG00000005102_unmod,0.1279
ENSG00000005156_unmod,-0.2259
ENSG00000005175_unmod,-0.4354
ENSG00000005189_unmod,0.7633
ENSG00000005194_unmod,-0.1191
ENSG00000005206_unmod,0.0297
ENSG00000005238_unmod,0.1844
ENSG00000005243_unmod,0.5894
ENSG00000005302_unmod,0.6392
ENSG00000005339_unmod,0.2292
ENSG00000005436_unmod,0.2151
ENSG00000005448_unmod,0.1067
ENSG00000005469_unmod,-0.1848
ENSG00000005483_unmod,-0.1899
ENSG00000005486_unmod,0.0388
ENSG00000005700_unmod,0.2571
ENSG00000005801_unmod,-0.3136
ENSG00000005810_unmod,-0.1575
ENSG00000005812_unmod,0.2455
ENSG00000005882_unmod,0.0318
ENSG00000005884_unmod,0.1736
ENSG00000005889_unmod,0.0024
ENSG00000005893_unmod,-0.1181
ENSG00000006007_unmod,-0.1029
ENSG00000006015_unmod,-0.1187
ENSG00000006016_unmod,0.6175
ENSG00000006025_unmod,0.2816
ENSG00000006062_unmod,-0.2083
ENSG00000006071_unmod,0.5526
ENSG00000006118_unmod,0.3511
ENSG00000006125_unmod,0.0093
ENSG00000006194_unmod,-0.4246
ENSG00000006282_unmod,-0.0436
ENSG00000006283_unmod,0.7493
ENSG00000006327_unmod,0.0184
ENSG00000006432_unmod,-0.2512
ENSG00000006451_unmod,0.3363
ENSG00000006453_unmod,0.3496
ENSG00000006459_unmod,0.009
ENSG00000006468_unmod,-0.0009
ENSG00000006530_unmod,-0.5226
ENSG00000006534_unmod,-0.0486
ENSG00000006576_unmod,0.0131
ENSG00000006607_unmod,-0.0418
ENSG00000006625_unmod,0.4075
ENSG00000006634_unmod,0.1272
ENSG00000006638_unmod,0.2781
ENSG00000006652_unmod,-0.1577
ENSG00000006695_unmod,-0.2083
ENSG00000006704_unmod,0.0523
ENSG00000006712_unmod,0.0226
ENSG00000006715_unmod,0.192
ENSG00000006740_unmod,0.021
ENSG00000006744_unmod,-0.0723
ENSG00000006757_unmod,-0.3913
ENSG00000006831_unmod,0.1153
ENSG00000007038_unmod,0.0042
ENSG00000007047_unmod,0.5035
ENSG00000007080_unmod,0.3705
ENSG00000007168_unmod,0.1918
ENSG00000007202_unmod,-0.1303
ENSG00000007237_unmod,-0.174
ENSG00000007341_unmod,-0.1537
ENSG00000007372_unmod,0.4583
ENSG00000007376_unmod,-0.4117
ENSG00000007384_unmod,0.5196
ENSG00000007392_unmod,-0.0266
ENSG00000007520_unmod,-0.0803
ENSG00000007541_unmod,0.1096
ENSG00000007545_unmod,0.305
ENSG00000007866_unmod,0.0646
ENSG00000007923_unmod,-0.2484
ENSG00000007944_unmod,0.024
ENSG00000007968_unmod,1.1598
ENSG00000008018_unmod,0.0648
ENSG00000008083_unmod,-0.0818
ENSG00000008086_unmod,0.3407
ENSG00000008130_unmod,0.2666
ENSG00000008256_unmod,-0.3412
ENSG00000008277_unmod,0.1158
ENSG00000008282_unmod,-0.1104
ENSG00000008283_unmod,0.1325
ENSG00000008294_unmod,0.2515
ENSG00000008300_unmod,-0.3711
ENSG00000008311_unmod,-0.2239
ENSG00000008324_unmod,0.0448
ENSG00000008394_unmod,-0.2105
ENSG00000008405_unmod,0.0531
ENSG00000008441_unmod,-0.0322
ENSG00000008513_unmod,0.101
ENSG00000008517_unmod,0.0697
ENSG00000008710_unmod,0.1739
ENSG00000008735_unmod,0.5789
ENSG00000008838_unmod,-0.0497
ENSG00000008853_unmod,-0.0131
ENSG00000008869_unmod,0.2138
ENSG00000008952_unmod,-0.3742
ENSG00000008988_unmod,-0.0448
ENSG00000009307_unmod,0.0317
ENSG00000009335_unmod,0.5718
ENSG00000009413_unmod,0.1117
ENSG00000009780_unmod,0.1065
ENSG00000009830_unmod,-0.0295
ENSG00000009844_unmod,-0.3769
ENSG00000009950_unmod,0.1577
ENSG00000009954_unmod,0.2486
ENSG00000010017_unmod,-0.0606
ENSG00000010072_unmod,-0.2006
ENSG00000010165_unmod,0.3199
ENSG00000010219_unmod,-0.0712
ENSG00000010244_unmod,-0.1213
ENSG00000010256_unmod,0.2311
ENSG00000010270_unmod,0.5849
ENSG00000010278_unmod,0.0731
ENSG00000010292_unmod,0.237
ENSG00000010322_unmod,-0.2508
ENSG00000010361_unmod,0.0337
ENSG00000010404_unmod,0.0524
ENSG00000010539_unmod,-0.1233
ENSG00000010704_unmod,0.4009
ENSG00000010803_unmod,0.1769
ENSG00000010810_unmod,-0.6621
ENSG00000010818_unmod,0.2639
ENSG00000011007_unmod,-0.1631
ENSG00000011009_unmod,0.1785
ENSG00000011021_unmod,-0.2679
ENSG00000011028_unmod,0.3149
ENSG00000011105_unmod,0.1357
ENSG00000011114_unmod,-0.0808
ENSG00000011132_unmod,0.0493
ENSG00000011143_unmod,-0.0121
ENSG00000011198_unmod,-0.0892
ENSG00000011201_unmod,0.0251
ENSG00000011243_unmod,-0.0346
ENSG00000011258_unmod,-0.3026
ENSG00000011260_unmod,-0.5534
ENSG00000011275_unmod,-0.0309
ENSG00000011295_unmod,0.1162
ENSG00000011304_unmod,0.0628
ENSG00000011376_unmod,-0.315
ENSG00000011405_unmod,-0.7147
ENSG00000011422_unmod,0.5059
ENSG00000011426_unmod,0.3628
ENSG00000011451_unmod,-0.1236
ENSG00000011454_unmod,-0.0073
ENSG00000011465_unmod,0.1712
ENSG00000011485_unmod,0.0773
ENSG00000011523_unmod,-0.4284
ENSG00000011566_unmod,-0.1623
ENSG00000011638_unmod,0.3706
ENSG00000011677_unmod,0.0629
ENSG00000012048_unmod,0.5761
ENSG00000012061_unmod,0.261
ENSG00000012171_unmod,-0.0907
ENSG00000012174_unmod,0.1357
ENSG00000012211_unmod,-0.4364
ENSG00000012232_unmod,0.0176
ENSG00000012660_unmod,-0.063
ENSG00000012822_unmod,0.2335
ENSG00000012963_unmod,0.0535
ENSG00000012983_unmod,0.0776
ENSG00000013275_unmod,0.0485
ENSG00000013288_unmod,0.0573
ENSG00000013306_unmod,-0.0268
ENSG00000013364_unmod,0.0989
ENSG00000013374_unmod,0.1698
ENSG00000013375_unmod,0.3832
ENSG00000013392_unmod,0.3421
ENSG00000013441_unmod,0.1522
ENSG00000013503_unmod,-0.2214
ENSG00000013523_unmod,-0.4935
ENSG00000013561_unmod,0.1257
ENSG00000013563_unmod,0.6371
ENSG00000013573_unmod,0.2418
ENSG00000013583_unmod,0.3895
ENSG00000013588_unmod,-0.43
ENSG00000013619_unmod,-0.5832
ENSG00000013810_unmod,0.3997
ENSG00000014123_unmod,0.2279
ENSG00000014138_unmod,0.5256
ENSG00000014164_unmod,0.2171
ENSG00000014216_unmod,0.4356
ENSG00000014641_unmod,-0.0091
ENSG00000014824_unmod,-0.1358
ENSG00000014914_unmod,0.418
ENSG00000014919_unmod,-0.212
ENSG00000015133_unmod,-0.194
ENSG00000015153_unmod,-0.1682
ENSG00000015171_unmod,-0.0658
ENSG00000015475_unmod,-0.2083
ENSG00000015479_unmod,-0.0221
ENSG00000015532_unmod,0.5211
ENSG00000015676_unmod,-0.0899
ENSG00000016082_unmod,-0.3754
ENSG00000016864_unmod,0.0057
ENSG00000017260_unmod,0.0285
ENSG00000017427_unmod,0.6704
ENSG00000017483_unmod,-0.1959
ENSG00000017797_unmod,2.1131
ENSG00000018189_unmod,0.079
ENSG00000018408_unmod,-0.294
ENSG00000018510_unmod,-0.5675
ENSG00000018610_unmod,-0.0677
ENSG00000018699_unmod,-0.2982
ENSG00000019144_unmod,0.247
ENSG00000019186_unmod,0.6764
ENSG00000019485_unmod,-0.2127
ENSG00000019549_unmod,0.1711
ENSG00000019995_unmod,-0.1543
ENSG00000020129_unmod,-0.2952
ENSG00000020181_unmod,0.077
ENSG00000020256_unmod,-0.1086
ENSG00000020426_unmod,-0.0287
ENSG00000020577_unmod,-0.388
ENSG00000020633_unmod,0.1311
ENSG00000020922_unmod,-0.2949
ENSG00000021355_unmod,0.7713
ENSG00000021574_unmod,-0.0937
ENSG00000021645_unmod,-0.1028
ENSG00000021762_unmod,0.2046
ENSG00000021776_unmod,-0.1355
ENSG00000021826_unmod,0.0543
ENSG00000022267_unmod,-0.08
ENSG00000022277_unmod,-0.0587
ENSG00000022567_unmod,0.4774
ENSG00000022840_unmod,0.0696
ENSG00000022976_unmod,0.0285
ENSG00000023041_unmod,0.2212
ENSG00000023171_unmod,0.6779
ENSG00000023191_unmod,-0.0272
ENSG00000023228_unmod,-0.0784
ENSG00000023287_unmod,0.0774
ENSG00000023318_unmod,0.0378
ENSG00000023330_unmod,-0.2029
ENSG00000023445_unmod,-0.5212
ENSG00000023516_unmod,-0.1831
ENSG00000023572_unmod,0.1054
ENSG00000023608_unmod,-0.085
ENSG00000023697_unmod,-0.126
ENSG00000023734_unmod,-0.4956
ENSG00000023839_unmod,0.2477
ENSG00000023902_unmod,0.0906
ENSG00000023909_unmod,0.118
ENSG00000024048_unmod,-0.0447
ENSG00000024422_unmod,-0.1419
ENSG00000024526_unmod,0.1893
ENSG00000024862_unmod,0.205
ENSG00000025156_unmod,0.2152
ENSG00000025293_unmod,0.0536
ENSG00000025434_unmod,0.41
ENSG00000025708_unmod,0.3908
ENSG00000025770_unmod,0.4319
ENSG00000025772_unmod,-0.4235
ENSG00000025796_unmod,0.0902
ENSG00000025800_unmod,0.5366
ENSG00000026025_unmod,0.41
ENSG00000026103_unmod,-0.2548
ENSG00000026297_unmod,0.3039
ENSG00000026508_unmod,0.0108
ENSG00000026559_unmod,-0.0053
ENSG00000026652_unmod,-0.0787
ENSG00000026950_unmod,0.0582
ENSG00000027001_unmod,-0.2782
ENSG00000027075_unmod,0.6552
ENSG00000027697_unmod,0.1804
ENSG00000027847_unmod,-0.0658
ENSG00000027869_unmod,0.2837
ENSG00000028116_unmod,0.0599
ENSG00000028137_unmod,1.2237
ENSG00000028203_unmod,0.7526
ENSG00000028310_unmod,0.0226
ENSG00000028528_unmod,0.0182
ENSG00000028839_unmod,-0.204
ENSG00000029153_unmod,0.4522
ENSG00000029363_unmod,0.327
ENSG00000029364_unmod,0.0397
ENSG00000029534_unmod,0.5588
ENSG00000029639_unmod,-0.0575
ENSG00000029725_unmod,0.4581
ENSG00000029993_unmod,-0.0664
ENSG00000030066_unmod,0.1277
ENSG00000030110_unmod,-0.0289
ENSG00000030419_unmod,0.6425
ENSG00000030582_unmod,0.2874
ENSG00000031003_unmod,0.3669
ENSG00000031081_unmod,1.3653
ENSG00000031691_unmod,-0.2464
ENSG00000031698_unmod,0.0082
ENSG00000031823_unmod,0.1185
ENSG00000032219_unmod,0.0872
ENSG00000032389_unmod,0.0809
ENSG00000032444_unmod,0.0394
ENSG00000032742_unmod,-0.0385
ENSG00000033011_unmod,-0.1867
ENSG00000033030_unmod,0.0329
ENSG00000033050_unmod,-0.2129
ENSG00000033100_unmod,0.0004
ENSG00000033170_unmod,0.3123
ENSG00000033178_unmod,-0.0776
ENSG00000033327_unmod,0.1599
ENSG00000033627_unmod,-0.1735
ENSG00000033800_unmod,-0.3512
ENSG00000033867_unmod,0.2604
ENSG00000034152_unmod,-0.0853
ENSG00000034510_unmod,0.2663
ENSG00000034533_unmod,0.2193
ENSG00000034677_unmod,0.3555
ENSG00000034693_unmod,0.0732
ENSG00000034713_unmod,-0.0413
ENSG00000035115_unmod,-0.1517
ENSG00000035141_unmod,-0.1782
ENSG00000035403_unmod,0.3556
ENSG00000035499_unmod,-0.2302
ENSG00000035664_unmod,0.528
ENSG00000035681_unmod,-0.4338
ENSG00000035687_unmod,0.114
ENSG00000035862_unmod,-0.0519
ENSG00000035928_unmod,-0.1659
ENSG00000036054_unmod,-0.0277
ENSG00000036257_unmod,0.2042
ENSG00000036549_unmod,-0.2766
ENSG00000036672_unmod,0.0651
ENSG00000037042_unmod,0.4053
ENSG00000037241_unmod,-0.0304
ENSG00000037474_unmod,-0.0585
ENSG00000037637_unmod,-0.1271
ENSG00000037749_unmod,-1.0344
ENSG00000037757_unmod,-0.3341
ENSG00000037897_unmod,-0.2401
ENSG00000038002_unmod,0.1319
ENSG00000038210_unmod,0.3465
ENSG00000038219_unmod,0.3486
ENSG00000038274_unmod,0.232
ENSG00000038295_unmod,0.0064
ENSG00000038358_unmod,-0.0281
ENSG00000038382_unmod,-0.2048
ENSG00000038532_unmod,0.1613
ENSG00000039123_unmod,0.0871
ENSG00000039139_unmod,0.0844
ENSG00000039319_unmod,0.3737
ENSG00000039523_unmod,-0.2156
ENSG00000039560_unmod,0.1086
ENSG00000039650_unmod,0.1079
ENSG00000040199_unmod,0.491
ENSG00000040275_unmod,0.1623
ENSG00000040341_unmod,0.0164
ENSG00000040487_unmod,0.2593
ENSG00000040531_unmod,-0.2134
ENSG00000040633_unmod,0.0258
ENSG00000040933_unmod,-0.077
ENSG00000041353_unmod,0.4995
ENSG00000041357_unmod,0.0033
ENSG00000041515_unmod,-0.2103
ENSG00000041802_unmod,-0.4803
ENSG00000041880_unmod,0.2172
ENSG00000041982_unmod,0.6983
ENSG00000041988_unmod,0.2451
ENSG00000042088_unmod,0.2205
ENSG00000042286_unmod,0.3187
ENSG00000042317_unmod,0.5515
ENSG00000042429_unmod,-0.09
ENSG00000042445_unmod,-0.0575
ENSG00000042493_unmod,0.4755
ENSG00000042753_unmod,0.0536
ENSG00000043093_unmod,0.0151
ENSG00000043143_unmod,-0.0698
ENSG00000043355_unmod,-0.3415
ENSG00000043514_unmod,-0.0525
ENSG00000044090_unmod,0.1658
ENSG00000044115_unmod,0.3678
ENSG00000044446_unmod,-0.0575
ENSG00000044459_unmod,0.4235
ENSG00000044524_unmod,0.3655
ENSG00000044574_unmod,0.6999
ENSG00000046604_unmod,0.026
ENSG00000046647_unmod,0.2532
ENSG00000046651_unmod,0.1346
ENSG00000046653_unmod,-0.0268
ENSG00000047056_unmod,-0.4206
ENSG00000047188_unmod,-0.0935
ENSG00000047230_unmod,-0.0037
ENSG00000047249_unmod,0.04
ENSG00000047315_unmod,-0.2002
ENSG00000047346_unmod,-0.2768
ENSG00000047365_unmod,0.3583
ENSG00000047410_unmod,0.0628
ENSG00000047578_unmod,0.2006
ENSG00000047579_unmod,0.1834
ENSG00000047597_unmod,-0.1687
ENSG00000047621_unmod,0.2716
ENSG00000047634_unmod,0.594
ENSG00000047644_unmod,0.3384
ENSG00000047849_unmod,0.0608
ENSG00000047932_unmod,0.141
ENSG00000047936_unmod,0.2741
ENSG00000048028_unmod,-0.0461
ENSG00000048052_unmod,0.2755
ENSG00000048140_unmod,0.0949
ENSG00000048162_unmod,-0.6266
ENSG00000048342_unmod,-0.5492
ENSG00000048392_unmod,0.2045
ENSG00000048405_unmod,-0.2115
ENSG00000048471_unmod,0.2616
ENSG00000048544_unmod,-0.0036
ENSG00000048649_unmod,0.1228
ENSG00000048707_unmod,0.0854
ENSG00000048740_unmod,-1.6394
ENSG00000048828_unmod,-0.3313
ENSG00000048991_unmod,-0.213
ENSG00000049130_unmod,0.5689
ENSG00000049167_unmod,-0.6525
ENSG00000049192_unmod,0.2472
ENSG00000049239_unmod,0.239
ENSG00000049245_unmod,-0.173
ENSG00000049246_unmod,0.8576
ENSG00000049249_unmod,0.6593
ENSG00000049323_unmod,0.029
ENSG00000049449_unmod,0.1821
ENSG00000049541_unmod,0.269
ENSG00000049618_unmod,-0.0744
ENSG00000049656_unmod,-0.1293
ENSG00000049759_unmod,-0.0223
ENSG00000049860_unmod,0.0232
ENSG00000049883_unmod,-0.4321
ENSG00000050130_unmod,-0.1605
ENSG00000050165_unmod,0.0836
ENSG00000050327_unmod,0.532
ENSG00000050344_unmod,0.1578
ENSG00000050393_unmod,-0.1073
ENSG00000050405_unmod,-0.1358
ENSG00000050426_unmod,-0.1887
ENSG00000050730_unmod,0.7636
ENSG00000050748_unmod,0.0923
ENSG00000050820_unmod,0.45
ENSG00000051009_unmod,0.0495
ENSG00000051108_unmod,0.7408
ENSG00000051128_unmod,0.188
ENSG00000051180_unmod,0.769
ENSG00000051341_unmod,0.5096
ENSG00000051382_unmod,-2.268
ENSG00000051523_unmod,0.3602
ENSG00000051596_unmod,0.007
ENSG00000051620_unmod,0.2577
ENSG00000051825_unmod,0.0912
ENSG00000052126_unmod,0.2753
ENSG00000052723_unmod,-1.0165
ENSG00000052749_unmod,-0.3965
ENSG00000052795_unmod,-0.0741
ENSG00000052802_unmod,0.1539
ENSG00000052841_unmod,-0.5502
ENSG00000053108_unmod,0.1532
ENSG00000053254_unmod,-0.1051
ENSG00000053371_unmod,0.3144
ENSG00000053372_unmod,-0.2382
ENSG00000053501_unmod,0.1549
ENSG00000053747_unmod,0.3908
ENSG00000053770_unmod,0.151
ENSG00000053900_unmod,-0.0471
ENSG00000054116_unmod,-0.0817
ENSG00000054118_unmod,-0.172
ENSG00000054148_unmod,0.4426
ENSG00000054267_unmod,0.3247
ENSG00000054277_unmod,-0.2379
ENSG00000054282_unmod,0.6502
ENSG00000054523_unmod,0.437
ENSG00000054598_unmod,0.0273
ENSG00000054611_unmod,-0.0107
ENSG00000054654_unmod,0.5519
ENSG00000054690_unmod,0.3298
ENSG00000054965_unmod,-0.0366
ENSG00000054967_unmod,0.339
ENSG00000055044_unmod,0.081
ENSG00000055070_unmod,-0.0116
ENSG00000055130_unmod,0.0308
ENSG00000055147_unmod,0.3224
ENSG00000055163_unmod,0.3771
ENSG00000055208_unmod,-0.1631
ENSG00000055211_unmod,0.0615
ENSG00000055332_unmod,-0.036
ENSG00000055483_unmod,-0.1949
ENSG00000055609_unmod,0.0553
ENSG00000055732_unmod,0.2439
ENSG00000055917_unmod,0.1396
ENSG00000055950_unmod,0.1809
ENSG00000056050_unmod,0.4258
ENSG00000056097_unmod,-0.2034
ENSG00000056277_unmod,-0.3533
ENSG00000056558_unmod,1.2425
ENSG00000056586_unmod,-0.162
ENSG00000056972_unmod,-0.1236
ENSG00000057019_unmod,-0.3139
ENSG00000057252_unmod,0.2057
ENSG00000057294_unmod,-0.1007
ENSG00000057608_unmod,-0.0385
ENSG00000057657_unmod,0.5107
ENSG00000057663_unmod,0.2761
ENSG00000057757_unmod,-0.3618
ENSG00000057935_unmod,-0.0601
ENSG00000058056_unmod,0.3607
ENSG00000058063_unmod,-0.0621
ENSG00000058085_unmod,-0.2627
ENSG00000058091_unmod,0.2477
ENSG00000058262_unmod,-0.013
ENSG00000058272_unmod,0.7505
ENSG00000058453_unmod,0.0439
ENSG00000058600_unmod,0.0897
ENSG00000058668_unmod,0.0467
ENSG00000058729_unmod,0.0885
ENSG00000058799_unmod,-0.1222
ENSG00000058804_unmod,-0.6108
ENSG00000059122_unmod,-0.3544
ENSG00000059145_unmod,-0.1002
ENSG00000059378_unmod,-0.0229
ENSG00000059573_unmod,-0.1403
ENSG00000059588_unmod,-0.2076
ENSG00000059691_unmod,0.0678
ENSG00000059728_unmod,0.3645
ENSG00000059758_unmod,0.4146
ENSG00000059769_unmod,0.2427
ENSG00000059804_unmod,0.0008
ENSG00000060069_unmod,0.3057
ENSG00000060138_unmod,-0.0859
ENSG00000060237_unmod,-0.0241
ENSG00000060339_unmod,-0.1542
ENSG00000060491_unmod,0.2147
ENSG00000060642_unmod,0.1311
ENSG00000060656_unmod,0.2616
ENSG00000060688_unmod,0.2402
ENSG00000060749_unmod,-0.3389
ENSG00000060762_unmod,-0.3673
ENSG00000060971_unmod,0.165
ENSG00000060982_unmod,-0.2677
ENSG00000061273_unmod,0.1783
ENSG00000061455_unmod,0.4217
ENSG00000061676_unmod,0.1295
ENSG00000061794_unmod,-0.0458
ENSG00000061936_unmod,0.0526
ENSG00000061938_unmod,0.2262
ENSG00000061987_unmod,0.1219
ENSG00000062194_unmod,0.1305
ENSG00000062370_unmod,0.0676
ENSG00000062485_unmod,-0.2359
ENSG00000062598_unmod,-0.1379
ENSG00000062650_unmod,0.0535
ENSG00000062716_unmod,0.1767
ENSG00000062725_unmod,0.0107
ENSG00000062822_unmod,0.2595
ENSG00000063046_unmod,-0.0472
ENSG00000063169_unmod,-0.1203
ENSG00000063176_unmod,0.0352
ENSG00000063177_unmod,-0.0151
ENSG00000063241_unmod,0.0694
ENSG00000063244_unmod,-0.0702
ENSG00000063245_unmod,0.3445
ENSG00000063322_unmod,-0.1956
ENSG00000063587_unmod,-0.1263
ENSG00000063601_unmod,-0.1718
ENSG00000063660_unmod,0.0435
ENSG00000063761_unmod,-0.4004
ENSG00000063854_unmod,0.4379
ENSG00000063978_unmod,-0.4684
ENSG00000064012_unmod,-0.1063
ENSG00000064042_unmod,-0.2248
ENSG00000064102_unmod,-0.163
ENSG00000064115_unmod,-0.13
ENSG00000064205_unmod,-0.2277
ENSG00000064309_unmod,0.2331
ENSG00000064313_unmod,0.5105
ENSG00000064393_unmod,0.1451
ENSG00000064419_unmod,0.0558
ENSG00000064490_unmod,0.0901
ENSG00000064545_unmod,-0.1751
ENSG00000064601_unmod,-0.1273
ENSG00000064607_unmod,0.0511
ENSG00000064651_unmod,-0.1713
ENSG00000064652_unmod,-0.1977
ENSG00000064666_unmod,0.4766
ENSG00000064687_unmod,0.2168
ENSG00000064692_unmod,0.0118
ENSG00000064703_unmod,-0.3048
ENSG00000064726_unmod,-0.237
ENSG00000064763_unmod,-0.1184
ENSG00000064932_unmod,0.0187
ENSG00000064933_unmod,-0.0724
ENSG00000064961_unmod,0.3461
ENSG00000064995_unmod,0.066
ENSG00000064999_unmod,-0.2822
ENSG00000065000_unmod,0.1839
ENSG00000065029_unmod,0.1718
ENSG00000065054_unmod,0.2846
ENSG00000065057_unmod,-0.0932
ENSG00000065060_unmod,0.0334
ENSG00000065135_unmod,0.16
ENSG00000065150_unmod,-0.1296
ENSG00000065154_unmod,-0.3018
ENSG00000065183_unmod,-0.6023
ENSG00000065243_unmod,0.1141
ENSG00000065268_unmod,0.1465
ENSG00000065308_unmod,-0.4008
ENSG00000065325_unmod,-0.0109
ENSG00000065328_unmod,0.1001
ENSG00000065357_unmod,0.2741
ENSG00000065413_unmod,0.6314
ENSG00000065427_unmod,-0.2673
ENSG00000065457_unmod,0.0785
ENSG00000065485_unmod,0.3901
ENSG00000065491_unmod,0.0442
ENSG00000065518_unmod,-0.3235
ENSG00000065526_unmod,-0.0625
ENSG00000065534_unmod,0.0035
ENSG00000065548_unmod,0.0034
ENSG00000065559_unmod,-0.0747
ENSG00000065600_unmod,-0.2202
ENSG00000065613_unmod,0.3525
ENSG00000065615_unmod,0.0806
ENSG00000065621_unmod,-0.2559
ENSG00000065665_unmod,0.0343
ENSG00000065802_unmod,-0.0014
ENSG00000065809_unmod,0.7326
ENSG00000065833_unmod,-0.0182
ENSG00000065882_unmod,0.4589
ENSG00000065883_unmod,0.0092
ENSG00000065911_unmod,0.2374
ENSG00000065923_unmod,-0.5672
ENSG00000065970_unmod,0.1778
ENSG00000065978_unmod,0.1017
ENSG00000065989_unmod,0.3571
ENSG00000066027_unmod,0.0658
ENSG00000066044_unmod,0.3442
ENSG00000066084_unmod,-0.1639
ENSG00000066117_unmod,-0.113
ENSG00000066135_unmod,0.0779
ENSG00000066136_unmod,0.0865
ENSG00000066248_unmod,0.3658
ENSG00000066279_unmod,0.2275
ENSG00000066322_unmod,-0.2602
ENSG00000066379_unmod,-0.2826
ENSG00000066422_unmod,0.0219
ENSG00000066427_unmod,0.0299
ENSG00000066455_unmod,0.0703
ENSG00000066557_unmod,-0.3274
ENSG00000066583_unmod,0.1968
ENSG00000066629_unmod,0.7414
ENSG00000066651_unmod,0.1646
ENSG00000066654_unmod,-0.1277
ENSG00000066697_unmod,0.0875
ENSG00000066735_unmod,-0.094
ENSG00000066739_unmod,-0.3096
ENSG00000066777_unmod,0.2284
ENSG00000066827_unmod,0.0672
ENSG00000066855_unmod,-0.0305
ENSG00000066926_unmod,0.4365
ENSG00000066933_unmod,0.1776
ENSG00000067057_unmod,-0.2795
ENSG00000067064_unmod,0.4855
ENSG00000067066_unmod,0.2992
ENSG00000067082_unmod,0.276
ENSG00000067113_unmod,-0.1948
ENSG00000067141_unmod,0.2748
ENSG00000067167_unmod,-0.0296
ENSG00000067177_unmod,-0.2741
ENSG00000067182_unmod,0.3739
ENSG00000067191_unmod,0.0699
ENSG00000067208_unmod,0.2491
ENSG00000067221_unmod,0.1237
ENSG00000067225_unmod,0.2046
ENSG00000067248_unmod,-0.0076
ENSG00000067334_unmod,0.1679
ENSG00000067365_unmod,-0.0123
ENSG00000067369_unmod,-0.0535
ENSG00000067533_unmod,-0.9221
ENSG00000067560_unmod,-0.2376
ENSG00000067596_unmod,0.1328
ENSG00000067606_unmod,0.4132
ENSG00000067704_unmod,0.1332
ENSG00000067798_unmod,0.1855
ENSG00000067829_unmod,0.1301
ENSG00000067900_unmod,-0.009
ENSG00000067955_unmod,-0.5004
ENSG00000067992_unmod,0.3496
ENSG00000068001_unmod,-0.1443
ENSG00000068024_unmod,0.1342
ENSG00000068028_unmod,0.318
ENSG00000068079_unmod,0.5996
ENSG00000068097_unmod,-0.325
ENSG00000068120_unmod,-0.1882
ENSG00000068137_unmod,0.4423
ENSG00000068305_unmod,0.2258
ENSG00000068308_unmod,0.1581
ENSG00000068323_unmod,0.3048
ENSG00000068354_unmod,0.0225
ENSG00000068366_unmod,0.3769
ENSG00000068383_unmod,-0.6186
ENSG00000068394_unmod,0.2817
ENSG00000068400_unmod,0.2154
ENSG00000068438_unmod,-0.0336
ENSG00000068489_unmod,-0.3085
ENSG00000068615_unmod,0.172
ENSG00000068650_unmod,0.1728
ENSG00000068654_unmod,-0.4758
ENSG00000068697_unmod,-0.8301
ENSG00000068724_unmod,0.1827
ENSG00000068745_unmod,-0.0361
ENSG00000068784_unmod,-0.0912
ENSG00000068796_unmod,-0.1348
ENSG00000068878_unmod,-0.0794
ENSG00000068885_unmod,0.2345
ENSG00000068903_unmod,0.2615
ENSG00000068912_unmod,0.6297
ENSG00000068971_unmod,-0.2139
ENSG00000069011_unmod,0.3218
ENSG00000069020_unmod,0.1651
ENSG00000069248_unmod,-0.0507
ENSG00000069275_unmod,-0.0115
ENSG00000069329_unmod,0.0422
ENSG00000069399_unmod,0.3947
ENSG00000069424_unmod,-0.0083
ENSG00000069482_unmod,-0.1364
ENSG00000069509_unmod,0.2586
ENSG00000069535_unmod,0.0772
ENSG00000069667_unmod,-0.077
ENSG00000069702_unmod,-0.1018
ENSG00000069849_unmod,-0.0313
ENSG00000069869_unmod,1.3782
ENSG00000069943_unmod,-0.2645
ENSG00000069956_unmod,-0.768
ENSG00000069966_unmod,0.3748
ENSG00000069974_unmod,0.8144
ENSG00000069998_unmod,-0.012
ENSG00000070010_unmod,0.1237
ENSG00000070018_unmod,-0.1336
ENSG00000070047_unmod,0.2951
ENSG00000070061_unmod,0.282
ENSG00000070081_unmod,0.423
ENSG00000070087_unmod,-0.1264
ENSG00000070159_unmod,-0.4858
ENSG00000070214_unmod,0.2107
ENSG00000070269_unmod,0.1246
ENSG00000070366_unmod,0.1429
ENSG00000070367_unmod,0.3099
ENSG00000070371_unmod,0.1061
ENSG00000070404_unmod,-0.2697
ENSG00000070413_unmod,0.0666
ENSG00000070423_unmod,-0.2495
ENSG00000070444_unmod,-0.0232
ENSG00000070476_unmod,0.1994
ENSG00000070495_unmod,0.0162
ENSG00000070501_unmod,0.0071
ENSG00000070540_unmod,0.4953
ENSG00000070610_unmod,-0.1369
ENSG00000070614_unmod,-0.8546
ENSG00000070669_unmod,-0.2578
ENSG00000070718_unmod,0.0553
ENSG00000070756_unmod,-0.1572
ENSG00000070759_unmod,0.4178
ENSG00000070761_unmod,-0.0771
ENSG00000070770_unmod,-0.1311
ENSG00000070778_unmod,-0.1436
ENSG00000070785_unmod,-0.1832
ENSG00000070814_unmod,0.7347
ENSG00000070831_unmod,0.2356
ENSG00000070882_unmod,0.3292
ENSG00000070950_unmod,-0.1011
ENSG00000070961_unmod,0.0985
ENSG00000071051_unmod,0.9448
ENSG00000071054_unmod,0.8705
ENSG00000071082_unmod,-0.1224
ENSG00000071127_unmod,0.0867
ENSG00000071189_unmod,0.0426
ENSG00000071242_unmod,-0.5628
ENSG00000071243_unmod,0.4156
ENSG00000071462_unmod,-0.0815
ENSG00000071537_unmod,0.2628
ENSG00000071539_unmod,0.1752
ENSG00000071564_unmod,0.3089
ENSG00000071575_unmod,-0.2489
ENSG00000071626_unmod,0.1011
ENSG00000071655_unmod,0.0309
ENSG00000071794_unmod,0.4926
ENSG00000071859_unmod,0.3608
ENSG00000071889_unmod,0.1066
ENSG00000071894_unmod,0.0347
ENSG00000071967_unmod,0.3528
ENSG00000071994_unmod,-0.4692
ENSG00000072041_unmod,-0.8182
ENSG00000072042_unmod,-0.3861
ENSG00000072062_unmod,0.3197
ENSG00000072110_unmod,0.1974
ENSG00000072121_unmod,-0.0775
ENSG00000072134_unmod,0.1056
ENSG00000072135_unmod,0.2775
ENSG00000072163_unmod,-0.0965
ENSG00000072195_unmod,0.2675
ENSG00000072210_unmod,0.0631
ENSG00000072274_unmod,-2.0974
ENSG00000072310_unmod,-0.0658
ENSG00000072364_unmod,-0.4696
ENSG00000072401_unmod,-0.4461
ENSG00000072415_unmod,-0.4437
ENSG00000072422_unmod,-0.1125
ENSG00000072501_unmod,0.1825
ENSG00000072506_unmod,0.0378
ENSG00000072518_unmod,-0.3103
ENSG00000072571_unmod,0.5956
ENSG00000072609_unmod,0.1374
ENSG00000072682_unmod,0.4935
ENSG00000072736_unmod,-0.4322
ENSG00000072756_unmod,0.0371
ENSG00000072778_unmod,0.1219
ENSG00000072786_unmod,0.3741
ENSG00000072803_unmod,-0.381
ENSG00000072832_unmod,0.4628
ENSG00000072840_unmod,-0.0468
ENSG00000072849_unmod,-0.1017
ENSG00000072864_unmod,0.0677
ENSG00000072958_unmod,0.1963
ENSG00000073008_unmod,-0.1937
ENSG00000073050_unmod,0.5541
ENSG00000073060_unmod,-0.4628
ENSG00000073111_unmod,0.2234
ENSG00000073150_unmod,0.7061
ENSG00000073169_unmod,-0.1701
ENSG00000073331_unmod,0.4126
ENSG00000073350_unmod,0.5916
ENSG00000073417_unmod,0.1932
ENSG00000073464_unmod,-0.6462
ENSG00000073536_unmod,-0.506
ENSG00000073578_unmod,-0.1306
ENSG00000073584_unmod,0.265
ENSG00000073614_unmod,0.3463
ENSG00000073711_unmod,-0.5372
ENSG00000073712_unmod,-0.5064
ENSG00000073756_unmod,1.1185
ENSG00000073792_unmod,-0.1705
ENSG00000073803_unmod,-0.1021
ENSG00000073910_unmod,0.2765
ENSG00000073921_unmod,0.0589
ENSG00000073969_unmod,-0.1894
ENSG00000074047_unmod,-0.0416
ENSG00000074054_unmod,-0.1553
ENSG00000074071_unmod,0.1395
ENSG00000074181_unmod,0.2159
ENSG00000074201_unmod,-0.3453
ENSG00000074211_unmod,0.2604
ENSG00000074219_unmod,0.1521
ENSG00000074266_unmod,-0.007
ENSG00000074319_unmod,-0.0234
ENSG00000074356_unmod,0.4206
ENSG00000074370_unmod,0.7461
ENSG00000074410_unmod,-0.2893
ENSG00000074416_unmod,-0.8997
ENSG00000074527_unmod,0.1662
ENSG00000074582_unmod,-0.272
ENSG00000074590_unmod,0.217
ENSG00000074603_unmod,-0.1471
ENSG00000074621_unmod,0.641
ENSG00000074657_unmod,-0.1352
ENSG00000074695_unmod,0.032
ENSG00000074696_unmod,-0.0445
ENSG00000074755_unmod,0.0664
ENSG00000074800_unmod,0.0472
ENSG00000074842_unmod,0.5565
ENSG00000074855_unmod,0.2644
ENSG00000074935_unmod,-0.4824
ENSG00000074964_unmod,0.4394
ENSG00000075089_unmod,0.2905
ENSG00000075131_unmod,0.0729
ENSG00000075142_unmod,-0.2121
ENSG00000075151_unmod,-0.2597
ENSG00000075188_unmod,0.1794
ENSG00000075213_unmod,-0.2081
ENSG00000075218_unmod,0.685
ENSG00000075223_unmod,0.1307
ENSG00000075234_unmod,-0.1434
ENSG00000075239_unmod,0.2092
ENSG00000075240_unmod,0.3899
ENSG00000075275_unmod,0.1372
ENSG00000075292_unmod,0.0152
ENSG00000075303_unmod,0.361
ENSG00000075336_unmod,-0.1307
ENSG00000075391_unmod,-0.2931
ENSG00000075399_unmod,0.5284
ENSG00000075407_unmod,-0.0987
ENSG00000075413_unmod,0.0846
ENSG00000075415_unmod,0.0799
ENSG00000075420_unmod,0.394
ENSG00000075426_unmod,0.1757
ENSG00000075461_unmod,-0.095
ENSG00000075539_unmod,0.5074
ENSG00000075568_unmod,0.6178
ENSG00000075618_unmod,0.2787
ENSG00000075624_unmod,-0.1913
ENSG00000075643_unmod,0.1039
ENSG00000075651_unmod,0.3101
ENSG00000075702_unmod,0.3287
ENSG00000075711_unmod,0.0969
ENSG00000075785_unmod,-0.2145
ENSG00000075790_unmod,0.4108
ENSG00000075826_unmod,0.0246
ENSG00000075856_unmod,-0.1108
ENSG00000075914_unmod,-0.5584
ENSG00000075945_unmod,1.2039
ENSG00000075975_unmod,-0.2204
ENSG00000076003_unmod,0.6322
ENSG00000076043_unmod,-0.4477
ENSG00000076053_unmod,-0.2362
ENSG00000076067_unmod,-0.3011
ENSG00000076108_unmod,0.3229
ENSG00000076201_unmod,-0.1456
ENSG00000076242_unmod,0.2339
ENSG00000076248_unmod,0.3505
ENSG00000076321_unmod,0.2974
ENSG00000076351_unmod,-0.6587
ENSG00000076356_unmod,0.1665
ENSG00000076382_unmod,0.2696
ENSG00000076513_unmod,-0.2511
ENSG00000076554_unmod,-0.5439
ENSG00000076555_unmod,0.4652
ENSG00000076604_unmod,0.0015
ENSG00000076641_unmod,-0.0723
ENSG00000076650_unmod,0.1043
ENSG00000076662_unmod,0.3658
ENSG00000076685_unmod,0.0726
ENSG00000076706_unmod,0.1182
ENSG00000076770_unmod,-0.503
ENSG00000076864_unmod,0.5222
ENSG00000076924_unmod,0.0963
ENSG00000076928_unmod,0.4022
ENSG00000076944_unmod,0.1499
ENSG00000076984_unmod,0.056
ENSG00000077044_unmod,0.012
ENSG00000077147_unmod,-0.0641
ENSG00000077150_unmod,0.4754
ENSG00000077152_unmod,0.2143
ENSG00000077157_unmod,0.1715
ENSG00000077232_unmod,-0.1731
ENSG00000077235_unmod,-0.045
ENSG00000077238_unmod,0.8742
ENSG00000077254_unmod,-0.1576
ENSG00000077264_unmod,-0.0454
ENSG00000077312_unmod,0.0926
ENSG00000077348_unmod,-0.1245
ENSG00000077380_unmod,0.1529
ENSG00000077454_unmod,0.0223
ENSG00000077458_unmod,0.294
ENSG00000077463_unmod,-0.0773
ENSG00000077514_unmod,0.0334
ENSG00000077549_unmod,-0.0424
ENSG00000077585_unmod,-0.9295
ENSG00000077684_unmod,0.1051
ENSG00000077713_unmod,-0.7273
ENSG00000077721_unmod,0.1852
ENSG00000077782_unmod,0.2212
ENSG00000077942_unmod,0.1866
ENSG00000078018_unmod,0.1798
ENSG00000078043_unmod,-0.3594
ENSG00000078061_unmod,-0.1636
ENSG00000078070_unmod,0.1112
ENSG00000078081_unmod,0.5934
ENSG00000078098_unmod,0.2906
ENSG00000078114_unmod,0.2926
ENSG00000078124_unmod,-0.4369
ENSG00000078140_unmod,-0.3932
ENSG00000078142_unmod,0.0174
ENSG00000078177_unmod,0.1714
ENSG00000078237_unmod,0.437
ENSG00000078246_unmod,0.2935
ENSG00000078269_unmod,0.1412
ENSG00000078295_unmod,0.4325
ENSG00000078304_unmod,0.0661
ENSG00000078319_unmod,-0.2173
ENSG00000078369_unmod,-0.0483
ENSG00000078401_unmod,-0.6099
ENSG00000078403_unmod,-0.0379
ENSG00000078618_unmod,0.021
ENSG00000078668_unmod,0.0574
ENSG00000078674_unmod,0.2661
ENSG00000078687_unmod,-0.4145
ENSG00000078699_unmod,0.1162
ENSG00000078747_unmod,0.0249
ENSG00000078804_unmod,0.4897
ENSG00000078808_unmod,0.1109
ENSG00000078900_unmod,1.1196
ENSG00000078902_unmod,0.2106
ENSG00000078967_unmod,-0.2669
ENSG00000079134_unmod,0.0474
ENSG00000079150_unmod,-0.1123
ENSG00000079156_unmod,0.2684
ENSG00000079215_unmod,-0.2548
ENSG00000079246_unmod,0.0703
ENSG00000079257_unmod,0.4777
ENSG00000079277_unmod,0.0542
ENSG00000079308_unmod,0.5716
ENSG00000079313_unmod,0.3427
ENSG00000079332_unmod,-0.9133
ENSG00000079335_unmod,-0.1592
ENSG00000079337_unmod,0.3072
ENSG00000079387_unmod,0.0163
ENSG00000079432_unmod,0.2632
ENSG00000079459_unmod,-0.5474
ENSG00000079462_unmod,0.1631
ENSG00000079482_unmod,0.073
ENSG00000079616_unmod,0.1643
ENSG00000079739_unmod,0.1891
ENSG00000079785_unmod,-0.1316
ENSG00000079805_unmod,0.2604
ENSG00000079819_unmod,0.2631
ENSG00000079841_unmod,0.4654
ENSG00000079950_unmod,0.1018
ENSG00000079974_unmod,0.1917
ENSG00000079999_unmod,0.4006
ENSG00000080189_unmod,0.0387
ENSG00000080200_unmod,-0.3474
ENSG00000080224_unmod,0.5577
ENSG00000080298_unmod,-0.0762
ENSG00000080345_unmod,0.1723
ENSG00000080371_unmod,0.0364
ENSG00000080503_unmod,0.6892
ENSG00000080546_unmod,-0.2154
ENSG00000080561_unmod,0.2298
ENSG00000080573_unmod,0.1502
ENSG00000080603_unmod,-0.1262
ENSG00000080608_unmod,-0.3925
ENSG00000080802_unmod,-0.1202
ENSG00000080815_unmod,0.162
ENSG00000080819_unmod,-0.0871
ENSG00000080822_unmod,0.0155
ENSG00000080823_unmod,0.656
ENSG00000080824_unmod,0.2743
ENSG00000080839_unmod,0.4448
ENSG00000080845_unmod,0.0567
ENSG00000080986_unmod,0.4147
ENSG00000081014_unmod,-0.0679
ENSG00000081019_unmod,-0.4953
ENSG00000081026_unmod,0.1079
ENSG00000081041_unmod,0.9479
ENSG00000081052_unmod,-0.0837
ENSG00000081059_unmod,0.5207
ENSG00000081087_unmod,0.023
ENSG00000081154_unmod,-0.1156
ENSG00000081177_unmod,-0.2449
ENSG00000081189_unmod,0.0285
ENSG00000081277_unmod,0.5015
ENSG00000081307_unmod,0.0183
ENSG00000081320_unmod,0.9917
ENSG00000081377_unmod,-0.1561
ENSG00000081386_unmod,-0.2501
ENSG00000081692_unmod,-0.1177
ENSG00000081721_unmod,0.0534
ENSG00000081760_unmod,0.1384
ENSG00000081791_unmod,0.1201
ENSG00000081870_unmod,0.524
ENSG00000081913_unmod,-0.0278
ENSG00000081923_unmod,-0.8561
ENSG00000082014_unmod,-0.274
ENSG00000082068_unmod,0.1267
ENSG00000082074_unmod,-0.106
ENSG00000082146_unmod,-1.4619
ENSG00000082153_unmod,0.5247
ENSG00000082212_unmod,-0.3828
ENSG00000082213_unmod,-0.6905
ENSG00000082258_unmod,-0.3058
ENSG00000082269_unmod,0.0886
ENSG00000082438_unmod,0.2961
ENSG00000082458_unmod,0.8751
ENSG00000082482_unmod,1.3998
ENSG00000082512_unmod,-0.0988
ENSG00000082515_unmod,0.1532
ENSG00000082516_unmod,-0.3283
ENSG00000082641_unmod,0.2569
ENSG00000082701_unmod,0.2937
ENSG00000082781_unmod,-0.15
ENSG00000082805_unmod,0.2114
ENSG00000082898_unmod,-0.0677
ENSG00000082996_unmod,-0.0932
ENSG00000083067_unmod,0.4681
ENSG00000083093_unmod,-0.1104
ENSG00000083097_unmod,0.0789
ENSG00000083099_unmod,0.2065
ENSG00000083123_unmod,0.3271
ENSG00000083168_unmod,-0.0472
ENSG00000083223_unmod,0.132
ENSG00000083290_unmod,0.2867
ENSG00000083312_unmod,-0.2159
ENSG00000083444_unmod,0.1769
ENSG00000083454_unmod,-0.6564
ENSG00000083457_unmod,0.0855
ENSG00000083520_unmod,0.1831
ENSG00000083535_unmod,0.3891
ENSG00000083544_unmod,-0.0292
ENSG00000083635_unmod,-0.079
ENSG00000083642_unmod,1.0202
ENSG00000083720_unmod,-0.0423
ENSG00000083750_unmod,0.1581
ENSG00000083799_unmod,0.559
ENSG00000083807_unmod,0.1112
ENSG00000083812_unmod,-0.1618
ENSG00000083817_unmod,0.1524
ENSG00000083828_unmod,-0.0682
ENSG00000083838_unmod,0.0596
ENSG00000083844_unmod,-0.2345
ENSG00000083845_unmod,-0.0492
ENSG00000083857_unmod,-0.0624
ENSG00000083896_unmod,-0.081
ENSG00000083937_unmod,0.5005
ENSG00000084070_unmod,-0.0376
ENSG00000084072_unmod,0.0529
ENSG00000084073_unmod,0.1392
ENSG00000084090_unmod,-0.4167
ENSG00000084092_unmod,-0.2456
ENSG00000084093_unmod,-0.3231
ENSG00000084112_unmod,0.2332
ENSG00000084207_unmod,0.1095
ENSG00000084234_unmod,0.0202
ENSG00000084444_unmod,-1.6987
ENSG00000084463_unmod,-0.6627
ENSG00000084623_unmod,-0.1705
ENSG00000084636_unmod,0.487
ENSG00000084652_unmod,0.1412
ENSG00000084676_unmod,0.2965
ENSG00000084693_unmod,0.1901
ENSG00000084731_unmod,0.297
ENSG00000084733_unmod,-0.3811
ENSG00000084754_unmod,0.1106
ENSG00000084764_unmod,0.145
ENSG00000084774_unmod,-0.1756
ENSG00000085063_unmod,0.2681
ENSG00000085117_unmod,0.984
ENSG00000085185_unmod,0.0108
ENSG00000085224_unmod,0.1404
ENSG00000085274_unmod,-0.1073
ENSG00000085276_unmod,-0.1136
ENSG00000085365_unmod,0.028
ENSG00000085377_unmod,-0.1394
ENSG00000085382_unmod,0.0413
ENSG00000085415_unmod,-0.3734
ENSG00000085433_unmod,0.4797
ENSG00000085449_unmod,-0.1953
ENSG00000085491_unmod,0.6723
ENSG00000085511_unmod,0.3398
ENSG00000085563_unmod,0.0806
ENSG00000085644_unmod,-0.2545
ENSG00000085662_unmod,0.2728
ENSG00000085719_unmod,-0.545
ENSG00000085721_unmod,0.0632
ENSG00000085733_unmod,0.1019
ENSG00000085760_unmod,0.3632
ENSG00000085788_unmod,-0.3536
ENSG00000085832_unmod,-0.108
ENSG00000085840_unmod,0.5845
ENSG00000085871_unmod,-0.1326
ENSG00000085872_unmod,0.0769
ENSG00000085978_unmod,-0.008
ENSG00000085982_unmod,0.2399
ENSG00000085998_unmod,0.2889
ENSG00000085999_unmod,0.3159
ENSG00000086015_unmod,0.0783
ENSG00000086061_unmod,0.5837
ENSG00000086062_unmod,0.0695
ENSG00000086065_unmod,0.3779
ENSG00000086102_unmod,0.0507
ENSG00000086189_unmod,0.0923
ENSG00000086200_unmod,0.4124
ENSG00000086232_unmod,-0.2126
ENSG00000086289_unmod,-0.7291
ENSG00000086475_unmod,0.0613
ENSG00000086504_unmod,0.1503
ENSG00000086544_unmod,-0.106
ENSG00000086589_unmod,-0.0287
ENSG00000086598_unmod,-0.0685
ENSG00000086619_unmod,0.295
ENSG00000086666_unmod,0.1441
ENSG00000086712_unmod,-0.9704
ENSG00000086758_unmod,0.0144
ENSG00000086827_unmod,0.0801
ENSG00000086848_unmod,0.0292
ENSG00000087008_unmod,0.0349
ENSG00000087053_unmod,-0.0497
ENSG00000087074_unmod,0.1494
ENSG00000087077_unmod,-0.1415
ENSG00000087086_unmod,-1.3738
ENSG00000087087_unmod,0.2366
ENSG00000087088_unmod,-0.0714
ENSG00000087095_unmod,0.506
ENSG00000087111_unmod,-0.1888
ENSG00000087152_unmod,-0.4074
ENSG00000087157_unmod,-0.0079
ENSG00000087206_unmod,0.1474
ENSG00000087245_unmod,0.1327
ENSG00000087253_unmod,-0.0181
ENSG00000087258_unmod,0.5715
ENSG00000087263_unmod,-0.1594
ENSG00000087266_unmod,0.1662
ENSG00000087269_unmod,-0.2339
ENSG00000087274_unmod,0.5697
ENSG00000087299_unmod,0.078
ENSG00000087301_unmod,-0.0185
ENSG00000087302_unmod,0.2103
ENSG00000087303_unmod,0.0482
ENSG00000087338_unmod,0.0678
ENSG00000087365_unmod,0.255
ENSG00000087448_unmod,0.0685
ENSG00000087460_unmod,0.0064
ENSG00000087470_unmod,-0.2068
ENSG00000087494_unmod,0.6349
ENSG00000087502_unmod,0.7787
ENSG00000087586_unmod,-0.0949
ENSG00000087842_unmod,0.0651
ENSG00000087903_unmod,0.4194
ENSG00000088035_unmod,-0.1754
ENSG00000088038_unmod,0.1113
ENSG00000088179_unmod,-0.1357
ENSG00000088205_unmod,-0.6025
ENSG00000088247_unmod,-0.0417
ENSG00000088256_unmod,0.2102
ENSG00000088280_unmod,0.1455
ENSG00000088298_unmod,0.0674
ENSG00000088305_unmod,0.0751
ENSG00000088325_unmod,-0.3032
ENSG00000088356_unmod,0.0985
ENSG00000088367_unmod,0.1542
ENSG00000088387_unmod,0.1056
ENSG00000088448_unmod,0.2409
ENSG00000088451_unmod,0.3126
ENSG00000088543_unmod,0.0746
ENSG00000088682_unmod,0.0523
ENSG00000088727_unmod,0.2169
ENSG00000088756_unmod,0.1252
ENSG00000088808_unmod,0.0791
ENSG00000088812_unmod,0.2374
ENSG00000088826_unmod,0.5482
ENSG00000088832_unmod,-0.0591
ENSG00000088833_unmod,0.1931
ENSG00000088836_unmod,-0.1777
ENSG00000088854_unmod,0.0009
ENSG00000088876_unmod,-0.3808
ENSG00000088888_unmod,-0.1891
ENSG00000088930_unmod,0.0256
ENSG00000088970_unmod,0.039
ENSG00000088986_unmod,-0.1699
ENSG00000088992_unmod,0.7776
ENSG00000089006_unmod,0.022
ENSG00000089009_unmod,0.0496
ENSG00000089022_unmod,-0.0519
ENSG00000089048_unmod,-0.1582
ENSG00000089050_unmod,-0.3572
ENSG00000089053_unmod,-0.0428
ENSG00000089057_unmod,0.0738
ENSG00000089060_unmod,0.1758
ENSG00000089063_unmod,-0.6266
ENSG00000089094_unmod,0.1375
ENSG00000089123_unmod,-0.32
ENSG00000089127_unmod,0.433
ENSG00000089154_unmod,-0.0379
ENSG00000089157_unmod,0.222
ENSG00000089159_unmod,-0.1296
ENSG00000089177_unmod,0.4088
ENSG00000089195_unmod,-0.6348
ENSG00000089220_unmod,0.0267
ENSG00000089234_unmod,-0.3284
ENSG00000089248_unmod,0.2833
ENSG00000089280_unmod,0.1408
ENSG00000089289_unmod,-0.0796
ENSG00000089327_unmod,0.2119
ENSG00000089335_unmod,0.4878
ENSG00000089351_unmod,-0.1814
ENSG00000089486_unmod,0.0975
ENSG00000089597_unmod,0.0721
ENSG00000089639_unmod,0.0734
ENSG00000089682_unmod,-0.0225
ENSG00000089685_unmod,0.5503
ENSG00000089693_unmod,-0.1548
ENSG00000089737_unmod,0.0538
ENSG00000089775_unmod,-0.0673
ENSG00000089818_unmod,-0.4474
ENSG00000089876_unmod,0.803
ENSG00000089902_unmod,-0.0629
ENSG00000089916_unmod,-0.1897
ENSG00000090006_unmod,0.1655
ENSG00000090013_unmod,0.5349
ENSG00000090020_unmod,0.177
ENSG00000090054_unmod,-0.1582
ENSG00000090060_unmod,-0.107
ENSG00000090061_unmod,0.1588
ENSG00000090097_unmod,0.1869
ENSG00000090266_unmod,-0.0127
ENSG00000090273_unmod,0.0434
ENSG00000090316_unmod,-0.0591
ENSG00000090339_unmod,0.8699
ENSG00000090372_unmod,-0.1637
ENSG00000090376_unmod,0.1238
ENSG00000090432_unmod,-0.0233
ENSG00000090447_unmod,-0.5295
ENSG00000090470_unmod,-0.5123
ENSG00000090487_unmod,-0.2072
ENSG00000090520_unmod,0.2991
ENSG00000090530_unmod,0.1222
ENSG00000090565_unmod,0.2087
ENSG00000090581_unmod,-0.0456
ENSG00000090612_unmod,-0.2898
ENSG00000090615_unmod,-0.043
ENSG00000090621_unmod,-0.1284
ENSG00000090674_unmod,0.0071
ENSG00000090686_unmod,0.1121
ENSG00000090776_unmod,-0.2915
ENSG00000090857_unmod,-0.1504
ENSG00000090861_unmod,0.1332
ENSG00000090863_unmod,0.0754
ENSG00000090889_unmod,0.3979
ENSG00000090905_unmod,-0.1786
ENSG00000090924_unmod,0.294
ENSG00000090971_unmod,0.2175
ENSG00000090975_unmod,0.3255
ENSG00000090989_unmod,0.0662
ENSG00000091009_unmod,-0.1667
ENSG00000091039_unmod,0.145
ENSG00000091073_unmod,0.1327
ENSG00000091127_unmod,-0.3322
ENSG00000091129_unmod,0.0579
ENSG00000091136_unmod,-0.0026
ENSG00000091140_unmod,0.2183
ENSG00000091157_unmod,0.0321
ENSG00000091164_unmod,-0.0401
ENSG00000091317_unmod,0.1648
ENSG00000091409_unmod,-0.0665
ENSG00000091436_unmod,0.071
ENSG00000091483_unmod,0.0377
ENSG00000091490_unmod,0.2172
ENSG00000091527_unmod,0.0765
ENSG00000091542_unmod,-0.1909
ENSG00000091592_unmod,0.07
ENSG00000091622_unmod,-0.0576
ENSG00000091640_unmod,0.042
ENSG00000091651_unmod,-0.0079
ENSG00000091947_unmod,-0.0421
ENSG00000091986_unmod,0.1309
ENSG00000092010_unmod,0.1965
ENSG00000092020_unmod,0.3367
ENSG00000092036_unmod,-0.0868
ENSG00000092094_unmod,0.2764
ENSG00000092108_unmod,0.2476
ENSG00000092140_unmod,-0.3273
ENSG00000092148_unmod,-0.101
ENSG00000092199_unmod,-0.3018
ENSG00000092201_unmod,0.2814
ENSG00000092203_unmod,-0.4662
ENSG00000092208_unmod,-0.1192
ENSG00000092330_unmod,0.1443
ENSG00000092439_unmod,0.108
ENSG00000092445_unmod,-0.3353
ENSG00000092470_unmod,0.8598
ENSG00000092531_unmod,-0.0105
ENSG00000092607_unmod,0.1559
ENSG00000092621_unmod,0.3796
ENSG00000092820_unmod,-0.1436
ENSG00000092841_unmod,0.1154
ENSG00000092847_unmod,0.046
ENSG00000092853_unmod,1.1243
ENSG00000092871_unmod,0.1514
ENSG00000092929_unmod,-0.1599
ENSG00000092931_unmod,-0.0798
ENSG00000092964_unmod,0.3209
ENSG00000092969_unmod,-0.5773
ENSG00000092978_unmod,-0.0677
ENSG00000093000_unmod,0.0011
ENSG00000093009_unmod,0.6275
ENSG00000093010_unmod,-0.4608
ENSG00000093144_unmod,-0.0477
ENSG00000093167_unmod,0.2543
ENSG00000093183_unmod,-0.276
ENSG00000093217_unmod,0.1574
ENSG00000094631_unmod,0.378
ENSG00000094804_unmod,0.3846
ENSG00000094841_unmod,0.0416
ENSG00000094914_unmod,-0.1669
ENSG00000094916_unmod,-0.1148
ENSG00000094975_unmod,0.6926
ENSG00000095002_unmod,0.2057
ENSG00000095015_unmod,-0.3833
ENSG00000095066_unmod,-0.151
ENSG00000095139_unmod,-0.5768
ENSG00000095203_unmod,-0.3868
ENSG00000095209_unmod,-0.89
ENSG00000095261_unmod,-0.2634
ENSG00000095303_unmod,0.4528
ENSG00000095319_unmod,0.0113
ENSG00000095321_unmod,0.5555
ENSG00000095380_unmod,0.1984
ENSG00000095383_unmod,-0.1334
ENSG00000095397_unmod,0.1061
ENSG00000095485_unmod,-0.0051
ENSG00000095564_unmod,-0.0543
ENSG00000095574_unmod,-0.1875
ENSG00000095739_unmod,-0.2611
ENSG00000095752_unmod,0.0457
ENSG00000095787_unmod,-0.1706
ENSG00000095794_unmod,0.403
ENSG00000095951_unmod,-0.1351
ENSG00000096060_unmod,-0.5067
ENSG00000096063_unmod,-0.3806
ENSG00000096070_unmod,0.299
ENSG00000096080_unmod,-0.3045
ENSG00000096092_unmod,-0.2855
ENSG00000096093_unmod,0.3156
ENSG00000096384_unmod,-0.0267
ENSG00000096401_unmod,0.1433
ENSG00000096433_unmod,0.1176
ENSG00000096654_unmod,0.4863
ENSG00000096696_unmod,0.0639
ENSG00000096717_unmod,-0.0958
ENSG00000096746_unmod,-0.2111
ENSG00000096872_unmod,0.0987
ENSG00000097007_unmod,0.0726
ENSG00000097021_unmod,0.0562
ENSG00000097033_unmod,0.119
ENSG00000097046_unmod,0.3873
ENSG00000097096_unmod,-0.5533
ENSG00000099194_unmod,-0.3139
ENSG00000099203_unmod,0.1701
ENSG00000099204_unmod,-0.1982
ENSG00000099219_unmod,-0.0218
ENSG00000099246_unmod,0.1365
ENSG00000099250_unmod,0.4319
ENSG00000099260_unmod,0.724
ENSG00000099290_unmod,0.0558
ENSG00000099308_unmod,0.2198
ENSG00000099326_unmod,0.0021
ENSG00000099330_unmod,-0.096
ENSG00000099331_unmod,0.4259
ENSG00000099341_unmod,0.1169
ENSG00000099364_unmod,-0.228
ENSG00000099377_unmod,-0.0515
ENSG00000099381_unmod,-0.1617
ENSG00000099385_unmod,0.6533
ENSG00000099622_unmod,0.1319
ENSG00000099624_unmod,0.005
ENSG00000099625_unmod,-0.1423
ENSG00000099783_unmod,-0.1573
ENSG00000099795_unmod,0.168
ENSG00000099797_unmod,0.0366
ENSG00000099800_unmod,-0.0743
ENSG00000099804_unmod,-0.0096
ENSG00000099810_unmod,-0.164
ENSG00000099812_unmod,0.1748
ENSG00000099814_unmod,0.0757
ENSG00000099817_unmod,0.1037
ENSG00000099821_unmod,-0.1183
ENSG00000099822_unmod,0.2593
ENSG00000099860_unmod,-0.3573
ENSG00000099864_unmod,0.7351
ENSG00000099875_unmod,-0.0791
ENSG00000099899_unmod,0.0484
ENSG00000099901_unmod,0.0812
ENSG00000099904_unmod,-0.4996
ENSG00000099910_unmod,0.2618
ENSG00000099917_unmod,-0.0219
ENSG00000099940_unmod,0.2743
ENSG00000099942_unmod,-0.0456
ENSG00000099949_unmod,0.0255
ENSG00000099956_unmod,0.2512
ENSG00000099968_unmod,-0.2023
ENSG00000099991_unmod,-0.0245
ENSG00000099992_unmod,0.504
ENSG00000099995_unmod,-0.0832
ENSG00000099999_unmod,0.4298
ENSG00000100003_unmod,0.3938
ENSG00000100014_unmod,-0.0023
ENSG00000100023_unmod,-0.0632
ENSG00000100028_unmod,-0.3658
ENSG00000100029_unmod,-0.3437
ENSG00000100030_unmod,0.3137
ENSG00000100034_unmod,0.3894
ENSG00000100036_unmod,-0.0161
ENSG00000100038_unmod,-0.0741
ENSG00000100056_unmod,0.1155
ENSG00000100058_unmod,0.0165
ENSG00000100065_unmod,0.3113
ENSG00000100068_unmod,-0.2045
ENSG00000100075_unmod,0.1685
ENSG00000100077_unmod,0.0218
ENSG00000100083_unmod,-0.1053
ENSG00000100084_unmod,-0.5481
ENSG00000100097_unmod,0.3808
ENSG00000100099_unmod,0.0964
ENSG00000100104_unmod,-0.123
ENSG00000100105_unmod,-0.447
ENSG00000100106_unmod,0.449
ENSG00000100109_unmod,0.0295
ENSG00000100116_unmod,-0.6045
ENSG00000100124_unmod,0.2992
ENSG00000100129_unmod,-0.0892
ENSG00000100138_unmod,-0.6337
ENSG00000100139_unmod,0.4833
ENSG00000100142_unmod,0.1024
ENSG00000100147_unmod,-0.1725
ENSG00000100150_unmod,0.071
ENSG00000100151_unmod,0.118
ENSG00000100154_unmod,-0.0029
ENSG00000100162_unmod,0.5516
ENSG00000100196_unmod,0.333
ENSG00000100201_unmod,0.1299
ENSG00000100207_unmod,-0.1558
ENSG00000100209_unmod,0.276
ENSG00000100211_unmod,0.3543
ENSG00000100216_unmod,-0.2636
ENSG00000100220_unmod,0.1258
ENSG00000100221_unmod,0.4438
ENSG00000100225_unmod,-0.0643
ENSG00000100226_unmod,0.2164
ENSG00000100227_unmod,-0.0726
ENSG00000100234_unmod,-0.0397
ENSG00000100239_unmod,0.4757
ENSG00000100241_unmod,0.0088
ENSG00000100242_unmod,-0.3567
ENSG00000100243_unmod,0.1574
ENSG00000100258_unmod,0.2669
ENSG00000100263_unmod,-0.0661
ENSG00000100266_unmod,0.2635
ENSG00000100280_unmod,0.0493
ENSG00000100281_unmod,-0.0519
ENSG00000100284_unmod,0.4892
ENSG00000100285_unmod,0.2342
ENSG00000100292_unmod,-0.4551
ENSG00000100294_unmod,-0.201
ENSG00000100296_unmod,-0.2986
ENSG00000100297_unmod,0.5065
ENSG00000100299_unmod,0.3037
ENSG00000100300_unmod,0.2963
ENSG00000100304_unmod,-0.6796
ENSG00000100307_unmod,0.4212
ENSG00000100311_unmod,1.4469
ENSG00000100316_unmod,0.091
ENSG00000100319_unmod,-0.0219
ENSG00000100320_unmod,0.3583
ENSG00000100324_unmod,0.1496
ENSG00000100325_unmod,0.1109
ENSG00000100330_unmod,0.2284
ENSG00000100335_unmod,-0.489
ENSG00000100342_unmod,-0.1477
ENSG00000100344_unmod,-0.2232
ENSG00000100345_unmod,0.1035
ENSG00000100347_unmod,0.0636
ENSG00000100348_unmod,-0.0256
ENSG00000100350_unmod,-0.4871
ENSG00000100353_unmod,-0.1543
ENSG00000100354_unmod,-0.4463
ENSG00000100360_unmod,0.2396
ENSG00000100364_unmod,0.1168
ENSG00000100372_unmod,-0.2741
ENSG00000100376_unmod,-0.1547
ENSG00000100379_unmod,0.0853
ENSG00000100380_unmod,0.018
ENSG00000100387_unmod,0.1435
ENSG00000100393_unmod,-0.3341
ENSG00000100395_unmod,0.3028
ENSG00000100401_unmod,-0.2197
ENSG00000100403_unmod,-0.1682
ENSG00000100410_unmod,-0.2453
ENSG00000100412_unmod,0.228
ENSG00000100413_unmod,-0.498
ENSG00000100416_unmod,0.2088
ENSG00000100417_unmod,0.5307
ENSG00000100418_unmod,-0.54
ENSG00000100422_unmod,0.5356
ENSG00000100425_unmod,0.0136
ENSG00000100426_unmod,0.1762
ENSG00000100439_unmod,-0.2145
ENSG00000100441_unmod,0.4172
ENSG00000100442_unmod,0.1225
ENSG00000100445_unmod,-0.1362
ENSG00000100461_unmod,0.293
ENSG00000100462_unmod,-0.463
ENSG00000100473_unmod,0.4571
ENSG00000100478_unmod,-0.4178
ENSG00000100479_unmod,0.0966
ENSG00000100483_unmod,0.1862
ENSG00000100485_unmod,0.474
ENSG00000100490_unmod,-0.271
ENSG00000100503_unmod,0.09
ENSG00000100504_unmod,0.0136
ENSG00000100519_unmod,0.0564
ENSG00000100522_unmod,-0.3064
ENSG00000100523_unmod,0.402
ENSG00000100526_unmod,0.4222
ENSG00000100528_unmod,-0.1136
ENSG00000100532_unmod,0.0965
ENSG00000100554_unmod,0.1807
ENSG00000100558_unmod,0.7665
ENSG00000100564_unmod,-0.5428
ENSG00000100567_unmod,0.214
ENSG00000100568_unmod,0.0689
ENSG00000100575_unmod,-0.1161
ENSG00000100577_unmod,0.2641
ENSG00000100578_unmod,-0.0881
ENSG00000100580_unmod,-0.5466
ENSG00000100591_unmod,0.1597
ENSG00000100592_unmod,0.2194
ENSG00000100596_unmod,0.0372
ENSG00000100599_unmod,-0.1021
ENSG00000100600_unmod,-0.0161
ENSG00000100601_unmod,-0.0802
ENSG00000100603_unmod,0.2106
ENSG00000100605_unmod,-0.096
ENSG00000100612_unmod,0.131
ENSG00000100625_unmod,-0.281
ENSG00000100629_unmod,0.1569
ENSG00000100632_unmod,-0.0711
ENSG00000100644_unmod,-0.0368
ENSG00000100647_unmod,-0.1757
ENSG00000100650_unmod,0.2054
ENSG00000100664_unmod,-0.185
ENSG00000100697_unmod,0.1679
ENSG00000100711_unmod,0.0321
ENSG00000100714_unmod,0.1799
ENSG00000100722_unmod,0.0944
ENSG00000100726_unmod,0.2033
ENSG00000100731_unmod,-0.0866
ENSG00000100739_unmod,0.4
ENSG00000100744_unmod,-0.8707
ENSG00000100749_unmod,-0.1491
ENSG00000100764_unmod,0.2646
ENSG00000100767_unmod,0.3255
ENSG00000100784_unmod,0.108
ENSG00000100796_unmod,-0.1568
ENSG00000100804_unmod,-0.0155
ENSG00000100811_unmod,-0.8916
ENSG00000100813_unmod,-0.095
ENSG00000100814_unmod,-0.6328
ENSG00000100815_unmod,-0.0453
ENSG00000100823_unmod,-0.2238
ENSG00000100836_unmod,-0.0183
ENSG00000100852_unmod,0.0709
ENSG00000100865_unmod,-0.0037
ENSG00000100883_unmod,-0.0142
ENSG00000100888_unmod,-0.2249
ENSG00000100889_unmod,0.3081
ENSG00000100890_unmod,0.0136
ENSG00000100897_unmod,0.5223
ENSG00000100902_unmod,0.2061
ENSG00000100906_unmod,0.5336
ENSG00000100911_unmod,0.4301
ENSG00000100916_unmod,-0.0243
ENSG00000100934_unmod,0.23
ENSG00000100938_unmod,0.1363
ENSG00000100941_unmod,-0.2571
ENSG00000100949_unmod,-0.3135
ENSG00000100968_unmod,0.5216
ENSG00000100979_unmod,0.0009
ENSG00000100982_unmod,-0.0854
ENSG00000100983_unmod,0.0719
ENSG00000100991_unmod,0.0599
ENSG00000100994_unmod,0.0284
ENSG00000100997_unmod,0.1007
ENSG00000101000_unmod,0.0124
ENSG00000101003_unmod,0.1753
ENSG00000101004_unmod,0.1518
ENSG00000101019_unmod,0.1724
ENSG00000101040_unmod,0.6123
ENSG00000101052_unmod,0.0851
ENSG00000101057_unmod,0.7425
ENSG00000101079_unmod,0.2959
ENSG00000101084_unmod,0.2328
ENSG00000101096_unmod,0.0753
ENSG00000101104_unmod,0.0545
ENSG00000101109_unmod,0.0879
ENSG00000101115_unmod,-0.2188
ENSG00000101126_unmod,-0.2227
ENSG00000101132_unmod,0.3309
ENSG00000101138_unmod,-0.294
ENSG00000101146_unmod,-0.2164
ENSG00000101150_unmod,0.1669
ENSG00000101152_unmod,-0.1152
ENSG00000101158_unmod,-0.0625
ENSG00000101160_unmod,0.3634
ENSG00000101161_unmod,0.3246
ENSG00000101166_unmod,-0.0556
ENSG00000101181_unmod,-0.2465
ENSG00000101182_unmod,0.6032
ENSG00000101187_unmod,0.0737
ENSG00000101189_unmod,0.2426
ENSG00000101190_unmod,0.0968
ENSG00000101191_unmod,0.1265
ENSG00000101193_unmod,-1.1359
ENSG00000101194_unmod,-0.0447
ENSG00000101199_unmod,0.0046
ENSG00000101210_unmod,0.1255
ENSG00000101213_unmod,-0.2127
ENSG00000101216_unmod,0.1021
ENSG00000101220_unmod,-0.4493
ENSG00000101224_unmod,-0.0035
ENSG00000101236_unmod,0.2177
ENSG00000101246_unmod,0.1222
ENSG00000101247_unmod,-0.2449
ENSG00000101255_unmod,0.361
ENSG00000101266_unmod,-0.268
ENSG00000101290_unmod,-0.2406
ENSG00000101294_unmod,0.0274
ENSG00000101310_unmod,-0.2705
ENSG00000101311_unmod,-0.2142
ENSG00000101333_unmod,-0.4858
ENSG00000101335_unmod,0.1788
ENSG00000101337_unmod,-0.1505
ENSG00000101343_unmod,0.3716
ENSG00000101346_unmod,-0.5028
ENSG00000101347_unmod,-0.0599
ENSG00000101350_unmod,0.3506
ENSG00000101361_unmod,-0.1155
ENSG00000101363_unmod,-0.2173
ENSG00000101365_unmod,0.1341
ENSG00000101367_unmod,-0.1291
ENSG00000101384_unmod,0.3122
ENSG00000101391_unmod,-0.054
ENSG00000101400_unmod,0.3373
ENSG00000101407_unmod,-0.1455
ENSG00000101412_unmod,0.5424
ENSG00000101413_unmod,0.0689
ENSG00000101417_unmod,0.3136
ENSG00000101421_unmod,0.2075
ENSG00000101439_unmod,0.0822
ENSG00000101442_unmod,-0.1915
ENSG00000101444_unmod,-0.0483
ENSG00000101447_unmod,-0.4511
ENSG00000101452_unmod,-0.2044
ENSG00000101457_unmod,0.2914
ENSG00000101460_unmod,-0.2177
ENSG00000101464_unmod,-0.4115
ENSG00000101473_unmod,0.2475
ENSG00000101474_unmod,0.2171
ENSG00000101544_unmod,-0.2105
ENSG00000101546_unmod,0.0507
ENSG00000101557_unmod,0.0056
ENSG00000101558_unmod,0.0698
ENSG00000101574_unmod,0.2468
ENSG00000101577_unmod,0.0334
ENSG00000101596_unmod,0.3092
ENSG00000101608_unmod,0.1566
ENSG00000101624_unmod,0.3218
ENSG00000101639_unmod,0.1418
ENSG00000101654_unmod,-0.1177
ENSG00000101665_unmod,-0.035
ENSG00000101670_unmod,0.5199
ENSG00000101680_unmod,-0.2063
ENSG00000101745_unmod,0.1796
ENSG00000101751_unmod,0.0269
ENSG00000101752_unmod,0.0149
ENSG00000101773_unmod,0.4558
ENSG00000101782_unmod,0.0503
ENSG00000101811_unmod,-0.1283
ENSG00000101843_unmod,-0.3836
ENSG00000101844_unmod,0.0582
ENSG00000101846_unmod,-0.2198
ENSG00000101849_unmod,0.5853
ENSG00000101856_unmod,-0.2208
ENSG00000101868_unmod,0.0533
ENSG00000101871_unmod,-0.1918
ENSG00000101882_unmod,1.0464
ENSG00000101888_unmod,0.0387
ENSG00000101901_unmod,-0.1699
ENSG00000101911_unmod,0.1286
ENSG00000101928_unmod,-0.0717
ENSG00000101935_unmod,1.1455
ENSG00000101940_unmod,0.2521
ENSG00000101945_unmod,0.1506
ENSG00000101966_unmod,0.1564
ENSG00000101972_unmod,0.0594
ENSG00000101974_unmod,0.9954
ENSG00000101986_unmod,-0.2852
ENSG00000101997_unmod,0.1709
ENSG00000102007_unmod,0.0505
ENSG00000102024_unmod,-0.041
ENSG00000102034_unmod,0.1644
ENSG00000102038_unmod,-0.4738
ENSG00000102054_unmod,0.2283
ENSG00000102057_unmod,0.1657
ENSG00000102078_unmod,0.1321
ENSG00000102081_unmod,0.0761
ENSG00000102096_unmod,-0.5079
ENSG00000102098_unmod,-0.217
ENSG00000102100_unmod,0.0233
ENSG00000102103_unmod,0.2168
ENSG00000102119_unmod,0.0848
ENSG00000102125_unmod,-0.2226
ENSG00000102144_unmod,-0.0337
ENSG00000102158_unmod,1.0899
ENSG00000102172_unmod,0.168
ENSG00000102178_unmod,0.0786
ENSG00000102181_unmod,0.2021
ENSG00000102189_unmod,0.9548
ENSG00000102218_unmod,-0.0587
ENSG00000102221_unmod,0.1185
ENSG00000102225_unmod,-0.0404
ENSG00000102226_unmod,0.1889
ENSG00000102241_unmod,0.6921
ENSG00000102265_unmod,0.4205
ENSG00000102271_unmod,0.1384
ENSG00000102287_unmod,0.3551
ENSG00000102302_unmod,0.0191
ENSG00000102309_unmod,0.5821
ENSG00000102312_unmod,-0.6566
ENSG00000102316_unmod,0.4637
ENSG00000102317_unmod,0.3513
ENSG00000102384_unmod,0.3711
ENSG00000102390_unmod,0.3406
ENSG00000102393_unmod,-0.0694
ENSG00000102401_unmod,0.6702
ENSG00000102452_unmod,0.0145
ENSG00000102471_unmod,-0.0354
ENSG00000102531_unmod,0.4025
ENSG00000102543_unmod,0.5036
ENSG00000102547_unmod,0.4859
ENSG00000102554_unmod,-0.0309
ENSG00000102572_unmod,0.0994
ENSG00000102580_unmod,0.4507
ENSG00000102595_unmod,0.0359
ENSG00000102606_unmod,0.1114
ENSG00000102699_unmod,0.0753
ENSG00000102710_unmod,-0.0227
ENSG00000102738_unmod,-0.1804
ENSG00000102753_unmod,-0.4174
ENSG00000102763_unmod,-0.4122
ENSG00000102780_unmod,-0.0181
ENSG00000102781_unmod,-0.5071
ENSG00000102786_unmod,0.0025
ENSG00000102804_unmod,0.1507
ENSG00000102805_unmod,-0.0136
ENSG00000102854_unmod,0.169
ENSG00000102858_unmod,0.0505
ENSG00000102870_unmod,-0.0258
ENSG00000102871_unmod,0.0875
ENSG00000102882_unmod,0.5446
ENSG00000102893_unmod,-0.0086
ENSG00000102897_unmod,0.0087
ENSG00000102898_unmod,-0.0672
ENSG00000102900_unmod,-0.0767
ENSG00000102901_unmod,0.1503
ENSG00000102908_unmod,-0.1595
ENSG00000102910_unmod,-0.1494
ENSG00000102921_unmod,0.2395
ENSG00000102931_unmod,0.973
ENSG00000102935_unmod,-0.0928
ENSG00000102967_unmod,-0.5661
ENSG00000102974_unmod,0.1314
ENSG00000102977_unmod,0.2057
ENSG00000102978_unmod,0.0552
ENSG00000102996_unmod,0.1196
ENSG00000103005_unmod,-0.0532
ENSG00000103018_unmod,-0.0244
ENSG00000103021_unmod,-0.1573
ENSG00000103024_unmod,-0.2301
ENSG00000103034_unmod,0.0961
ENSG00000103035_unmod,-0.0591
ENSG00000103037_unmod,-0.4503
ENSG00000103042_unmod,-0.1856
ENSG00000103043_unmod,-0.2422
ENSG00000103047_unmod,-0.183
ENSG00000103051_unmod,0.1081
ENSG00000103061_unmod,-0.0035
ENSG00000103064_unmod,-0.563
ENSG00000103066_unmod,0.6413
ENSG00000103067_unmod,-0.6903
ENSG00000103091_unmod,-0.5512
ENSG00000103111_unmod,0.0009
ENSG00000103121_unmod,-0.1837
ENSG00000103126_unmod,-0.154
ENSG00000103145_unmod,0.2234
ENSG00000103148_unmod,-0.2629
ENSG00000103150_unmod,-0.0568
ENSG00000103152_unmod,0.5428
ENSG00000103160_unmod,-0.2479
ENSG00000103168_unmod,-0.2174
ENSG00000103174_unmod,-0.1208
ENSG00000103175_unmod,0.3145
ENSG00000103187_unmod,-0.254
ENSG00000103194_unmod,-0.2859
ENSG00000103196_unmod,-0.0925
ENSG00000103197_unmod,-0.0806
ENSG00000103199_unmod,0.0815
ENSG00000103202_unmod,-0.0671
ENSG00000103222_unmod,0.1124
ENSG00000103241_unmod,0.5889
ENSG00000103245_unmod,-0.0334
ENSG00000103248_unmod,0.0725
ENSG00000103249_unmod,-0.1468
ENSG00000103253_unmod,-0.2143
ENSG00000103257_unmod,-0.6733
ENSG00000103260_unmod,-0.0148
ENSG00000103264_unmod,-0.2128
ENSG00000103266_unmod,0.215
ENSG00000103274_unmod,0.3059
ENSG00000103275_unmod,-0.169
ENSG00000103319_unmod,-0.3078
ENSG00000103326_unmod,-0.2267
ENSG00000103335_unmod,0.0772
ENSG00000103342_unmod,-0.3389
ENSG00000103343_unmod,-0.4342
ENSG00000103351_unmod,-0.0937
ENSG00000103353_unmod,0.0064
ENSG00000103356_unmod,-0.1637
ENSG00000103363_unmod,-0.0757
ENSG00000103365_unmod,0.1207
ENSG00000103381_unmod,-0.3094
ENSG00000103404_unmod,0.1796
ENSG00000103415_unmod,0.0935
ENSG00000103423_unmod,0.3971
ENSG00000103429_unmod,0.6229
ENSG00000103479_unmod,-0.8015
ENSG00000103494_unmod,0.096
ENSG00000103495_unmod,0.1741
ENSG00000103496_unmod,0.4809
ENSG00000103502_unmod,-0.1995
ENSG00000103507_unmod,0.0206
ENSG00000103510_unmod,-0.051
ENSG00000103512_unmod,-0.1162
ENSG00000103528_unmod,0.5828
ENSG00000103540_unmod,0.3978
ENSG00000103544_unmod,-0.057
ENSG00000103549_unmod,0.0318
ENSG00000103550_unmod,-0.0105
ENSG00000103591_unmod,0.1935
ENSG00000103599_unmod,0.5929
ENSG00000103642_unmod,0.1109
ENSG00000103653_unmod,0.1741
ENSG00000103657_unmod,0.1896
ENSG00000103671_unmod,0.2239
ENSG00000103707_unmod,0.0618
ENSG00000103769_unmod,-0.2485
ENSG00000103852_unmod,0.428
ENSG00000103855_unmod,-0.1207
ENSG00000103876_unmod,-0.1
ENSG00000103932_unmod,-0.243
ENSG00000103966_unmod,0.1549
ENSG00000103978_unmod,0.1073
ENSG00000103994_unmod,-0.3711
ENSG00000103995_unmod,0.2645
ENSG00000104047_unmod,0.0954
ENSG00000104064_unmod,-0.1697
ENSG00000104067_unmod,0.0698
ENSG00000104081_unmod,1.1696
ENSG00000104093_unmod,0.2454
ENSG00000104129_unmod,0.3121
ENSG00000104131_unmod,-0.1794
ENSG00000104133_unmod,0.3152
ENSG00000104142_unmod,-0.1436
ENSG00000104147_unmod,0.1149
ENSG00000104154_unmod,0.0556
ENSG00000104164_unmod,0.0839
ENSG00000104205_unmod,0.4377
ENSG00000104213_unmod,-0.1765
ENSG00000104218_unmod,0.0311
ENSG00000104219_unmod,-0.1095
ENSG00000104221_unmod,0.0966
ENSG00000104228_unmod,-0.361
ENSG00000104231_unmod,0.0994
ENSG00000104267_unmod,0.7671
ENSG00000104299_unmod,-0.0872
ENSG00000104312_unmod,0.8761
ENSG00000104313_unmod,0.2774
ENSG00000104320_unmod,-0.2394
ENSG00000104325_unmod,0.282
ENSG00000104331_unmod,-0.4209
ENSG00000104341_unmod,-0.8727
ENSG00000104343_unmod,-0.9594
ENSG00000104356_unmod,-0.2191
ENSG00000104361_unmod,-0.2307
ENSG00000104365_unmod,0.238
ENSG00000104368_unmod,1.0301
ENSG00000104369_unmod,0.0011
ENSG00000104375_unmod,-0.2895
ENSG00000104381_unmod,0.0527
ENSG00000104388_unmod,-0.1522
ENSG00000104408_unmod,-0.2488
ENSG00000104412_unmod,0.0676
ENSG00000104419_unmod,0.1658
ENSG00000104427_unmod,0.2223
ENSG00000104442_unmod,0.0493
ENSG00000104447_unmod,-0.0049
ENSG00000104450_unmod,0.3243
ENSG00000104472_unmod,-0.0004
ENSG00000104497_unmod,0.6255
ENSG00000104517_unmod,-0.1068
ENSG00000104522_unmod,0.1958
ENSG00000104524_unmod,0.0341
ENSG00000104529_unmod,0.2516
ENSG00000104549_unmod,-0.1984
ENSG00000104611_unmod,0.5866
ENSG00000104613_unmod,0.0547
ENSG00000104626_unmod,0.4123
ENSG00000104635_unmod,0.0658
ENSG00000104643_unmod,-0.2097
ENSG00000104660_unmod,0.1906
ENSG00000104671_unmod,0.0426
ENSG00000104679_unmod,-0.0294
ENSG00000104687_unmod,0.4097
ENSG00000104689_unmod,0.0176
ENSG00000104691_unmod,-0.5064
ENSG00000104695_unmod,0.1336
ENSG00000104714_unmod,-0.0321
ENSG00000104723_unmod,0.168
ENSG00000104731_unmod,-0.2398
ENSG00000104738_unmod,0.0255
ENSG00000104756_unmod,0.5643
ENSG00000104763_unmod,-0.0927
ENSG00000104765_unmod,0.621
ENSG00000104774_unmod,0.0323
ENSG00000104783_unmod,0.2171
ENSG00000104805_unmod,0.3345
ENSG00000104812_unmod,-0.2617
ENSG00000104823_unmod,-0.1006
ENSG00000104824_unmod,-0.0724
ENSG00000104825_unmod,0.1577
ENSG00000104852_unmod,-0.0183
ENSG00000104853_unmod,-0.0243
ENSG00000104856_unmod,0.5263
ENSG00000104859_unmod,0.0677
ENSG00000104866_unmod,-0.0208
ENSG00000104872_unmod,0.1682
ENSG00000104880_unmod,-0.1992
ENSG00000104881_unmod,0.249
ENSG00000104884_unmod,-0.7702
ENSG00000104885_unmod,0.3453
ENSG00000104886_unmod,-0.111
ENSG00000104897_unmod,0.1861
ENSG00000104904_unmod,0.079
ENSG00000104907_unmod,-0.2159
ENSG00000104915_unmod,-0.0352
ENSG00000104936_unmod,0.0575
ENSG00000104946_unmod,-0.0766
ENSG00000104957_unmod,0.189
ENSG00000104960_unmod,0.0926
ENSG00000104964_unmod,0.1395
ENSG00000104969_unmod,-0.1624
ENSG00000104973_unmod,0.3113
ENSG00000104976_unmod,0.2526
ENSG00000104979_unmod,-0.1322
ENSG00000104980_unmod,-0.1583
ENSG00000104998_unmod,0.3125
ENSG00000105011_unmod,0.2645
ENSG00000105053_unmod,0.2022
ENSG00000105058_unmod,-0.1715
ENSG00000105063_unmod,0.0353
ENSG00000105072_unmod,-0.163
ENSG00000105085_unmod,-0.0958
ENSG00000105127_unmod,-0.0061
ENSG00000105135_unmod,0.1594
ENSG00000105136_unmod,-0.1523
ENSG00000105137_unmod,0.2809
ENSG00000105171_unmod,-0.0634
ENSG00000105173_unmod,0.4143
ENSG00000105176_unmod,0.2276
ENSG00000105185_unmod,-0.0048
ENSG00000105186_unmod,-0.1594
ENSG00000105193_unmod,0.0878
ENSG00000105197_unmod,-0.1305
ENSG00000105202_unmod,0.1242
ENSG00000105204_unmod,0.4163
ENSG00000105220_unmod,-0.0415
ENSG00000105221_unmod,0.0415
ENSG00000105223_unmod,0.0717
ENSG00000105229_unmod,0.1376
ENSG00000105245_unmod,0.2223
ENSG00000105248_unmod,0.0856
ENSG00000105254_unmod,0.1893
ENSG00000105258_unmod,-0.0783
ENSG00000105281_unmod,-0.1144
ENSG00000105287_unmod,0.0027
ENSG00000105290_unmod,0.4328
ENSG00000105298_unmod,-0.0105
ENSG00000105321_unmod,0.705
ENSG00000105323_unmod,-0.069
ENSG00000105325_unmod,0.1909
ENSG00000105327_unmod,0.3617
ENSG00000105329_unmod,0.3751
ENSG00000105339_unmod,0.0299
ENSG00000105341_unmod,-0.1501
ENSG00000105355_unmod,0.2563
ENSG00000105364_unmod,-0.1578
ENSG00000105372_unmod,0.1555
ENSG00000105373_unmod,0.237
ENSG00000105379_unmod,0.5834
ENSG00000105393_unmod,-0.0991
ENSG00000105397_unmod,0.2685
ENSG00000105401_unmod,-0.0014
ENSG00000105402_unmod,0.1903
ENSG00000105419_unmod,0.1924
ENSG00000105426_unmod,0.0602
ENSG00000105429_unmod,0.0662
ENSG00000105438_unmod,-0.2662
ENSG00000105443_unmod,0.2993
ENSG00000105447_unmod,-0.3245
ENSG00000105483_unmod,0.1252
ENSG00000105486_unmod,0.6676
ENSG00000105497_unmod,-0.1162
ENSG00000105499_unmod,0.21
ENSG00000105514_unmod,0.0803
ENSG00000105518_unmod,0.1049
ENSG00000105520_unmod,0.3956
ENSG00000105538_unmod,-0.0093
ENSG00000105552_unmod,-0.5318
ENSG00000105556_unmod,-0.0097
ENSG00000105559_unmod,0.6464
ENSG00000105568_unmod,0.256
ENSG00000105576_unmod,-0.1738
ENSG00000105607_unmod,-0.2
ENSG00000105612_unmod,0.0281
ENSG00000105613_unmod,-0.0744
ENSG00000105618_unmod,0.1613
ENSG00000105619_unmod,0.3021
ENSG00000105640_unmod,0.0122
ENSG00000105643_unmod,0.6584
ENSG00000105649_unmod,-1.0247
ENSG00000105656_unmod,0.0445
ENSG00000105662_unmod,-0.0227
ENSG00000105669_unmod,0.5596
ENSG00000105671_unmod,-0.0226
ENSG00000105676_unmod,-0.1377
ENSG00000105677_unmod,-0.2738
ENSG00000105698_unmod,-0.1521
ENSG00000105699_unmod,0.436
ENSG00000105700_unmod,-0.0079
ENSG00000105701_unmod,0.1098
ENSG00000105705_unmod,-0.0926
ENSG00000105708_unmod,-0.7118
ENSG00000105722_unmod,-0.2022
ENSG00000105723_unmod,-0.3191
ENSG00000105726_unmod,-0.2425
ENSG00000105732_unmod,-0.0294
ENSG00000105738_unmod,0.0322
ENSG00000105755_unmod,0.2927
ENSG00000105771_unmod,0.0537
ENSG00000105778_unmod,-0.0717
ENSG00000105793_unmod,-0.3797
ENSG00000105810_unmod,-0.5393
ENSG00000105819_unmod,-0.1246
ENSG00000105821_unmod,-0.0861
ENSG00000105825_unmod,0.4023
ENSG00000105829_unmod,-0.1425
ENSG00000105835_unmod,0.5266
ENSG00000105849_unmod,0.3042
ENSG00000105854_unmod,0.1
ENSG00000105855_unmod,-0.1343
ENSG00000105856_unmod,0.2569
ENSG00000105865_unmod,0.3135
ENSG00000105866_unmod,-0.1835
ENSG00000105877_unmod,0.1489
ENSG00000105879_unmod,-0.5806
ENSG00000105887_unmod,-0.8436
ENSG00000105926_unmod,-0.1801
ENSG00000105928_unmod,0.095
ENSG00000105939_unmod,0.251
ENSG00000105948_unmod,-0.1859
ENSG00000105953_unmod,0.0762
ENSG00000105968_unmod,0.1862
ENSG00000105971_unmod,0.0264
ENSG00000105974_unmod,0.1158
ENSG00000105976_unmod,-0.2488
ENSG00000105983_unmod,-0.0133
ENSG00000105993_unmod,0.0857
ENSG00000106003_unmod,0.468
ENSG00000106009_unmod,0.0413
ENSG00000106012_unmod,0.3528
ENSG00000106025_unmod,0.5083
ENSG00000106028_unmod,-0.0864
ENSG00000106031_unmod,-0.2432
ENSG00000106049_unmod,-0.1814
ENSG00000106052_unmod,0.6792
ENSG00000106070_unmod,0.295
ENSG00000106077_unmod,0.0224
ENSG00000106078_unmod,0.0218
ENSG00000106080_unmod,-0.1236
ENSG00000106086_unmod,0.1089
ENSG00000106089_unmod,0.4308
ENSG00000106100_unmod,0.112
ENSG00000106105_unmod,0.0151
ENSG00000106133_unmod,0.0075
ENSG00000106144_unmod,-0.3519
ENSG00000106153_unmod,0.1322
ENSG00000106211_unmod,0.0797
ENSG00000106244_unmod,0.1543
ENSG00000106245_unmod,-0.1166
ENSG00000106246_unmod,-0.1809
ENSG00000106261_unmod,0.018
ENSG00000106263_unmod,-0.0616
ENSG00000106266_unmod,-0.1219
ENSG00000106268_unmod,0.4569
ENSG00000106290_unmod,0.2404
ENSG00000106299_unmod,0.2168
ENSG00000106305_unmod,-0.1519
ENSG00000106327_unmod,-0.1422
ENSG00000106330_unmod,0.3129
ENSG00000106333_unmod,0.024
ENSG00000106344_unmod,-0.4048
ENSG00000106346_unmod,0.0273
ENSG00000106348_unmod,-0.2681
ENSG00000106351_unmod,0.2391
ENSG00000106355_unmod,-0.1051
ENSG00000106366_unmod,0.5323
ENSG00000106367_unmod,-0.1844
ENSG00000106392_unmod,-0.0479
ENSG00000106397_unmod,-0.0075
ENSG00000106399_unmod,0.4713
ENSG00000106400_unmod,0.4894
ENSG00000106404_unmod,-0.5211
ENSG00000106415_unmod,-0.3015
ENSG00000106443_unmod,0.1379
ENSG00000106459_unmod,-0.0285
ENSG00000106460_unmod,-0.0021
ENSG00000106462_unmod,0.536
ENSG00000106477_unmod,0.2002
ENSG00000106484_unmod,-0.5405
ENSG00000106524_unmod,0.2631
ENSG00000106526_unmod,0.2123
ENSG00000106537_unmod,-0.5063
ENSG00000106538_unmod,0.1994
ENSG00000106546_unmod,0.0221
ENSG00000106554_unmod,0.0273
ENSG00000106588_unmod,-0.4349
ENSG00000106591_unmod,0.155
ENSG00000106603_unmod,-0.3278
ENSG00000106605_unmod,0.8778
ENSG00000106608_unmod,-0.0223
ENSG00000106609_unmod,0.1326
ENSG00000106610_unmod,-0.0026
ENSG00000106617_unmod,-0.8122
ENSG00000106628_unmod,-0.0801
ENSG00000106635_unmod,0.1764
ENSG00000106636_unmod,-0.0312
ENSG00000106638_unmod,-0.306
ENSG00000106665_unmod,0.5214
ENSG00000106682_unmod,0.1113
ENSG00000106683_unmod,-0.0512
ENSG00000106686_unmod,0.726
ENSG00000106688_unmod,0.7688
ENSG00000106689_unmod,0.6363
ENSG00000106692_unmod,-0.8016
ENSG00000106701_unmod,0.2648
ENSG00000106714_unmod,0.0036
ENSG00000106723_unmod,0.0473
ENSG00000106733_unmod,0.1983
ENSG00000106771_unmod,-0.0289
ENSG00000106772_unmod,-0.5965
ENSG00000106780_unmod,0.0329
ENSG00000106785_unmod,-0.5235
ENSG00000106789_unmod,-0.0731
ENSG00000106799_unmod,0.3269
ENSG00000106803_unmod,0.2778
ENSG00000106804_unmod,1.0565
ENSG00000106829_unmod,-0.4311
ENSG00000106853_unmod,0.5925
ENSG00000106868_unmod,-0.0159
ENSG00000106948_unmod,0.0918
ENSG00000106976_unmod,0.1415
ENSG00000106991_unmod,0.0098
ENSG00000106992_unmod,0.3974
ENSG00000106993_unmod,0.1619
ENSG00000107020_unmod,0.21
ENSG00000107021_unmod,-0.1693
ENSG00000107036_unmod,-0.3441
ENSG00000107077_unmod,-0.1262
ENSG00000107104_unmod,-0.246
ENSG00000107130_unmod,-0.2947
ENSG00000107140_unmod,0.1572
ENSG00000107164_unmod,0.2023
ENSG00000107175_unmod,0.5208
ENSG00000107185_unmod,-0.034
ENSG00000107186_unmod,0.0997
ENSG00000107201_unmod,0.3975
ENSG00000107223_unmod,0.3213
ENSG00000107242_unmod,0.3738
ENSG00000107249_unmod,-0.0959
ENSG00000107262_unmod,0.0241
ENSG00000107263_unmod,0.6031
ENSG00000107281_unmod,0.0698
ENSG00000107290_unmod,0.1062
ENSG00000107295_unmod,0.5199
ENSG00000107331_unmod,-0.0773
ENSG00000107338_unmod,0.1955
ENSG00000107341_unmod,-0.38
ENSG00000107362_unmod,-0.1997
ENSG00000107371_unmod,0.133
ENSG00000107372_unmod,-0.027
ENSG00000107404_unmod,-0.0553
ENSG00000107438_unmod,-0.0082
ENSG00000107443_unmod,0.4622
ENSG00000107521_unmod,0.0446
ENSG00000107537_unmod,0.3441
ENSG00000107554_unmod,0.1127
ENSG00000107560_unmod,-0.1429
ENSG00000107566_unmod,-1.4964
ENSG00000107581_unmod,-0.2755
ENSG00000107614_unmod,-0.6274
ENSG00000107625_unmod,-0.0793
ENSG00000107643_unmod,-0.6317
ENSG00000107651_unmod,0.1449
ENSG00000107669_unmod,-0.0158
ENSG00000107672_unmod,0.3313
ENSG00000107679_unmod,-0.2777
ENSG00000107731_unmod,0.732
ENSG00000107738_unmod,-0.3072
ENSG00000107745_unmod,0.0904
ENSG00000107758_unmod,0.0092
ENSG00000107771_unmod,0.2471
ENSG00000107779_unmod,0.4206
ENSG00000107789_unmod,0.6672
ENSG00000107796_unmod,-0.1795
ENSG00000107798_unmod,-0.0871
ENSG00000107815_unmod,-0.5543
ENSG00000107816_unmod,-0.0412
ENSG00000107819_unmod,-0.0309
ENSG00000107821_unmod,0.2316
ENSG00000107829_unmod,-0.0042
ENSG00000107833_unmod,-0.3587
ENSG00000107854_unmod,-0.4411
ENSG00000107862_unmod,0.11
ENSG00000107863_unmod,0.3461
ENSG00000107864_unmod,0.4381
ENSG00000107872_unmod,-0.006
ENSG00000107874_unmod,-0.021
ENSG00000107882_unmod,-0.1734
ENSG00000107890_unmod,0.3351
ENSG00000107897_unmod,0.612
ENSG00000107929_unmod,-0.2529
ENSG00000107937_unmod,0.0272
ENSG00000107938_unmod,-0.0807
ENSG00000107949_unmod,-0.0905
ENSG00000107951_unmod,-0.1543
ENSG00000107954_unmod,-0.4658
ENSG00000107957_unmod,0.0309
ENSG00000107959_unmod,-0.0145
ENSG00000107960_unmod,0.4946
ENSG00000107968_unmod,0.3835
ENSG00000107984_unmod,-1.6738
ENSG00000108010_unmod,-0.0831
ENSG00000108021_unmod,-0.2395
ENSG00000108039_unmod,0.1337
ENSG00000108055_unmod,0.3817
ENSG00000108061_unmod,-0.2307
ENSG00000108064_unmod,-0.1488
ENSG00000108094_unmod,-0.1228
ENSG00000108100_unmod,0.0812
ENSG00000108106_unmod,0.2399
ENSG00000108107_unmod,0.1747
ENSG00000108175_unmod,0.1035
ENSG00000108176_unmod,0.0335
ENSG00000108179_unmod,-0.2632
ENSG00000108187_unmod,0.6302
ENSG00000108219_unmod,-0.0415
ENSG00000108239_unmod,0.0257
ENSG00000108256_unmod,-0.0397
ENSG00000108262_unmod,0.2729
ENSG00000108298_unmod,-0.1122
ENSG00000108306_unmod,0.4043
ENSG00000108312_unmod,-0.1162
ENSG00000108344_unmod,-0.0879
ENSG00000108349_unmod,-0.4666
ENSG00000108384_unmod,0.1445
ENSG00000108389_unmod,-0.4449
ENSG00000108395_unmod,0.2776
ENSG00000108406_unmod,0.2324
ENSG00000108423_unmod,-0.0051
ENSG00000108424_unmod,-0.1084
ENSG00000108433_unmod,-0.0347
ENSG00000108439_unmod,-0.3522
ENSG00000108443_unmod,0.035
ENSG00000108448_unmod,-0.1693
ENSG00000108465_unmod,0.3002
ENSG00000108468_unmod,-1.2795
ENSG00000108469_unmod,-0.0725
ENSG00000108474_unmod,-0.2125
ENSG00000108479_unmod,0.2823
ENSG00000108506_unmod,0.0806
ENSG00000108509_unmod,0.2483
ENSG00000108510_unmod,-0.2407
ENSG00000108511_unmod,0.2616
ENSG00000108515_unmod,0.2891
ENSG00000108518_unmod,0.0985
ENSG00000108523_unmod,-0.1002
ENSG00000108528_unmod,-0.1473
ENSG00000108551_unmod,-0.4676
ENSG00000108557_unmod,-0.0795
ENSG00000108559_unmod,-0.0603
ENSG00000108561_unmod,-3.0771
ENSG00000108578_unmod,-0.2174
ENSG00000108582_unmod,-0.1341
ENSG00000108587_unmod,-0.0331
ENSG00000108588_unmod,-0.1404
ENSG00000108590_unmod,0.4194
ENSG00000108591_unmod,-0.0952
ENSG00000108592_unmod,-0.1769
ENSG00000108599_unmod,0.005
ENSG00000108602_unmod,0.9809
ENSG00000108604_unmod,-0.1124
ENSG00000108622_unmod,-0.1212
ENSG00000108639_unmod,-0.0764
ENSG00000108641_unmod,0.2046
ENSG00000108651_unmod,-0.0162
ENSG00000108654_unmod,-0.1269
ENSG00000108666_unmod,0.0348
ENSG00000108669_unmod,0.1548
ENSG00000108671_unmod,-0.0396
ENSG00000108679_unmod,-0.0868
ENSG00000108691_unmod,0.7634
ENSG00000108733_unmod,-0.4466
ENSG00000108771_unmod,0.439
ENSG00000108773_unmod,-0.2447
ENSG00000108774_unmod,-0.2822
ENSG00000108784_unmod,0.1595
ENSG00000108788_unmod,0.0984
ENSG00000108797_unmod,-0.0488
ENSG00000108799_unmod,-0.2395
ENSG00000108819_unmod,-0.1554
ENSG00000108821_unmod,0.4828
ENSG00000108826_unmod,-0.1735
ENSG00000108828_unmod,0.0183
ENSG00000108829_unmod,-0.0586
ENSG00000108840_unmod,-0.1061
ENSG00000108846_unmod,0.2831
ENSG00000108848_unmod,0.1539
ENSG00000108852_unmod,0.0177
ENSG00000108854_unmod,-0.5192
ENSG00000108861_unmod,-0.1159
ENSG00000108883_unmod,-0.2711
ENSG00000108932_unmod,0.2499
ENSG00000108946_unmod,0.1255
ENSG00000108953_unmod,0.4654
ENSG00000108960_unmod,0.935
ENSG00000108961_unmod,-0.2542
ENSG00000108963_unmod,-0.3373
ENSG00000108984_unmod,0.5839
ENSG00000109016_unmod,0.1485
ENSG00000109046_unmod,0.5121
ENSG00000109062_unmod,0.0682
ENSG00000109065_unmod,-0.0779
ENSG00000109066_unmod,0.0438
ENSG00000109079_unmod,-0.4255
ENSG00000109083_unmod,0.3703
ENSG00000109084_unmod,-0.2189
ENSG00000109089_unmod,0.3011
ENSG00000109099_unmod,-0.7129
ENSG00000109103_unmod,-0.047
ENSG00000109107_unmod,0.2199
ENSG00000109111_unmod,-0.0761
ENSG00000109113_unmod,0.1302
ENSG00000109118_unmod,0.1343
ENSG00000109133_unmod,-0.3039
ENSG00000109171_unmod,-0.0908
ENSG00000109180_unmod,-0.0886
ENSG00000109184_unmod,0.1172
ENSG00000109189_unmod,-0.4722
ENSG00000109220_unmod,0.08
ENSG00000109255_unmod,0.3249
ENSG00000109265_unmod,0.1372
ENSG00000109270_unmod,-0.3057
ENSG00000109320_unmod,0.3349
ENSG00000109321_unmod,0.7352
ENSG00000109323_unmod,-0.1309
ENSG00000109332_unmod,-0.2389
ENSG00000109339_unmod,0.3062
ENSG00000109381_unmod,0.3533
ENSG00000109390_unmod,0.3202
ENSG00000109436_unmod,0.847
ENSG00000109445_unmod,-0.043
ENSG00000109452_unmod,0.3241
ENSG00000109458_unmod,0.0312
ENSG00000109466_unmod,0.4785
ENSG00000109472_unmod,0.1623
ENSG00000109475_unmod,-0.1528
ENSG00000109501_unmod,0.2083
ENSG00000109511_unmod,-0.0479
ENSG00000109519_unmod,0.1789
ENSG00000109534_unmod,-0.2973
ENSG00000109536_unmod,0.3867
ENSG00000109572_unmod,0.7501
ENSG00000109576_unmod,0.2464
ENSG00000109586_unmod,0.0098
ENSG00000109606_unmod,-0.1883
ENSG00000109618_unmod,-0.1692
ENSG00000109654_unmod,0.2537
ENSG00000109674_unmod,0.4301
ENSG00000109680_unmod,0.0568
ENSG00000109685_unmod,0.3845
ENSG00000109686_unmod,-0.0507
ENSG00000109689_unmod,-0.0223
ENSG00000109736_unmod,0.0659
ENSG00000109738_unmod,0.2091
ENSG00000109756_unmod,0.0666
ENSG00000109762_unmod,0.0791
ENSG00000109775_unmod,-0.0963
ENSG00000109787_unmod,0.3851
ENSG00000109790_unmod,-0.31
ENSG00000109805_unmod,0.3676
ENSG00000109814_unmod,0.0263
ENSG00000109819_unmod,-0.7345
ENSG00000109846_unmod,0.0812
ENSG00000109854_unmod,0.2662
ENSG00000109861_unmod,0.0928
ENSG00000109881_unmod,0.652
ENSG00000109911_unmod,0.1108
ENSG00000109917_unmod,-0.2663
ENSG00000109919_unmod,-0.0688
ENSG00000109920_unmod,-0.0457
ENSG00000109929_unmod,-0.4467
ENSG00000109944_unmod,0.5502
ENSG00000110011_unmod,0.0583
ENSG00000110013_unmod,0.1285
ENSG00000110031_unmod,0.5296
ENSG00000110042_unmod,-0.3231
ENSG00000110046_unmod,0.0591
ENSG00000110047_unmod,0.5416
ENSG00000110048_unmod,-0.4565
ENSG00000110057_unmod,-0.1709
ENSG00000110060_unmod,-0.2583
ENSG00000110063_unmod,-0.2179
ENSG00000110066_unmod,-0.4029
ENSG00000110074_unmod,0.1324
ENSG00000110075_unmod,-0.1882
ENSG00000110080_unmod,0.047
ENSG00000110090_unmod,-0.191
ENSG00000110092_unmod,-0.2888
ENSG00000110104_unmod,-0.3831
ENSG00000110107_unmod,-0.1273
ENSG00000110108_unmod,0.2813
ENSG00000110171_unmod,-0.0607
ENSG00000110172_unmod,-0.1248
ENSG00000110195_unmod,0.4483
ENSG00000110200_unmod,-0.0554
ENSG00000110218_unmod,-0.0457
ENSG00000110237_unmod,-0.3505
ENSG00000110274_unmod,0.1515
ENSG00000110315_unmod,-0.3444
ENSG00000110318_unmod,0.457
ENSG00000110321_unmod,-0.3285
ENSG00000110330_unmod,0.3115
ENSG00000110344_unmod,-0.1373
ENSG00000110367_unmod,-0.1725
ENSG00000110395_unmod,-0.9673
ENSG00000110400_unmod,0.0267
ENSG00000110422_unmod,-0.3454
ENSG00000110429_unmod,-0.351
ENSG00000110435_unmod,-0.0067
ENSG00000110442_unmod,-0.0599
ENSG00000110455_unmod,-0.1013
ENSG00000110497_unmod,0.01
ENSG00000110514_unmod,0.1283
ENSG00000110583_unmod,0.1616
ENSG00000110619_unmod,0.1588
ENSG00000110628_unmod,0.5526
ENSG00000110651_unmod,-0.0687
ENSG00000110660_unmod,-0.1321
ENSG00000110696_unmod,-0.0465
ENSG00000110697_unmod,0.2088
ENSG00000110700_unmod,-0.0264
ENSG00000110711_unmod,0.1206
ENSG00000110713_unmod,-0.057
ENSG00000110717_unmod,0.2112
ENSG00000110719_unmod,0.2328
ENSG00000110721_unmod,-0.0574
ENSG00000110756_unmod,0.14
ENSG00000110768_unmod,0.0076
ENSG00000110801_unmod,-0.1894
ENSG00000110811_unmod,0.2045
ENSG00000110841_unmod,0.2634
ENSG00000110844_unmod,-0.4282
ENSG00000110851_unmod,-0.696
ENSG00000110871_unmod,0.1687
ENSG00000110880_unmod,-0.1841
ENSG00000110881_unmod,-0.0096
ENSG00000110888_unmod,0.422
ENSG00000110906_unmod,-0.0038
ENSG00000110911_unmod,0.3262
ENSG00000110917_unmod,0.008
ENSG00000110921_unmod,0.1566
ENSG00000110925_unmod,-0.1626
ENSG00000110931_unmod,-0.6458
ENSG00000110955_unmod,-0.0012
ENSG00000110958_unmod,0.2871
ENSG00000111011_unmod,0.1661
ENSG00000111057_unmod,0.3168
ENSG00000111077_unmod,0.6712
ENSG00000111110_unmod,-0.7048
ENSG00000111142_unmod,-0.2951
ENSG00000111144_unmod,-0.0948
ENSG00000111145_unmod,1.0064
ENSG00000111196_unmod,0.0091
ENSG00000111203_unmod,-0.0713
ENSG00000111206_unmod,0.1154
ENSG00000111229_unmod,0.1236
ENSG00000111231_unmod,-0.1849
ENSG00000111237_unmod,0.3268
ENSG00000111247_unmod,0.1593
ENSG00000111252_unmod,0.248
ENSG00000111261_unmod,0.3493
ENSG00000111266_unmod,0.36
ENSG00000111269_unmod,0.0022
ENSG00000111271_unmod,0.1739
ENSG00000111275_unmod,0.2631
ENSG00000111276_unmod,0.086
ENSG00000111300_unmod,-0.8051
ENSG00000111319_unmod,-0.0516
ENSG00000111321_unmod,-0.1363
ENSG00000111328_unmod,0.0783
ENSG00000111331_unmod,0.0458
ENSG00000111335_unmod,0.5684
ENSG00000111348_unmod,0.3825
ENSG00000111358_unmod,-0.3996
ENSG00000111361_unmod,-0.1601
ENSG00000111364_unmod,0.3593
ENSG00000111371_unmod,-0.2815
ENSG00000111412_unmod,-0.5951
ENSG00000111424_unmod,0.3501
ENSG00000111445_unmod,0.1272
ENSG00000111450_unmod,0.8247
ENSG00000111452_unmod,0.2005
ENSG00000111481_unmod,-0.1203
ENSG00000111490_unmod,-0.5902
ENSG00000111530_unmod,0.3991
ENSG00000111540_unmod,0.0998
ENSG00000111554_unmod,0.0814
ENSG00000111581_unmod,-0.0745
ENSG00000111596_unmod,0.0452
ENSG00000111602_unmod,0.4586
ENSG00000111605_unmod,-0.1022
ENSG00000111615_unmod,0.2176
ENSG00000111639_unmod,0.1555
ENSG00000111640_unmod,0.094
ENSG00000111642_unmod,0.0885
ENSG00000111647_unmod,-0.0396
ENSG00000111652_unmod,-1.1318
ENSG00000111653_unmod,0.3939
ENSG00000111664_unmod,-0.5119
ENSG00000111665_unmod,0.4789
ENSG00000111666_unmod,-0.4519
ENSG00000111667_unmod,-0.0538
ENSG00000111669_unmod,0.098
ENSG00000111670_unmod,-0.0076
ENSG00000111671_unmod,0.5863
ENSG00000111674_unmod,0.561
ENSG00000111676_unmod,-0.1209
ENSG00000111678_unmod,0.2106
ENSG00000111684_unmod,-0.0848
ENSG00000111696_unmod,-0.2446
ENSG00000111700_unmod,-0.0291
ENSG00000111707_unmod,-0.0474
ENSG00000111711_unmod,0.1498
ENSG00000111716_unmod,-0.4793
ENSG00000111725_unmod,-0.0259
ENSG00000111726_unmod,1.1011
ENSG00000111727_unmod,0.3393
ENSG00000111731_unmod,-0.4387
ENSG00000111737_unmod,0.1031
ENSG00000111752_unmod,0.0744
ENSG00000111775_unmod,0.0223
ENSG00000111785_unmod,0.7783
ENSG00000111786_unmod,0.5717
ENSG00000111788_unmod,0.3312
ENSG00000111790_unmod,0.2153
ENSG00000111799_unmod,-0.247
ENSG00000111801_unmod,0.2207
ENSG00000111802_unmod,0.4198
ENSG00000111816_unmod,-0.4899
ENSG00000111817_unmod,0.6106
ENSG00000111832_unmod,0.0194
ENSG00000111843_unmod,0.126
ENSG00000111845_unmod,-0.0396
ENSG00000111846_unmod,0.1909
ENSG00000111850_unmod,-0.3082
ENSG00000111859_unmod,0.1455
ENSG00000111860_unmod,0.2115
ENSG00000111875_unmod,-0.0333
ENSG00000111877_unmod,0.3995
ENSG00000111880_unmod,0.1729
ENSG00000111885_unmod,0.3894
ENSG00000111897_unmod,0.143
ENSG00000111906_unmod,-0.0262
ENSG00000111907_unmod,0.0505
ENSG00000111911_unmod,0.3044
ENSG00000111912_unmod,0.6835
ENSG00000111961_unmod,0.3596
ENSG00000111962_unmod,0.2561
ENSG00000111981_unmod,-0.3479
ENSG00000112029_unmod,0.1812
ENSG00000112031_unmod,-0.1479
ENSG00000112033_unmod,0.1479
ENSG00000112039_unmod,-0.0549
ENSG00000112062_unmod,0.1737
ENSG00000112078_unmod,-0.1006
ENSG00000112079_unmod,0.1691
ENSG00000112081_unmod,0.0003
ENSG00000112096_unmod,0.9591
ENSG00000112110_unmod,0.0971
ENSG00000112118_unmod,0.4985
ENSG00000112130_unmod,-0.0812
ENSG00000112144_unmod,-0.3592
ENSG00000112146_unmod,-0.3568
ENSG00000112149_unmod,0.943
ENSG00000112159_unmod,-0.3159
ENSG00000112167_unmod,0.6075
ENSG00000112182_unmod,-0.0052
ENSG00000112186_unmod,0.1319
ENSG00000112200_unmod,-0.5428
ENSG00000112208_unmod,-0.2461
ENSG00000112210_unmod,-0.3241
ENSG00000112234_unmod,-0.3481
ENSG00000112237_unmod,0.145
ENSG00000112242_unmod,0.1497
ENSG00000112249_unmod,-0.2041
ENSG00000112276_unmod,0.4665
ENSG00000112282_unmod,0.0974
ENSG00000112290_unmod,0.0392
ENSG00000112294_unmod,-0.7171
ENSG00000112297_unmod,0.698
ENSG00000112304_unmod,0.3733
ENSG00000112305_unmod,0.1925
ENSG00000112306_unmod,0.1381
ENSG00000112308_unmod,0.6628
ENSG00000112312_unmod,0.3012
ENSG00000112319_unmod,0.0427
ENSG00000112335_unmod,-0.0782
ENSG00000112339_unmod,-0.0032
ENSG00000112343_unmod,0.472
ENSG00000112357_unmod,-0.0739
ENSG00000112365_unmod,-0.5253
ENSG00000112367_unmod,0.0114
ENSG00000112378_unmod,0.3963
ENSG00000112379_unmod,0.0465
ENSG00000112406_unmod,0.5245
ENSG00000112414_unmod,-0.0903
ENSG00000112419_unmod,0.54
ENSG00000112425_unmod,-0.2054
ENSG00000112473_unmod,0.2006
ENSG00000112511_unmod,0.5215
ENSG00000112514_unmod,0.2542
ENSG00000112531_unmod,0.0793
ENSG00000112541_unmod,-0.0164
ENSG00000112561_unmod,0.209
ENSG00000112576_unmod,-0.0683
ENSG00000112578_unmod,-0.3972
ENSG00000112584_unmod,-0.2908
ENSG00000112592_unmod,-0.1498
ENSG00000112624_unmod,-0.897
ENSG00000112640_unmod,0.1816
ENSG00000112651_unmod,-0.1542
ENSG00000112655_unmod,-0.2584
ENSG00000112658_unmod,0.0315
ENSG00000112659_unmod,0.0065
ENSG00000112667_unmod,-0.438
ENSG00000112679_unmod,0.0161
ENSG00000112685_unmod,-0.3533
ENSG00000112695_unmod,0.0637
ENSG00000112697_unmod,0.1511
ENSG00000112699_unmod,0.1387
ENSG00000112701_unmod,-0.1656
ENSG00000112715_unmod,0.4787
ENSG00000112739_unmod,0.2781
ENSG00000112742_unmod,-0.0479
ENSG00000112759_unmod,0.173
ENSG00000112763_unmod,0.5803
ENSG00000112769_unmod,0.2299
ENSG00000112773_unmod,-0.0904
ENSG00000112787_unmod,-0.4035
ENSG00000112851_unmod,0.0383
ENSG00000112855_unmod,0.0839
ENSG00000112874_unmod,-0.0194
ENSG00000112877_unmod,0.1635
ENSG00000112893_unmod,0.221
ENSG00000112941_unmod,0.07
ENSG00000112972_unmod,-0.2548
ENSG00000112977_unmod,-0.0211
ENSG00000112983_unmod,0.0921
ENSG00000112984_unmod,0.5723
ENSG00000112992_unmod,0.0792
ENSG00000112996_unmod,-0.4591
ENSG00000113013_unmod,0.1665
ENSG00000113048_unmod,-0.1748
ENSG00000113068_unmod,-0.059
ENSG00000113070_unmod,1.0078
ENSG00000113083_unmod,-0.0478
ENSG00000113108_unmod,-0.3275
ENSG00000113119_unmod,-0.2019
ENSG00000113141_unmod,0.1651
ENSG00000113161_unmod,-0.1183
ENSG00000113163_unmod,-0.1484
ENSG00000113194_unmod,0.4016
ENSG00000113231_unmod,-0.0479
ENSG00000113240_unmod,0.2757
ENSG00000113269_unmod,0.6487
ENSG00000113272_unmod,-0.0388
ENSG00000113273_unmod,-0.163
ENSG00000113282_unmod,0.1131
ENSG00000113300_unmod,-0.0448
ENSG00000113312_unmod,-0.0037
ENSG00000113318_unmod,0.1603
ENSG00000113327_unmod,0.2814
ENSG00000113328_unmod,-0.8379
ENSG00000113356_unmod,-0.8928
ENSG00000113360_unmod,-0.2906
ENSG00000113361_unmod,-0.2923
ENSG00000113368_unmod,0.5084
ENSG00000113369_unmod,0.0874
ENSG00000113384_unmod,0.0842
ENSG00000113387_unmod,-0.2074
ENSG00000113389_unmod,-0.0544
ENSG00000113391_unmod,0.0589
ENSG00000113407_unmod,-0.0032
ENSG00000113441_unmod,0.6107
ENSG00000113448_unmod,0.0472
ENSG00000113456_unmod,0.2783
ENSG00000113460_unmod,-0.1216
ENSG00000113504_unmod,0.5564
ENSG00000113522_unmod,-0.202
ENSG00000113552_unmod,0.3061
ENSG00000113558_unmod,-0.0222
ENSG00000113569_unmod,0.2195
ENSG00000113575_unmod,-0.1738
ENSG00000113580_unmod,0.1099
ENSG00000113583_unmod,0.1486
ENSG00000113593_unmod,0.0856
ENSG00000113594_unmod,-0.1396
ENSG00000113595_unmod,0.6952
ENSG00000113597_unmod,0.4254
ENSG00000113615_unmod,0.2387
ENSG00000113621_unmod,-0.3921
ENSG00000113638_unmod,0.7
ENSG00000113643_unmod,-0.2436
ENSG00000113645_unmod,-0.3826
ENSG00000113648_unmod,0.0326
ENSG00000113649_unmod,-0.4181
ENSG00000113657_unmod,0.1575
ENSG00000113658_unmod,0.474
ENSG00000113712_unmod,0.3135
ENSG00000113716_unmod,-0.2621
ENSG00000113719_unmod,-0.2045
ENSG00000113732_unmod,-0.1175
ENSG00000113734_unmod,0.006
ENSG00000113739_unmod,-0.0437
ENSG00000113742_unmod,0.1761
ENSG00000113758_unmod,0.1674
ENSG00000113761_unmod,-0.0485
ENSG00000113810_unmod,0.3888
ENSG00000113811_unmod,0.7557
ENSG00000113812_unmod,0.0254
ENSG00000113838_unmod,0.1541
ENSG00000113845_unmod,-0.0336
ENSG00000113851_unmod,-0.0127
ENSG00000113916_unmod,0.2596
ENSG00000113966_unmod,-0.2003
ENSG00000114019_unmod,0.1081
ENSG00000114021_unmod,-0.0938
ENSG00000114023_unmod,-0.4091
ENSG00000114026_unmod,0.0421
ENSG00000114030_unmod,0.135
ENSG00000114054_unmod,-0.4236
ENSG00000114062_unmod,-0.0796
ENSG00000114098_unmod,-0.9307
ENSG00000114107_unmod,0.478
ENSG00000114120_unmod,-0.0803
ENSG00000114125_unmod,-0.4963
ENSG00000114126_unmod,-0.3859
ENSG00000114127_unmod,0.4309
ENSG00000114166_unmod,1.6413
ENSG00000114209_unmod,0.0884
ENSG00000114251_unmod,-0.418
ENSG00000114268_unmod,0.608
ENSG00000114270_unmod,0.3922
ENSG00000114279_unmod,0.4056
ENSG00000114302_unmod,-0.1274
ENSG00000114315_unmod,0.4019
ENSG00000114316_unmod,0.031
ENSG00000114346_unmod,0.3
ENSG00000114353_unmod,0.2262
ENSG00000114354_unmod,0.0802
ENSG00000114378_unmod,0.1739
ENSG00000114383_unmod,-0.3411
ENSG00000114388_unmod,-0.1053
ENSG00000114391_unmod,0.0722
ENSG00000114395_unmod,0.3682
ENSG00000114416_unmod,0.5377
ENSG00000114423_unmod,0.0645
ENSG00000114439_unmod,-0.1528
ENSG00000114446_unmod,0.6992
ENSG00000114473_unmod,0.3583
ENSG00000114480_unmod,0.2029
ENSG00000114491_unmod,-0.1641
ENSG00000114503_unmod,0.1152
ENSG00000114520_unmod,-0.1911
ENSG00000114529_unmod,0.8225
ENSG00000114544_unmod,-0.1177
ENSG00000114554_unmod,0.0801
ENSG00000114573_unmod,0.5315
ENSG00000114626_unmod,0.1707
ENSG00000114631_unmod,-0.1174
ENSG00000114648_unmod,0.0082
ENSG00000114650_unmod,-0.2568
ENSG00000114686_unmod,-0.2611
ENSG00000114698_unmod,0.4228
ENSG00000114735_unmod,0.2839
ENSG00000114738_unmod,-0.1518
ENSG00000114739_unmod,0.1574
ENSG00000114744_unmod,0.0709
ENSG00000114745_unmod,-0.2499
ENSG00000114767_unmod,-0.7189
ENSG00000114770_unmod,0.0032
ENSG00000114779_unmod,-0.0924
ENSG00000114784_unmod,-0.0544
ENSG00000114790_unmod,-0.6126
ENSG00000114796_unmod,0.2582
ENSG00000114812_unmod,-0.1838
ENSG00000114850_unmod,-0.4158
ENSG00000114853_unmod,-0.5387
ENSG00000114857_unmod,0.0829
ENSG00000114859_unmod,-0.6731
ENSG00000114861_unmod,0.0875
ENSG00000114867_unmod,0.0707
ENSG00000114902_unmod,-0.2572
ENSG00000114904_unmod,0.018
ENSG00000114933_unmod,-0.1147
ENSG00000114942_unmod,0.033
ENSG00000114948_unmod,0.1795
ENSG00000114956_unmod,-0.263
ENSG00000114978_unmod,-0.7469
ENSG00000114982_unmod,0.5424
ENSG00000114988_unmod,0.0751
ENSG00000114999_unmod,-0.1426
ENSG00000115008_unmod,1.0412
ENSG00000115020_unmod,-0.1747
ENSG00000115042_unmod,0.1099
ENSG00000115053_unmod,-0.4361
ENSG00000115073_unmod,0.2222
ENSG00000115084_unmod,-0.2565
ENSG00000115091_unmod,0.1838
ENSG00000115107_unmod,0.0936
ENSG00000115109_unmod,-0.1272
ENSG00000115128_unmod,-0.1126
ENSG00000115129_unmod,0.7669
ENSG00000115137_unmod,-0.4565
ENSG00000115145_unmod,0.3569
ENSG00000115159_unmod,-1.2537
ENSG00000115163_unmod,0.4472
ENSG00000115170_unmod,-0.7992
ENSG00000115183_unmod,0.1756
ENSG00000115204_unmod,-0.0818
ENSG00000115207_unmod,-0.3361
ENSG00000115211_unmod,-0.2426
ENSG00000115216_unmod,0.0542
ENSG00000115232_unmod,1.1655
ENSG00000115233_unmod,0.1796
ENSG00000115234_unmod,-0.291
ENSG00000115241_unmod,0.1937
ENSG00000115267_unmod,0.3796
ENSG00000115268_unmod,-0.0804
ENSG00000115275_unmod,-0.1181
ENSG00000115282_unmod,-0.0939
ENSG00000115286_unmod,-0.0039
ENSG00000115289_unmod,0.0568
ENSG00000115295_unmod,0.3806
ENSG00000115306_unmod,0.133
ENSG00000115307_unmod,-0.1586
ENSG00000115310_unmod,0.1417
ENSG00000115317_unmod,0.487
ENSG00000115325_unmod,0.4302
ENSG00000115339_unmod,0.7815
ENSG00000115350_unmod,0.5067
ENSG00000115355_unmod,0.0014
ENSG00000115361_unmod,0.156
ENSG00000115363_unmod,-0.8219
ENSG00000115364_unmod,-0.6922
ENSG00000115368_unmod,-0.1344
ENSG00000115380_unmod,-0.4904
ENSG00000115392_unmod,0.1356
ENSG00000115414_unmod,0.3244
ENSG00000115415_unmod,0.096
ENSG00000115419_unmod,0.0107
ENSG00000115421_unmod,-0.4954
ENSG00000115425_unmod,0.2741
ENSG00000115446_unmod,0.2392
ENSG00000115459_unmod,0.2718
ENSG00000115461_unmod,0.2387
ENSG00000115464_unmod,0.0225
ENSG00000115484_unmod,-0.0852
ENSG00000115486_unmod,0.0826
ENSG00000115504_unmod,0.1747
ENSG00000115507_unmod,-0.4837
ENSG00000115514_unmod,0.2209
ENSG00000115520_unmod,0.3616
ENSG00000115524_unmod,-0.0258
ENSG00000115525_unmod,0.3423
ENSG00000115526_unmod,0.097
ENSG00000115539_unmod,-0.0049
ENSG00000115540_unmod,-0.2668
ENSG00000115541_unmod,-0.6856
ENSG00000115548_unmod,0.107
ENSG00000115561_unmod,0.0854
ENSG00000115568_unmod,-0.2217
ENSG00000115594_unmod,0.6844
ENSG00000115604_unmod,0.3574
ENSG00000115616_unmod,0.1697
ENSG00000115641_unmod,-0.0589
ENSG00000115649_unmod,0.1521
ENSG00000115652_unmod,-0.3658
ENSG00000115661_unmod,-0.0251
ENSG00000115677_unmod,0.1444
ENSG00000115685_unmod,0.0594
ENSG00000115687_unmod,0.4201
ENSG00000115694_unmod,0.0186
ENSG00000115738_unmod,-0.1511
ENSG00000115750_unmod,0.1799
ENSG00000115756_unmod,0.0812
ENSG00000115758_unmod,0.0818
ENSG00000115760_unmod,-0.0565
ENSG00000115762_unmod,-0.2509
ENSG00000115806_unmod,-0.235
ENSG00000115808_unmod,0.1113
ENSG00000115816_unmod,0.0541
ENSG00000115825_unmod,0.1605
ENSG00000115827_unmod,-0.2753
ENSG00000115839_unmod,-0.0132
ENSG00000115840_unmod,-0.0723
ENSG00000115844_unmod,-0.7728
ENSG00000115866_unmod,-0.0427
ENSG00000115875_unmod,-0.0187
ENSG00000115884_unmod,0.4037
ENSG00000115896_unmod,0.0618
ENSG00000115902_unmod,0.6795
ENSG00000115904_unmod,-0.0715
ENSG00000115919_unmod,0.466
ENSG00000115935_unmod,0.5732
ENSG00000115942_unmod,-0.0897
ENSG00000115944_unmod,-0.1196
ENSG00000115946_unmod,-0.4869
ENSG00000115947_unmod,-0.2175
ENSG00000115963_unmod,0.2731
ENSG00000115966_unmod,-0.0865
ENSG00000115970_unmod,-0.1495
ENSG00000115977_unmod,0.8756
ENSG00000115993_unmod,0.1311
ENSG00000115998_unmod,0.0168
ENSG00000116001_unmod,-0.102
ENSG00000116005_unmod,-0.1043
ENSG00000116016_unmod,-0.2579
ENSG00000116017_unmod,-0.0322
ENSG00000116030_unmod,0.0159
ENSG00000116044_unmod,-0.1185
ENSG00000116062_unmod,0.458
ENSG00000116095_unmod,-0.1472
ENSG00000116096_unmod,0.0167
ENSG00000116106_unmod,0.0275
ENSG00000116117_unmod,0.0485
ENSG00000116120_unmod,-0.8416
ENSG00000116127_unmod,-0.034
ENSG00000116128_unmod,-0.3241
ENSG00000116132_unmod,0.3361
ENSG00000116133_unmod,-1.3687
ENSG00000116138_unmod,-0.3286
ENSG00000116141_unmod,0.1345
ENSG00000116151_unmod,0.2746
ENSG00000116161_unmod,-0.0355
ENSG00000116171_unmod,0.0804
ENSG00000116183_unmod,0.4539
ENSG00000116191_unmod,-0.0023
ENSG00000116198_unmod,-0.1141
ENSG00000116199_unmod,0.348
ENSG00000116205_unmod,0.0534
ENSG00000116209_unmod,0.0185
ENSG00000116212_unmod,0.3061
ENSG00000116213_unmod,-0.3554
ENSG00000116221_unmod,-0.1041
ENSG00000116237_unmod,0.3744
ENSG00000116251_unmod,-0.0111
ENSG00000116260_unmod,0.0544
ENSG00000116266_unmod,0.2266
ENSG00000116273_unmod,0.4364
ENSG00000116285_unmod,0.5599
ENSG00000116288_unmod,0.2377
ENSG00000116299_unmod,-0.1994
ENSG00000116337_unmod,-0.2174
ENSG00000116350_unmod,-0.0795
ENSG00000116353_unmod,-0.0598
ENSG00000116396_unmod,0.18
ENSG00000116406_unmod,-0.3795
ENSG00000116455_unmod,-0.3452
ENSG00000116459_unmod,-0.1399
ENSG00000116473_unmod,0.024
ENSG00000116478_unmod,-0.2064
ENSG00000116489_unmod,-0.6877
ENSG00000116497_unmod,0.2623
ENSG00000116514_unmod,0.5344
ENSG00000116521_unmod,-0.332
ENSG00000116525_unmod,-0.3995
ENSG00000116539_unmod,-0.1429
ENSG00000116560_unmod,0.1017
ENSG00000116580_unmod,0.0183
ENSG00000116584_unmod,0.6674
ENSG00000116586_unmod,0.5597
ENSG00000116604_unmod,-0.1767
ENSG00000116641_unmod,-0.0095
ENSG00000116649_unmod,-0.2978
ENSG00000116667_unmod,0.3021
ENSG00000116668_unmod,-0.2279
ENSG00000116670_unmod,0.0576
ENSG00000116675_unmod,0.7148
ENSG00000116678_unmod,0.3881
ENSG00000116679_unmod,-0.3538
ENSG00000116685_unmod,-0.2901
ENSG00000116688_unmod,-0.0981
ENSG00000116690_unmod,0.3943
ENSG00000116691_unmod,0.0333
ENSG00000116698_unmod,-0.2313
ENSG00000116701_unmod,0.4983
ENSG00000116704_unmod,0.2983
ENSG00000116711_unmod,0.3922
ENSG00000116717_unmod,-0.2178
ENSG00000116729_unmod,-0.2532
ENSG00000116731_unmod,-0.1695
ENSG00000116741_unmod,0.1707
ENSG00000116747_unmod,-0.0219
ENSG00000116750_unmod,-0.0594
ENSG00000116752_unmod,0.4066
ENSG00000116754_unmod,-0.3506
ENSG00000116761_unmod,-0.1177
ENSG00000116771_unmod,-0.3419
ENSG00000116786_unmod,0.5066
ENSG00000116791_unmod,0.0276
ENSG00000116793_unmod,0.5056
ENSG00000116809_unmod,0.271
ENSG00000116815_unmod,0.0674
ENSG00000116830_unmod,0.0158
ENSG00000116852_unmod,0.4177
ENSG00000116857_unmod,0.2082
ENSG00000116863_unmod,0.3368
ENSG00000116871_unmod,0.3345
ENSG00000116874_unmod,-0.9152
ENSG00000116898_unmod,-0.0248
ENSG00000116903_unmod,0.1092
ENSG00000116906_unmod,-0.1105
ENSG00000116918_unmod,0.04
ENSG00000116922_unmod,-0.563
ENSG00000116954_unmod,0.4168
ENSG00000116962_unmod,0.3247
ENSG00000116977_unmod,0.1328
ENSG00000116984_unmod,0.2817
ENSG00000116985_unmod,0.1175
ENSG00000116991_unmod,0.1972
ENSG00000117000_unmod,0.1875
ENSG00000117036_unmod,0.4626
ENSG00000117054_unmod,-0.1736
ENSG00000117114_unmod,-0.16
ENSG00000117118_unmod,-0.0838
ENSG00000117122_unmod,-0.1285
ENSG00000117133_unmod,-0.2779
ENSG00000117139_unmod,-0.4218
ENSG00000117143_unmod,-0.1726
ENSG00000117151_unmod,0.4695
ENSG00000117153_unmod,-0.0464
ENSG00000117155_unmod,0.8397
ENSG00000117174_unmod,-0.725
ENSG00000117222_unmod,-0.4612
ENSG00000117226_unmod,-1.1355
ENSG00000117228_unmod,0.582
ENSG00000117242_unmod,-0.1993
ENSG00000117262_unmod,-0.0727
ENSG00000117266_unmod,0.0742
ENSG00000117280_unmod,-0.0477
ENSG00000117298_unmod,0.2352
ENSG00000117305_unmod,0.1241
ENSG00000117308_unmod,0.3596
ENSG00000117318_unmod,0.057
ENSG00000117335_unmod,-0.0256
ENSG00000117360_unmod,0.0119
ENSG00000117362_unmod,0.039
ENSG00000117385_unmod,0.0421
ENSG00000117394_unmod,-0.4218
ENSG00000117395_unmod,-0.2967
ENSG00000117399_unmod,0.2062
ENSG00000117408_unmod,0.031
ENSG00000117410_unmod,0.2303
ENSG00000117411_unmod,-0.0976
ENSG00000117419_unmod,-0.0621
ENSG00000117448_unmod,0.1878
ENSG00000117450_unmod,-0.0092
ENSG00000117461_unmod,0.4374
ENSG00000117472_unmod,0.8612
ENSG00000117475_unmod,0.0592
ENSG00000117479_unmod,-0.5186
ENSG00000117481_unmod,-0.3959
ENSG00000117500_unmod,-0.2252
ENSG00000117505_unmod,-0.2405
ENSG00000117519_unmod,-0.2294
ENSG00000117523_unmod,-0.3672
ENSG00000117525_unmod,-0.5965
ENSG00000117528_unmod,-0.0875
ENSG00000117533_unmod,-0.1646
ENSG00000117543_unmod,-0.4159
ENSG00000117569_unmod,-0.1195
ENSG00000117592_unmod,-0.1402
ENSG00000117593_unmod,-0.0405
ENSG00000117597_unmod,-0.0246
ENSG00000117602_unmod,0.4074
ENSG00000117614_unmod,0.0323
ENSG00000117616_unmod,0.3674
ENSG00000117620_unmod,-0.1889
ENSG00000117625_unmod,-0.2036
ENSG00000117632_unmod,0.4146
ENSG00000117640_unmod,-0.3633
ENSG00000117650_unmod,0.4029
ENSG00000117676_unmod,-0.2583
ENSG00000117682_unmod,-0.0421
ENSG00000117691_unmod,0.2898
ENSG00000117697_unmod,-0.0325
ENSG00000117713_unmod,0.0445
ENSG00000117724_unmod,0.2527
ENSG00000117748_unmod,0.5106
ENSG00000117751_unmod,0.1144
ENSG00000117758_unmod,-0.286
ENSG00000117791_unmod,0.2215
ENSG00000117859_unmod,-0.2009
ENSG00000117862_unmod,0.1036
ENSG00000117868_unmod,0.1072
ENSG00000117877_unmod,0.0878
ENSG00000117899_unmod,-1.0218
ENSG00000117906_unmod,0.2247
ENSG00000117984_unmod,0.1879
ENSG00000118007_unmod,0.2545
ENSG00000118058_unmod,-0.1267
ENSG00000118096_unmod,-0.1231
ENSG00000118162_unmod,-0.2433
ENSG00000118181_unmod,-0.0953
ENSG00000118193_unmod,0.3934
ENSG00000118197_unmod,0.0689
ENSG00000118200_unmod,0.0824
ENSG00000118217_unmod,0.3636
ENSG00000118242_unmod,-0.2118
ENSG00000118246_unmod,-0.3205
ENSG00000118257_unmod,-0.1883
ENSG00000118260_unmod,0.1754
ENSG00000118263_unmod,-0.1559
ENSG00000118276_unmod,0.6825
ENSG00000118363_unmod,0.0522
ENSG00000118369_unmod,0.1859
ENSG00000118402_unmod,-0.1222
ENSG00000118412_unmod,0.4575
ENSG00000118418_unmod,0.4168
ENSG00000118420_unmod,-0.4728
ENSG00000118432_unmod,0.9113
ENSG00000118454_unmod,0.3158
ENSG00000118482_unmod,0.1802
ENSG00000118495_unmod,0.2129
ENSG00000118496_unmod,-0.035
ENSG00000118503_unmod,0.5727
ENSG00000118507_unmod,0.4678
ENSG00000118508_unmod,0.2244
ENSG00000118515_unmod,-0.1322
ENSG00000118518_unmod,0.3158
ENSG00000118523_unmod,-0.4435
ENSG00000118564_unmod,0.2015
ENSG00000118579_unmod,-0.006
ENSG00000118596_unmod,-0.2716
ENSG00000118600_unmod,-0.0429
ENSG00000118620_unmod,0.4181
ENSG00000118640_unmod,0.0951
ENSG00000118655_unmod,0.3645
ENSG00000118680_unmod,-0.138
ENSG00000118689_unmod,-0.3141
ENSG00000118705_unmod,-0.0187
ENSG00000118707_unmod,-1.1786
ENSG00000118762_unmod,0.5434
ENSG00000118816_unmod,0.0152
ENSG00000118855_unmod,0.0102
ENSG00000118873_unmod,-0.2365
ENSG00000118894_unmod,-0.4684
ENSG00000118898_unmod,0.5041
ENSG00000118900_unmod,0.986
ENSG00000118922_unmod,0.0329
ENSG00000118939_unmod,-0.2759
ENSG00000118960_unmod,0.2748
ENSG00000118961_unmod,-0.48
ENSG00000118965_unmod,-0.7718
ENSG00000118985_unmod,0.2603
ENSG00000118997_unmod,0.7381
ENSG00000119004_unmod,-0.1149
ENSG00000119013_unmod,0.0405
ENSG00000119041_unmod,-0.1808
ENSG00000119042_unmod,0.2116
ENSG00000119048_unmod,0.0631
ENSG00000119125_unmod,-0.6727
ENSG00000119138_unmod,0.1796
ENSG00000119185_unmod,0.1973
ENSG00000119203_unmod,-0.1475
ENSG00000119231_unmod,-0.2619
ENSG00000119280_unmod,0.1339
ENSG00000119285_unmod,-0.4546
ENSG00000119314_unmod,-0.1337
ENSG00000119318_unmod,-0.0187
ENSG00000119321_unmod,0.065
ENSG00000119326_unmod,0.3262
ENSG00000119328_unmod,-0.6076
ENSG00000119333_unmod,0.5638
ENSG00000119335_unmod,-0.316
ENSG00000119383_unmod,0.042
ENSG00000119392_unmod,0.0096
ENSG00000119396_unmod,0.7107
ENSG00000119397_unmod,0.7114
ENSG00000119401_unmod,-0.0758
ENSG00000119402_unmod,-0.1148
ENSG00000119403_unmod,0.4128
ENSG00000119408_unmod,-0.5292
ENSG00000119414_unmod,-0.3517
ENSG00000119421_unmod,0.1951
ENSG00000119431_unmod,-0.2603
ENSG00000119446_unmod,-0.5839
ENSG00000119471_unmod,-0.0988
ENSG00000119487_unmod,0.3792
ENSG00000119508_unmod,0.0542
ENSG00000119509_unmod,-0.0846
ENSG00000119522_unmod,-0.0033
ENSG00000119523_unmod,-0.0399
ENSG00000119537_unmod,0.4199
ENSG00000119541_unmod,0.5805
ENSG00000119547_unmod,-0.187
ENSG00000119559_unmod,0.1057
ENSG00000119574_unmod,-0.2541
ENSG00000119596_unmod,-0.1703
ENSG00000119599_unmod,-0.2002
ENSG00000119616_unmod,0.0954
ENSG00000119636_unmod,0.1297
ENSG00000119638_unmod,0.0068
ENSG00000119640_unmod,-0.1337
ENSG00000119650_unmod,0.4277
ENSG00000119655_unmod,0.3108
ENSG00000119661_unmod,0.9981
ENSG00000119669_unmod,0.4871
ENSG00000119673_unmod,0.2065
ENSG00000119681_unmod,0.2792
ENSG00000119682_unmod,-0.0732
ENSG00000119684_unmod,-0.0464
ENSG00000119685_unmod,0.0653
ENSG00000119686_unmod,-0.4871
ENSG00000119688_unmod,-0.1507
ENSG00000119689_unmod,0.0888
ENSG00000119699_unmod,-0.0415
ENSG00000119705_unmod,-0.0374
ENSG00000119707_unmod,0.0876
ENSG00000119711_unmod,-0.0138
ENSG00000119718_unmod,-0.2764
ENSG00000119720_unmod,-0.037
ENSG00000119723_unmod,0.4112
ENSG00000119729_unmod,0.1001
ENSG00000119737_unmod,-0.5501
ENSG00000119760_unmod,-0.0203
ENSG00000119771_unmod,-0.1791
ENSG00000119772_unmod,0.3315
ENSG00000119777_unmod,0.1917
ENSG00000119778_unmod,0.3144
ENSG00000119787_unmod,-0.0094
ENSG00000119801_unmod,0.4854
ENSG00000119812_unmod,0.0877
ENSG00000119820_unmod,0.0869
ENSG00000119844_unmod,-0.1358
ENSG00000119862_unmod,-0.2839
ENSG00000119865_unmod,0.0683
ENSG00000119878_unmod,-0.3879
ENSG00000119899_unmod,0.0617
ENSG00000119900_unmod,-0.1502
ENSG00000119906_unmod,0.1687
ENSG00000119912_unmod,-0.1647
ENSG00000119917_unmod,0.449
ENSG00000119922_unmod,0.7444
ENSG00000119927_unmod,-0.0767
ENSG00000119929_unmod,0.1718
ENSG00000119938_unmod,0.1714
ENSG00000119943_unmod,0.0959
ENSG00000119946_unmod,-0.5739
ENSG00000119950_unmod,-0.519
ENSG00000119953_unmod,-0.0248
ENSG00000119965_unmod,-0.2545
ENSG00000119969_unmod,0.049
ENSG00000119977_unmod,-0.2309
ENSG00000119979_unmod,0.0402
ENSG00000120008_unmod,0.5273
ENSG00000120029_unmod,-0.1067
ENSG00000120053_unmod,-0.1117
ENSG00000120063_unmod,0.1741
ENSG00000120071_unmod,-0.5232
ENSG00000120093_unmod,-0.3686
ENSG00000120129_unmod,-0.0096
ENSG00000120137_unmod,-0.6537
ENSG00000120156_unmod,0.0429
ENSG00000120158_unmod,-0.147
ENSG00000120159_unmod,0.0844
ENSG00000120162_unmod,-0.3881
ENSG00000120217_unmod,-0.0697
ENSG00000120254_unmod,0.07
ENSG00000120256_unmod,1.0755
ENSG00000120265_unmod,0.1401
ENSG00000120278_unmod,0.4661
ENSG00000120306_unmod,0.0499
ENSG00000120314_unmod,0.0572
ENSG00000120318_unmod,0.3767
ENSG00000120333_unmod,0.3812
ENSG00000120334_unmod,0.2751
ENSG00000120370_unmod,0.4049
ENSG00000120437_unmod,-0.051
ENSG00000120438_unmod,-0.0101
ENSG00000120451_unmod,-0.1975
ENSG00000120458_unmod,0.018
ENSG00000120509_unmod,0.247
ENSG00000120519_unmod,-0.3629
ENSG00000120526_unmod,-0.4516
ENSG00000120533_unmod,-0.0964
ENSG00000120539_unmod,0.5343
ENSG00000120549_unmod,0.0911
ENSG00000120594_unmod,0.0587
ENSG00000120616_unmod,0.0003
ENSG00000120647_unmod,-0.12
ENSG00000120656_unmod,-0.106
ENSG00000120658_unmod,-0.0457
ENSG00000120662_unmod,-0.079
ENSG00000120675_unmod,-0.2616
ENSG00000120685_unmod,-0.5496
ENSG00000120686_unmod,0.0771
ENSG00000120688_unmod,0.1856
ENSG00000120690_unmod,-0.0747
ENSG00000120693_unmod,0.2852
ENSG00000120694_unmod,-0.4069
ENSG00000120696_unmod,-0.404
ENSG00000120697_unmod,-0.2393
ENSG00000120699_unmod,0.3382
ENSG00000120705_unmod,-0.0702
ENSG00000120708_unmod,0.062
ENSG00000120709_unmod,0.0855
ENSG00000120725_unmod,0.3004
ENSG00000120727_unmod,0.1839
ENSG00000120733_unmod,0.1713
ENSG00000120738_unmod,0.1583
ENSG00000120742_unmod,-0.0193
ENSG00000120756_unmod,-0.5098
ENSG00000120784_unmod,-0.0852
ENSG00000120798_unmod,-0.0176
ENSG00000120800_unmod,-0.3719
ENSG00000120802_unmod,0.0639
ENSG00000120805_unmod,-0.769
ENSG00000120820_unmod,-0.0165
ENSG00000120832_unmod,0.171
ENSG00000120837_unmod,-0.1342
ENSG00000120860_unmod,0.3569
ENSG00000120868_unmod,0.7012
ENSG00000120875_unmod,-0.1877
ENSG00000120885_unmod,0.1906
ENSG00000120889_unmod,-0.1359
ENSG00000120896_unmod,0.3865
ENSG00000120899_unmod,0.6064
ENSG00000120910_unmod,0.1883
ENSG00000120925_unmod,0.5635
ENSG00000120942_unmod,-0.2931
ENSG00000120948_unmod,-0.2491
ENSG00000120963_unmod,-0.2761
ENSG00000120992_unmod,-0.1792
ENSG00000121022_unmod,-0.036
ENSG00000121039_unmod,-0.5091
ENSG00000121057_unmod,-0.3985
ENSG00000121058_unmod,-0.1266
ENSG00000121060_unmod,0.0321
ENSG00000121064_unmod,0.2638
ENSG00000121067_unmod,0.0048
ENSG00000121073_unmod,-0.0307
ENSG00000121152_unmod,0.0319
ENSG00000121210_unmod,-0.0551
ENSG00000121211_unmod,0.413
ENSG00000121274_unmod,0.2106
ENSG00000121281_unmod,0.2741
ENSG00000121289_unmod,0.4865
ENSG00000121310_unmod,0.1932
ENSG00000121316_unmod,-0.2749
ENSG00000121350_unmod,-0.0491
ENSG00000121390_unmod,0.2194
ENSG00000121417_unmod,0.1125
ENSG00000121481_unmod,0.9399
ENSG00000121486_unmod,-0.2957
ENSG00000121542_unmod,0.3233
ENSG00000121578_unmod,0.3044
ENSG00000121579_unmod,-0.4233
ENSG00000121621_unmod,-0.1834
ENSG00000121644_unmod,-0.5888
ENSG00000121653_unmod,0.2061
ENSG00000121671_unmod,0.2941
ENSG00000121680_unmod,0.065
ENSG00000121690_unmod,-0.58
ENSG00000121691_unmod,0.0386
ENSG00000121716_unmod,-0.0246
ENSG00000121741_unmod,-0.1977
ENSG00000121749_unmod,0.174
ENSG00000121753_unmod,0.2681
ENSG00000121766_unmod,0.2364
ENSG00000121774_unmod,0.0845
ENSG00000121775_unmod,-0.1484
ENSG00000121864_unmod,-0.2963
ENSG00000121879_unmod,0.2563
ENSG00000121892_unmod,-0.0986
ENSG00000121895_unmod,0.2784
ENSG00000121897_unmod,-0.3229
ENSG00000121900_unmod,0.2954
ENSG00000121903_unmod,0.0153
ENSG00000121931_unmod,0.1304
ENSG00000121940_unmod,0.0005
ENSG00000121957_unmod,0.4722
ENSG00000121964_unmod,0.0371
ENSG00000121966_unmod,0.1774
ENSG00000121988_unmod,0.0031
ENSG00000121989_unmod,-0.0637
ENSG00000122008_unmod,0.1306
ENSG00000122026_unmod,0.1153
ENSG00000122033_unmod,0.1339
ENSG00000122034_unmod,0.0193
ENSG00000122042_unmod,-0.2374
ENSG00000122068_unmod,0.0474
ENSG00000122085_unmod,-0.0185
ENSG00000122126_unmod,-0.3373
ENSG00000122140_unmod,-0.2775
ENSG00000122203_unmod,-0.3253
ENSG00000122218_unmod,0.1347
ENSG00000122257_unmod,0.0069
ENSG00000122299_unmod,0.313
ENSG00000122335_unmod,-0.0118
ENSG00000122359_unmod,0.1147
ENSG00000122376_unmod,0.5462
ENSG00000122378_unmod,-0.0161
ENSG00000122386_unmod,-0.095
ENSG00000122390_unmod,-0.3116
ENSG00000122406_unmod,-0.1822
ENSG00000122417_unmod,0.2309
ENSG00000122435_unmod,-0.04
ENSG00000122482_unmod,0.141
ENSG00000122483_unmod,0.3869
ENSG00000122484_unmod,-0.2064
ENSG00000122490_unmod,0.0719
ENSG00000122507_unmod,0.3281
ENSG00000122512_unmod,0.0362
ENSG00000122515_unmod,-0.0527
ENSG00000122545_unmod,0.092
ENSG00000122547_unmod,-0.1702
ENSG00000122550_unmod,0.1265
ENSG00000122557_unmod,-0.6523
ENSG00000122565_unmod,-0.6885
ENSG00000122566_unmod,0.0804
ENSG00000122591_unmod,0.0824
ENSG00000122592_unmod,-2.2326
ENSG00000122641_unmod,1.1944
ENSG00000122642_unmod,0.208
ENSG00000122643_unmod,-0.0812
ENSG00000122644_unmod,0.3396
ENSG00000122674_unmod,-0.1029
ENSG00000122678_unmod,0.0516
ENSG00000122691_unmod,0.4025
ENSG00000122692_unmod,-0.2244
ENSG00000122694_unmod,-0.0267
ENSG00000122696_unmod,0.0736
ENSG00000122705_unmod,-0.5438
ENSG00000122707_unmod,-0.0351
ENSG00000122729_unmod,0.3574
ENSG00000122741_unmod,-0.0405
ENSG00000122778_unmod,0.2779
ENSG00000122779_unmod,0.2569
ENSG00000122783_unmod,0.1364
ENSG00000122786_unmod,-0.0231
ENSG00000122861_unmod,1.6786
ENSG00000122862_unmod,0.1489
ENSG00000122863_unmod,0.3233
ENSG00000122870_unmod,0.2303
ENSG00000122873_unmod,0.0231
ENSG00000122882_unmod,-0.3009
ENSG00000122884_unmod,-0.2642
ENSG00000122912_unmod,-0.1658
ENSG00000122952_unmod,0.1237
ENSG00000122958_unmod,-0.2343
ENSG00000122965_unmod,-0.0905
ENSG00000122966_unmod,0.0605
ENSG00000122970_unmod,0.5339
ENSG00000123064_unmod,0.0554
ENSG00000123066_unmod,-0.1725
ENSG00000123080_unmod,0.3344
ENSG00000123091_unmod,-0.3296
ENSG00000123094_unmod,-0.2116
ENSG00000123104_unmod,0.3455
ENSG00000123106_unmod,0.3027
ENSG00000123124_unmod,0.035
ENSG00000123130_unmod,0.1529
ENSG00000123131_unmod,-0.2125
ENSG00000123136_unmod,0.3186
ENSG00000123143_unmod,0.3394
ENSG00000123146_unmod,0.7653
ENSG00000123159_unmod,0.2388
ENSG00000123178_unmod,0.1566
ENSG00000123179_unmod,-0.4106
ENSG00000123200_unmod,-0.2335
ENSG00000123213_unmod,-0.6201
ENSG00000123219_unmod,0.4197
ENSG00000123240_unmod,0.6077
ENSG00000123268_unmod,-0.0506
ENSG00000123349_unmod,0.0959
ENSG00000123352_unmod,0.1393
ENSG00000123353_unmod,-0.0097
ENSG00000123358_unmod,0.2948
ENSG00000123364_unmod,-0.6891
ENSG00000123374_unmod,0.1904
ENSG00000123384_unmod,0.2539
ENSG00000123388_unmod,0.053
ENSG00000123395_unmod,0.0712
ENSG00000123411_unmod,-0.4482
ENSG00000123415_unmod,-0.1182
ENSG00000123416_unmod,0.1801
ENSG00000123427_unmod,-0.1156
ENSG00000123472_unmod,0.3356
ENSG00000123473_unmod,0.0359
ENSG00000123485_unmod,0.5729
ENSG00000123505_unmod,-0.3221
ENSG00000123545_unmod,-0.2818
ENSG00000123552_unmod,0.1228
ENSG00000123562_unmod,0.0867
ENSG00000123575_unmod,-0.0394
ENSG00000123595_unmod,0.2273
ENSG00000123600_unmod,-0.4524
ENSG00000123607_unmod,-0.0356
ENSG00000123609_unmod,0.2516
ENSG00000123610_unmod,1.2081
ENSG00000123636_unmod,-0.077
ENSG00000123684_unmod,0.0238
ENSG00000123685_unmod,0.0942
ENSG00000123689_unmod,0.4401
ENSG00000123700_unmod,-0.1559
ENSG00000123728_unmod,-0.2142
ENSG00000123737_unmod,0.2004
ENSG00000123739_unmod,0.2868
ENSG00000123815_unmod,0.0313
ENSG00000123836_unmod,0.6195
ENSG00000123843_unmod,0.2868
ENSG00000123908_unmod,-0.5384
ENSG00000123933_unmod,0.3331
ENSG00000123975_unmod,0.0385
ENSG00000123983_unmod,0.0312
ENSG00000123989_unmod,0.0896
ENSG00000123992_unmod,-0.0425
ENSG00000124006_unmod,0.4496
ENSG00000124067_unmod,0.2564
ENSG00000124074_unmod,0.3793
ENSG00000124098_unmod,0.1162
ENSG00000124102_unmod,0.8267
ENSG00000124104_unmod,0.3917
ENSG00000124107_unmod,0.5334
ENSG00000124120_unmod,-0.2887
ENSG00000124126_unmod,0.0032
ENSG00000124145_unmod,0.7274
ENSG00000124151_unmod,-0.2644
ENSG00000124155_unmod,0.0851
ENSG00000124160_unmod,0.0466
ENSG00000124164_unmod,0.079
ENSG00000124171_unmod,-0.1882
ENSG00000124172_unmod,-0.1107
ENSG00000124177_unmod,-0.7189
ENSG00000124181_unmod,0.276
ENSG00000124191_unmod,0.359
ENSG00000124193_unmod,-0.0374
ENSG00000124198_unmod,0.078
ENSG00000124201_unmod,0.1202
ENSG00000124207_unmod,-0.4258
ENSG00000124209_unmod,0.506
ENSG00000124214_unmod,0.226
ENSG00000124216_unmod,-0.0747
ENSG00000124217_unmod,-0.3366
ENSG00000124222_unmod,-0.118
ENSG00000124224_unmod,0.3315
ENSG00000124225_unmod,0.4232
ENSG00000124226_unmod,0.031
ENSG00000124228_unmod,0.0595
ENSG00000124243_unmod,-0.0964
ENSG00000124249_unmod,-0.191
ENSG00000124275_unmod,-0.201
ENSG00000124279_unmod,-0.4053
ENSG00000124299_unmod,0.0702
ENSG00000124313_unmod,0.5928
ENSG00000124333_unmod,-0.1578
ENSG00000124356_unmod,0.3721
ENSG00000124357_unmod,0.9723
ENSG00000124370_unmod,0.6434
ENSG00000124380_unmod,0.4318
ENSG00000124383_unmod,0.143
ENSG00000124406_unmod,0.6253
ENSG00000124422_unmod,0.1742
ENSG00000124444_unmod,-0.1017
ENSG00000124459_unmod,0.4155
ENSG00000124466_unmod,0.9441
ENSG00000124486_unmod,-0.1743
ENSG00000124496_unmod,-0.669
ENSG00000124508_unmod,0.1937
ENSG00000124523_unmod,0.0069
ENSG00000124532_unmod,-0.6319
ENSG00000124535_unmod,-0.0887
ENSG00000124541_unmod,-0.0585
ENSG00000124549_unmod,0.3604
ENSG00000124562_unmod,-0.1999
ENSG00000124570_unmod,0.3775
ENSG00000124571_unmod,-0.4709
ENSG00000124574_unmod,-0.1286
ENSG00000124575_unmod,0.0143
ENSG00000124587_unmod,0.2182
ENSG00000124588_unmod,0.1231
ENSG00000124596_unmod,0.4112
ENSG00000124608_unmod,-0.198
ENSG00000124610_unmod,0.1076
ENSG00000124635_unmod,0.4259
ENSG00000124641_unmod,-0.2923
ENSG00000124659_unmod,-0.0944
ENSG00000124688_unmod,-0.5711
ENSG00000124702_unmod,-0.041
ENSG00000124733_unmod,0.0404
ENSG00000124762_unmod,0.5562
ENSG00000124766_unmod,-0.1367
ENSG00000124767_unmod,-0.3891
ENSG00000124782_unmod,0.1203
ENSG00000124783_unmod,-0.6595
ENSG00000124784_unmod,0.0294
ENSG00000124786_unmod,0.0273
ENSG00000124787_unmod,-0.175
ENSG00000124788_unmod,0.5211
ENSG00000124789_unmod,-0.0319
ENSG00000124795_unmod,0.2736
ENSG00000124802_unmod,-0.4533
ENSG00000124813_unmod,0.0249
ENSG00000124831_unmod,0.252
ENSG00000124882_unmod,0.5355
ENSG00000124920_unmod,0.4772
ENSG00000124942_unmod,0.1086
ENSG00000125037_unmod,0.0676
ENSG00000125089_unmod,0.3543
ENSG00000125107_unmod,-0.0265
ENSG00000125124_unmod,0.2496
ENSG00000125148_unmod,0.4797
ENSG00000125149_unmod,-0.3683
ENSG00000125166_unmod,-0.082
ENSG00000125170_unmod,0.5746
ENSG00000125247_unmod,0.3002
ENSG00000125249_unmod,0.122
ENSG00000125257_unmod,-0.492
ENSG00000125266_unmod,-0.1053
ENSG00000125304_unmod,-0.0202
ENSG00000125319_unmod,0.2248
ENSG00000125347_unmod,0.4923
ENSG00000125351_unmod,0.2174
ENSG00000125352_unmod,0.1406
ENSG00000125354_unmod,0.6781
ENSG00000125356_unmod,0.1618
ENSG00000125375_unmod,-0.0985
ENSG00000125386_unmod,0.1737
ENSG00000125388_unmod,0.5383
ENSG00000125398_unmod,0.0529
ENSG00000125430_unmod,-0.0235
ENSG00000125445_unmod,-0.0259
ENSG00000125447_unmod,-0.2427
ENSG00000125449_unmod,-0.0574
ENSG00000125450_unmod,0.063
ENSG00000125454_unmod,-0.5144
ENSG00000125457_unmod,0.0733
ENSG00000125458_unmod,0.0641
ENSG00000125459_unmod,0.1774
ENSG00000125482_unmod,0.1712
ENSG00000125484_unmod,-0.3632
ENSG00000125485_unmod,-0.4518
ENSG00000125503_unmod,0.1087
ENSG00000125505_unmod,0.32
ENSG00000125520_unmod,0.4374
ENSG00000125534_unmod,0.2215
ENSG00000125538_unmod,0.5551
ENSG00000125611_unmod,0.1566
ENSG00000125629_unmod,0.0244
ENSG00000125630_unmod,-0.5712
ENSG00000125633_unmod,0.0866
ENSG00000125637_unmod,0.1645
ENSG00000125648_unmod,-0.8071
ENSG00000125651_unmod,0.0003
ENSG00000125652_unmod,0.4541
ENSG00000125656_unmod,-0.1239
ENSG00000125657_unmod,-0.3765
ENSG00000125676_unmod,0.0003
ENSG00000125686_unmod,-0.4759
ENSG00000125691_unmod,0.0575
ENSG00000125703_unmod,0.3089
ENSG00000125726_unmod,0.1705
ENSG00000125730_unmod,0.3646
ENSG00000125731_unmod,-0.1774
ENSG00000125733_unmod,0.2887
ENSG00000125734_unmod,0.2032
ENSG00000125740_unmod,0.2171
ENSG00000125741_unmod,-0.5838
ENSG00000125743_unmod,0.1542
ENSG00000125744_unmod,0.7044
ENSG00000125746_unmod,0.1832
ENSG00000125753_unmod,0.2621
ENSG00000125755_unmod,-0.1334
ENSG00000125772_unmod,-0.04
ENSG00000125779_unmod,0.0759
ENSG00000125812_unmod,0.1559
ENSG00000125814_unmod,-0.6319
ENSG00000125817_unmod,0.1883
ENSG00000125818_unmod,-0.1464
ENSG00000125821_unmod,-0.7058
ENSG00000125826_unmod,0.2247
ENSG00000125827_unmod,0.4581
ENSG00000125834_unmod,-0.0391
ENSG00000125835_unmod,0.0665
ENSG00000125841_unmod,0.0794
ENSG00000125843_unmod,-0.4462
ENSG00000125844_unmod,0.583
ENSG00000125845_unmod,0.096
ENSG00000125846_unmod,0.0211
ENSG00000125863_unmod,-0.3522
ENSG00000125868_unmod,0.1791
ENSG00000125870_unmod,-0.1519
ENSG00000125871_unmod,0.0498
ENSG00000125875_unmod,-0.1724
ENSG00000125877_unmod,0.024
ENSG00000125898_unmod,0.7927
ENSG00000125901_unmod,0.2451
ENSG00000125912_unmod,-0.3053
ENSG00000125944_unmod,0.3182
ENSG00000125952_unmod,0.1059
ENSG00000125962_unmod,-0.4091
ENSG00000125967_unmod,0.1809
ENSG00000125968_unmod,0.2905
ENSG00000125970_unmod,0.2523
ENSG00000125971_unmod,-0.21
ENSG00000125977_unmod,0.1333
ENSG00000125991_unmod,0.031
ENSG00000125995_unmod,0.3039
ENSG00000126001_unmod,0.0096
ENSG00000126003_unmod,-0.7868
ENSG00000126005_unmod,-0.0719
ENSG00000126012_unmod,0.4688
ENSG00000126062_unmod,-0.053
ENSG00000126067_unmod,-0.1494
ENSG00000126070_unmod,-0.1384
ENSG00000126088_unmod,-0.0591
ENSG00000126091_unmod,-0.1572
ENSG00000126107_unmod,-0.1966
ENSG00000126214_unmod,0.204
ENSG00000126215_unmod,0.1268
ENSG00000126216_unmod,0.0065
ENSG00000126226_unmod,-0.2893
ENSG00000126243_unmod,-0.4703
ENSG00000126247_unmod,0.0527
ENSG00000126254_unmod,0.0942
ENSG00000126261_unmod,0.0555
ENSG00000126267_unmod,-0.6017
ENSG00000126351_unmod,0.3702
ENSG00000126368_unmod,-0.1872
ENSG00000126391_unmod,0.4472
ENSG00000126432_unmod,0.3927
ENSG00000126453_unmod,0.0248
ENSG00000126456_unmod,0.0508
ENSG00000126457_unmod,-0.3374
ENSG00000126458_unmod,0.5483
ENSG00000126464_unmod,-0.0866
ENSG00000126522_unmod,0.249
ENSG00000126524_unmod,-0.5913
ENSG00000126561_unmod,0.3484
ENSG00000126581_unmod,-0.0616
ENSG00000126602_unmod,-0.2613
ENSG00000126603_unmod,-0.5459
ENSG00000126653_unmod,0.4466
ENSG00000126698_unmod,-0.161
ENSG00000126705_unmod,-0.1762
ENSG00000126709_unmod,0.2882
ENSG00000126746_unmod,0.2415
ENSG00000126749_unmod,-0.2
ENSG00000126756_unmod,0.1761
ENSG00000126767_unmod,-0.0954
ENSG00000126768_unmod,0.0253
ENSG00000126773_unmod,-0.0042
ENSG00000126775_unmod,-0.4341
ENSG00000126777_unmod,0.0048
ENSG00000126778_unmod,-0.6211
ENSG00000126787_unmod,0.2263
ENSG00000126790_unmod,-0.0782
ENSG00000126804_unmod,0.2306
ENSG00000126814_unmod,-0.3374
ENSG00000126821_unmod,-0.4765
ENSG00000126822_unmod,-0.1526
ENSG00000126858_unmod,-0.1113
ENSG00000126870_unmod,0.2643
ENSG00000126878_unmod,0.0581
ENSG00000126883_unmod,-0.0961
ENSG00000126903_unmod,0.2158
ENSG00000126934_unmod,0.0575
ENSG00000126945_unmod,0.3521
ENSG00000126947_unmod,-0.0701
ENSG00000126953_unmod,0.1154
ENSG00000126970_unmod,-0.0956
ENSG00000127022_unmod,0.1799
ENSG00000127054_unmod,-0.2601
ENSG00000127081_unmod,-0.3721
ENSG00000127124_unmod,0.2243
ENSG00000127125_unmod,0.1181
ENSG00000127184_unmod,0.1082
ENSG00000127191_unmod,0.1524
ENSG00000127220_unmod,0.3867
ENSG00000127311_unmod,-0.3133
ENSG00000127314_unmod,-1.424
ENSG00000127324_unmod,-0.1283
ENSG00000127328_unmod,0.1039
ENSG00000127329_unmod,0.1676
ENSG00000127334_unmod,-0.5023
ENSG00000127337_unmod,0.5504
ENSG00000127399_unmod,-0.1177
ENSG00000127415_unmod,0.2254
ENSG00000127418_unmod,-0.1465
ENSG00000127419_unmod,-0.0609
ENSG00000127423_unmod,0.0976
ENSG00000127445_unmod,0.0436
ENSG00000127452_unmod,-0.1699
ENSG00000127463_unmod,-0.8355
ENSG00000127481_unmod,-0.0377
ENSG00000127483_unmod,0.2009
ENSG00000127507_unmod,-0.6525
ENSG00000127511_unmod,-0.0605
ENSG00000127526_unmod,-0.0863
ENSG00000127527_unmod,-0.0336
ENSG00000127528_unmod,-0.1611
ENSG00000127540_unmod,-0.7365
ENSG00000127554_unmod,-0.0606
ENSG00000127561_unmod,1.0766
ENSG00000127564_unmod,0.6321
ENSG00000127580_unmod,0.1639
ENSG00000127585_unmod,-0.1434
ENSG00000127586_unmod,0.1825
ENSG00000127603_unmod,0.2529
ENSG00000127616_unmod,0.5042
ENSG00000127663_unmod,-0.1054
ENSG00000127666_unmod,0.2362
ENSG00000127720_unmod,-0.0393
ENSG00000127774_unmod,0.1415
ENSG00000127804_unmod,-0.3415
ENSG00000127824_unmod,0.1174
ENSG00000127837_unmod,-0.0523
ENSG00000127838_unmod,0.3358
ENSG00000127863_unmod,0.7245
ENSG00000127870_unmod,0.3444
ENSG00000127884_unmod,0.2072
ENSG00000127914_unmod,0.0422
ENSG00000127920_unmod,0.6237
ENSG00000127922_unmod,0.1762
ENSG00000127928_unmod,0.2094
ENSG00000127946_unmod,0.5712
ENSG00000127947_unmod,0.1238
ENSG00000127948_unmod,-0.0592
ENSG00000127952_unmod,-0.089
ENSG00000127954_unmod,0.4151
ENSG00000127955_unmod,-0.3186
ENSG00000127957_unmod,-0.1595
ENSG00000127980_unmod,-0.2545
ENSG00000127989_unmod,-0.4658
ENSG00000127990_unmod,0.2717
ENSG00000127993_unmod,0.205
ENSG00000127995_unmod,-0.2822
ENSG00000128016_unmod,0.513
ENSG00000128039_unmod,0.1302
ENSG00000128050_unmod,-0.2215
ENSG00000128059_unmod,-0.455
ENSG00000128159_unmod,-0.0553
ENSG00000128165_unmod,0.0356
ENSG00000128185_unmod,0.1702
ENSG00000128191_unmod,0.0451
ENSG00000128228_unmod,0.728
ENSG00000128245_unmod,-0.0417
ENSG00000128266_unmod,0.5147
ENSG00000128272_unmod,0.0789
ENSG00000128274_unmod,0.7296
ENSG00000128283_unmod,-0.4003
ENSG00000128284_unmod,0.0481
ENSG00000128294_unmod,-0.0446
ENSG00000128309_unmod,0.2438
ENSG00000128335_unmod,0.4351
ENSG00000128340_unmod,0.4261
ENSG00000128342_unmod,0.0565
ENSG00000128408_unmod,1.2679
ENSG00000128422_unmod,0.2987
ENSG00000128463_unmod,-0.0777
ENSG00000128487_unmod,0.3166
ENSG00000128510_unmod,-1.7521
ENSG00000128512_unmod,0.4085
ENSG00000128513_unmod,0.3471
ENSG00000128524_unmod,-0.0721
ENSG00000128563_unmod,0.1595
ENSG00000128567_unmod,0.1945
ENSG00000128573_unmod,0.1641
ENSG00000128578_unmod,0.1837
ENSG00000128581_unmod,0.2118
ENSG00000128585_unmod,0.0052
ENSG00000128590_unmod,-0.1941
ENSG00000128591_unmod,0.0669
ENSG00000128595_unmod,0.1751
ENSG00000128607_unmod,-0.0739
ENSG00000128609_unmod,0.5347
ENSG00000128626_unmod,0.0425
ENSG00000128641_unmod,-0.0776
ENSG00000128654_unmod,-0.0762
ENSG00000128656_unmod,0.0235
ENSG00000128683_unmod,0.024
ENSG00000128694_unmod,-1.1434
ENSG00000128699_unmod,-0.2592
ENSG00000128708_unmod,0.4042
ENSG00000128731_unmod,0.175
ENSG00000128789_unmod,-0.1275
ENSG00000128791_unmod,0.0353
ENSG00000128805_unmod,0.116
ENSG00000128829_unmod,-0.2312
ENSG00000128833_unmod,0.2209
ENSG00000128849_unmod,0.3734
ENSG00000128872_unmod,0.4748
ENSG00000128881_unmod,-0.0092
ENSG00000128891_unmod,0.135
ENSG00000128908_unmod,0.075
ENSG00000128915_unmod,-0.0938
ENSG00000128918_unmod,-0.0081
ENSG00000128923_unmod,-0.5327
ENSG00000128928_unmod,-0.4578
ENSG00000128944_unmod,0.2127
ENSG00000128951_unmod,0.4695
ENSG00000128965_unmod,0.4189
ENSG00000128973_unmod,-0.313
ENSG00000128989_unmod,-0.5311
ENSG00000129003_unmod,0.5704
ENSG00000129028_unmod,-0.0478
ENSG00000129055_unmod,-0.0315
ENSG00000129071_unmod,0.098
ENSG00000129083_unmod,0.2283
ENSG00000129084_unmod,0.2516
ENSG00000129103_unmod,0.1279
ENSG00000129116_unmod,0.0384
ENSG00000129128_unmod,0.1054
ENSG00000129158_unmod,-0.0235
ENSG00000129173_unmod,0.6574
ENSG00000129187_unmod,-0.7945
ENSG00000129195_unmod,0.4434
ENSG00000129197_unmod,-0.1183
ENSG00000129219_unmod,0.2104
ENSG00000129235_unmod,0.0209
ENSG00000129245_unmod,-0.0656
ENSG00000129250_unmod,0.0124
ENSG00000129255_unmod,-0.065
ENSG00000129292_unmod,0.0913
ENSG00000129315_unmod,-0.1695
ENSG00000129317_unmod,-0.4277
ENSG00000129347_unmod,-0.11
ENSG00000129351_unmod,-0.0406
ENSG00000129353_unmod,0.1649
ENSG00000129354_unmod,0.4606
ENSG00000129422_unmod,-0.2324
ENSG00000129460_unmod,-0.0693
ENSG00000129472_unmod,-0.4595
ENSG00000129473_unmod,0.8384
ENSG00000129474_unmod,-0.597
ENSG00000129480_unmod,-1.1101
ENSG00000129484_unmod,0.369
ENSG00000129493_unmod,-0.0583
ENSG00000129514_unmod,-0.0759
ENSG00000129515_unmod,0.1983
ENSG00000129518_unmod,-0.0436
ENSG00000129521_unmod,-0.4142
ENSG00000129534_unmod,0.3207
ENSG00000129562_unmod,0.0451
ENSG00000129566_unmod,0.1731
ENSG00000129595_unmod,-0.2755
ENSG00000129625_unmod,0.0494
ENSG00000129636_unmod,0.0526
ENSG00000129646_unmod,0.2525
ENSG00000129657_unmod,-0.6047
ENSG00000129667_unmod,-0.2357
ENSG00000129680_unmod,-0.5558
ENSG00000129691_unmod,-0.1512
ENSG00000129696_unmod,-0.0845
ENSG00000129757_unmod,0.1696
ENSG00000129810_unmod,0.1124
ENSG00000129911_unmod,-0.0909
ENSG00000129925_unmod,0.0683
ENSG00000129932_unmod,-0.1122
ENSG00000129933_unmod,-0.0123
ENSG00000129968_unmod,0.341
ENSG00000130005_unmod,0.2494
ENSG00000130021_unmod,-0.0548
ENSG00000130023_unmod,0.0693
ENSG00000130024_unmod,0.6204
ENSG00000130052_unmod,0.8103
ENSG00000130066_unmod,0.6339
ENSG00000130119_unmod,-0.431
ENSG00000130147_unmod,0.9019
ENSG00000130150_unmod,-0.5004
ENSG00000130158_unmod,0.1563
ENSG00000130159_unmod,0.0641
ENSG00000130164_unmod,0.3548
ENSG00000130165_unmod,-0.0091
ENSG00000130175_unmod,0.1297
ENSG00000130177_unmod,0.1356
ENSG00000130193_unmod,-0.4994
ENSG00000130202_unmod,0.3652
ENSG00000130204_unmod,-0.1798
ENSG00000130227_unmod,0.0351
ENSG00000130254_unmod,0.3483
ENSG00000130255_unmod,0.1066
ENSG00000130270_unmod,0.7951
ENSG00000130299_unmod,-0.2731
ENSG00000130303_unmod,0.1626
ENSG00000130305_unmod,0.1557
ENSG00000130309_unmod,0.0169
ENSG00000130311_unmod,-0.0992
ENSG00000130312_unmod,-0.0261
ENSG00000130313_unmod,0.4035
ENSG00000130332_unmod,0.2521
ENSG00000130338_unmod,0.1265
ENSG00000130340_unmod,0.4014
ENSG00000130348_unmod,0.0245
ENSG00000130363_unmod,0.4816
ENSG00000130382_unmod,0.2854
ENSG00000130396_unmod,0.3637
ENSG00000130402_unmod,0.2261
ENSG00000130413_unmod,-0.3514
ENSG00000130414_unmod,-0.1415
ENSG00000130449_unmod,-0.1426
ENSG00000130477_unmod,0.7931
ENSG00000130479_unmod,-0.0132
ENSG00000130487_unmod,0.5252
ENSG00000130508_unmod,0.3111
ENSG00000130511_unmod,0.0836
ENSG00000130513_unmod,0.2671
ENSG00000130517_unmod,0.092
ENSG00000130520_unmod,0.2356
ENSG00000130522_unmod,0.503
ENSG00000130529_unmod,0.5685
ENSG00000130540_unmod,-0.4372
ENSG00000130544_unmod,-0.4064
ENSG00000130558_unmod,0.8093
ENSG00000130559_unmod,-0.0056
ENSG00000130560_unmod,0.2374
ENSG00000130589_unmod,0.3208
ENSG00000130590_unmod,0.0206
ENSG00000130635_unmod,0.1627
ENSG00000130638_unmod,-0.0008
ENSG00000130640_unmod,0.1
ENSG00000130669_unmod,0.182
ENSG00000130684_unmod,-0.1927
ENSG00000130695_unmod,0.2229
ENSG00000130699_unmod,0.0685
ENSG00000130702_unmod,0.0626
ENSG00000130703_unmod,0.3938
ENSG00000130706_unmod,0.1996
ENSG00000130707_unmod,0.3475
ENSG00000130713_unmod,-0.3226
ENSG00000130714_unmod,0.0067
ENSG00000130717_unmod,0.2428
ENSG00000130720_unmod,0.3234
ENSG00000130724_unmod,0.242
ENSG00000130725_unmod,0.1528
ENSG00000130726_unmod,-0.0842
ENSG00000130731_unmod,-0.2666
ENSG00000130733_unmod,0.2253
ENSG00000130734_unmod,-0.178
ENSG00000130749_unmod,0.1132
ENSG00000130758_unmod,0.0757
ENSG00000130762_unmod,0.338
ENSG00000130764_unmod,-0.0466
ENSG00000130766_unmod,-0.1235
ENSG00000130770_unmod,0.36
ENSG00000130779_unmod,0.2065
ENSG00000130787_unmod,-0.2093
ENSG00000130803_unmod,-0.2384
ENSG00000130811_unmod,0.0878
ENSG00000130813_unmod,0.3555
ENSG00000130816_unmod,0.3353
ENSG00000130818_unmod,-0.5886
ENSG00000130821_unmod,-0.6082
ENSG00000130826_unmod,-0.3148
ENSG00000130827_unmod,0.0741
ENSG00000130844_unmod,0.0062
ENSG00000130856_unmod,-0.0564
ENSG00000130881_unmod,-0.1704
ENSG00000130921_unmod,0.1527
ENSG00000130935_unmod,-0.2058
ENSG00000130939_unmod,0.0996
ENSG00000130940_unmod,0.1732
ENSG00000130956_unmod,0.7665
ENSG00000130962_unmod,-0.7581
ENSG00000130985_unmod,-0.5121
ENSG00000131013_unmod,0.3142
ENSG00000131015_unmod,-0.1426
ENSG00000131016_unmod,0.7709
ENSG00000131018_unmod,0.3639
ENSG00000131019_unmod,-0.4706
ENSG00000131023_unmod,-0.1338
ENSG00000131043_unmod,-0.0719
ENSG00000131051_unmod,-0.0074
ENSG00000131061_unmod,-0.183
ENSG00000131067_unmod,-0.0578
ENSG00000131069_unmod,-0.2892
ENSG00000131089_unmod,-0.0717
ENSG00000131094_unmod,0.1196
ENSG00000131100_unmod,-0.0214
ENSG00000131115_unmod,-0.0747
ENSG00000131116_unmod,0.3586
ENSG00000131127_unmod,-0.1434
ENSG00000131143_unmod,0.2226
ENSG00000131148_unmod,0.8256
ENSG00000131149_unmod,-0.2839
ENSG00000131153_unmod,0.5146
ENSG00000131165_unmod,-0.0302
ENSG00000131171_unmod,0.0016
ENSG00000131174_unmod,0.3499
ENSG00000131188_unmod,-0.1536
ENSG00000131196_unmod,0.7034
ENSG00000131236_unmod,0.1117
ENSG00000131238_unmod,-0.319
ENSG00000131263_unmod,-0.1875
ENSG00000131269_unmod,0.0127
ENSG00000131323_unmod,0.0903
ENSG00000131351_unmod,0.2606
ENSG00000131368_unmod,-0.1796
ENSG00000131370_unmod,0.3407
ENSG00000131373_unmod,-0.076
ENSG00000131374_unmod,0.0564
ENSG00000131375_unmod,-0.0096
ENSG00000131378_unmod,0.8652
ENSG00000131381_unmod,-0.0346
ENSG00000131389_unmod,0.2245
ENSG00000131408_unmod,-0.0088
ENSG00000131437_unmod,-0.1908
ENSG00000131446_unmod,0.2425
ENSG00000131459_unmod,0.4831
ENSG00000131462_unmod,0.0629
ENSG00000131467_unmod,-0.515
ENSG00000131469_unmod,-0.1201
ENSG00000131470_unmod,0.5397
ENSG00000131473_unmod,0.5036
ENSG00000131475_unmod,-0.1904
ENSG00000131495_unmod,0.0351
ENSG00000131503_unmod,0.2222
ENSG00000131504_unmod,0.2045
ENSG00000131507_unmod,-0.1697
ENSG00000131508_unmod,-0.2355
ENSG00000131558_unmod,0.0993
ENSG00000131584_unmod,0.3447
ENSG00000131591_unmod,-0.1973
ENSG00000131626_unmod,0.0578
ENSG00000131652_unmod,0.0493
ENSG00000131653_unmod,-0.0154
ENSG00000131669_unmod,0.3033
ENSG00000131697_unmod,0.1738
ENSG00000131711_unmod,0.2579
ENSG00000131724_unmod,-0.4171
ENSG00000131725_unmod,0.1526
ENSG00000131732_unmod,0.1163
ENSG00000131746_unmod,0.3509
ENSG00000131747_unmod,1.1426
ENSG00000131748_unmod,0.4827
ENSG00000131759_unmod,-0.075
ENSG00000131773_unmod,0.267
ENSG00000131779_unmod,-0.2113
ENSG00000131788_unmod,-0.0688
ENSG00000131791_unmod,-0.4704
ENSG00000131797_unmod,0.2262
ENSG00000131828_unmod,0.0573
ENSG00000131844_unmod,-0.4821
ENSG00000131845_unmod,-0.0965
ENSG00000131848_unmod,0.1346
ENSG00000131871_unmod,0.4248
ENSG00000131873_unmod,0.0148
ENSG00000131876_unmod,-0.3784
ENSG00000131899_unmod,0.5114
ENSG00000131931_unmod,0.199
ENSG00000131941_unmod,-0.1397
ENSG00000131943_unmod,-0.2096
ENSG00000131944_unmod,0.0736
ENSG00000131966_unmod,0.1602
ENSG00000131979_unmod,0.4543
ENSG00000131981_unmod,-0.1505
ENSG00000132002_unmod,0.632
ENSG00000132003_unmod,0.3381
ENSG00000132004_unmod,0.1055
ENSG00000132005_unmod,0.1874
ENSG00000132017_unmod,-0.1235
ENSG00000132024_unmod,0.1652
ENSG00000132109_unmod,0.3189
ENSG00000132128_unmod,0.0162
ENSG00000132153_unmod,-0.1062
ENSG00000132155_unmod,-0.1141
ENSG00000132170_unmod,-0.1298
ENSG00000132182_unmod,-0.0162
ENSG00000132196_unmod,-0.0499
ENSG00000132199_unmod,-0.3496
ENSG00000132254_unmod,0.2051
ENSG00000132256_unmod,-0.026
ENSG00000132275_unmod,-0.2228
ENSG00000132286_unmod,-0.5187
ENSG00000132294_unmod,0.1628
ENSG00000132300_unmod,-0.015
ENSG00000132305_unmod,-0.0361
ENSG00000132313_unmod,-0.1504
ENSG00000132321_unmod,0.1682
ENSG00000132323_unmod,0.0437
ENSG00000132326_unmod,0.7489
ENSG00000132330_unmod,-0.7632
ENSG00000132334_unmod,0.8143
ENSG00000132341_unmod,-0.1253
ENSG00000132356_unmod,-0.1784
ENSG00000132357_unmod,0.5797
ENSG00000132359_unmod,-0.2278
ENSG00000132361_unmod,-0.336
ENSG00000132376_unmod,0.2164
ENSG00000132382_unmod,-0.2068
ENSG00000132383_unmod,0.3184
ENSG00000132388_unmod,-0.2876
ENSG00000132394_unmod,0.353
ENSG00000132405_unmod,-0.1383
ENSG00000132406_unmod,0.0581
ENSG00000132423_unmod,0.2731
ENSG00000132424_unmod,0.0032
ENSG00000132429_unmod,-0.2126
ENSG00000132432_unmod,0.4378
ENSG00000132434_unmod,0.126
ENSG00000132436_unmod,0.0538
ENSG00000132463_unmod,0.1702
ENSG00000132466_unmod,-0.3767
ENSG00000132467_unmod,-0.15
ENSG00000132470_unmod,0.5672
ENSG00000132471_unmod,-0.0833
ENSG00000132475_unmod,0.1846
ENSG00000132478_unmod,0.3549
ENSG00000132481_unmod,0.235
ENSG00000132485_unmod,0.1424
ENSG00000132507_unmod,-0.1738
ENSG00000132510_unmod,0.056
ENSG00000132530_unmod,-0.2994
ENSG00000132535_unmod,0.3825
ENSG00000132541_unmod,0.0679
ENSG00000132549_unmod,0.0221
ENSG00000132561_unmod,0.9439
ENSG00000132570_unmod,-0.022
ENSG00000132581_unmod,-0.0287
ENSG00000132589_unmod,0.1321
ENSG00000132591_unmod,-0.0537
ENSG00000132600_unmod,-0.2021
ENSG00000132603_unmod,-0.145
ENSG00000132604_unmod,-0.1725
ENSG00000132612_unmod,-0.0073
ENSG00000132613_unmod,-0.2501
ENSG00000132623_unmod,-0.0342
ENSG00000132635_unmod,-0.0802
ENSG00000132639_unmod,0.3598
ENSG00000132640_unmod,-0.0096
ENSG00000132646_unmod,0.5417
ENSG00000132661_unmod,0.0204
ENSG00000132664_unmod,-0.1089
ENSG00000132669_unmod,0.1316
ENSG00000132670_unmod,-0.0894
ENSG00000132676_unmod,-0.1095
ENSG00000132680_unmod,-0.0519
ENSG00000132688_unmod,0.6105
ENSG00000132694_unmod,0.3476
ENSG00000132716_unmod,-0.4319
ENSG00000132740_unmod,-0.0709
ENSG00000132749_unmod,0.2502
ENSG00000132763_unmod,-0.3041
ENSG00000132768_unmod,-0.652
ENSG00000132773_unmod,-0.0154
ENSG00000132780_unmod,0.1293
ENSG00000132781_unmod,0.5148
ENSG00000132792_unmod,-0.1017
ENSG00000132793_unmod,0.1815
ENSG00000132801_unmod,0.1735
ENSG00000132819_unmod,-0.4723
ENSG00000132823_unmod,-0.1399
ENSG00000132824_unmod,-0.0489
ENSG00000132825_unmod,-0.3571
ENSG00000132842_unmod,-0.0009
ENSG00000132846_unmod,-0.5743
ENSG00000132849_unmod,0.3725
ENSG00000132854_unmod,0.6956
ENSG00000132906_unmod,-0.135
ENSG00000132912_unmod,0.385
ENSG00000132950_unmod,-0.1294
ENSG00000132952_unmod,0.268
ENSG00000132953_unmod,-0.3067
ENSG00000132963_unmod,0.1935
ENSG00000132964_unmod,-0.1521
ENSG00000133026_unmod,0.496
ENSG00000133027_unmod,-0.369
ENSG00000133028_unmod,-0.5994
ENSG00000133030_unmod,0.1761
ENSG00000133056_unmod,-0.4534
ENSG00000133059_unmod,-0.0919
ENSG00000133065_unmod,-0.1023
ENSG00000133067_unmod,0.5018
ENSG00000133083_unmod,0.3225
ENSG00000133103_unmod,0.3168
ENSG00000133104_unmod,0.4105
ENSG00000133107_unmod,0.141
ENSG00000133111_unmod,0.1121
ENSG00000133112_unmod,0.2557
ENSG00000133114_unmod,0.0465
ENSG00000133119_unmod,0.3175
ENSG00000133121_unmod,-0.5393
ENSG00000133131_unmod,0.3522
ENSG00000133138_unmod,0.446
ENSG00000133142_unmod,-0.2024
ENSG00000133193_unmod,0.0999
ENSG00000133195_unmod,0.2007
ENSG00000133216_unmod,0.6395
ENSG00000133226_unmod,-0.1003
ENSG00000133243_unmod,0.2689
ENSG00000133247_unmod,0.2265
ENSG00000133250_unmod,-0.1951
ENSG00000133265_unmod,-0.4219
ENSG00000133275_unmod,0.0484
ENSG00000133302_unmod,0.0986
ENSG00000133313_unmod,-0.1246
ENSG00000133315_unmod,-0.1023
ENSG00000133316_unmod,-0.3961
ENSG00000133318_unmod,-0.177
ENSG00000133393_unmod,-0.0466
ENSG00000133398_unmod,-0.0048
ENSG00000133401_unmod,0.3792
ENSG00000133422_unmod,-0.0139
ENSG00000133466_unmod,0.0996
ENSG00000133597_unmod,0.1821
ENSG00000133606_unmod,-0.0989
ENSG00000133612_unmod,0.0182
ENSG00000133619_unmod,-0.0255
ENSG00000133624_unmod,0.1477
ENSG00000133627_unmod,-0.5555
ENSG00000133639_unmod,0.369
ENSG00000133640_unmod,0.8252
ENSG00000133641_unmod,-0.2929
ENSG00000133657_unmod,0.2112
ENSG00000133678_unmod,-0.2514
ENSG00000133687_unmod,0.0696
ENSG00000133703_unmod,-0.1983
ENSG00000133704_unmod,-0.011
ENSG00000133706_unmod,-0.127
ENSG00000133731_unmod,0.1124
ENSG00000133739_unmod,0.5324
ENSG00000133740_unmod,-1.6665
ENSG00000133773_unmod,0.0827
ENSG00000133789_unmod,0.3491
ENSG00000133794_unmod,0.0811
ENSG00000133805_unmod,0.4954
ENSG00000133812_unmod,0.1536
ENSG00000133816_unmod,0.4757
ENSG00000133818_unmod,-0.1122
ENSG00000133835_unmod,-0.0128
ENSG00000133858_unmod,0.0037
ENSG00000133872_unmod,0.2876
ENSG00000133884_unmod,-0.294
ENSG00000133895_unmod,-0.6975
ENSG00000133935_unmod,-0.3186
ENSG00000133943_unmod,0.1576
ENSG00000133961_unmod,0.4507
ENSG00000133983_unmod,-0.5157
ENSG00000133997_unmod,0.2012
ENSG00000134001_unmod,-0.5308
ENSG00000134013_unmod,0.1178
ENSG00000134030_unmod,0.3597
ENSG00000134046_unmod,-0.1945
ENSG00000134049_unmod,0.0764
ENSG00000134056_unmod,-0.2791
ENSG00000134057_unmod,0.1015
ENSG00000134058_unmod,-0.0828
ENSG00000134070_unmod,0.734
ENSG00000134072_unmod,0.3139
ENSG00000134077_unmod,0.2489
ENSG00000134086_unmod,0.0581
ENSG00000134107_unmod,0.4526
ENSG00000134108_unmod,-0.899
ENSG00000134109_unmod,0.3123
ENSG00000134121_unmod,0.4794
ENSG00000134138_unmod,-0.0071
ENSG00000134146_unmod,0.4561
ENSG00000134152_unmod,0.0816
ENSG00000134153_unmod,-0.2002
ENSG00000134184_unmod,-0.1851
ENSG00000134186_unmod,-0.1972
ENSG00000134202_unmod,-0.0233
ENSG00000134215_unmod,0.3683
ENSG00000134222_unmod,0.1675
ENSG00000134243_unmod,0.2768
ENSG00000134245_unmod,0.51
ENSG00000134247_unmod,-0.312
ENSG00000134248_unmod,-0.0735
ENSG00000134250_unmod,0.2482
ENSG00000134253_unmod,0.312
ENSG00000134255_unmod,-0.3834
ENSG00000134259_unmod,-0.1645
ENSG00000134262_unmod,0.3495
ENSG00000134265_unmod,-0.4915
ENSG00000134278_unmod,0.2396
ENSG00000134283_unmod,-0.2518
ENSG00000134285_unmod,-0.101
ENSG00000134287_unmod,-0.3299
ENSG00000134291_unmod,0.0288
ENSG00000134294_unmod,0.0615
ENSG00000134308_unmod,0.0139
ENSG00000134313_unmod,-0.0341
ENSG00000134318_unmod,-0.0327
ENSG00000134321_unmod,-0.0951
ENSG00000134324_unmod,-0.1545
ENSG00000134330_unmod,-0.0333
ENSG00000134333_unmod,-0.0508
ENSG00000134352_unmod,-0.0209
ENSG00000134363_unmod,0.257
ENSG00000134369_unmod,-0.0528
ENSG00000134371_unmod,0.2341
ENSG00000134375_unmod,-0.0186
ENSG00000134376_unmod,0.1667
ENSG00000134419_unmod,-0.2452
ENSG00000134440_unmod,-0.1906
ENSG00000134444_unmod,-0.5259
ENSG00000134452_unmod,0.201
ENSG00000134453_unmod,0.0966
ENSG00000134470_unmod,0.323
ENSG00000134480_unmod,-0.2493
ENSG00000134490_unmod,-0.2545
ENSG00000134504_unmod,-0.1079
ENSG00000134508_unmod,-0.3043
ENSG00000134516_unmod,0.0082
ENSG00000134531_unmod,-0.631
ENSG00000134533_unmod,0.1863
ENSG00000134569_unmod,-0.2097
ENSG00000134574_unmod,0.2373
ENSG00000134575_unmod,-0.0536
ENSG00000134590_unmod,0.1973
ENSG00000134597_unmod,-0.0504
ENSG00000134602_unmod,-0.1791
ENSG00000134644_unmod,-0.3655
ENSG00000134668_unmod,0.2971
ENSG00000134684_unmod,0.0559
ENSG00000134686_unmod,0.2941
ENSG00000134690_unmod,0.6099
ENSG00000134697_unmod,0.0104
ENSG00000134698_unmod,0.2283
ENSG00000134709_unmod,0.6663
ENSG00000134717_unmod,-0.0526
ENSG00000134744_unmod,-0.1577
ENSG00000134748_unmod,0.0908
ENSG00000134755_unmod,0.4765
ENSG00000134758_unmod,-0.036
ENSG00000134759_unmod,-0.2491
ENSG00000134762_unmod,0.1613
ENSG00000134775_unmod,0.5562
ENSG00000134779_unmod,0.0042
ENSG00000134780_unmod,-0.1197
ENSG00000134802_unmod,-0.1334
ENSG00000134809_unmod,-0.134
ENSG00000134815_unmod,-0.2055
ENSG00000134824_unmod,0.009
ENSG00000134825_unmod,0.2769
ENSG00000134830_unmod,0.6279
ENSG00000134851_unmod,0.2722
ENSG00000134852_unmod,-0.1964
ENSG00000134871_unmod,0.2451
ENSG00000134874_unmod,-0.1764
ENSG00000134882_unmod,-0.1506
ENSG00000134884_unmod,0.2429
ENSG00000134897_unmod,0.1613
ENSG00000134900_unmod,-0.2154
ENSG00000134901_unmod,0.2821
ENSG00000134905_unmod,-0.3056
ENSG00000134909_unmod,-0.1518
ENSG00000134910_unmod,0.0214
ENSG00000134917_unmod,-0.3447
ENSG00000134954_unmod,0.0684
ENSG00000134970_unmod,0.2046
ENSG00000134982_unmod,-0.4431
ENSG00000134986_unmod,0.5234
ENSG00000134987_unmod,-0.5304
ENSG00000134996_unmod,0.422
ENSG00000135002_unmod,0.3559
ENSG00000135040_unmod,0.2613
ENSG00000135045_unmod,0.5968
ENSG00000135046_unmod,0.0022
ENSG00000135047_unmod,0.332
ENSG00000135048_unmod,0.9677
ENSG00000135049_unmod,-0.2154
ENSG00000135052_unmod,-0.9691
ENSG00000135063_unmod,0.0004
ENSG00000135069_unmod,-0.3728
ENSG00000135070_unmod,0.0045
ENSG00000135074_unmod,0.3991
ENSG00000135083_unmod,-0.0881
ENSG00000135090_unmod,0.2333
ENSG00000135093_unmod,-0.1841
ENSG00000135108_unmod,0.0964
ENSG00000135111_unmod,-0.1964
ENSG00000135114_unmod,0.4526
ENSG00000135116_unmod,-0.2631
ENSG00000135119_unmod,-0.1762
ENSG00000135127_unmod,0.9816
ENSG00000135148_unmod,0.1648
ENSG00000135164_unmod,0.5111
ENSG00000135185_unmod,-0.3622
ENSG00000135211_unmod,-0.1967
ENSG00000135241_unmod,0.53
ENSG00000135249_unmod,-0.1259
ENSG00000135250_unmod,0.672
ENSG00000135269_unmod,0.1534
ENSG00000135272_unmod,0.5772
ENSG00000135297_unmod,-0.1241
ENSG00000135314_unmod,0.0551
ENSG00000135315_unmod,0.2233
ENSG00000135316_unmod,-0.2586
ENSG00000135317_unmod,0.3849
ENSG00000135318_unmod,0.7676
ENSG00000135324_unmod,0.2035
ENSG00000135333_unmod,-0.0791
ENSG00000135334_unmod,-0.0159
ENSG00000135336_unmod,0.1269
ENSG00000135338_unmod,-0.1705
ENSG00000135341_unmod,0.0081
ENSG00000135346_unmod,0.5658
ENSG00000135365_unmod,0.2905
ENSG00000135372_unmod,-0.3581
ENSG00000135378_unmod,1.529
ENSG00000135387_unmod,-0.1977
ENSG00000135390_unmod,-0.0489
ENSG00000135392_unmod,0.0687
ENSG00000135404_unmod,0.1856
ENSG00000135414_unmod,-0.3577
ENSG00000135424_unmod,0.3107
ENSG00000135441_unmod,0.0161
ENSG00000135446_unmod,-0.1713
ENSG00000135451_unmod,0.1453
ENSG00000135452_unmod,0.1461
ENSG00000135454_unmod,0.178
ENSG00000135457_unmod,-0.2446
ENSG00000135469_unmod,-0.1969
ENSG00000135473_unmod,0.009
ENSG00000135476_unmod,0.1344
ENSG00000135480_unmod,0.0533
ENSG00000135482_unmod,-0.0588
ENSG00000135486_unmod,0.1146
ENSG00000135503_unmod,-0.3137
ENSG00000135506_unmod,0.3246
ENSG00000135521_unmod,0.0258
ENSG00000135525_unmod,0.2004
ENSG00000135535_unmod,0.2187
ENSG00000135537_unmod,0.4157
ENSG00000135540_unmod,0.1034
ENSG00000135541_unmod,0.2168
ENSG00000135549_unmod,0.0636
ENSG00000135587_unmod,0.0534
ENSG00000135596_unmod,0.3596
ENSG00000135597_unmod,-0.013
ENSG00000135604_unmod,0.8289
ENSG00000135617_unmod,0.3144
ENSG00000135622_unmod,-0.3576
ENSG00000135624_unmod,0.1838
ENSG00000135631_unmod,0.0724
ENSG00000135632_unmod,-0.398
ENSG00000135637_unmod,0.0436
ENSG00000135655_unmod,-0.3527
ENSG00000135677_unmod,0.0364
ENSG00000135678_unmod,-0.0341
ENSG00000135679_unmod,0.3491
ENSG00000135686_unmod,-0.232
ENSG00000135698_unmod,-0.4896
ENSG00000135709_unmod,0.7133
ENSG00000135720_unmod,0.0237
ENSG00000135723_unmod,0.3452
ENSG00000135749_unmod,0.0467
ENSG00000135750_unmod,0.2787
ENSG00000135763_unmod,-0.6732
ENSG00000135766_unmod,0.066
ENSG00000135775_unmod,-0.2171
ENSG00000135776_unmod,0.3807
ENSG00000135778_unmod,0.0781
ENSG00000135801_unmod,0.1538
ENSG00000135821_unmod,0.1472
ENSG00000135823_unmod,-0.3417
ENSG00000135828_unmod,0.7437
ENSG00000135829_unmod,-0.1318
ENSG00000135837_unmod,0.1225
ENSG00000135842_unmod,0.5927
ENSG00000135845_unmod,0.2716
ENSG00000135862_unmod,-0.1012
ENSG00000135870_unmod,-0.2769
ENSG00000135899_unmod,0.2114
ENSG00000135900_unmod,0.1088
ENSG00000135905_unmod,-0.0739
ENSG00000135912_unmod,-0.4108
ENSG00000135913_unmod,-0.1423
ENSG00000135916_unmod,0.2977
ENSG00000135919_unmod,0.9663
ENSG00000135924_unmod,0.4326
ENSG00000135926_unmod,-0.0571
ENSG00000135930_unmod,0.0336
ENSG00000135931_unmod,0.0172
ENSG00000135932_unmod,-0.2164
ENSG00000135940_unmod,0.2503
ENSG00000135945_unmod,0.0315
ENSG00000135953_unmod,0.061
ENSG00000135956_unmod,0.0282
ENSG00000135966_unmod,0.0003
ENSG00000135968_unmod,0.3884
ENSG00000135972_unmod,0.0598
ENSG00000135974_unmod,-0.2183
ENSG00000135976_unmod,0.2682
ENSG00000135999_unmod,0.1925
ENSG00000136002_unmod,0.2829
ENSG00000136003_unmod,-0.1362
ENSG00000136010_unmod,0.2762
ENSG00000136021_unmod,0.0012
ENSG00000136026_unmod,0.1931
ENSG00000136044_unmod,0.3455
ENSG00000136045_unmod,-0.1116
ENSG00000136048_unmod,0.0428
ENSG00000136051_unmod,0.1393
ENSG00000136052_unmod,0.3828
ENSG00000136068_unmod,0.1276
ENSG00000136098_unmod,0.1045
ENSG00000136100_unmod,0.0097
ENSG00000136104_unmod,-0.1618
ENSG00000136108_unmod,-0.4557
ENSG00000136111_unmod,-0.9414
ENSG00000136122_unmod,0.1671
ENSG00000136141_unmod,0.2491
ENSG00000136143_unmod,-0.0026
ENSG00000136144_unmod,0.0579
ENSG00000136146_unmod,0.3738
ENSG00000136147_unmod,0.2126
ENSG00000136152_unmod,-0.0876
ENSG00000136153_unmod,0.2309
ENSG00000136156_unmod,0.0139
ENSG00000136158_unmod,0.0324
ENSG00000136159_unmod,0.0317
ENSG00000136169_unmod,-0.1553
ENSG00000136193_unmod,-0.1443
ENSG00000136205_unmod,0.0268
ENSG00000136213_unmod,-0.0516
ENSG00000136231_unmod,-0.2722
ENSG00000136235_unmod,-0.2764
ENSG00000136238_unmod,0.2389
ENSG00000136240_unmod,0.0915
ENSG00000136243_unmod,-0.2063
ENSG00000136244_unmod,1.2604
ENSG00000136247_unmod,0.142
ENSG00000136261_unmod,0.6213
ENSG00000136270_unmod,-0.266
ENSG00000136271_unmod,-0.2263
ENSG00000136273_unmod,0.0373
ENSG00000136279_unmod,0.1925
ENSG00000136280_unmod,0.5404
ENSG00000136286_unmod,0.8368
ENSG00000136295_unmod,0.2813
ENSG00000136319_unmod,-0.6938
ENSG00000136378_unmod,1.2156
ENSG00000136379_unmod,-0.2038
ENSG00000136381_unmod,0.7396
ENSG00000136436_unmod,0.1185
ENSG00000136444_unmod,-0.318
ENSG00000136448_unmod,0.1064
ENSG00000136450_unmod,-0.3379
ENSG00000136451_unmod,0.0547
ENSG00000136463_unmod,-0.0149
ENSG00000136478_unmod,-0.0366
ENSG00000136485_unmod,0.8053
ENSG00000136492_unmod,0.4916
ENSG00000136504_unmod,-0.1696
ENSG00000136518_unmod,0.5371
ENSG00000136521_unmod,-0.073
ENSG00000136522_unmod,-0.1736
ENSG00000136527_unmod,-0.0227
ENSG00000136536_unmod,0.0838
ENSG00000136560_unmod,0.5931
ENSG00000136603_unmod,0.5045
ENSG00000136628_unmod,0.0935
ENSG00000136630_unmod,-0.3841
ENSG00000136631_unmod,-0.032
ENSG00000136636_unmod,0.3998
ENSG00000136643_unmod,0.1005
ENSG00000136682_unmod,-0.3969
ENSG00000136699_unmod,0.0817
ENSG00000136709_unmod,0.0425
ENSG00000136710_unmod,-0.1694
ENSG00000136715_unmod,-0.021
ENSG00000136717_unmod,0.1647
ENSG00000136718_unmod,-0.7396
ENSG00000136720_unmod,0.2669
ENSG00000136731_unmod,0.178
ENSG00000136738_unmod,-0.2277
ENSG00000136754_unmod,-0.014
ENSG00000136758_unmod,-0.1446
ENSG00000136770_unmod,0.5857
ENSG00000136783_unmod,-0.008
ENSG00000136802_unmod,0.3404
ENSG00000136807_unmod,-0.2678
ENSG00000136810_unmod,0.1329
ENSG00000136811_unmod,0.2554
ENSG00000136813_unmod,0.0837
ENSG00000136816_unmod,-0.5853
ENSG00000136819_unmod,0.2373
ENSG00000136824_unmod,0.0643
ENSG00000136826_unmod,0.2244
ENSG00000136827_unmod,-0.3845
ENSG00000136828_unmod,0.0754
ENSG00000136830_unmod,-0.0035
ENSG00000136840_unmod,-0.0085
ENSG00000136842_unmod,0.7517
ENSG00000136848_unmod,-0.0277
ENSG00000136854_unmod,0.0909
ENSG00000136856_unmod,0.0398
ENSG00000136861_unmod,0.2416
ENSG00000136866_unmod,0.16
ENSG00000136867_unmod,0.1858
ENSG00000136868_unmod,-0.042
ENSG00000136869_unmod,0.3658
ENSG00000136870_unmod,0.2839
ENSG00000136874_unmod,0.2147
ENSG00000136875_unmod,0.0672
ENSG00000136877_unmod,0.1874
ENSG00000136878_unmod,-0.1509
ENSG00000136891_unmod,-0.4672
ENSG00000136895_unmod,-0.1555
ENSG00000136897_unmod,-0.5223
ENSG00000136908_unmod,-0.1446
ENSG00000136925_unmod,-0.1763
ENSG00000136930_unmod,0.0303
ENSG00000136932_unmod,-0.0225
ENSG00000136933_unmod,-0.1801
ENSG00000136935_unmod,0.3556
ENSG00000136936_unmod,0.3356
ENSG00000136937_unmod,-0.2789
ENSG00000136938_unmod,0.1057
ENSG00000136940_unmod,-0.3169
ENSG00000136942_unmod,0.2364
ENSG00000136950_unmod,0.2879
ENSG00000136982_unmod,0.5086
ENSG00000136986_unmod,0.0941
ENSG00000136997_unmod,-0.6343
ENSG00000136999_unmod,-1.1072
ENSG00000137033_unmod,1.2933
ENSG00000137038_unmod,0.1118
ENSG00000137040_unmod,0.0666
ENSG00000137054_unmod,-0.4555
ENSG00000137055_unmod,-0.1092
ENSG00000137070_unmod,-0.07
ENSG00000137073_unmod,0.0881
ENSG00000137074_unmod,-0.2499
ENSG00000137075_unmod,-0.68
ENSG00000137076_unmod,0.2488
ENSG00000137094_unmod,1.035
ENSG00000137100_unmod,0.4751
ENSG00000137103_unmod,0.1156
ENSG00000137106_unmod,-0.1798
ENSG00000137124_unmod,-0.3424
ENSG00000137135_unmod,0.474
ENSG00000137142_unmod,0.0238
ENSG00000137145_unmod,0.0933
ENSG00000137154_unmod,-0.1376
ENSG00000137161_unmod,0.1726
ENSG00000137166_unmod,0.1709
ENSG00000137168_unmod,0.2349
ENSG00000137171_unmod,0.2711
ENSG00000137177_unmod,0.2265
ENSG00000137185_unmod,-0.0527
ENSG00000137193_unmod,0.5489
ENSG00000137200_unmod,0.0419
ENSG00000137203_unmod,-0.0811
ENSG00000137207_unmod,-0.114
ENSG00000137210_unmod,-0.1309
ENSG00000137216_unmod,-0.1335
ENSG00000137221_unmod,0.0309
ENSG00000137261_unmod,0.504
ENSG00000137266_unmod,0.466
ENSG00000137267_unmod,0.2188
ENSG00000137269_unmod,-0.3358
ENSG00000137273_unmod,-0.2177
ENSG00000137274_unmod,-0.3088
ENSG00000137275_unmod,0.3755
ENSG00000137288_unmod,0.11
ENSG00000137309_unmod,-0.1021
ENSG00000137310_unmod,0.3041
ENSG00000137331_unmod,0.3407
ENSG00000137337_unmod,0.486
ENSG00000137338_unmod,0.1689
ENSG00000137343_unmod,-0.0011
ENSG00000137364_unmod,-0.1228
ENSG00000137404_unmod,0.0667
ENSG00000137409_unmod,0.0403
ENSG00000137411_unmod,0.1239
ENSG00000137413_unmod,-0.4486
ENSG00000137414_unmod,0.6712
ENSG00000137449_unmod,0.0989
ENSG00000137460_unmod,0.2499
ENSG00000137478_unmod,-0.0073
ENSG00000137486_unmod,0.3825
ENSG00000137492_unmod,-0.0171
ENSG00000137494_unmod,0.2359
ENSG00000137496_unmod,-0.1928
ENSG00000137497_unmod,0.1944
ENSG00000137500_unmod,0.1866
ENSG00000137502_unmod,-0.66
ENSG00000137504_unmod,0.0224
ENSG00000137507_unmod,0.4194
ENSG00000137513_unmod,-0.2275
ENSG00000137522_unmod,-0.0789
ENSG00000137547_unmod,-0.9944
ENSG00000137563_unmod,0.3432
ENSG00000137573_unmod,0.5119
ENSG00000137574_unmod,-0.0305
ENSG00000137575_unmod,0.2972
ENSG00000137601_unmod,0.212
ENSG00000137628_unmod,0.1751
ENSG00000137642_unmod,0.1005
ENSG00000137656_unmod,-0.0691
ENSG00000137692_unmod,-0.219
ENSG00000137693_unmod,0.5012
ENSG00000137699_unmod,-0.0515
ENSG00000137700_unmod,-0.0222
ENSG00000137710_unmod,0.2958
ENSG00000137713_unmod,0.1619
ENSG00000137714_unmod,0.1144
ENSG00000137760_unmod,-0.1279
ENSG00000137764_unmod,0.0367
ENSG00000137767_unmod,0.7283
ENSG00000137770_unmod,0.4223
ENSG00000137776_unmod,0.4243
ENSG00000137801_unmod,-0.2421
ENSG00000137802_unmod,-0.1713
ENSG00000137804_unmod,0.5606
ENSG00000137806_unmod,0.0199
ENSG00000137807_unmod,0.2093
ENSG00000137809_unmod,0.2452
ENSG00000137812_unmod,0.2347
ENSG00000137814_unmod,-0.4479
ENSG00000137815_unmod,0.2218
ENSG00000137817_unmod,0.0201
ENSG00000137818_unmod,0.1656
ENSG00000137819_unmod,0.1426
ENSG00000137821_unmod,0.296
ENSG00000137822_unmod,-1.0437
ENSG00000137824_unmod,-0.0682
ENSG00000137831_unmod,0.4591
ENSG00000137834_unmod,-0.3348
ENSG00000137842_unmod,0.0643
ENSG00000137845_unmod,-0.0007
ENSG00000137868_unmod,0.3341
ENSG00000137871_unmod,-0.1842
ENSG00000137876_unmod,-0.0267
ENSG00000137877_unmod,0.1941
ENSG00000137878_unmod,0.116
ENSG00000137880_unmod,0.5143
ENSG00000137936_unmod,0.2051
ENSG00000137941_unmod,0.9164
ENSG00000137942_unmod,-0.0008
ENSG00000137944_unmod,-0.221
ENSG00000137947_unmod,-0.0437
ENSG00000137955_unmod,-0.0688
ENSG00000137959_unmod,0.2804
ENSG00000137962_unmod,-0.5627
ENSG00000137965_unmod,1.2034
ENSG00000137992_unmod,-0.6239
ENSG00000137996_unmod,0.2534
ENSG00000138002_unmod,-0.033
ENSG00000138018_unmod,-0.2737
ENSG00000138028_unmod,0.1838
ENSG00000138029_unmod,-0.2093
ENSG00000138031_unmod,0.0491
ENSG00000138032_unmod,-0.1538
ENSG00000138035_unmod,-0.2049
ENSG00000138036_unmod,0.3915
ENSG00000138050_unmod,-0.278
ENSG00000138061_unmod,0.6274
ENSG00000138069_unmod,0.0098
ENSG00000138071_unmod,-0.1934
ENSG00000138073_unmod,0.3095
ENSG00000138074_unmod,-0.582
ENSG00000138078_unmod,0.1121
ENSG00000138081_unmod,0.0845
ENSG00000138085_unmod,0.0016
ENSG00000138092_unmod,0.3435
ENSG00000138095_unmod,-0.0609
ENSG00000138101_unmod,-0.0054
ENSG00000138107_unmod,0.1648
ENSG00000138111_unmod,0.0228
ENSG00000138119_unmod,-0.2034
ENSG00000138131_unmod,0.1075
ENSG00000138134_unmod,0.1401
ENSG00000138138_unmod,-0.0863
ENSG00000138160_unmod,0.3169
ENSG00000138162_unmod,-0.1297
ENSG00000138166_unmod,0.1948
ENSG00000138175_unmod,0.5619
ENSG00000138180_unmod,-0.6964
ENSG00000138182_unmod,0.0884
ENSG00000138190_unmod,-0.1137
ENSG00000138193_unmod,0.3115
ENSG00000138231_unmod,0.331
ENSG00000138246_unmod,-0.1056
ENSG00000138279_unmod,0.1182
ENSG00000138286_unmod,-0.0915
ENSG00000138303_unmod,-0.1569
ENSG00000138311_unmod,0.4885
ENSG00000138326_unmod,0.3248
ENSG00000138346_unmod,-0.047
ENSG00000138347_unmod,-0.4169
ENSG00000138356_unmod,-0.1656
ENSG00000138363_unmod,-0.2205
ENSG00000138375_unmod,0.507
ENSG00000138376_unmod,0.3718
ENSG00000138381_unmod,0.2298
ENSG00000138382_unmod,-0.4287
ENSG00000138385_unmod,-0.0821
ENSG00000138386_unmod,0.6134
ENSG00000138398_unmod,-0.13
ENSG00000138399_unmod,-0.3242
ENSG00000138411_unmod,0.3469
ENSG00000138413_unmod,-0.0599
ENSG00000138430_unmod,-0.2084
ENSG00000138433_unmod,0.1712
ENSG00000138434_unmod,0.1382
ENSG00000138439_unmod,-1.1643
ENSG00000138442_unmod,-0.6
ENSG00000138443_unmod,-0.0713
ENSG00000138448_unmod,-1.0969
ENSG00000138459_unmod,-1.1528
ENSG00000138463_unmod,-0.2381
ENSG00000138468_unmod,0.6235
ENSG00000138495_unmod,0.8326
ENSG00000138496_unmod,0.4036
ENSG00000138587_unmod,0.8065
ENSG00000138592_unmod,0.1368
ENSG00000138593_unmod,-0.0428
ENSG00000138594_unmod,-0.0763
ENSG00000138600_unmod,0.3112
ENSG00000138604_unmod,0.4202
ENSG00000138614_unmod,-0.1537
ENSG00000138617_unmod,0.3405
ENSG00000138621_unmod,0.0883
ENSG00000138623_unmod,0.5864
ENSG00000138629_unmod,-0.0118
ENSG00000138640_unmod,-0.3295
ENSG00000138641_unmod,-0.0516
ENSG00000138642_unmod,0.1784
ENSG00000138646_unmod,0.1721
ENSG00000138658_unmod,0.2844
ENSG00000138660_unmod,-0.0907
ENSG00000138663_unmod,0.0131
ENSG00000138668_unmod,0.0599
ENSG00000138674_unmod,0.0085
ENSG00000138678_unmod,0.2844
ENSG00000138685_unmod,-0.0284
ENSG00000138686_unmod,0.1681
ENSG00000138688_unmod,0.1916
ENSG00000138696_unmod,-0.1093
ENSG00000138698_unmod,0.0745
ENSG00000138709_unmod,0.1756
ENSG00000138735_unmod,-0.2607
ENSG00000138738_unmod,-0.1169
ENSG00000138744_unmod,-0.1145
ENSG00000138750_unmod,0.172
ENSG00000138756_unmod,-1.0486
ENSG00000138757_unmod,0.5411
ENSG00000138758_unmod,0.1218
ENSG00000138759_unmod,-0.4799
ENSG00000138760_unmod,0.1853
ENSG00000138764_unmod,-0.1975
ENSG00000138767_unmod,0.1411
ENSG00000138768_unmod,0.2298
ENSG00000138771_unmod,-0.2212
ENSG00000138772_unmod,-0.058
ENSG00000138777_unmod,-0.186
ENSG00000138780_unmod,0.0645
ENSG00000138785_unmod,0.0172
ENSG00000138794_unmod,0.1588
ENSG00000138796_unmod,0.079
ENSG00000138801_unmod,-0.0156
ENSG00000138802_unmod,-0.1284
ENSG00000138814_unmod,0.2283
ENSG00000138821_unmod,0.2524
ENSG00000138829_unmod,0.0823
ENSG00000138834_unmod,0.075
ENSG00000138835_unmod,0.5485
ENSG00000138867_unmod,0.1788
ENSG00000138942_unmod,-0.1523
ENSG00000138944_unmod,-0.2608
ENSG00000139083_unmod,0.1982
ENSG00000139112_unmod,0.2118
ENSG00000139116_unmod,0.141
ENSG00000139117_unmod,-0.1387
ENSG00000139131_unmod,-0.3101
ENSG00000139133_unmod,0.2962
ENSG00000139146_unmod,-1.426
ENSG00000139154_unmod,-0.0343
ENSG00000139155_unmod,0.2791
ENSG00000139163_unmod,0.2718
ENSG00000139168_unmod,0.5238
ENSG00000139173_unmod,-0.0954
ENSG00000139178_unmod,-0.1574
ENSG00000139180_unmod,-0.2209
ENSG00000139182_unmod,0.0825
ENSG00000139190_unmod,-0.3393
ENSG00000139192_unmod,0.2081
ENSG00000139197_unmod,-0.3735
ENSG00000139211_unmod,-0.2566
ENSG00000139218_unmod,0.0293
ENSG00000139233_unmod,-0.3186
ENSG00000139263_unmod,0.2079
ENSG00000139266_unmod,0.0923
ENSG00000139278_unmod,0.1463
ENSG00000139289_unmod,0.377
ENSG00000139291_unmod,-0.7882
ENSG00000139292_unmod,-0.2758
ENSG00000139318_unmod,0.6454
ENSG00000139323_unmod,0.4283
ENSG00000139324_unmod,0.4651
ENSG00000139329_unmod,0.1036
ENSG00000139343_unmod,-0.1177
ENSG00000139350_unmod,0.0741
ENSG00000139354_unmod,0.2815
ENSG00000139370_unmod,0.2057
ENSG00000139372_unmod,-0.8218
ENSG00000139405_unmod,-0.1444
ENSG00000139428_unmod,0.0036
ENSG00000139433_unmod,0.3002
ENSG00000139436_unmod,0.1913
ENSG00000139437_unmod,0.0929
ENSG00000139438_unmod,1.5954
ENSG00000139496_unmod,0.0877
ENSG00000139505_unmod,0.274
ENSG00000139514_unmod,-0.0987
ENSG00000139515_unmod,0.5604
ENSG00000139517_unmod,0.2504
ENSG00000139531_unmod,-0.1577
ENSG00000139579_unmod,-0.1529
ENSG00000139613_unmod,-0.2529
ENSG00000139618_unmod,0.2999
ENSG00000139620_unmod,-0.1854
ENSG00000139624_unmod,-0.0175
ENSG00000139625_unmod,0.2778
ENSG00000139629_unmod,0.7357
ENSG00000139631_unmod,0.1992
ENSG00000139636_unmod,-0.5646
ENSG00000139637_unmod,-0.0055
ENSG00000139641_unmod,0.3725
ENSG00000139644_unmod,-0.7316
ENSG00000139645_unmod,0.1308
ENSG00000139651_unmod,-0.0043
ENSG00000139668_unmod,-0.3912
ENSG00000139684_unmod,-0.3631
ENSG00000139687_unmod,0.2762
ENSG00000139697_unmod,-0.2456
ENSG00000139718_unmod,-0.0877
ENSG00000139719_unmod,0.7499
ENSG00000139722_unmod,1.0825
ENSG00000139725_unmod,0.1963
ENSG00000139726_unmod,0.0145
ENSG00000139734_unmod,0.2078
ENSG00000139737_unmod,0.1657
ENSG00000139746_unmod,-0.1831
ENSG00000139793_unmod,-0.2137
ENSG00000139800_unmod,-0.9322
ENSG00000139826_unmod,-0.2589
ENSG00000139842_unmod,-0.1627
ENSG00000139865_unmod,0.6566
ENSG00000139874_unmod,-0.4823
ENSG00000139880_unmod,-0.0987
ENSG00000139921_unmod,-1.1611
ENSG00000139926_unmod,0.0711
ENSG00000139946_unmod,0.0612
ENSG00000139974_unmod,-0.1848
ENSG00000139977_unmod,-0.1756
ENSG00000139990_unmod,-0.0121
ENSG00000139998_unmod,0.3304
ENSG00000140006_unmod,-0.2274
ENSG00000140015_unmod,0.4771
ENSG00000140022_unmod,0.0018
ENSG00000140025_unmod,0.0573
ENSG00000140044_unmod,0.2588
ENSG00000140092_unmod,0.1415
ENSG00000140104_unmod,0.2492
ENSG00000140153_unmod,0.1687
ENSG00000140157_unmod,0.5487
ENSG00000140199_unmod,0.0249
ENSG00000140259_unmod,0.1971
ENSG00000140262_unmod,-0.1273
ENSG00000140263_unmod,-0.2635
ENSG00000140264_unmod,0.079
ENSG00000140265_unmod,-0.3307
ENSG00000140280_unmod,-0.3164
ENSG00000140284_unmod,-0.4067
ENSG00000140299_unmod,0.3399
ENSG00000140307_unmod,-0.3265
ENSG00000140319_unmod,0.1951
ENSG00000140320_unmod,-0.0531
ENSG00000140323_unmod,0.8789
ENSG00000140326_unmod,-0.0613
ENSG00000140332_unmod,0.2104
ENSG00000140350_unmod,-0.5238
ENSG00000140365_unmod,0.3312
ENSG00000140367_unmod,-0.2194
ENSG00000140374_unmod,-0.1134
ENSG00000140382_unmod,-0.2701
ENSG00000140386_unmod,0.2075
ENSG00000140391_unmod,-0.0165
ENSG00000140396_unmod,0.1334
ENSG00000140400_unmod,-0.1237
ENSG00000140403_unmod,0.0705
ENSG00000140406_unmod,0.0416
ENSG00000140416_unmod,0.0433
ENSG00000140443_unmod,-0.0347
ENSG00000140450_unmod,-0.5371
ENSG00000140451_unmod,-0.0704
ENSG00000140455_unmod,-0.0781
ENSG00000140463_unmod,0.1883
ENSG00000140464_unmod,0.1826
ENSG00000140471_unmod,-0.3302
ENSG00000140474_unmod,-0.117
ENSG00000140479_unmod,-0.2824
ENSG00000140497_unmod,-0.1096
ENSG00000140521_unmod,0.0786
ENSG00000140525_unmod,0.4024
ENSG00000140526_unmod,-0.0053
ENSG00000140534_unmod,0.1366
ENSG00000140538_unmod,0.3409
ENSG00000140545_unmod,0.1021
ENSG00000140548_unmod,-0.1912
ENSG00000140563_unmod,0.2647
ENSG00000140564_unmod,0.4474
ENSG00000140575_unmod,0.0083
ENSG00000140577_unmod,-0.039
ENSG00000140598_unmod,0.5024
ENSG00000140612_unmod,-0.0527
ENSG00000140632_unmod,0.0013
ENSG00000140650_unmod,-0.1013
ENSG00000140682_unmod,0.0498
ENSG00000140688_unmod,0.0632
ENSG00000140691_unmod,0.2919
ENSG00000140694_unmod,-0.1082
ENSG00000140718_unmod,-0.1366
ENSG00000140740_unmod,-0.1676
ENSG00000140743_unmod,-0.0539
ENSG00000140750_unmod,-0.2146
ENSG00000140829_unmod,-0.062
ENSG00000140830_unmod,-0.0197
ENSG00000140836_unmod,0.0036
ENSG00000140848_unmod,0.2634
ENSG00000140853_unmod,0.055
ENSG00000140854_unmod,-0.311
ENSG00000140859_unmod,-0.4407
ENSG00000140931_unmod,0.2686
ENSG00000140937_unmod,0.8866
ENSG00000140939_unmod,0.461
ENSG00000140941_unmod,0.101
ENSG00000140943_unmod,0.301
ENSG00000140945_unmod,0.0647
ENSG00000140948_unmod,-0.2324
ENSG00000140950_unmod,-0.0586
ENSG00000140961_unmod,0.3241
ENSG00000140983_unmod,-0.0858
ENSG00000140987_unmod,-0.3093
ENSG00000140988_unmod,-0.2107
ENSG00000140990_unmod,0.0252
ENSG00000140992_unmod,0.2852
ENSG00000140995_unmod,0.123
ENSG00000141002_unmod,0.1305
ENSG00000141012_unmod,0.1408
ENSG00000141013_unmod,0.4032
ENSG00000141026_unmod,-0.1191
ENSG00000141027_unmod,0.6058
ENSG00000141030_unmod,0.1099
ENSG00000141034_unmod,-0.1945
ENSG00000141052_unmod,0.101
ENSG00000141068_unmod,0.0884
ENSG00000141076_unmod,-0.428
ENSG00000141084_unmod,0.2593
ENSG00000141098_unmod,-0.0715
ENSG00000141101_unmod,-0.555
ENSG00000141127_unmod,-0.4658
ENSG00000141179_unmod,-0.0204
ENSG00000141198_unmod,0.4054
ENSG00000141219_unmod,-0.2798
ENSG00000141232_unmod,-0.1191
ENSG00000141252_unmod,-0.2649
ENSG00000141258_unmod,-0.1368
ENSG00000141279_unmod,-0.3667
ENSG00000141295_unmod,0.2359
ENSG00000141298_unmod,0.474
ENSG00000141314_unmod,1.0408
ENSG00000141337_unmod,-0.0845
ENSG00000141349_unmod,-0.1597
ENSG00000141367_unmod,0.0979
ENSG00000141376_unmod,0.1366
ENSG00000141378_unmod,-0.1395
ENSG00000141380_unmod,0.3452
ENSG00000141384_unmod,-1.5086
ENSG00000141385_unmod,0.2509
ENSG00000141401_unmod,0.2379
ENSG00000141404_unmod,-0.043
ENSG00000141424_unmod,0.5115
ENSG00000141425_unmod,0.126
ENSG00000141428_unmod,0.2072
ENSG00000141429_unmod,0.0147
ENSG00000141441_unmod,-0.1369
ENSG00000141446_unmod,0.3507
ENSG00000141447_unmod,-0.1923
ENSG00000141448_unmod,-0.4018
ENSG00000141449_unmod,-0.4068
ENSG00000141452_unmod,-0.176
ENSG00000141456_unmod,-0.1232
ENSG00000141458_unmod,-0.1289
ENSG00000141480_unmod,0.139
ENSG00000141499_unmod,0.0519
ENSG00000141503_unmod,0.1487
ENSG00000141510_unmod,0.18
ENSG00000141522_unmod,0.138
ENSG00000141524_unmod,-0.1871
ENSG00000141526_unmod,0.3312
ENSG00000141542_unmod,-0.0512
ENSG00000141543_unmod,0.0542
ENSG00000141551_unmod,0.018
ENSG00000141552_unmod,0.4287
ENSG00000141556_unmod,0.0806
ENSG00000141560_unmod,0.5833
ENSG00000141562_unmod,0.0927
ENSG00000141564_unmod,-0.1206
ENSG00000141568_unmod,-0.4397
ENSG00000141569_unmod,-0.1856
ENSG00000141570_unmod,0.0027
ENSG00000141574_unmod,0.7712
ENSG00000141576_unmod,-0.0441
ENSG00000141577_unmod,0.3838
ENSG00000141580_unmod,-0.1296
ENSG00000141582_unmod,0.3143
ENSG00000141622_unmod,-0.2357
ENSG00000141627_unmod,-0.2425
ENSG00000141639_unmod,0.2432
ENSG00000141644_unmod,0.2483
ENSG00000141646_unmod,0.0571
ENSG00000141655_unmod,0.1893
ENSG00000141664_unmod,-0.9202
ENSG00000141682_unmod,0.537
ENSG00000141696_unmod,0.1293
ENSG00000141698_unmod,-0.1617
ENSG00000141699_unmod,-0.1398
ENSG00000141736_unmod,-0.0786
ENSG00000141741_unmod,-0.2187
ENSG00000141750_unmod,0.2174
ENSG00000141753_unmod,0.4113
ENSG00000141756_unmod,0.0189
ENSG00000141759_unmod,-0.4011
ENSG00000141837_unmod,0.2521
ENSG00000141858_unmod,0.259
ENSG00000141867_unmod,0.0421
ENSG00000141873_unmod,-0.1208
ENSG00000141905_unmod,0.0168
ENSG00000141934_unmod,0.2134
ENSG00000141956_unmod,-0.2034
ENSG00000141959_unmod,0.2696
ENSG00000141965_unmod,-0.082
ENSG00000141971_unmod,0.3056
ENSG00000141985_unmod,0.2593
ENSG00000141994_unmod,-0.139
ENSG00000142002_unmod,-0.0506
ENSG00000142039_unmod,-0.0548
ENSG00000142082_unmod,-0.2126
ENSG00000142089_unmod,0.1043
ENSG00000142102_unmod,-0.2146
ENSG00000142149_unmod,0.3573
ENSG00000142156_unmod,0.4584
ENSG00000142166_unmod,0.6179
ENSG00000142168_unmod,0.3567
ENSG00000142178_unmod,0.3372
ENSG00000142185_unmod,-0.001
ENSG00000142186_unmod,0.2923
ENSG00000142188_unmod,-0.1164
ENSG00000142192_unmod,0.1389
ENSG00000142197_unmod,0.4335
ENSG00000142207_unmod,-0.4107
ENSG00000142208_unmod,0.2202
ENSG00000142227_unmod,0.2064
ENSG00000142230_unmod,0.0504
ENSG00000142252_unmod,-0.23
ENSG00000142303_unmod,0.6587
ENSG00000142327_unmod,0.3601
ENSG00000142330_unmod,-0.0649
ENSG00000142409_unmod,-0.1621
ENSG00000142444_unmod,0.1904
ENSG00000142453_unmod,-0.1813
ENSG00000142459_unmod,0.2844
ENSG00000142494_unmod,-0.152
ENSG00000142507_unmod,-0.068
ENSG00000142528_unmod,-0.0341
ENSG00000142534_unmod,0.2452
ENSG00000142541_unmod,0.0407
ENSG00000142544_unmod,-0.4834
ENSG00000142546_unmod,0.1575
ENSG00000142556_unmod,-0.6184
ENSG00000142599_unmod,-0.0869
ENSG00000142627_unmod,0.2893
ENSG00000142632_unmod,0.4749
ENSG00000142634_unmod,0.0239
ENSG00000142655_unmod,-0.0813
ENSG00000142657_unmod,0.2578
ENSG00000142661_unmod,0.3142
ENSG00000142669_unmod,0.168
ENSG00000142675_unmod,0.5433
ENSG00000142676_unmod,0.3718
ENSG00000142684_unmod,-0.2894
ENSG00000142686_unmod,0.2698
ENSG00000142687_unmod,0.0487
ENSG00000142731_unmod,0.4931
ENSG00000142733_unmod,0.4365
ENSG00000142751_unmod,-0.2942
ENSG00000142784_unmod,0.1051
ENSG00000142798_unmod,-0.18
ENSG00000142856_unmod,0.3697
ENSG00000142864_unmod,-0.3988
ENSG00000142867_unmod,0.1906
ENSG00000142871_unmod,-0.6227
ENSG00000142875_unmod,-0.2581
ENSG00000142892_unmod,-0.1895
ENSG00000142937_unmod,0.0048
ENSG00000142945_unmod,0.0003
ENSG00000142949_unmod,-0.0178
ENSG00000142961_unmod,0.3926
ENSG00000143013_unmod,0.1901
ENSG00000143033_unmod,-0.106
ENSG00000143061_unmod,0.425
ENSG00000143067_unmod,-0.2645
ENSG00000143079_unmod,0.0231
ENSG00000143093_unmod,-0.332
ENSG00000143106_unmod,0.0354
ENSG00000143126_unmod,-0.2864
ENSG00000143147_unmod,0.6588
ENSG00000143149_unmod,0.2148
ENSG00000143153_unmod,0.3047
ENSG00000143155_unmod,-0.3591
ENSG00000143156_unmod,0.2031
ENSG00000143157_unmod,-0.0915
ENSG00000143158_unmod,0.4281
ENSG00000143162_unmod,-0.1482
ENSG00000143164_unmod,0.1198
ENSG00000143179_unmod,-0.3047
ENSG00000143183_unmod,-0.0653
ENSG00000143190_unmod,-0.4856
ENSG00000143198_unmod,0.2006
ENSG00000143207_unmod,0.1264
ENSG00000143222_unmod,-0.3028
ENSG00000143224_unmod,0.3405
ENSG00000143228_unmod,0.2927
ENSG00000143252_unmod,0.2066
ENSG00000143256_unmod,0.3454
ENSG00000143258_unmod,-0.4233
ENSG00000143294_unmod,0.0975
ENSG00000143303_unmod,-0.0063
ENSG00000143314_unmod,0.1703
ENSG00000143315_unmod,-0.217
ENSG00000143319_unmod,-0.4471
ENSG00000143320_unmod,0.3013
ENSG00000143321_unmod,0.0138
ENSG00000143322_unmod,-0.2192
ENSG00000143324_unmod,-0.0797
ENSG00000143333_unmod,-0.079
ENSG00000143337_unmod,0.176
ENSG00000143340_unmod,-0.1336
ENSG00000143341_unmod,-0.0449
ENSG00000143344_unmod,0.6344
ENSG00000143353_unmod,-0.0128
ENSG00000143355_unmod,-0.8878
ENSG00000143363_unmod,-0.0068
ENSG00000143367_unmod,-0.4345
ENSG00000143368_unmod,-0.1656
ENSG00000143369_unmod,0.9801
ENSG00000143373_unmod,-0.0462
ENSG00000143374_unmod,-0.0602
ENSG00000143376_unmod,-0.3527
ENSG00000143379_unmod,0.1116
ENSG00000143384_unmod,0.4484
ENSG00000143390_unmod,0.2055
ENSG00000143393_unmod,0.2153
ENSG00000143398_unmod,-0.1122
ENSG00000143401_unmod,0.348
ENSG00000143409_unmod,0.037
ENSG00000143416_unmod,0.3728
ENSG00000143418_unmod,-0.0259
ENSG00000143420_unmod,0.2061
ENSG00000143436_unmod,-0.0135
ENSG00000143437_unmod,0.4217
ENSG00000143442_unmod,-0.2258
ENSG00000143452_unmod,-0.29
ENSG00000143457_unmod,0.5547
ENSG00000143458_unmod,0.5105
ENSG00000143473_unmod,-0.518
ENSG00000143476_unmod,0.4882
ENSG00000143486_unmod,-0.071
ENSG00000143493_unmod,0.1626
ENSG00000143494_unmod,-0.1526
ENSG00000143498_unmod,-0.3326
ENSG00000143499_unmod,0.0681
ENSG00000143507_unmod,0.451
ENSG00000143514_unmod,1.2452
ENSG00000143515_unmod,-0.148
ENSG00000143537_unmod,0.1851
ENSG00000143553_unmod,-0.1127
ENSG00000143569_unmod,-0.2901
ENSG00000143570_unmod,-0.2042
ENSG00000143575_unmod,-0.2983
ENSG00000143578_unmod,-0.0655
ENSG00000143612_unmod,-0.2352
ENSG00000143614_unmod,0.0352
ENSG00000143621_unmod,-0.1123
ENSG00000143622_unmod,0.1999
ENSG00000143624_unmod,0.2394
ENSG00000143633_unmod,0.0328
ENSG00000143641_unmod,-0.1339
ENSG00000143643_unmod,-0.1498
ENSG00000143653_unmod,0.0944
ENSG00000143669_unmod,-0.1911
ENSG00000143674_unmod,-0.7613
ENSG00000143702_unmod,0.5786
ENSG00000143727_unmod,-0.1013
ENSG00000143740_unmod,0.018
ENSG00000143742_unmod,0.2747
ENSG00000143748_unmod,-0.1934
ENSG00000143751_unmod,0.1181
ENSG00000143753_unmod,-0.0508
ENSG00000143756_unmod,-0.171
ENSG00000143761_unmod,0.1193
ENSG00000143771_unmod,0.5577
ENSG00000143772_unmod,0.1515
ENSG00000143774_unmod,-0.2664
ENSG00000143776_unmod,0.2362
ENSG00000143793_unmod,0.1809
ENSG00000143797_unmod,-0.3298
ENSG00000143799_unmod,0.0983
ENSG00000143801_unmod,-0.3023
ENSG00000143811_unmod,0.1385
ENSG00000143815_unmod,0.4271
ENSG00000143816_unmod,0.7922
ENSG00000143819_unmod,0.0374
ENSG00000143842_unmod,0.0872
ENSG00000143850_unmod,0.402
ENSG00000143862_unmod,0.1179
ENSG00000143870_unmod,0.3841
ENSG00000143878_unmod,-0.409
ENSG00000143889_unmod,0.0712
ENSG00000143891_unmod,0.0802
ENSG00000143919_unmod,0.3476
ENSG00000143924_unmod,-0.4353
ENSG00000143933_unmod,-0.1038
ENSG00000143942_unmod,-0.1109
ENSG00000143947_unmod,0.0263
ENSG00000143951_unmod,0.0954
ENSG00000143952_unmod,-0.1637
ENSG00000143970_unmod,-0.147
ENSG00000143971_unmod,0.234
ENSG00000143977_unmod,0.0054
ENSG00000143995_unmod,0.195
ENSG00000144021_unmod,-0.1586
ENSG00000144026_unmod,0.099
ENSG00000144028_unmod,0.0175
ENSG00000144029_unmod,0.7452
ENSG00000144034_unmod,0.06
ENSG00000144043_unmod,-0.5345
ENSG00000144048_unmod,-0.0589
ENSG00000144063_unmod,0.7319
ENSG00000144118_unmod,0.1332
ENSG00000144120_unmod,-0.7146
ENSG00000144134_unmod,0.2457
ENSG00000144136_unmod,0.2959
ENSG00000144161_unmod,-0.2621
ENSG00000144199_unmod,0.3482
ENSG00000144218_unmod,0.3994
ENSG00000144224_unmod,0.1719
ENSG00000144228_unmod,1.2179
ENSG00000144231_unmod,0.4149
ENSG00000144233_unmod,-0.0875
ENSG00000144278_unmod,0.2795
ENSG00000144283_unmod,-0.0703
ENSG00000144306_unmod,-0.2182
ENSG00000144320_unmod,0.2716
ENSG00000144354_unmod,0.0839
ENSG00000144355_unmod,0.0205
ENSG00000144357_unmod,-0.0852
ENSG00000144366_unmod,0.0125
ENSG00000144369_unmod,-1.8034
ENSG00000144381_unmod,0.1623
ENSG00000144395_unmod,0.08
ENSG00000144401_unmod,0.0051
ENSG00000144426_unmod,0.455
ENSG00000144445_unmod,0.4771
ENSG00000144451_unmod,0.2915
ENSG00000144455_unmod,-0.0834
ENSG00000144460_unmod,-0.4649
ENSG00000144468_unmod,0.0116
ENSG00000144476_unmod,0.0484
ENSG00000144504_unmod,-0.2313
ENSG00000144524_unmod,-0.1852
ENSG00000144535_unmod,-0.0561
ENSG00000144554_unmod,0.1121
ENSG00000144559_unmod,-0.4515
ENSG00000144560_unmod,0.9086
ENSG00000144566_unmod,-0.067
ENSG00000144567_unmod,0.1385
ENSG00000144579_unmod,0.281
ENSG00000144580_unmod,-0.1041
ENSG00000144583_unmod,-0.5131
ENSG00000144589_unmod,0.179
ENSG00000144591_unmod,0.2735
ENSG00000144597_unmod,-0.0465
ENSG00000144635_unmod,0.0565
ENSG00000144642_unmod,0.2686
ENSG00000144645_unmod,-0.0545
ENSG00000144647_unmod,-0.2312
ENSG00000144655_unmod,0.3927
ENSG00000144659_unmod,-0.1613
ENSG00000144674_unmod,0.6643
ENSG00000144677_unmod,-0.3323
ENSG00000144681_unmod,-1.7776
ENSG00000144711_unmod,-0.2108
ENSG00000144713_unmod,-0.1607
ENSG00000144724_unmod,-0.0145
ENSG00000144736_unmod,-0.0423
ENSG00000144741_unmod,-0.1978
ENSG00000144744_unmod,0.1261
ENSG00000144746_unmod,0.1896
ENSG00000144747_unmod,0.7821
ENSG00000144749_unmod,0.5287
ENSG00000144791_unmod,-0.4135
ENSG00000144802_unmod,0.7318
ENSG00000144810_unmod,1.1958
ENSG00000144815_unmod,0.3241
ENSG00000144824_unmod,0.0142
ENSG00000144827_unmod,-0.0026
ENSG00000144840_unmod,-0.0997
ENSG00000144848_unmod,-0.0588
ENSG00000144867_unmod,-0.2044
ENSG00000144895_unmod,-0.1007
ENSG00000144909_unmod,-0.2453
ENSG00000144935_unmod,0.1025
ENSG00000144959_unmod,-0.1318
ENSG00000145012_unmod,-0.6483
ENSG00000145014_unmod,0.2724
ENSG00000145016_unmod,0.028
ENSG00000145022_unmod,-0.4064
ENSG00000145040_unmod,0.0994
ENSG00000145041_unmod,-0.2532
ENSG00000145050_unmod,0.3128
ENSG00000145087_unmod,0.2695
ENSG00000145147_unmod,0.06
ENSG00000145191_unmod,-0.1842
ENSG00000145214_unmod,0.1027
ENSG00000145216_unmod,0.0166
ENSG00000145220_unmod,-0.1201
ENSG00000145241_unmod,0.0493
ENSG00000145242_unmod,-0.1168
ENSG00000145246_unmod,0.0744
ENSG00000145247_unmod,0.4193
ENSG00000145284_unmod,0.1599
ENSG00000145293_unmod,0.1345
ENSG00000145331_unmod,0.2723
ENSG00000145332_unmod,-0.3754
ENSG00000145335_unmod,-0.1571
ENSG00000145337_unmod,-0.0604
ENSG00000145348_unmod,-0.1217
ENSG00000145349_unmod,-0.0898
ENSG00000145354_unmod,0.0927
ENSG00000145365_unmod,0.5608
ENSG00000145375_unmod,-0.2753
ENSG00000145386_unmod,0.0745
ENSG00000145388_unmod,0.175
ENSG00000145390_unmod,0.1757
ENSG00000145391_unmod,-0.476
ENSG00000145414_unmod,-0.3648
ENSG00000145425_unmod,-0.1514
ENSG00000145431_unmod,0.1898
ENSG00000145439_unmod,-0.2981
ENSG00000145476_unmod,0.3935
ENSG00000145494_unmod,0.3661
ENSG00000145495_unmod,-0.2651
ENSG00000145536_unmod,-0.0857
ENSG00000145545_unmod,-1.2909
ENSG00000145555_unmod,0.5077
ENSG00000145569_unmod,0.5224
ENSG00000145592_unmod,0.0189
ENSG00000145604_unmod,-0.1536
ENSG00000145623_unmod,-0.0429
ENSG00000145632_unmod,-0.4471
ENSG00000145675_unmod,-0.0503
ENSG00000145685_unmod,-0.227
ENSG00000145687_unmod,0.6692
ENSG00000145703_unmod,0.1371
ENSG00000145715_unmod,0.6093
ENSG00000145723_unmod,0.0599
ENSG00000145725_unmod,0.1242
ENSG00000145730_unmod,-0.182
ENSG00000145734_unmod,0.1391
ENSG00000145736_unmod,0.0716
ENSG00000145740_unmod,0.1753
ENSG00000145741_unmod,-0.158
ENSG00000145743_unmod,0.2354
ENSG00000145779_unmod,0.6585
ENSG00000145780_unmod,0.0661
ENSG00000145781_unmod,-0.0452
ENSG00000145782_unmod,-0.0882
ENSG00000145817_unmod,0.3061
ENSG00000145819_unmod,0.8234
ENSG00000145833_unmod,0.0358
ENSG00000145860_unmod,-0.1212
ENSG00000145868_unmod,0.0139
ENSG00000145901_unmod,0.4587
ENSG00000145907_unmod,-0.4153
ENSG00000145908_unmod,0.1295
ENSG00000145911_unmod,0.894
ENSG00000145912_unmod,-0.0021
ENSG00000145916_unmod,0.0955
ENSG00000145919_unmod,-0.9724
ENSG00000145934_unmod,0.4894
ENSG00000145945_unmod,-0.1244
ENSG00000145979_unmod,0.1475
ENSG00000145982_unmod,-0.1489
ENSG00000145990_unmod,-0.0746
ENSG00000145996_unmod,-0.0037
ENSG00000146007_unmod,-0.2148
ENSG00000146054_unmod,0.3955
ENSG00000146063_unmod,-0.1367
ENSG00000146066_unmod,-1.4021
ENSG00000146067_unmod,0.0046
ENSG00000146072_unmod,-0.896
ENSG00000146083_unmod,-0.5864
ENSG00000146085_unmod,0.4108
ENSG00000146094_unmod,-0.5102
ENSG00000146109_unmod,-0.6003
ENSG00000146112_unmod,0.3389
ENSG00000146143_unmod,0.083
ENSG00000146205_unmod,-0.1374
ENSG00000146223_unmod,-0.1003
ENSG00000146232_unmod,0.499
ENSG00000146247_unmod,0.3011
ENSG00000146263_unmod,0.142
ENSG00000146278_unmod,0.5223
ENSG00000146281_unmod,0.3124
ENSG00000146282_unmod,0.1107
ENSG00000146350_unmod,0.0353
ENSG00000146373_unmod,-0.5813
ENSG00000146374_unmod,0.6141
ENSG00000146376_unmod,0.208
ENSG00000146386_unmod,-1.3235
ENSG00000146409_unmod,-0.1581
ENSG00000146410_unmod,0.0124
ENSG00000146414_unmod,-0.1365
ENSG00000146416_unmod,-0.4074
ENSG00000146425_unmod,0.2281
ENSG00000146426_unmod,0.3379
ENSG00000146433_unmod,-0.0824
ENSG00000146457_unmod,0.2888
ENSG00000146463_unmod,-0.1278
ENSG00000146476_unmod,0.8771
ENSG00000146477_unmod,0.2717
ENSG00000146530_unmod,-0.0743
ENSG00000146535_unmod,-0.0766
ENSG00000146540_unmod,0.1361
ENSG00000146555_unmod,0.667
ENSG00000146574_unmod,-0.2935
ENSG00000146576_unmod,-0.3183
ENSG00000146587_unmod,-0.1964
ENSG00000146592_unmod,0.1746
ENSG00000146648_unmod,-0.3933
ENSG00000146670_unmod,0.3867
ENSG00000146674_unmod,-1.0897
ENSG00000146676_unmod,-0.3908
ENSG00000146701_unmod,0.024
ENSG00000146707_unmod,0.3034
ENSG00000146729_unmod,-0.2906
ENSG00000146733_unmod,-0.5941
ENSG00000146757_unmod,-0.2027
ENSG00000146776_unmod,-0.5012
ENSG00000146802_unmod,0.691
ENSG00000146826_unmod,0.0409
ENSG00000146828_unmod,-0.009
ENSG00000146830_unmod,-0.0887
ENSG00000146833_unmod,-0.0273
ENSG00000146834_unmod,0.0141
ENSG00000146842_unmod,-0.2563
ENSG00000146858_unmod,-0.5727
ENSG00000146872_unmod,0.1492
ENSG00000146909_unmod,-0.1378
ENSG00000146918_unmod,0.2471
ENSG00000146950_unmod,0.6097
ENSG00000146963_unmod,0.1134
ENSG00000147010_unmod,0.5077
ENSG00000147027_unmod,0.1029
ENSG00000147036_unmod,-0.6487
ENSG00000147044_unmod,0.2394
ENSG00000147050_unmod,-0.0517
ENSG00000147065_unmod,-0.7855
ENSG00000147099_unmod,0.0485
ENSG00000147118_unmod,0.0109
ENSG00000147121_unmod,-0.0029
ENSG00000147123_unmod,0.1161
ENSG00000147124_unmod,0.1184
ENSG00000147130_unmod,-0.5596
ENSG00000147133_unmod,0.255
ENSG00000147140_unmod,-0.1162
ENSG00000147144_unmod,0.1272
ENSG00000147155_unmod,-0.2745
ENSG00000147162_unmod,-0.0519
ENSG00000147164_unmod,-0.4015
ENSG00000147202_unmod,1.0246
ENSG00000147224_unmod,0.0052
ENSG00000147251_unmod,0.1819
ENSG00000147255_unmod,0.3801
ENSG00000147274_unmod,-0.0158
ENSG00000147316_unmod,0.3587
ENSG00000147324_unmod,0.528
ENSG00000147364_unmod,-0.3778
ENSG00000147383_unmod,-0.0177
ENSG00000147394_unmod,0.7631
ENSG00000147400_unmod,0.4405
ENSG00000147403_unmod,0.1794
ENSG00000147408_unmod,0.6591
ENSG00000147416_unmod,-0.041
ENSG00000147419_unmod,0.0829
ENSG00000147421_unmod,-0.3316
ENSG00000147439_unmod,-0.2848
ENSG00000147454_unmod,0.2367
ENSG00000147457_unmod,-0.0263
ENSG00000147459_unmod,-0.0029
ENSG00000147471_unmod,-0.2739
ENSG00000147475_unmod,-0.1019
ENSG00000147526_unmod,0.3114
ENSG00000147533_unmod,-0.0428
ENSG00000147535_unmod,0.4149
ENSG00000147536_unmod,0.1626
ENSG00000147548_unmod,-0.0053
ENSG00000147592_unmod,0.0907
ENSG00000147601_unmod,-0.3531
ENSG00000147604_unmod,-0.1088
ENSG00000147642_unmod,-0.0985
ENSG00000147649_unmod,0.6517
ENSG00000147650_unmod,-0.0113
ENSG00000147654_unmod,-0.1603
ENSG00000147669_unmod,0.3182
ENSG00000147676_unmod,-0.419
ENSG00000147677_unmod,-0.0746
ENSG00000147679_unmod,-0.1857
ENSG00000147684_unmod,0.0409
ENSG00000147687_unmod,-0.1798
ENSG00000147689_unmod,0.6485
ENSG00000147789_unmod,-0.0684
ENSG00000147799_unmod,-0.204
ENSG00000147813_unmod,0.1583
ENSG00000147852_unmod,0.1791
ENSG00000147853_unmod,-0.0051
ENSG00000147854_unmod,-0.1548
ENSG00000147862_unmod,0.1335
ENSG00000147872_unmod,-0.1538
ENSG00000147874_unmod,-0.2415
ENSG00000147883_unmod,0.2519
ENSG00000147889_unmod,-0.0667
ENSG00000147894_unmod,0.3715
ENSG00000147905_unmod,-0.1007
ENSG00000147912_unmod,-0.0626
ENSG00000147955_unmod,-0.4359
ENSG00000147996_unmod,-0.0801
ENSG00000148019_unmod,0.158
ENSG00000148082_unmod,0.188
ENSG00000148090_unmod,-0.3157
ENSG00000148110_unmod,0.5501
ENSG00000148120_unmod,0.2601
ENSG00000148143_unmod,-0.7015
ENSG00000148153_unmod,0.2697
ENSG00000148154_unmod,-0.5443
ENSG00000148158_unmod,0.173
ENSG00000148175_unmod,-0.4133
ENSG00000148180_unmod,0.4763
ENSG00000148187_unmod,-0.2847
ENSG00000148200_unmod,-0.0754
ENSG00000148218_unmod,-0.0201
ENSG00000148229_unmod,0.0734
ENSG00000148248_unmod,0.1952
ENSG00000148290_unmod,0.2917
ENSG00000148291_unmod,-0.1311
ENSG00000148297_unmod,0.4005
ENSG00000148300_unmod,-0.1784
ENSG00000148303_unmod,0.1275
ENSG00000148308_unmod,0.007
ENSG00000148331_unmod,-0.1689
ENSG00000148334_unmod,-0.5009
ENSG00000148335_unmod,-0.0748
ENSG00000148337_unmod,0.0709
ENSG00000148339_unmod,-0.4385
ENSG00000148341_unmod,0.1969
ENSG00000148343_unmod,0.0357
ENSG00000148344_unmod,-0.1523
ENSG00000148356_unmod,-0.0652
ENSG00000148357_unmod,0.3779
ENSG00000148358_unmod,-0.0059
ENSG00000148362_unmod,0.3139
ENSG00000148384_unmod,0.1761
ENSG00000148396_unmod,0.1648
ENSG00000148399_unmod,-0.001
ENSG00000148400_unmod,0.0471
ENSG00000148411_unmod,-0.6712
ENSG00000148426_unmod,-0.3647
ENSG00000148429_unmod,-0.107
ENSG00000148450_unmod,0.4152
ENSG00000148459_unmod,-0.3726
ENSG00000148468_unmod,-1.4551
ENSG00000148481_unmod,-0.4749
ENSG00000148484_unmod,-0.0035
ENSG00000148498_unmod,0.2911
ENSG00000148516_unmod,0.0859
ENSG00000148572_unmod,1.1655
ENSG00000148606_unmod,-0.3443
ENSG00000148634_unmod,-0.2658
ENSG00000148655_unmod,0.4148
ENSG00000148660_unmod,-0.041
ENSG00000148672_unmod,-0.0005
ENSG00000148677_unmod,-1.3816
ENSG00000148688_unmod,-0.1903
ENSG00000148690_unmod,0.2639
ENSG00000148700_unmod,0.4599
ENSG00000148719_unmod,-0.2484
ENSG00000148730_unmod,0.0386
ENSG00000148737_unmod,-0.1729
ENSG00000148773_unmod,0.3676
ENSG00000148798_unmod,0.0594
ENSG00000148803_unmod,0.1211
ENSG00000148824_unmod,-0.1958
ENSG00000148834_unmod,0.3956
ENSG00000148835_unmod,0.4368
ENSG00000148840_unmod,-0.2263
ENSG00000148841_unmod,0.222
ENSG00000148842_unmod,-0.2442
ENSG00000148843_unmod,-0.4148
ENSG00000148848_unmod,-0.0527
ENSG00000148908_unmod,0.5834
ENSG00000148925_unmod,0.3498
ENSG00000148926_unmod,0.1137
ENSG00000148943_unmod,0.4804
ENSG00000148950_unmod,0.182
ENSG00000148985_unmod,-0.0406
ENSG00000149016_unmod,0.1177
ENSG00000149084_unmod,-0.419
ENSG00000149089_unmod,0.1046
ENSG00000149091_unmod,0.0066
ENSG00000149100_unmod,-0.3189
ENSG00000149115_unmod,0.4925
ENSG00000149136_unmod,0.2037
ENSG00000149177_unmod,-0.2553
ENSG00000149179_unmod,0.1683
ENSG00000149182_unmod,0.0311
ENSG00000149187_unmod,-0.273
ENSG00000149196_unmod,-0.2187
ENSG00000149212_unmod,-0.6908
ENSG00000149218_unmod,-0.0937
ENSG00000149231_unmod,0.5396
ENSG00000149257_unmod,0.166
ENSG00000149262_unmod,0.0232
ENSG00000149269_unmod,0.4196
ENSG00000149273_unmod,0.1376
ENSG00000149289_unmod,0.6902
ENSG00000149292_unmod,0.341
ENSG00000149308_unmod,-0.1726
ENSG00000149311_unmod,-0.0601
ENSG00000149313_unmod,-0.3966
ENSG00000149328_unmod,-0.2312
ENSG00000149346_unmod,-0.1818
ENSG00000149357_unmod,-0.0372
ENSG00000149380_unmod,0.7379
ENSG00000149428_unmod,0.5111
ENSG00000149474_unmod,-0.1467
ENSG00000149476_unmod,-0.4235
ENSG00000149480_unmod,-0.2981
ENSG00000149483_unmod,-0.4917
ENSG00000149499_unmod,0.1449
ENSG00000149503_unmod,0.145
ENSG00000149532_unmod,-0.0667
ENSG00000149541_unmod,-0.0579
ENSG00000149547_unmod,-0.4344
ENSG00000149548_unmod,0.8177
ENSG00000149554_unmod,0.465
ENSG00000149577_unmod,-0.1168
ENSG00000149582_unmod,-0.274
ENSG00000149591_unmod,0.0452
ENSG00000149596_unmod,-0.0237
ENSG00000149600_unmod,0.362
ENSG00000149636_unmod,0.6232
ENSG00000149639_unmod,-0.176
ENSG00000149657_unmod,-0.0601
ENSG00000149658_unmod,-0.1708
ENSG00000149679_unmod,0.042
ENSG00000149716_unmod,-0.1345
ENSG00000149743_unmod,0.272
ENSG00000149761_unmod,0.1465
ENSG00000149782_unmod,0.3119
ENSG00000149792_unmod,-0.1944
ENSG00000149806_unmod,-0.0843
ENSG00000149823_unmod,0.1432
ENSG00000149923_unmod,0.1411
ENSG00000149925_unmod,-0.1355
ENSG00000149929_unmod,0.2581
ENSG00000149930_unmod,0.1404
ENSG00000149932_unmod,0.2375
ENSG00000149948_unmod,-0.5131
ENSG00000150051_unmod,-0.1462
ENSG00000150054_unmod,-0.2939
ENSG00000150093_unmod,0.2929
ENSG00000150316_unmod,0.0526
ENSG00000150347_unmod,0.1579
ENSG00000150401_unmod,-0.1431
ENSG00000150403_unmod,0.3336
ENSG00000150433_unmod,-0.004
ENSG00000150455_unmod,0.1475
ENSG00000150457_unmod,0.2886
ENSG00000150459_unmod,0.3105
ENSG00000150477_unmod,0.4178
ENSG00000150527_unmod,0.1083
ENSG00000150540_unmod,0.6646
ENSG00000150551_unmod,0.1647
ENSG00000150593_unmod,0.2934
ENSG00000150594_unmod,0.0571
ENSG00000150630_unmod,0.1858
ENSG00000150637_unmod,0.695
ENSG00000150687_unmod,0.085
ENSG00000150712_unmod,0.3727
ENSG00000150753_unmod,0.0786
ENSG00000150756_unmod,0.6126
ENSG00000150760_unmod,0.1101
ENSG00000150764_unmod,0.8092
ENSG00000150768_unmod,-0.2791
ENSG00000150776_unmod,0.0402
ENSG00000150779_unmod,-0.1076
ENSG00000150782_unmod,-0.6329
ENSG00000150787_unmod,0.0254
ENSG00000150867_unmod,-0.1745
ENSG00000150907_unmod,-0.145
ENSG00000150938_unmod,0.4866
ENSG00000150961_unmod,0.3063
ENSG00000150967_unmod,-0.1083
ENSG00000150977_unmod,0.265
ENSG00000150990_unmod,-0.3751
ENSG00000150991_unmod,0.2934
ENSG00000150995_unmod,-0.0417
ENSG00000151012_unmod,-0.1623
ENSG00000151014_unmod,-0.0421
ENSG00000151065_unmod,-0.2399
ENSG00000151090_unmod,0.2863
ENSG00000151092_unmod,0.223
ENSG00000151093_unmod,-0.4866
ENSG00000151116_unmod,-0.2085
ENSG00000151131_unmod,-0.604
ENSG00000151135_unmod,0.2826
ENSG00000151148_unmod,0.0169
ENSG00000151150_unmod,0.3593
ENSG00000151151_unmod,0.2186
ENSG00000151176_unmod,-0.4645
ENSG00000151208_unmod,0.083
ENSG00000151229_unmod,-0.1713
ENSG00000151233_unmod,1.0318
ENSG00000151239_unmod,0.247
ENSG00000151240_unmod,0.2254
ENSG00000151247_unmod,-0.2477
ENSG00000151276_unmod,-0.6925
ENSG00000151287_unmod,0.0887
ENSG00000151292_unmod,-0.3348
ENSG00000151304_unmod,-0.1576
ENSG00000151327_unmod,0.2585
ENSG00000151332_unmod,-0.0348
ENSG00000151338_unmod,-0.0978
ENSG00000151348_unmod,0.2783
ENSG00000151353_unmod,0.0718
ENSG00000151364_unmod,0.351
ENSG00000151366_unmod,-0.3245
ENSG00000151376_unmod,0.3775
ENSG00000151413_unmod,-0.1766
ENSG00000151414_unmod,0.251
ENSG00000151422_unmod,-0.0955
ENSG00000151445_unmod,-0.1877
ENSG00000151458_unmod,0.1663
ENSG00000151461_unmod,-0.0436
ENSG00000151465_unmod,-0.2369
ENSG00000151466_unmod,-0.1321
ENSG00000151470_unmod,0.3385
ENSG00000151474_unmod,0.0629
ENSG00000151490_unmod,0.5943
ENSG00000151491_unmod,0.2507
ENSG00000151498_unmod,0.0086
ENSG00000151500_unmod,-0.3021
ENSG00000151502_unmod,0.6684
ENSG00000151503_unmod,0.1879
ENSG00000151532_unmod,-0.0932
ENSG00000151552_unmod,-0.3905
ENSG00000151553_unmod,-0.324
ENSG00000151572_unmod,0.5139
ENSG00000151575_unmod,0.1342
ENSG00000151576_unmod,-0.003
ENSG00000151611_unmod,-0.4987
ENSG00000151612_unmod,-0.3524
ENSG00000151617_unmod,-0.2189
ENSG00000151632_unmod,0.5133
ENSG00000151657_unmod,0.2317
ENSG00000151665_unmod,-0.5751
ENSG00000151689_unmod,0.5121
ENSG00000151690_unmod,0.2611
ENSG00000151692_unmod,0.4713
ENSG00000151693_unmod,-0.0031
ENSG00000151694_unmod,0.1791
ENSG00000151702_unmod,0.6988
ENSG00000151718_unmod,0.0699
ENSG00000151725_unmod,0.6525
ENSG00000151726_unmod,0.0764
ENSG00000151729_unmod,0.0651
ENSG00000151743_unmod,0.0717
ENSG00000151746_unmod,0.0301
ENSG00000151748_unmod,0.2337
ENSG00000151779_unmod,0.0327
ENSG00000151806_unmod,-0.1748
ENSG00000151849_unmod,0.1215
ENSG00000151876_unmod,0.2576
ENSG00000151881_unmod,0.0924
ENSG00000151883_unmod,-0.1112
ENSG00000151893_unmod,-0.7844
ENSG00000151914_unmod,0.0445
ENSG00000151917_unmod,0.0861
ENSG00000151923_unmod,0.0084
ENSG00000151929_unmod,0.3613
ENSG00000152056_unmod,-0.1569
ENSG00000152061_unmod,0.1892
ENSG00000152078_unmod,0.2273
ENSG00000152082_unmod,0.4587
ENSG00000152102_unmod,-0.3142
ENSG00000152104_unmod,-0.2372
ENSG00000152117_unmod,0.2646
ENSG00000152127_unmod,-1.5706
ENSG00000152133_unmod,0.124
ENSG00000152137_unmod,0.0527
ENSG00000152147_unmod,-0.2928
ENSG00000152193_unmod,-0.0124
ENSG00000152217_unmod,-0.3889
ENSG00000152219_unmod,-0.0636
ENSG00000152223_unmod,-0.1227
ENSG00000152229_unmod,0.0034
ENSG00000152234_unmod,0.1279
ENSG00000152240_unmod,-0.0215
ENSG00000152242_unmod,0.3524
ENSG00000152253_unmod,0.4129
ENSG00000152256_unmod,0.1523
ENSG00000152270_unmod,0.6106
ENSG00000152291_unmod,1.0196
ENSG00000152332_unmod,-0.9373
ENSG00000152348_unmod,0.3302
ENSG00000152359_unmod,-0.2009
ENSG00000152377_unmod,0.0376
ENSG00000152382_unmod,-0.3859
ENSG00000152402_unmod,-0.1269
ENSG00000152409_unmod,-0.196
ENSG00000152413_unmod,-0.5124
ENSG00000152422_unmod,-0.4671
ENSG00000152443_unmod,-0.2845
ENSG00000152455_unmod,-0.1896
ENSG00000152457_unmod,-0.3792
ENSG00000152464_unmod,-0.162
ENSG00000152465_unmod,-0.3383
ENSG00000152484_unmod,0.0575
ENSG00000152492_unmod,0.5142
ENSG00000152495_unmod,0.0959
ENSG00000152503_unmod,0.2472
ENSG00000152518_unmod,0.0252
ENSG00000152520_unmod,0.1933
ENSG00000152527_unmod,0.5977
ENSG00000152556_unmod,-0.6725
ENSG00000152558_unmod,-0.4568
ENSG00000152580_unmod,-0.3482
ENSG00000152582_unmod,0.4358
ENSG00000152601_unmod,-0.2293
ENSG00000152620_unmod,-0.0433
ENSG00000152642_unmod,-0.3951
ENSG00000152661_unmod,-0.9124
ENSG00000152669_unmod,-0.1261
ENSG00000152683_unmod,-0.2683
ENSG00000152684_unmod,-0.1235
ENSG00000152700_unmod,0.1062
ENSG00000152749_unmod,0.5198
ENSG00000152767_unmod,0.0146
ENSG00000152778_unmod,-0.1234
ENSG00000152795_unmod,-0.021
ENSG00000152804_unmod,-0.2258
ENSG00000152818_unmod,0.0519
ENSG00000152894_unmod,0.5939
ENSG00000152904_unmod,-0.1925
ENSG00000152932_unmod,0.5115
ENSG00000152942_unmod,0.2156
ENSG00000152944_unmod,0.1293
ENSG00000152952_unmod,1.2448
ENSG00000152953_unmod,-0.2405
ENSG00000152990_unmod,-0.4356
ENSG00000153006_unmod,0.0269
ENSG00000153015_unmod,0.0335
ENSG00000153029_unmod,0.201
ENSG00000153037_unmod,-0.0235
ENSG00000153044_unmod,0.4056
ENSG00000153046_unmod,0.3774
ENSG00000153048_unmod,0.8298
ENSG00000153064_unmod,0.1963
ENSG00000153066_unmod,0.4026
ENSG00000153071_unmod,-0.6809
ENSG00000153094_unmod,-0.0031
ENSG00000153107_unmod,-0.3797
ENSG00000153113_unmod,0.3085
ENSG00000153130_unmod,0.0585
ENSG00000153132_unmod,0.4998
ENSG00000153147_unmod,0.4957
ENSG00000153162_unmod,0.037
ENSG00000153179_unmod,-0.1772
ENSG00000153187_unmod,0.0505
ENSG00000153201_unmod,0.1248
ENSG00000153207_unmod,-0.0356
ENSG00000153214_unmod,0.6673
ENSG00000153234_unmod,0.4053
ENSG00000153246_unmod,0.5574
ENSG00000153250_unmod,0.8668
ENSG00000153253_unmod,0.1693
ENSG00000153310_unmod,-0.3154
ENSG00000153317_unmod,-0.0861
ENSG00000153339_unmod,-0.103
ENSG00000153363_unmod,0.074
ENSG00000153391_unmod,-0.2294
ENSG00000153395_unmod,-0.4956
ENSG00000153406_unmod,0.4342
ENSG00000153443_unmod,-0.1787
ENSG00000153487_unmod,0.4505
ENSG00000153531_unmod,0.6641
ENSG00000153551_unmod,-0.8296
ENSG00000153558_unmod,0.0595
ENSG00000153560_unmod,-0.8634
ENSG00000153561_unmod,-0.2258
ENSG00000153574_unmod,-0.1521
ENSG00000153707_unmod,0.5347
ENSG00000153714_unmod,-0.0916
ENSG00000153721_unmod,0.1147
ENSG00000153767_unmod,0.3285
ENSG00000153774_unmod,0.1205
ENSG00000153786_unmod,0.1599
ENSG00000153814_unmod,0.0331
ENSG00000153815_unmod,-0.025
ENSG00000153823_unmod,0.2326
ENSG00000153827_unmod,-0.0047
ENSG00000153879_unmod,0.1175
ENSG00000153885_unmod,-0.1295
ENSG00000153904_unmod,0.3095
ENSG00000153914_unmod,0.1252
ENSG00000153922_unmod,0.1501
ENSG00000153930_unmod,0.2609
ENSG00000153936_unmod,0.3057
ENSG00000153944_unmod,-0.1338
ENSG00000153956_unmod,-0.0068
ENSG00000153975_unmod,-0.169
ENSG00000153989_unmod,-0.523
ENSG00000153993_unmod,-0.7647
ENSG00000154001_unmod,-0.2043
ENSG00000154059_unmod,0.0025
ENSG00000154065_unmod,0.0378
ENSG00000154096_unmod,-0.0858
ENSG00000154114_unmod,-0.0197
ENSG00000154122_unmod,-0.3803
ENSG00000154124_unmod,0.0942
ENSG00000154127_unmod,-1.1607
ENSG00000154144_unmod,0.2921
ENSG00000154146_unmod,0.4231
ENSG00000154153_unmod,0.021
ENSG00000154162_unmod,0.3086
ENSG00000154174_unmod,-0.0792
ENSG00000154217_unmod,-0.179
ENSG00000154222_unmod,0.4348
ENSG00000154237_unmod,-0.2097
ENSG00000154240_unmod,0.7833
ENSG00000154265_unmod,0.3158
ENSG00000154274_unmod,-0.4499
ENSG00000154277_unmod,0.4574
ENSG00000154305_unmod,-0.365
ENSG00000154309_unmod,0.0879
ENSG00000154310_unmod,0.1044
ENSG00000154358_unmod,0.309
ENSG00000154370_unmod,-0.0907
ENSG00000154380_unmod,-0.5172
ENSG00000154429_unmod,-0.7746
ENSG00000154447_unmod,0.11
ENSG00000154451_unmod,1.123
ENSG00000154511_unmod,-0.0887
ENSG00000154518_unmod,0.0955
ENSG00000154529_unmod,0.0496
ENSG00000154553_unmod,0.3605
ENSG00000154556_unmod,0.0191
ENSG00000154582_unmod,-0.1284
ENSG00000154639_unmod,-0.8484
ENSG00000154640_unmod,0.2504
ENSG00000154642_unmod,0.1263
ENSG00000154654_unmod,0.6097
ENSG00000154678_unmod,-0.0008
ENSG00000154710_unmod,0.3424
ENSG00000154719_unmod,-0.1309
ENSG00000154723_unmod,-0.091
ENSG00000154727_unmod,0.1563
ENSG00000154734_unmod,-0.3577
ENSG00000154743_unmod,-0.4835
ENSG00000154760_unmod,0.851
ENSG00000154767_unmod,0.3169
ENSG00000154781_unmod,0.2936
ENSG00000154803_unmod,0.1788
ENSG00000154813_unmod,-0.085
ENSG00000154814_unmod,-0.3509
ENSG00000154832_unmod,0.1648
ENSG00000154839_unmod,0.3035
ENSG00000154845_unmod,0.4302
ENSG00000154864_unmod,-0.0481
ENSG00000154874_unmod,-0.0324
ENSG00000154889_unmod,0.2677
ENSG00000154898_unmod,0.3982
ENSG00000154914_unmod,0.193
ENSG00000154917_unmod,0.4566
ENSG00000154920_unmod,0.1681
ENSG00000154945_unmod,-0.3703
ENSG00000154978_unmod,-0.4606
ENSG00000155008_unmod,-0.4095
ENSG00000155016_unmod,-0.6728
ENSG00000155034_unmod,-0.0826
ENSG00000155085_unmod,0.3532
ENSG00000155090_unmod,0.508
ENSG00000155096_unmod,-0.5381
ENSG00000155097_unmod,-0.1364
ENSG00000155099_unmod,-0.6732
ENSG00000155100_unmod,-0.5365
ENSG00000155111_unmod,0.0577
ENSG00000155115_unmod,0.4939
ENSG00000155158_unmod,0.4771
ENSG00000155189_unmod,-0.3097
ENSG00000155229_unmod,-0.0787
ENSG00000155252_unmod,-0.0646
ENSG00000155254_unmod,-0.0994
ENSG00000155256_unmod,-0.3537
ENSG00000155275_unmod,-0.2665
ENSG00000155287_unmod,0.1076
ENSG00000155304_unmod,0.4944
ENSG00000155313_unmod,-0.0126
ENSG00000155324_unmod,0.6731
ENSG00000155329_unmod,0.1659
ENSG00000155330_unmod,0.2879
ENSG00000155363_unmod,0.2173
ENSG00000155366_unmod,0.4006
ENSG00000155368_unmod,-0.3812
ENSG00000155380_unmod,-0.0854
ENSG00000155393_unmod,0.1809
ENSG00000155438_unmod,-0.1554
ENSG00000155463_unmod,-0.3846
ENSG00000155506_unmod,-0.2533
ENSG00000155508_unmod,-0.1404
ENSG00000155542_unmod,0.1591
ENSG00000155545_unmod,0.0524
ENSG00000155561_unmod,-0.0078
ENSG00000155592_unmod,-0.6398
ENSG00000155621_unmod,-0.2117
ENSG00000155636_unmod,-0.2512
ENSG00000155657_unmod,0.3413
ENSG00000155660_unmod,0.5582
ENSG00000155729_unmod,0.24
ENSG00000155744_unmod,-0.176
ENSG00000155755_unmod,-0.1669
ENSG00000155760_unmod,0.1412
ENSG00000155816_unmod,-0.1944
ENSG00000155827_unmod,0.1447
ENSG00000155846_unmod,-0.6058
ENSG00000155850_unmod,0.3306
ENSG00000155858_unmod,-0.0941
ENSG00000155868_unmod,0.1407
ENSG00000155876_unmod,-0.0656
ENSG00000155893_unmod,0.2536
ENSG00000155903_unmod,-0.2121
ENSG00000155906_unmod,0.0711
ENSG00000155957_unmod,0.1163
ENSG00000155959_unmod,-0.0295
ENSG00000155962_unmod,0.0239
ENSG00000155975_unmod,-0.6395
ENSG00000156011_unmod,0.1904
ENSG00000156017_unmod,0.0548
ENSG00000156026_unmod,0.0469
ENSG00000156030_unmod,-0.1783
ENSG00000156050_unmod,0.7641
ENSG00000156052_unmod,0.1009
ENSG00000156110_unmod,0.2726
ENSG00000156113_unmod,0.4285
ENSG00000156136_unmod,0.2363
ENSG00000156140_unmod,0.3963
ENSG00000156162_unmod,-0.1259
ENSG00000156170_unmod,0.0137
ENSG00000156171_unmod,-0.0695
ENSG00000156172_unmod,-0.7237
ENSG00000156218_unmod,0.0396
ENSG00000156232_unmod,0.272
ENSG00000156239_unmod,0.2507
ENSG00000156253_unmod,-0.1556
ENSG00000156256_unmod,0.2263
ENSG00000156261_unmod,-0.1445
ENSG00000156273_unmod,0.1528
ENSG00000156299_unmod,0.7572
ENSG00000156304_unmod,-0.306
ENSG00000156313_unmod,-0.1562
ENSG00000156345_unmod,-0.0714
ENSG00000156374_unmod,-0.0655
ENSG00000156381_unmod,0.2978
ENSG00000156384_unmod,0.4508
ENSG00000156398_unmod,-0.3912
ENSG00000156411_unmod,-0.0614
ENSG00000156414_unmod,0.1649
ENSG00000156453_unmod,0.7934
ENSG00000156463_unmod,0.236
ENSG00000156467_unmod,0.1926
ENSG00000156469_unmod,-0.3669
ENSG00000156471_unmod,-0.2423
ENSG00000156475_unmod,-0.4108
ENSG00000156482_unmod,-0.0248
ENSG00000156500_unmod,0.4963
ENSG00000156502_unmod,-0.3573
ENSG00000156504_unmod,0.0468
ENSG00000156508_unmod,0.1249
ENSG00000156509_unmod,0.528
ENSG00000156510_unmod,-0.0115
ENSG00000156515_unmod,0.1254
ENSG00000156521_unmod,-0.0574
ENSG00000156531_unmod,-0.111
ENSG00000156535_unmod,0.3686
ENSG00000156587_unmod,0.2014
ENSG00000156599_unmod,-0.0288
ENSG00000156603_unmod,0.2797
ENSG00000156639_unmod,0.2814
ENSG00000156642_unmod,0.0275
ENSG00000156650_unmod,-0.0569
ENSG00000156671_unmod,0.0222
ENSG00000156675_unmod,-0.01
ENSG00000156697_unmod,-0.1833
ENSG00000156709_unmod,-0.036
ENSG00000156735_unmod,-0.0298
ENSG00000156787_unmod,0.0301
ENSG00000156795_unmod,0.1108
ENSG00000156802_unmod,0.6159
ENSG00000156804_unmod,0.0498
ENSG00000156831_unmod,0.2652
ENSG00000156853_unmod,-0.3348
ENSG00000156858_unmod,-0.0404
ENSG00000156860_unmod,-0.1658
ENSG00000156869_unmod,0.0982
ENSG00000156873_unmod,0.2983
ENSG00000156876_unmod,-0.1332
ENSG00000156928_unmod,-0.0332
ENSG00000156931_unmod,0.1002
ENSG00000156958_unmod,0.2301
ENSG00000156968_unmod,-0.509
ENSG00000156970_unmod,0.1979
ENSG00000156973_unmod,0.2304
ENSG00000156983_unmod,-0.0361
ENSG00000156990_unmod,-0.32
ENSG00000157014_unmod,-0.1466
ENSG00000157020_unmod,0.235
ENSG00000157036_unmod,-0.0438
ENSG00000157045_unmod,0.1996
ENSG00000157064_unmod,-0.0947
ENSG00000157077_unmod,0.4289
ENSG00000157106_unmod,-0.1122
ENSG00000157107_unmod,0.1179
ENSG00000157110_unmod,0.0908
ENSG00000157150_unmod,0.3355
ENSG00000157168_unmod,0.3957
ENSG00000157181_unmod,-0.2212
ENSG00000157184_unmod,-0.0366
ENSG00000157191_unmod,0.2452
ENSG00000157193_unmod,0.2754
ENSG00000157212_unmod,-0.0433
ENSG00000157216_unmod,-0.0965
ENSG00000157224_unmod,-0.2991
ENSG00000157227_unmod,0.5969
ENSG00000157240_unmod,0.1833
ENSG00000157259_unmod,-0.008
ENSG00000157349_unmod,0.014
ENSG00000157350_unmod,0.1405
ENSG00000157353_unmod,-0.2717
ENSG00000157379_unmod,0.5183
ENSG00000157426_unmod,0.1716
ENSG00000157445_unmod,0.287
ENSG00000157450_unmod,-0.0591
ENSG00000157456_unmod,0.023
ENSG00000157470_unmod,-0.1807
ENSG00000157483_unmod,-0.2785
ENSG00000157500_unmod,-0.2403
ENSG00000157510_unmod,0.3914
ENSG00000157514_unmod,0.0454
ENSG00000157538_unmod,0.2427
ENSG00000157540_unmod,-0.1246
ENSG00000157554_unmod,-0.0741
ENSG00000157557_unmod,0.0973
ENSG00000157570_unmod,1.1505
ENSG00000157593_unmod,-0.0502
ENSG00000157600_unmod,-0.2135
ENSG00000157601_unmod,0.3232
ENSG00000157613_unmod,0.4407
ENSG00000157617_unmod,-0.4011
ENSG00000157625_unmod,-0.0973
ENSG00000157637_unmod,0.2417
ENSG00000157657_unmod,-0.4649
ENSG00000157680_unmod,0.3812
ENSG00000157693_unmod,-0.2942
ENSG00000157741_unmod,0.2559
ENSG00000157764_unmod,-0.1176
ENSG00000157778_unmod,0.0897
ENSG00000157796_unmod,0.1527
ENSG00000157800_unmod,0.4259
ENSG00000157823_unmod,-0.0853
ENSG00000157827_unmod,0.326
ENSG00000157837_unmod,-0.0329
ENSG00000157869_unmod,0.1526
ENSG00000157881_unmod,0.2838
ENSG00000157895_unmod,0.0345
ENSG00000157911_unmod,-0.1125
ENSG00000157916_unmod,-0.1263
ENSG00000157933_unmod,0.1679
ENSG00000157954_unmod,0.1433
ENSG00000157978_unmod,0.0436
ENSG00000157985_unmod,0.0061
ENSG00000158006_unmod,-0.0202
ENSG00000158019_unmod,-0.0049
ENSG00000158023_unmod,-0.1151
ENSG00000158042_unmod,-0.2703
ENSG00000158050_unmod,-0.007
ENSG00000158062_unmod,0.7108
ENSG00000158079_unmod,0.399
ENSG00000158092_unmod,0.4465
ENSG00000158106_unmod,-0.0813
ENSG00000158109_unmod,-0.1275
ENSG00000158122_unmod,0.5292
ENSG00000158156_unmod,-0.0686
ENSG00000158158_unmod,-0.7105
ENSG00000158161_unmod,-0.194
ENSG00000158163_unmod,0.5984
ENSG00000158169_unmod,0.1995
ENSG00000158186_unmod,-0.573
ENSG00000158195_unmod,-0.0501
ENSG00000158201_unmod,-0.0085
ENSG00000158234_unmod,0.5833
ENSG00000158286_unmod,-0.1502
ENSG00000158290_unmod,-0.0226
ENSG00000158292_unmod,0.7203
ENSG00000158321_unmod,0.266
ENSG00000158373_unmod,0.2541
ENSG00000158402_unmod,0.2578
ENSG00000158406_unmod,0.353
ENSG00000158411_unmod,-0.0549
ENSG00000158417_unmod,0.5648
ENSG00000158435_unmod,-0.0094
ENSG00000158467_unmod,-0.2141
ENSG00000158470_unmod,0.0795
ENSG00000158480_unmod,-0.3482
ENSG00000158483_unmod,-0.4473
ENSG00000158526_unmod,-0.1719
ENSG00000158528_unmod,-0.5213
ENSG00000158545_unmod,-0.1808
ENSG00000158552_unmod,0.2015
ENSG00000158555_unmod,0.1031
ENSG00000158604_unmod,0.0612
ENSG00000158615_unmod,-0.0717
ENSG00000158623_unmod,-0.3854
ENSG00000158636_unmod,-0.2118
ENSG00000158669_unmod,0.1953
ENSG00000158691_unmod,0.0165
ENSG00000158710_unmod,0.2621
ENSG00000158711_unmod,0.3808
ENSG00000158715_unmod,-1.1037
ENSG00000158716_unmod,0.0776
ENSG00000158717_unmod,-0.2377
ENSG00000158747_unmod,0.3464
ENSG00000158773_unmod,0.1363
ENSG00000158792_unmod,0.5031
ENSG00000158793_unmod,0.4302
ENSG00000158796_unmod,0.1558
ENSG00000158805_unmod,-0.3064
ENSG00000158825_unmod,-0.0428
ENSG00000158828_unmod,0.2843
ENSG00000158850_unmod,-0.5146
ENSG00000158863_unmod,0.335
ENSG00000158864_unmod,0.2377
ENSG00000158882_unmod,-0.1398
ENSG00000158941_unmod,0.2083
ENSG00000158966_unmod,-0.4925
ENSG00000158985_unmod,-0.2023
ENSG00000158987_unmod,-0.3664
ENSG00000159023_unmod,0.0962
ENSG00000159055_unmod,0.3928
ENSG00000159063_unmod,-0.2841
ENSG00000159069_unmod,0.2751
ENSG00000159079_unmod,-0.5098
ENSG00000159082_unmod,0.2863
ENSG00000159086_unmod,-0.0453
ENSG00000159110_unmod,0.3527
ENSG00000159111_unmod,-0.218
ENSG00000159128_unmod,0.114
ENSG00000159131_unmod,-0.2848
ENSG00000159140_unmod,-0.0827
ENSG00000159147_unmod,0.3702
ENSG00000159164_unmod,0.3716
ENSG00000159176_unmod,-0.1254
ENSG00000159199_unmod,-0.0715
ENSG00000159200_unmod,0.502
ENSG00000159202_unmod,-0.1644
ENSG00000159210_unmod,0.294
ENSG00000159216_unmod,0.0024
ENSG00000159217_unmod,0.0128
ENSG00000159228_unmod,0.0002
ENSG00000159231_unmod,1.1662
ENSG00000159251_unmod,0.0099
ENSG00000159256_unmod,0.1902
ENSG00000159259_unmod,0.2586
ENSG00000159263_unmod,-0.511
ENSG00000159267_unmod,0.3153
ENSG00000159322_unmod,0.1739
ENSG00000159335_unmod,0.4621
ENSG00000159346_unmod,-0.1423
ENSG00000159348_unmod,0.2317
ENSG00000159352_unmod,0.0554
ENSG00000159363_unmod,0.313
ENSG00000159377_unmod,0.0823
ENSG00000159388_unmod,0.0563
ENSG00000159399_unmod,-0.5753
ENSG00000159403_unmod,0.6367
ENSG00000159433_unmod,0.0137
ENSG00000159445_unmod,-0.2077
ENSG00000159459_unmod,0.1187
ENSG00000159461_unmod,0.1171
ENSG00000159479_unmod,-0.0753
ENSG00000159556_unmod,0.122
ENSG00000159579_unmod,0.0521
ENSG00000159592_unmod,-0.2297
ENSG00000159593_unmod,-0.0811
ENSG00000159596_unmod,-0.1026
ENSG00000159658_unmod,0.5536
ENSG00000159685_unmod,-0.2231
ENSG00000159692_unmod,0.1859
ENSG00000159720_unmod,0.1803
ENSG00000159733_unmod,0.1978
ENSG00000159788_unmod,0.7175
ENSG00000159792_unmod,0.3083
ENSG00000159840_unmod,-0.0498
ENSG00000159842_unmod,0.4432
ENSG00000159873_unmod,0.9595
ENSG00000159884_unmod,0.7832
ENSG00000159899_unmod,0.0019
ENSG00000159905_unmod,0.284
ENSG00000159917_unmod,0.0133
ENSG00000159921_unmod,-0.3893
ENSG00000160007_unmod,-0.0049
ENSG00000160014_unmod,0.4005
ENSG00000160049_unmod,-0.8186
ENSG00000160051_unmod,0.385
ENSG00000160055_unmod,0.0775
ENSG00000160058_unmod,0.1796
ENSG00000160062_unmod,0.1813
ENSG00000160072_unmod,0.091
ENSG00000160075_unmod,-0.0389
ENSG00000160087_unmod,0.0438
ENSG00000160094_unmod,-0.0749
ENSG00000160113_unmod,-0.0792
ENSG00000160117_unmod,-0.3096
ENSG00000160124_unmod,-0.3957
ENSG00000160131_unmod,-0.4678
ENSG00000160145_unmod,0.5759
ENSG00000160172_unmod,-0.5534
ENSG00000160179_unmod,0.5421
ENSG00000160190_unmod,0.6854
ENSG00000160193_unmod,0.0656
ENSG00000160194_unmod,-0.0193
ENSG00000160199_unmod,0.0774
ENSG00000160200_unmod,0.1395
ENSG00000160208_unmod,-0.4657
ENSG00000160209_unmod,-0.0804
ENSG00000160211_unmod,0.0557
ENSG00000160213_unmod,-1.496
ENSG00000160214_unmod,-0.2178
ENSG00000160216_unmod,0.0993
ENSG00000160218_unmod,0.0114
ENSG00000160256_unmod,-0.1062
ENSG00000160285_unmod,0.1447
ENSG00000160293_unmod,-0.207
ENSG00000160294_unmod,0.0948
ENSG00000160298_unmod,0.5186
ENSG00000160299_unmod,0.2733
ENSG00000160305_unmod,0.1063
ENSG00000160310_unmod,0.3213
ENSG00000160326_unmod,0.6415
ENSG00000160336_unmod,-0.1782
ENSG00000160345_unmod,0.3477
ENSG00000160352_unmod,-0.0212
ENSG00000160360_unmod,0.439
ENSG00000160392_unmod,0.0747
ENSG00000160404_unmod,-0.1696
ENSG00000160410_unmod,0.0684
ENSG00000160445_unmod,0.0392
ENSG00000160446_unmod,0.2093
ENSG00000160447_unmod,0.3291
ENSG00000160469_unmod,0.6226
ENSG00000160551_unmod,0.0528
ENSG00000160563_unmod,-0.2471
ENSG00000160570_unmod,0.222
ENSG00000160584_unmod,-0.0716
ENSG00000160588_unmod,1.1569
ENSG00000160602_unmod,-0.4346
ENSG00000160606_unmod,0.1546
ENSG00000160613_unmod,0.033
ENSG00000160633_unmod,0.0239
ENSG00000160679_unmod,0.1667
ENSG00000160685_unmod,0.3172
ENSG00000160688_unmod,-0.2906
ENSG00000160691_unmod,0.2368
ENSG00000160695_unmod,0.1274
ENSG00000160703_unmod,0.07
ENSG00000160710_unmod,-0.1071
ENSG00000160712_unmod,0.1333
ENSG00000160714_unmod,-0.3243
ENSG00000160741_unmod,-0.2805
ENSG00000160746_unmod,-0.1538
ENSG00000160752_unmod,0.1519
ENSG00000160753_unmod,0.1967
ENSG00000160767_unmod,-0.391
ENSG00000160783_unmod,-0.0778
ENSG00000160785_unmod,-0.3745
ENSG00000160789_unmod,-0.1235
ENSG00000160796_unmod,-0.6146
ENSG00000160799_unmod,-0.0254
ENSG00000160803_unmod,-0.2742
ENSG00000160813_unmod,-0.0467
ENSG00000160818_unmod,-0.1156
ENSG00000160867_unmod,-0.5648
ENSG00000160877_unmod,-0.208
ENSG00000160886_unmod,-0.1605
ENSG00000160888_unmod,0.48
ENSG00000160908_unmod,0.1162
ENSG00000160917_unmod,-0.798
ENSG00000160932_unmod,-0.0073
ENSG00000160948_unmod,0.3567
ENSG00000160949_unmod,0.2953
ENSG00000160953_unmod,0.001
ENSG00000160957_unmod,0.5037
ENSG00000160961_unmod,0.182
ENSG00000160972_unmod,0.0885
ENSG00000160991_unmod,0.1798
ENSG00000160993_unmod,-0.1601
ENSG00000161011_unmod,0.2621
ENSG00000161013_unmod,0.1157
ENSG00000161016_unmod,0.1669
ENSG00000161021_unmod,-0.4255
ENSG00000161036_unmod,0.0126
ENSG00000161040_unmod,0.2749
ENSG00000161057_unmod,-0.9708
ENSG00000161091_unmod,0.1475
ENSG00000161179_unmod,-0.662
ENSG00000161202_unmod,-0.1022
ENSG00000161203_unmod,0.1229
ENSG00000161204_unmod,0.1063
ENSG00000161217_unmod,0.4408
ENSG00000161395_unmod,0.117
ENSG00000161513_unmod,0.0513
ENSG00000161526_unmod,0.2487
ENSG00000161533_unmod,-0.1491
ENSG00000161542_unmod,0.3938
ENSG00000161547_unmod,-0.1028
ENSG00000161558_unmod,0.3575
ENSG00000161618_unmod,-0.0471
ENSG00000161638_unmod,0.1012
ENSG00000161642_unmod,0.3408
ENSG00000161647_unmod,0.0457
ENSG00000161654_unmod,-0.0946
ENSG00000161671_unmod,-0.1194
ENSG00000161692_unmod,-0.1476
ENSG00000161714_unmod,-0.0597
ENSG00000161791_unmod,0.3949
ENSG00000161800_unmod,0.1994
ENSG00000161813_unmod,-0.2268
ENSG00000161847_unmod,0.2137
ENSG00000161904_unmod,0.191
ENSG00000161920_unmod,-0.1336
ENSG00000161956_unmod,-0.2181
ENSG00000161960_unmod,-0.172
ENSG00000161970_unmod,-0.4896
ENSG00000161980_unmod,-1.0415
ENSG00000161981_unmod,0.1682
ENSG00000161996_unmod,0.0565
ENSG00000161999_unmod,0.1781
ENSG00000162032_unmod,0.393
ENSG00000162062_unmod,0.4112
ENSG00000162063_unmod,0.1207
ENSG00000162065_unmod,-0.2242
ENSG00000162066_unmod,-0.0097
ENSG00000162073_unmod,0.9991
ENSG00000162076_unmod,0.3049
ENSG00000162086_unmod,0.1908
ENSG00000162104_unmod,0.4297
ENSG00000162129_unmod,-0.5979
ENSG00000162139_unmod,-0.3454
ENSG00000162144_unmod,-0.1879
ENSG00000162174_unmod,0.4751
ENSG00000162191_unmod,-0.1257
ENSG00000162194_unmod,0.0318
ENSG00000162222_unmod,0.4369
ENSG00000162227_unmod,0.0182
ENSG00000162231_unmod,-0.1835
ENSG00000162236_unmod,0.3507
ENSG00000162241_unmod,0.7066
ENSG00000162244_unmod,-0.1313
ENSG00000162298_unmod,0.0649
ENSG00000162300_unmod,-0.0273
ENSG00000162302_unmod,-0.1293
ENSG00000162337_unmod,0.0108
ENSG00000162341_unmod,0.2053
ENSG00000162368_unmod,0.4217
ENSG00000162377_unmod,-0.562
ENSG00000162378_unmod,-0.0909
ENSG00000162384_unmod,-0.0848
ENSG00000162385_unmod,0.163
ENSG00000162396_unmod,-0.2438
ENSG00000162402_unmod,0.0334
ENSG00000162407_unmod,-0.2224
ENSG00000162408_unmod,-0.4186
ENSG00000162409_unmod,-0.547
ENSG00000162413_unmod,-0.0793
ENSG00000162415_unmod,-0.2646
ENSG00000162419_unmod,-0.1461
ENSG00000162430_unmod,-0.1257
ENSG00000162433_unmod,-0.9299
ENSG00000162434_unmod,0.1002
ENSG00000162437_unmod,-0.006
ENSG00000162441_unmod,0.3396
ENSG00000162458_unmod,0.3018
ENSG00000162496_unmod,0.4419
ENSG00000162512_unmod,0.9106
ENSG00000162517_unmod,-0.0417
ENSG00000162520_unmod,0.4038
ENSG00000162521_unmod,0.366
ENSG00000162522_unmod,0.2962
ENSG00000162542_unmod,0.3611
ENSG00000162551_unmod,0.108
ENSG00000162585_unmod,-0.0504
ENSG00000162591_unmod,0.0534
ENSG00000162599_unmod,-0.1359
ENSG00000162600_unmod,0.3413
ENSG00000162601_unmod,-0.007
ENSG00000162604_unmod,0.111
ENSG00000162607_unmod,0.6861
ENSG00000162613_unmod,0.0081
ENSG00000162614_unmod,0.2884
ENSG00000162616_unmod,-0.0668
ENSG00000162623_unmod,-0.0929
ENSG00000162627_unmod,0.5895
ENSG00000162631_unmod,0.604
ENSG00000162636_unmod,-0.1702
ENSG00000162639_unmod,-1.153
ENSG00000162642_unmod,-0.0377
ENSG00000162645_unmod,0.4971
ENSG00000162650_unmod,-0.0555
ENSG00000162654_unmod,0.4909
ENSG00000162664_unmod,-0.1461
ENSG00000162687_unmod,0.5288
ENSG00000162688_unmod,-0.1412
ENSG00000162694_unmod,0.217
ENSG00000162695_unmod,-0.4705
ENSG00000162702_unmod,-0.4738
ENSG00000162704_unmod,1.2567
ENSG00000162714_unmod,-0.1026
ENSG00000162729_unmod,-0.2709
ENSG00000162733_unmod,-0.0491
ENSG00000162734_unmod,-0.1442
ENSG00000162735_unmod,-0.5679
ENSG00000162736_unmod,-0.1339
ENSG00000162757_unmod,-0.4964
ENSG00000162769_unmod,-0.3927
ENSG00000162772_unmod,0.3215
ENSG00000162775_unmod,0.0726
ENSG00000162777_unmod,0.4105
ENSG00000162783_unmod,0.0314
ENSG00000162813_unmod,-0.1362
ENSG00000162819_unmod,0.176
ENSG00000162825_unmod,0.0718
ENSG00000162836_unmod,-0.0992
ENSG00000162851_unmod,-0.6697
ENSG00000162852_unmod,-0.3535
ENSG00000162869_unmod,0.146
ENSG00000162878_unmod,-0.0015
ENSG00000162885_unmod,-0.0096
ENSG00000162889_unmod,0.1545
ENSG00000162894_unmod,-0.2756
ENSG00000162909_unmod,0.284
ENSG00000162910_unmod,0.2664
ENSG00000162913_unmod,-0.1361
ENSG00000162923_unmod,-0.0494
ENSG00000162924_unmod,-0.3948
ENSG00000162927_unmod,0.1363
ENSG00000162928_unmod,0.5589
ENSG00000162929_unmod,0.7228
ENSG00000162961_unmod,0.152
ENSG00000162971_unmod,-0.7011
ENSG00000162972_unmod,0.5153
ENSG00000162980_unmod,-0.0619
ENSG00000162994_unmod,0.264
ENSG00000163002_unmod,-0.2739
ENSG00000163006_unmod,-0.4345
ENSG00000163013_unmod,-0.314
ENSG00000163017_unmod,0.1258
ENSG00000163026_unmod,-0.4749
ENSG00000163029_unmod,0.1261
ENSG00000163041_unmod,0.0562
ENSG00000163050_unmod,-0.2452
ENSG00000163053_unmod,-0.1268
ENSG00000163064_unmod,-0.2933
ENSG00000163069_unmod,-0.0695
ENSG00000163104_unmod,-0.168
ENSG00000163110_unmod,-0.3446
ENSG00000163125_unmod,-0.1131
ENSG00000163131_unmod,0.1007
ENSG00000163132_unmod,0.185
ENSG00000163138_unmod,-0.1522
ENSG00000163155_unmod,-0.0129
ENSG00000163156_unmod,-0.0644
ENSG00000163159_unmod,-0.4559
ENSG00000163161_unmod,-0.0063
ENSG00000163162_unmod,-0.075
ENSG00000163166_unmod,0.2291
ENSG00000163170_unmod,-0.0543
ENSG00000163171_unmod,0.0898
ENSG00000163191_unmod,0.2013
ENSG00000163214_unmod,-0.1735
ENSG00000163235_unmod,0.598
ENSG00000163249_unmod,-0.0125
ENSG00000163251_unmod,-0.4755
ENSG00000163257_unmod,-0.3444
ENSG00000163281_unmod,-0.1387
ENSG00000163291_unmod,-0.0901
ENSG00000163297_unmod,0.6597
ENSG00000163312_unmod,-0.1284
ENSG00000163319_unmod,-0.1523
ENSG00000163320_unmod,-0.0911
ENSG00000163322_unmod,-0.2571
ENSG00000163328_unmod,0.2287
ENSG00000163344_unmod,0.307
ENSG00000163346_unmod,0.0507
ENSG00000163347_unmod,-0.0504
ENSG00000163348_unmod,0.3771
ENSG00000163349_unmod,-0.344
ENSG00000163364_unmod,0.0898
ENSG00000163374_unmod,-0.2077
ENSG00000163376_unmod,0.2785
ENSG00000163378_unmod,0.2651
ENSG00000163382_unmod,-0.1131
ENSG00000163389_unmod,-0.5034
ENSG00000163393_unmod,0.3882
ENSG00000163395_unmod,-0.0716
ENSG00000163399_unmod,0.0024
ENSG00000163428_unmod,-0.6979
ENSG00000163430_unmod,-0.1926
ENSG00000163435_unmod,0.2594
ENSG00000163444_unmod,-0.3229
ENSG00000163453_unmod,0.157
ENSG00000163466_unmod,-0.2485
ENSG00000163468_unmod,-0.0655
ENSG00000163472_unmod,-0.015
ENSG00000163479_unmod,0.1098
ENSG00000163481_unmod,0.2022
ENSG00000163482_unmod,-0.3203
ENSG00000163507_unmod,0.1512
ENSG00000163510_unmod,0.0391
ENSG00000163512_unmod,0.2522
ENSG00000163513_unmod,0.1611
ENSG00000163516_unmod,0.1194
ENSG00000163521_unmod,0.276
ENSG00000163527_unmod,0.4539
ENSG00000163528_unmod,-0.3232
ENSG00000163535_unmod,0.3827
ENSG00000163536_unmod,0.0699
ENSG00000163539_unmod,-1.0372
ENSG00000163541_unmod,-0.0897
ENSG00000163545_unmod,-0.1649
ENSG00000163558_unmod,-0.0683
ENSG00000163565_unmod,-0.0683
ENSG00000163577_unmod,-0.1662
ENSG00000163584_unmod,-0.4696
ENSG00000163590_unmod,-0.4064
ENSG00000163597_unmod,-0.5473
ENSG00000163602_unmod,-0.1088
ENSG00000163605_unmod,0.4443
ENSG00000163607_unmod,-0.2309
ENSG00000163608_unmod,-0.2041
ENSG00000163611_unmod,0.0318
ENSG00000163624_unmod,-0.301
ENSG00000163625_unmod,0.1014
ENSG00000163626_unmod,0.1359
ENSG00000163629_unmod,0.2943
ENSG00000163634_unmod,0.1146
ENSG00000163635_unmod,0.2836
ENSG00000163636_unmod,-0.1565
ENSG00000163637_unmod,-0.1705
ENSG00000163644_unmod,0.4532
ENSG00000163655_unmod,0.185
ENSG00000163659_unmod,0.1059
ENSG00000163660_unmod,0.0721
ENSG00000163661_unmod,0.4771
ENSG00000163681_unmod,-0.0836
ENSG00000163682_unmod,-0.0572
ENSG00000163683_unmod,0.1539
ENSG00000163684_unmod,-0.3476
ENSG00000163686_unmod,-0.2964
ENSG00000163689_unmod,0.4764
ENSG00000163694_unmod,1.023
ENSG00000163697_unmod,0.0525
ENSG00000163702_unmod,0.5141
ENSG00000163703_unmod,0.3747
ENSG00000163710_unmod,-0.2912
ENSG00000163714_unmod,0.0849
ENSG00000163719_unmod,0.0966
ENSG00000163728_unmod,0.0493
ENSG00000163734_unmod,1.1854
ENSG00000163738_unmod,-0.1036
ENSG00000163739_unmod,0.9945
ENSG00000163743_unmod,-0.3493
ENSG00000163754_unmod,-0.6616
ENSG00000163755_unmod,0.2758
ENSG00000163781_unmod,0.1892
ENSG00000163785_unmod,-0.1668
ENSG00000163788_unmod,0.1504
ENSG00000163795_unmod,-0.1002
ENSG00000163798_unmod,-0.0737
ENSG00000163807_unmod,0.1087
ENSG00000163808_unmod,0.4399
ENSG00000163811_unmod,-0.8612
ENSG00000163812_unmod,-0.3636
ENSG00000163814_unmod,-0.9398
ENSG00000163818_unmod,0.2943
ENSG00000163820_unmod,-0.7849
ENSG00000163832_unmod,0.1374
ENSG00000163840_unmod,0.266
ENSG00000163848_unmod,-0.0573
ENSG00000163866_unmod,-0.0943
ENSG00000163867_unmod,-0.3964
ENSG00000163870_unmod,-0.1176
ENSG00000163872_unmod,0.0234
ENSG00000163874_unmod,0.5186
ENSG00000163875_unmod,-0.0808
ENSG00000163877_unmod,-0.0227
ENSG00000163882_unmod,-0.0178
ENSG00000163898_unmod,1.4132
ENSG00000163900_unmod,-0.2847
ENSG00000163902_unmod,-0.039
ENSG00000163904_unmod,-0.6976
ENSG00000163913_unmod,0.3443
ENSG00000163918_unmod,0.4316
ENSG00000163923_unmod,0.3142
ENSG00000163930_unmod,0.1231
ENSG00000163931_unmod,-0.0748
ENSG00000163932_unmod,0.4342
ENSG00000163933_unmod,-0.2844
ENSG00000163935_unmod,0.2609
ENSG00000163938_unmod,-0.1982
ENSG00000163939_unmod,0.3525
ENSG00000163945_unmod,-0.0675
ENSG00000163946_unmod,0.3707
ENSG00000163947_unmod,0.3217
ENSG00000163950_unmod,0.6162
ENSG00000163956_unmod,0.0244
ENSG00000163960_unmod,0.0672
ENSG00000163961_unmod,0.0985
ENSG00000163964_unmod,0.2493
ENSG00000163975_unmod,0.6934
ENSG00000163993_unmod,0.4882
ENSG00000163995_unmod,0.0601
ENSG00000164002_unmod,0.1815
ENSG00000164008_unmod,-0.5731
ENSG00000164010_unmod,0.1566
ENSG00000164011_unmod,-0.1583
ENSG00000164022_unmod,-0.3183
ENSG00000164023_unmod,0.5531
ENSG00000164024_unmod,-0.7765
ENSG00000164031_unmod,-0.0011
ENSG00000164032_unmod,0.3037
ENSG00000164038_unmod,-0.1578
ENSG00000164039_unmod,0.3689
ENSG00000164040_unmod,0.3015
ENSG00000164045_unmod,0.0773
ENSG00000164048_unmod,-0.6668
ENSG00000164050_unmod,-0.0423
ENSG00000164051_unmod,0.1043
ENSG00000164053_unmod,-0.2523
ENSG00000164054_unmod,-0.0547
ENSG00000164062_unmod,-0.1199
ENSG00000164066_unmod,0.1149
ENSG00000164068_unmod,-0.2231
ENSG00000164070_unmod,-0.2143
ENSG00000164073_unmod,0.3046
ENSG00000164074_unmod,0.2078
ENSG00000164077_unmod,-0.4919
ENSG00000164078_unmod,0.5604
ENSG00000164080_unmod,0.0504
ENSG00000164081_unmod,-0.0462
ENSG00000164086_unmod,0.0443
ENSG00000164087_unmod,0.2043
ENSG00000164088_unmod,0.3893
ENSG00000164091_unmod,0.0267
ENSG00000164093_unmod,-0.1259
ENSG00000164096_unmod,0.3593
ENSG00000164099_unmod,-0.1159
ENSG00000164104_unmod,0.7152
ENSG00000164105_unmod,-0.0033
ENSG00000164109_unmod,-0.111
ENSG00000164111_unmod,0.274
ENSG00000164117_unmod,0.1263
ENSG00000164118_unmod,0.2242
ENSG00000164124_unmod,-0.3364
ENSG00000164134_unmod,0.1848
ENSG00000164136_unmod,0.3418
ENSG00000164142_unmod,-0.2115
ENSG00000164144_unmod,0.1804
ENSG00000164151_unmod,-0.0209
ENSG00000164161_unmod,0.5881
ENSG00000164162_unmod,-0.351
ENSG00000164163_unmod,-0.3796
ENSG00000164164_unmod,-0.9816
ENSG00000164167_unmod,-0.0557
ENSG00000164168_unmod,-0.5019
ENSG00000164169_unmod,-0.0938
ENSG00000164171_unmod,0.6961
ENSG00000164172_unmod,0.1391
ENSG00000164176_unmod,-0.0169
ENSG00000164180_unmod,-0.5927
ENSG00000164181_unmod,0.9629
ENSG00000164182_unmod,0.1483
ENSG00000164187_unmod,0.0559
ENSG00000164190_unmod,-0.0148
ENSG00000164199_unmod,0.202
ENSG00000164209_unmod,-0.3093
ENSG00000164211_unmod,0.2671
ENSG00000164219_unmod,0.485
ENSG00000164221_unmod,-0.2838
ENSG00000164236_unmod,-0.0377
ENSG00000164241_unmod,-0.0737
ENSG00000164244_unmod,-0.1212
ENSG00000164251_unmod,0.804
ENSG00000164252_unmod,0.8288
ENSG00000164253_unmod,0.2543
ENSG00000164258_unmod,-0.0844
ENSG00000164284_unmod,-0.3977
ENSG00000164291_unmod,0.028
ENSG00000164292_unmod,0.0398
ENSG00000164294_unmod,0.5197
ENSG00000164296_unmod,0.0328
ENSG00000164300_unmod,0.0079
ENSG00000164305_unmod,0.3808
ENSG00000164306_unmod,0.326
ENSG00000164307_unmod,0.3236
ENSG00000164308_unmod,0.2865
ENSG00000164309_unmod,-0.0701
ENSG00000164318_unmod,0.1344
ENSG00000164323_unmod,-0.0655
ENSG00000164327_unmod,-0.0537
ENSG00000164329_unmod,-0.1275
ENSG00000164330_unmod,0.0125
ENSG00000164331_unmod,-0.0068
ENSG00000164332_unmod,-0.1398
ENSG00000164338_unmod,-0.5241
ENSG00000164342_unmod,0.3191
ENSG00000164346_unmod,-0.0203
ENSG00000164347_unmod,-0.1596
ENSG00000164366_unmod,-0.1465
ENSG00000164379_unmod,0.2217
ENSG00000164402_unmod,0.6624
ENSG00000164403_unmod,0.3174
ENSG00000164405_unmod,0.2491
ENSG00000164414_unmod,-0.3385
ENSG00000164418_unmod,-0.0656
ENSG00000164430_unmod,-0.0405
ENSG00000164438_unmod,0.0946
ENSG00000164442_unmod,-0.7981
ENSG00000164463_unmod,-0.0992
ENSG00000164465_unmod,0.3637
ENSG00000164466_unmod,0.225
ENSG00000164494_unmod,-0.0221
ENSG00000164506_unmod,0.4
ENSG00000164520_unmod,0.5259
ENSG00000164535_unmod,-0.2854
ENSG00000164542_unmod,0.5446
ENSG00000164543_unmod,0.1282
ENSG00000164548_unmod,-0.0373
ENSG00000164574_unmod,0.1104
ENSG00000164576_unmod,0.6031
ENSG00000164587_unmod,0.0339
ENSG00000164597_unmod,-0.1876
ENSG00000164603_unmod,-0.8218
ENSG00000164609_unmod,-0.1221
ENSG00000164610_unmod,0.313
ENSG00000164611_unmod,0.2008
ENSG00000164615_unmod,0.0342
ENSG00000164619_unmod,-0.1956
ENSG00000164620_unmod,0.2456
ENSG00000164626_unmod,0.233
ENSG00000164631_unmod,0.0333
ENSG00000164649_unmod,0.3017
ENSG00000164651_unmod,0.6852
ENSG00000164654_unmod,-0.1728
ENSG00000164659_unmod,0.1132
ENSG00000164663_unmod,-0.0874
ENSG00000164683_unmod,0.0709
ENSG00000164684_unmod,0.113
ENSG00000164687_unmod,-0.2786
ENSG00000164695_unmod,0.2409
ENSG00000164713_unmod,0.0538
ENSG00000164715_unmod,0.0122
ENSG00000164733_unmod,0.293
ENSG00000164736_unmod,0.3189
ENSG00000164751_unmod,-0.811
ENSG00000164754_unmod,0.0128
ENSG00000164761_unmod,0.3793
ENSG00000164808_unmod,0.1744
ENSG00000164815_unmod,-0.16
ENSG00000164818_unmod,-1.1453
ENSG00000164823_unmod,0.6372
ENSG00000164828_unmod,0.116
ENSG00000164830_unmod,0.3053
ENSG00000164855_unmod,-0.2153
ENSG00000164877_unmod,0.3688
ENSG00000164880_unmod,0.0424
ENSG00000164885_unmod,0.0926
ENSG00000164889_unmod,-0.0583
ENSG00000164896_unmod,-0.0116
ENSG00000164897_unmod,-0.2133
ENSG00000164902_unmod,0.2749
ENSG00000164904_unmod,0.1749
ENSG00000164916_unmod,-0.1406
ENSG00000164919_unmod,0.2204
ENSG00000164924_unmod,0.2925
ENSG00000164930_unmod,-1.4915
ENSG00000164933_unmod,0.0892
ENSG00000164934_unmod,-0.3844
ENSG00000164938_unmod,0.5244
ENSG00000164941_unmod,-0.0455
ENSG00000164949_unmod,0.3648
ENSG00000164951_unmod,-0.4684
ENSG00000164953_unmod,-0.0773
ENSG00000164961_unmod,-0.2237
ENSG00000164967_unmod,-0.4579
ENSG00000164970_unmod,0.3244
ENSG00000164975_unmod,-0.2456
ENSG00000164976_unmod,0.1106
ENSG00000164978_unmod,0.1968
ENSG00000164983_unmod,-0.1503
ENSG00000164985_unmod,0.2849
ENSG00000164989_unmod,0.1036
ENSG00000165006_unmod,0.018
ENSG00000165029_unmod,0.7856
ENSG00000165030_unmod,0.1331
ENSG00000165046_unmod,0.1113
ENSG00000165055_unmod,-0.1972
ENSG00000165060_unmod,-0.6261
ENSG00000165072_unmod,-0.5723
ENSG00000165097_unmod,-0.0788
ENSG00000165102_unmod,0.0743
ENSG00000165105_unmod,0.3619
ENSG00000165118_unmod,0.1578
ENSG00000165119_unmod,0.0161
ENSG00000165124_unmod,0.4424
ENSG00000165138_unmod,-0.1838
ENSG00000165152_unmod,-0.8739
ENSG00000165156_unmod,1.1525
ENSG00000165169_unmod,0.2276
ENSG00000165175_unmod,-0.1145
ENSG00000165185_unmod,-0.1677
ENSG00000165195_unmod,0.1564
ENSG00000165209_unmod,-0.0976
ENSG00000165219_unmod,-0.0602
ENSG00000165233_unmod,0.5672
ENSG00000165238_unmod,-0.421
ENSG00000165240_unmod,0.7383
ENSG00000165244_unmod,1.5946
ENSG00000165259_unmod,0.1619
ENSG00000165264_unmod,0.2782
ENSG00000165271_unmod,-0.5864
ENSG00000165272_unmod,0.1751
ENSG00000165275_unmod,-0.085
ENSG00000165280_unmod,0.1165
ENSG00000165282_unmod,-0.0065
ENSG00000165283_unmod,-0.1721
ENSG00000165288_unmod,-0.8002
ENSG00000165300_unmod,-0.2982
ENSG00000165304_unmod,0.3812
ENSG00000165312_unmod,0.6395
ENSG00000165322_unmod,-0.4931
ENSG00000165338_unmod,0.2079
ENSG00000165355_unmod,0.5934
ENSG00000165389_unmod,0.101
ENSG00000165392_unmod,0.1194
ENSG00000165406_unmod,-0.0416
ENSG00000165410_unmod,-1.767
ENSG00000165416_unmod,-0.1928
ENSG00000165417_unmod,0.8438
ENSG00000165424_unmod,0.8602
ENSG00000165434_unmod,1.0202
ENSG00000165449_unmod,-1.1023
ENSG00000165458_unmod,0.0151
ENSG00000165476_unmod,0.8018
ENSG00000165480_unmod,-0.0399
ENSG00000165487_unmod,0.0482
ENSG00000165490_unmod,-0.2384
ENSG00000165494_unmod,-0.0926
ENSG00000165501_unmod,0.1334
ENSG00000165502_unmod,0.2409
ENSG00000165506_unmod,-0.3528
ENSG00000165512_unmod,-0.2627
ENSG00000165516_unmod,0.1431
ENSG00000165521_unmod,0.2256
ENSG00000165525_unmod,0.0469
ENSG00000165526_unmod,-0.2749
ENSG00000165527_unmod,-0.1283
ENSG00000165533_unmod,-0.0063
ENSG00000165548_unmod,0.0725
ENSG00000165572_unmod,-0.3034
ENSG00000165609_unmod,-0.5101
ENSG00000165629_unmod,0.0548
ENSG00000165632_unmod,-0.0278
ENSG00000165637_unmod,-0.2145
ENSG00000165644_unmod,-0.4521
ENSG00000165650_unmod,0.0962
ENSG00000165655_unmod,-0.0722
ENSG00000165660_unmod,-0.388
ENSG00000165661_unmod,0.0029
ENSG00000165669_unmod,0.1646
ENSG00000165671_unmod,-0.5283
ENSG00000165672_unmod,-0.0144
ENSG00000165675_unmod,0.939
ENSG00000165678_unmod,0.0197
ENSG00000165684_unmod,-0.3088
ENSG00000165688_unmod,-0.0786
ENSG00000165689_unmod,-0.3088
ENSG00000165698_unmod,0.3604
ENSG00000165699_unmod,0.4891
ENSG00000165704_unmod,-0.0888
ENSG00000165732_unmod,-0.3712
ENSG00000165733_unmod,0.0829
ENSG00000165752_unmod,-0.0131
ENSG00000165775_unmod,0.0056
ENSG00000165782_unmod,0.1417
ENSG00000165792_unmod,0.0345
ENSG00000165801_unmod,0.7429
ENSG00000165802_unmod,-0.3353
ENSG00000165804_unmod,0.3802
ENSG00000165806_unmod,0.6731
ENSG00000165813_unmod,0.3366
ENSG00000165819_unmod,-0.2974
ENSG00000165832_unmod,1.3324
ENSG00000165861_unmod,0.5141
ENSG00000165868_unmod,0.2311
ENSG00000165886_unmod,0.1183
ENSG00000165891_unmod,-0.3773
ENSG00000165895_unmod,0.1053
ENSG00000165898_unmod,0.0376
ENSG00000165912_unmod,0.0112
ENSG00000165914_unmod,0.0511
ENSG00000165915_unmod,-0.002
ENSG00000165916_unmod,0.2748
ENSG00000165929_unmod,-0.199
ENSG00000165934_unmod,-0.0083
ENSG00000165959_unmod,0.4264
ENSG00000165983_unmod,-0.2203
ENSG00000165996_unmod,0.048
ENSG00000165997_unmod,0.5829
ENSG00000166002_unmod,0.3978
ENSG00000166004_unmod,0.1436
ENSG00000166012_unmod,-0.171
ENSG00000166016_unmod,0.208
ENSG00000166024_unmod,0.0006
ENSG00000166025_unmod,0.2369
ENSG00000166033_unmod,0.3454
ENSG00000166037_unmod,0.261
ENSG00000166046_unmod,0.1455
ENSG00000166068_unmod,0.4348
ENSG00000166073_unmod,-0.1226
ENSG00000166106_unmod,-0.1501
ENSG00000166123_unmod,-0.2141
ENSG00000166128_unmod,-0.1223
ENSG00000166130_unmod,0.0665
ENSG00000166133_unmod,-0.4525
ENSG00000166135_unmod,-0.3957
ENSG00000166140_unmod,0.2047
ENSG00000166147_unmod,0.0781
ENSG00000166164_unmod,0.2955
ENSG00000166165_unmod,0.0277
ENSG00000166166_unmod,-0.3639
ENSG00000166167_unmod,-0.3101
ENSG00000166169_unmod,0.0076
ENSG00000166170_unmod,-0.0153
ENSG00000166171_unmod,-0.2246
ENSG00000166173_unmod,0.2724
ENSG00000166181_unmod,-0.0505
ENSG00000166188_unmod,0.1809
ENSG00000166189_unmod,-0.1582
ENSG00000166197_unmod,-0.2022
ENSG00000166199_unmod,-0.177
ENSG00000166200_unmod,-0.1374
ENSG00000166224_unmod,-0.489
ENSG00000166225_unmod,-0.1625
ENSG00000166226_unmod,-0.1506
ENSG00000166228_unmod,-0.1449
ENSG00000166233_unmod,-0.3105
ENSG00000166250_unmod,0.1995
ENSG00000166260_unmod,-0.7798
ENSG00000166261_unmod,-0.362
ENSG00000166263_unmod,-0.1001
ENSG00000166266_unmod,-0.3045
ENSG00000166272_unmod,0.0103
ENSG00000166289_unmod,0.1859
ENSG00000166295_unmod,0.0155
ENSG00000166311_unmod,0.3552
ENSG00000166313_unmod,-0.0119
ENSG00000166326_unmod,-0.3024
ENSG00000166333_unmod,0.271
ENSG00000166337_unmod,0.0187
ENSG00000166340_unmod,-0.5575
ENSG00000166347_unmod,0.2631
ENSG00000166348_unmod,0.159
ENSG00000166352_unmod,0.4891
ENSG00000166377_unmod,0.0121
ENSG00000166398_unmod,0.505
ENSG00000166401_unmod,0.6806
ENSG00000166402_unmod,-0.0486
ENSG00000166411_unmod,-0.0971
ENSG00000166415_unmod,0.489
ENSG00000166435_unmod,0.2065
ENSG00000166436_unmod,-0.1204
ENSG00000166439_unmod,-0.2106
ENSG00000166441_unmod,-0.0615
ENSG00000166444_unmod,0.3331
ENSG00000166446_unmod,0.5104
ENSG00000166450_unmod,-0.4121
ENSG00000166451_unmod,-0.1575
ENSG00000166452_unmod,0.4519
ENSG00000166454_unmod,-0.3431
ENSG00000166471_unmod,0.3281
ENSG00000166477_unmod,0.1857
ENSG00000166478_unmod,0.1135
ENSG00000166479_unmod,0.3178
ENSG00000166483_unmod,0.3147
ENSG00000166484_unmod,0.2522
ENSG00000166501_unmod,0.009
ENSG00000166503_unmod,0.1861
ENSG00000166508_unmod,0.4574
ENSG00000166510_unmod,0.9647
ENSG00000166526_unmod,-0.1398
ENSG00000166529_unmod,-0.2218
ENSG00000166532_unmod,0.5002
ENSG00000166548_unmod,-0.1137
ENSG00000166557_unmod,-0.015
ENSG00000166562_unmod,0.4516
ENSG00000166575_unmod,-0.2928
ENSG00000166579_unmod,-0.1364
ENSG00000166582_unmod,-0.2037
ENSG00000166595_unmod,0.0959
ENSG00000166598_unmod,0.3721
ENSG00000166619_unmod,-0.3695
ENSG00000166669_unmod,0.0086
ENSG00000166681_unmod,-0.095
ENSG00000166685_unmod,0.171
ENSG00000166689_unmod,0.0612
ENSG00000166710_unmod,0.1902
ENSG00000166716_unmod,0.0577
ENSG00000166734_unmod,-0.0639
ENSG00000166741_unmod,-0.211
ENSG00000166747_unmod,-0.1569
ENSG00000166750_unmod,0.5128
ENSG00000166762_unmod,-0.0271
ENSG00000166780_unmod,0.5158
ENSG00000166783_unmod,0.4299
ENSG00000166788_unmod,-0.7015
ENSG00000166794_unmod,0.3311
ENSG00000166797_unmod,0.3173
ENSG00000166801_unmod,0.7517
ENSG00000166803_unmod,0.375
ENSG00000166813_unmod,0.1923
ENSG00000166821_unmod,0.0447
ENSG00000166822_unmod,0.488
ENSG00000166825_unmod,0.8782
ENSG00000166831_unmod,0.7846
ENSG00000166833_unmod,0.1604
ENSG00000166845_unmod,0.4678
ENSG00000166847_unmod,0.0167
ENSG00000166848_unmod,0.0861
ENSG00000166851_unmod,0.0347
ENSG00000166855_unmod,-0.0683
ENSG00000166860_unmod,0.0325
ENSG00000166881_unmod,0.0013
ENSG00000166886_unmod,-0.0454
ENSG00000166887_unmod,0.0438
ENSG00000166888_unmod,0.0074
ENSG00000166889_unmod,0.0213
ENSG00000166897_unmod,-0.264
ENSG00000166900_unmod,-0.2267
ENSG00000166902_unmod,0.0615
ENSG00000166908_unmod,-0.0379
ENSG00000166912_unmod,-0.4091
ENSG00000166913_unmod,-0.0885
ENSG00000166923_unmod,0.7415
ENSG00000166925_unmod,0.1963
ENSG00000166938_unmod,-0.4672
ENSG00000166946_unmod,0.0557
ENSG00000166949_unmod,0.2486
ENSG00000166963_unmod,0.3841
ENSG00000166965_unmod,-0.3116
ENSG00000166971_unmod,0.2778
ENSG00000166974_unmod,-0.1492
ENSG00000166979_unmod,-0.0151
ENSG00000166986_unmod,0.1626
ENSG00000166987_unmod,0.2456
ENSG00000166997_unmod,0.6829
ENSG00000167004_unmod,0.2034
ENSG00000167005_unmod,0.1013
ENSG00000167034_unmod,-0.1504
ENSG00000167065_unmod,0.5476
ENSG00000167074_unmod,0.321
ENSG00000167077_unmod,0.1631
ENSG00000167081_unmod,0.2857
ENSG00000167085_unmod,-0.3127
ENSG00000167088_unmod,-0.0747
ENSG00000167106_unmod,-0.013
ENSG00000167110_unmod,0.4765
ENSG00000167112_unmod,-0.238
ENSG00000167113_unmod,-0.0948
ENSG00000167114_unmod,-0.2052
ENSG00000167118_unmod,-0.06
ENSG00000167123_unmod,0.0252
ENSG00000167130_unmod,-0.428
ENSG00000167136_unmod,-0.2945
ENSG00000167173_unmod,0.078
ENSG00000167182_unmod,0.0445
ENSG00000167186_unmod,0.2464
ENSG00000167191_unmod,-0.7711
ENSG00000167193_unmod,-0.6754
ENSG00000167196_unmod,0.1179
ENSG00000167202_unmod,0.7209
ENSG00000167220_unmod,0.2577
ENSG00000167232_unmod,-0.3918
ENSG00000167257_unmod,0.1187
ENSG00000167258_unmod,-0.3493
ENSG00000167264_unmod,-0.3287
ENSG00000167272_unmod,-0.2712
ENSG00000167280_unmod,-0.0695
ENSG00000167283_unmod,0.2935
ENSG00000167291_unmod,-0.0967
ENSG00000167302_unmod,-0.1137
ENSG00000167306_unmod,0.2936
ENSG00000167315_unmod,0.139
ENSG00000167323_unmod,-0.2266
ENSG00000167325_unmod,0.1939
ENSG00000167333_unmod,0.5794
ENSG00000167363_unmod,-0.0776
ENSG00000167378_unmod,-0.4656
ENSG00000167380_unmod,0.1679
ENSG00000167384_unmod,-0.1109
ENSG00000167393_unmod,0.0394
ENSG00000167394_unmod,-0.0147
ENSG00000167395_unmod,0.1487
ENSG00000167397_unmod,-0.2415
ENSG00000167447_unmod,-0.2799
ENSG00000167460_unmod,0.5561
ENSG00000167461_unmod,0.0434
ENSG00000167468_unmod,0.3184
ENSG00000167470_unmod,0.1726
ENSG00000167487_unmod,-0.0271
ENSG00000167491_unmod,-0.1292
ENSG00000167508_unmod,0.2281
ENSG00000167513_unmod,0.6065
ENSG00000167515_unmod,0.1318
ENSG00000167522_unmod,0.1813
ENSG00000167523_unmod,0.5672
ENSG00000167524_unmod,-0.5551
ENSG00000167526_unmod,0.0345
ENSG00000167528_unmod,0.1891
ENSG00000167535_unmod,0.6818
ENSG00000167536_unmod,-0.455
ENSG00000167543_unmod,0.3952
ENSG00000167548_unmod,-0.2618
ENSG00000167549_unmod,0.7971
ENSG00000167550_unmod,0.3911
ENSG00000167552_unmod,0.1739
ENSG00000167553_unmod,0.1278
ENSG00000167562_unmod,0.1266
ENSG00000167565_unmod,-0.0591
ENSG00000167566_unmod,-0.2915
ENSG00000167595_unmod,-0.0556
ENSG00000167600_unmod,0.3716
ENSG00000167601_unmod,-0.1708
ENSG00000167604_unmod,0.1681
ENSG00000167615_unmod,-0.153
ENSG00000167625_unmod,0.0996
ENSG00000167632_unmod,0.1894
ENSG00000167635_unmod,-0.1626
ENSG00000167637_unmod,-0.3678
ENSG00000167645_unmod,0.2719
ENSG00000167653_unmod,-0.3638
ENSG00000167657_unmod,0.1494
ENSG00000167658_unmod,0.0136
ENSG00000167670_unmod,0.609
ENSG00000167671_unmod,0.2312
ENSG00000167674_unmod,0.4713
ENSG00000167685_unmod,-0.1191
ENSG00000167693_unmod,-0.2387
ENSG00000167695_unmod,-0.5592
ENSG00000167699_unmod,-0.0496
ENSG00000167700_unmod,-0.1714
ENSG00000167702_unmod,0.1424
ENSG00000167703_unmod,0.1955
ENSG00000167716_unmod,0.0312
ENSG00000167720_unmod,0.5494
ENSG00000167721_unmod,-0.5177
ENSG00000167723_unmod,1.157
ENSG00000167747_unmod,-0.1572
ENSG00000167766_unmod,0.0257
ENSG00000167767_unmod,-0.5274
ENSG00000167770_unmod,-0.3757
ENSG00000167772_unmod,0.2816
ENSG00000167775_unmod,-0.4249
ENSG00000167778_unmod,-0.1672
ENSG00000167779_unmod,0.405
ENSG00000167785_unmod,-0.1157
ENSG00000167792_unmod,0.1824
ENSG00000167797_unmod,0.2168
ENSG00000167815_unmod,0.1985
ENSG00000167840_unmod,-0.09
ENSG00000167842_unmod,0.0988
ENSG00000167861_unmod,0.4175
ENSG00000167862_unmod,0.1367
ENSG00000167863_unmod,0.2222
ENSG00000167880_unmod,0.0201
ENSG00000167881_unmod,0.7665
ENSG00000167889_unmod,0.0495
ENSG00000167900_unmod,0.6658
ENSG00000167920_unmod,-0.1331
ENSG00000167925_unmod,0.3211
ENSG00000167962_unmod,0.1644
ENSG00000167965_unmod,-0.1223
ENSG00000167967_unmod,-0.1167
ENSG00000167969_unmod,0.2315
ENSG00000167972_unmod,-0.3315
ENSG00000167977_unmod,0.2306
ENSG00000167978_unmod,-0.1083
ENSG00000167981_unmod,-0.1576
ENSG00000167985_unmod,-0.0561
ENSG00000167986_unmod,0.0005
ENSG00000167987_unmod,-0.4816
ENSG00000167994_unmod,-0.1606
ENSG00000167995_unmod,-1.3921
ENSG00000167996_unmod,0.1248
ENSG00000168000_unmod,-0.5268
ENSG00000168002_unmod,-0.0584
ENSG00000168003_unmod,-0.247
ENSG00000168005_unmod,-0.0016
ENSG00000168010_unmod,0.1725
ENSG00000168014_unmod,-0.1878
ENSG00000168016_unmod,0.7495
ENSG00000168028_unmod,-0.0906
ENSG00000168036_unmod,0.2472
ENSG00000168038_unmod,0.0579
ENSG00000168040_unmod,-1.0525
ENSG00000168056_unmod,0.2877
ENSG00000168061_unmod,0.3511
ENSG00000168066_unmod,-0.0655
ENSG00000168067_unmod,-0.1349
ENSG00000168077_unmod,0.2535
ENSG00000168078_unmod,0.9034
ENSG00000168090_unmod,0.0364
ENSG00000168092_unmod,-0.1432
ENSG00000168096_unmod,-0.3198
ENSG00000168101_unmod,-0.1858
ENSG00000168116_unmod,-0.2646
ENSG00000168118_unmod,0.0664
ENSG00000168137_unmod,-0.1075
ENSG00000168140_unmod,0.4664
ENSG00000168143_unmod,0.2061
ENSG00000168152_unmod,-0.9146
ENSG00000168159_unmod,0.1804
ENSG00000168172_unmod,0.1859
ENSG00000168175_unmod,-0.3044
ENSG00000168209_unmod,0.482
ENSG00000168214_unmod,-0.2947
ENSG00000168228_unmod,0.116
ENSG00000168234_unmod,0.1167
ENSG00000168237_unmod,0.3751
ENSG00000168246_unmod,-0.3452
ENSG00000168256_unmod,-0.2664
ENSG00000168259_unmod,-0.1232
ENSG00000168264_unmod,0.0457
ENSG00000168268_unmod,0.3027
ENSG00000168275_unmod,0.1954
ENSG00000168282_unmod,0.2067
ENSG00000168283_unmod,-0.232
ENSG00000168286_unmod,-0.2924
ENSG00000168288_unmod,0.147
ENSG00000168291_unmod,0.0263
ENSG00000168297_unmod,0.0561
ENSG00000168298_unmod,0.2931
ENSG00000168300_unmod,0.3169
ENSG00000168301_unmod,-0.1862
ENSG00000168303_unmod,0.0731
ENSG00000168310_unmod,0.1876
ENSG00000168374_unmod,-0.0727
ENSG00000168385_unmod,-0.1956
ENSG00000168389_unmod,-0.2551
ENSG00000168393_unmod,0.099
ENSG00000168394_unmod,0.3036
ENSG00000168395_unmod,-0.1846
ENSG00000168397_unmod,-0.1716
ENSG00000168398_unmod,1.8085
ENSG00000168404_unmod,0.0338
ENSG00000168411_unmod,0.0658
ENSG00000168434_unmod,-0.1011
ENSG00000168438_unmod,0.1978
ENSG00000168439_unmod,-0.0204
ENSG00000168453_unmod,-0.074
ENSG00000168461_unmod,0.2619
ENSG00000168476_unmod,-0.0127
ENSG00000168487_unmod,0.3232
ENSG00000168488_unmod,-0.0211
ENSG00000168495_unmod,-0.0171
ENSG00000168496_unmod,0.5069
ENSG00000168502_unmod,-0.2964
ENSG00000168522_unmod,-0.1619
ENSG00000168528_unmod,0.304
ENSG00000168538_unmod,-0.1105
ENSG00000168542_unmod,0.0733
ENSG00000168564_unmod,0.0343
ENSG00000168566_unmod,0.1158
ENSG00000168569_unmod,0.2871
ENSG00000168575_unmod,-0.0311
ENSG00000168591_unmod,0.3309
ENSG00000168610_unmod,0.0506
ENSG00000168612_unmod,-0.2906
ENSG00000168615_unmod,-0.0982
ENSG00000168653_unmod,0.2477
ENSG00000168672_unmod,-0.1031
ENSG00000168675_unmod,0.215
ENSG00000168685_unmod,0.6162
ENSG00000168701_unmod,0.0952
ENSG00000168702_unmod,0.1042
ENSG00000168710_unmod,0.3004
ENSG00000168724_unmod,0.0426
ENSG00000168734_unmod,-0.0886
ENSG00000168743_unmod,-0.0005
ENSG00000168758_unmod,0.1953
ENSG00000168763_unmod,-0.3167
ENSG00000168765_unmod,-0.022
ENSG00000168769_unmod,-0.1537
ENSG00000168778_unmod,0.6376
ENSG00000168779_unmod,0.4404
ENSG00000168781_unmod,0.0823
ENSG00000168785_unmod,0.1268
ENSG00000168792_unmod,0.444
ENSG00000168795_unmod,-0.239
ENSG00000168803_unmod,0.13
ENSG00000168806_unmod,-0.0009
ENSG00000168807_unmod,-1.2755
ENSG00000168818_unmod,0.2821
ENSG00000168826_unmod,0.2517
ENSG00000168827_unmod,-0.3285
ENSG00000168872_unmod,0.5186
ENSG00000168874_unmod,0.2284
ENSG00000168876_unmod,-0.264
ENSG00000168883_unmod,-0.0102
ENSG00000168884_unmod,0.207
ENSG00000168887_unmod,-0.052
ENSG00000168890_unmod,-1.3304
ENSG00000168894_unmod,0.0175
ENSG00000168904_unmod,0.1521
ENSG00000168906_unmod,-0.2931
ENSG00000168917_unmod,0.4247
ENSG00000168924_unmod,-0.3418
ENSG00000168936_unmod,0.1316
ENSG00000168938_unmod,-0.1287
ENSG00000168939_unmod,0.1277
ENSG00000168944_unmod,0.1216
ENSG00000168958_unmod,0.157
ENSG00000168994_unmod,0.0807
ENSG00000169016_unmod,-0.0342
ENSG00000169018_unmod,0.107
ENSG00000169019_unmod,0.0072
ENSG00000169020_unmod,0.1638
ENSG00000169021_unmod,0.0624
ENSG00000169031_unmod,-0.0857
ENSG00000169032_unmod,0.0773
ENSG00000169045_unmod,0.1337
ENSG00000169047_unmod,-0.0101
ENSG00000169057_unmod,-0.0275
ENSG00000169062_unmod,0.0233
ENSG00000169071_unmod,-0.024
ENSG00000169083_unmod,-0.0767
ENSG00000169084_unmod,0.1808
ENSG00000169087_unmod,-0.1578
ENSG00000169093_unmod,-0.3256
ENSG00000169100_unmod,0.1276
ENSG00000169105_unmod,-0.3374
ENSG00000169118_unmod,0.0207
ENSG00000169122_unmod,0.3027
ENSG00000169126_unmod,-0.0254
ENSG00000169131_unmod,0.2267
ENSG00000169136_unmod,-0.1856
ENSG00000169139_unmod,0.3033
ENSG00000169155_unmod,0.103
ENSG00000169174_unmod,-0.1211
ENSG00000169180_unmod,-0.5132
ENSG00000169184_unmod,0.2335
ENSG00000169188_unmod,0.054
ENSG00000169189_unmod,0.2906
ENSG00000169193_unmod,0.2442
ENSG00000169213_unmod,-0.1813
ENSG00000169217_unmod,0.0652
ENSG00000169221_unmod,-0.0398
ENSG00000169223_unmod,0.3478
ENSG00000169230_unmod,0.2654
ENSG00000169231_unmod,-0.1293
ENSG00000169239_unmod,0.1464
ENSG00000169241_unmod,0.1066
ENSG00000169242_unmod,0.6058
ENSG00000169247_unmod,0.0401
ENSG00000169249_unmod,0.26
ENSG00000169251_unmod,0.1077
ENSG00000169252_unmod,-0.0944
ENSG00000169255_unmod,0.1393
ENSG00000169258_unmod,0.6179
ENSG00000169288_unmod,-0.0245
ENSG00000169299_unmod,-0.3929
ENSG00000169330_unmod,0.0753
ENSG00000169359_unmod,0.3087
ENSG00000169371_unmod,0.3308
ENSG00000169375_unmod,0.3838
ENSG00000169379_unmod,0.1189
ENSG00000169398_unmod,0.2937
ENSG00000169410_unmod,-0.2577
ENSG00000169418_unmod,0.0397
ENSG00000169429_unmod,1.2759
ENSG00000169432_unmod,-0.1127
ENSG00000169439_unmod,0.0669
ENSG00000169446_unmod,-0.4397
ENSG00000169490_unmod,-0.5207
ENSG00000169499_unmod,-0.3399
ENSG00000169504_unmod,0.1134
ENSG00000169519_unmod,-0.535
ENSG00000169554_unmod,0.4384
ENSG00000169564_unmod,0.2537
ENSG00000169567_unmod,-0.0642
ENSG00000169570_unmod,0.0215
ENSG00000169583_unmod,0.3198
ENSG00000169592_unmod,0.3162
ENSG00000169598_unmod,-0.3
ENSG00000169599_unmod,0.2495
ENSG00000169604_unmod,-0.4714
ENSG00000169607_unmod,0.6201
ENSG00000169609_unmod,0.1029
ENSG00000169612_unmod,0.0737
ENSG00000169629_unmod,0.6912
ENSG00000169635_unmod,-0.561
ENSG00000169641_unmod,-0.2127
ENSG00000169660_unmod,0.4208
ENSG00000169679_unmod,0.191
ENSG00000169683_unmod,0.4098
ENSG00000169684_unmod,-0.1798
ENSG00000169689_unmod,0.2922
ENSG00000169692_unmod,0.3775
ENSG00000169696_unmod,0.0039
ENSG00000169710_unmod,-0.3515
ENSG00000169714_unmod,-0.3159
ENSG00000169715_unmod,-0.1849
ENSG00000169718_unmod,-0.2972
ENSG00000169727_unmod,-0.1168
ENSG00000169733_unmod,0.0003
ENSG00000169738_unmod,-0.093
ENSG00000169740_unmod,-0.2489
ENSG00000169750_unmod,-0.2103
ENSG00000169752_unmod,0.0948
ENSG00000169756_unmod,-0.0089
ENSG00000169762_unmod,-0.108
ENSG00000169764_unmod,0.0945
ENSG00000169813_unmod,0.1485
ENSG00000169814_unmod,-0.2093
ENSG00000169826_unmod,0.4489
ENSG00000169851_unmod,-0.0859
ENSG00000169855_unmod,0.0884
ENSG00000169857_unmod,0.6578
ENSG00000169860_unmod,0.3602
ENSG00000169871_unmod,0.3228
ENSG00000169884_unmod,-0.865
ENSG00000169891_unmod,0.2185
ENSG00000169895_unmod,-0.0271
ENSG00000169902_unmod,-0.3639
ENSG00000169905_unmod,0.2911
ENSG00000169908_unmod,-0.2053
ENSG00000169914_unmod,0.0069
ENSG00000169919_unmod,0.1889
ENSG00000169925_unmod,0.3788
ENSG00000169926_unmod,0.4924
ENSG00000169951_unmod,-0.0318
ENSG00000169955_unmod,-0.0695
ENSG00000169957_unmod,-0.1833
ENSG00000169967_unmod,-1.3035
ENSG00000169972_unmod,0.0398
ENSG00000169976_unmod,-0.0392
ENSG00000169991_unmod,-0.4973
ENSG00000169992_unmod,-0.1325
ENSG00000170004_unmod,0.229
ENSG00000170006_unmod,0.1441
ENSG00000170017_unmod,0.0862
ENSG00000170027_unmod,-0.1407
ENSG00000170035_unmod,0.0603
ENSG00000170037_unmod,0.2587
ENSG00000170043_unmod,-0.1196
ENSG00000170085_unmod,-1.0765
ENSG00000170088_unmod,-0.3919
ENSG00000170100_unmod,-0.2055
ENSG00000170142_unmod,-0.2654
ENSG00000170144_unmod,0.1051
ENSG00000170145_unmod,-0.4396
ENSG00000170153_unmod,-0.6445
ENSG00000170185_unmod,0.1124
ENSG00000170190_unmod,0.1964
ENSG00000170191_unmod,0.1321
ENSG00000170214_unmod,0.4209
ENSG00000170222_unmod,0.1845
ENSG00000170234_unmod,0.3253
ENSG00000170242_unmod,0.148
ENSG00000170248_unmod,-0.1054
ENSG00000170260_unmod,0.4177
ENSG00000170264_unmod,0.7565
ENSG00000170265_unmod,-0.1324
ENSG00000170266_unmod,0.0148
ENSG00000170275_unmod,-0.1777
ENSG00000170291_unmod,-0.0504
ENSG00000170293_unmod,-0.444
ENSG00000170296_unmod,-0.2068
ENSG00000170310_unmod,0.3899
ENSG00000170312_unmod,0.445
ENSG00000170315_unmod,0.4412
ENSG00000170322_unmod,-0.1822
ENSG00000170325_unmod,0.1924
ENSG00000170340_unmod,0.4119
ENSG00000170345_unmod,0.3271
ENSG00000170348_unmod,0.2102
ENSG00000170364_unmod,-0.073
ENSG00000170365_unmod,-0.2425
ENSG00000170385_unmod,-0.7579
ENSG00000170390_unmod,-0.2419
ENSG00000170396_unmod,-0.4004
ENSG00000170417_unmod,0.3658
ENSG00000170421_unmod,0.2227
ENSG00000170425_unmod,-0.2918
ENSG00000170430_unmod,0.2452
ENSG00000170445_unmod,0.0677
ENSG00000170448_unmod,0.1273
ENSG00000170456_unmod,0.0423
ENSG00000170464_unmod,0.0302
ENSG00000170468_unmod,-0.052
ENSG00000170471_unmod,0.0169
ENSG00000170473_unmod,0.0603
ENSG00000170485_unmod,0.0489
ENSG00000170500_unmod,0.4739
ENSG00000170502_unmod,0.2568
ENSG00000170515_unmod,-0.1544
ENSG00000170522_unmod,-0.0813
ENSG00000170525_unmod,-0.3582
ENSG00000170537_unmod,0.4719
ENSG00000170540_unmod,0.8882
ENSG00000170542_unmod,0.9573
ENSG00000170545_unmod,0.0798
ENSG00000170558_unmod,-0.0859
ENSG00000170577_unmod,-0.3459
ENSG00000170581_unmod,0.3004
ENSG00000170584_unmod,-0.1123
ENSG00000170604_unmod,0.1167
ENSG00000170606_unmod,-0.1454
ENSG00000170619_unmod,0.055
ENSG00000170629_unmod,0.2041
ENSG00000170631_unmod,-0.1696
ENSG00000170632_unmod,-0.5371
ENSG00000170633_unmod,0.0715
ENSG00000170634_unmod,0.2533
ENSG00000170638_unmod,0.0978
ENSG00000170653_unmod,-0.5839
ENSG00000170677_unmod,0.5018
ENSG00000170684_unmod,-0.4371
ENSG00000170689_unmod,0.101
ENSG00000170734_unmod,0.0015
ENSG00000170759_unmod,0.3014
ENSG00000170775_unmod,0.0896
ENSG00000170776_unmod,-0.3961
ENSG00000170779_unmod,-0.0619
ENSG00000170791_unmod,-0.1006
ENSG00000170802_unmod,-0.4651
ENSG00000170832_unmod,0.0749
ENSG00000170836_unmod,0.2066
ENSG00000170846_unmod,-0.212
ENSG00000170852_unmod,0.0689
ENSG00000170854_unmod,-0.5483
ENSG00000170855_unmod,-1.7018
ENSG00000170860_unmod,0.0556
ENSG00000170871_unmod,0.671
ENSG00000170873_unmod,0.5717
ENSG00000170876_unmod,-0.1492
ENSG00000170881_unmod,-0.0919
ENSG00000170889_unmod,0.0444
ENSG00000170892_unmod,0.0921
ENSG00000170903_unmod,-0.3375
ENSG00000170906_unmod,0.1544
ENSG00000170919_unmod,0.352
ENSG00000170921_unmod,0.1717
ENSG00000170946_unmod,0.1829
ENSG00000170949_unmod,-0.0662
ENSG00000170955_unmod,0.3965
ENSG00000170961_unmod,1.0216
ENSG00000170962_unmod,-0.6414
ENSG00000170989_unmod,-0.1451
ENSG00000171004_unmod,-0.0796
ENSG00000171016_unmod,0.2416
ENSG00000171017_unmod,-0.4475
ENSG00000171033_unmod,0.3079
ENSG00000171055_unmod,-0.0501
ENSG00000171067_unmod,0.1459
ENSG00000171100_unmod,0.049
ENSG00000171103_unmod,-0.1155
ENSG00000171105_unmod,0.3257
ENSG00000171109_unmod,-0.6315
ENSG00000171126_unmod,-0.2149
ENSG00000171130_unmod,-0.1578
ENSG00000171132_unmod,0.2278
ENSG00000171135_unmod,-0.3484
ENSG00000171148_unmod,0.203
ENSG00000171150_unmod,-0.0412
ENSG00000171155_unmod,-0.2975
ENSG00000171159_unmod,0.1848
ENSG00000171161_unmod,-0.0733
ENSG00000171163_unmod,-0.3543
ENSG00000171169_unmod,0.0207
ENSG00000171202_unmod,-0.0347
ENSG00000171204_unmod,-0.6732
ENSG00000171206_unmod,0.5012
ENSG00000171208_unmod,0.1291
ENSG00000171223_unmod,0.6326
ENSG00000171241_unmod,0.5406
ENSG00000171246_unmod,0.6244
ENSG00000171262_unmod,-0.2322
ENSG00000171295_unmod,-0.1081
ENSG00000171298_unmod,-0.0561
ENSG00000171302_unmod,-0.0245
ENSG00000171303_unmod,0.1583
ENSG00000171307_unmod,-0.0927
ENSG00000171310_unmod,0.1911
ENSG00000171311_unmod,-0.0298
ENSG00000171314_unmod,-0.0723
ENSG00000171316_unmod,0.1659
ENSG00000171320_unmod,0.7028
ENSG00000171345_unmod,0.706
ENSG00000171365_unmod,0.3152
ENSG00000171368_unmod,0.6021
ENSG00000171408_unmod,0.1262
ENSG00000171421_unmod,-0.0052
ENSG00000171425_unmod,-0.3378
ENSG00000171444_unmod,-0.0205
ENSG00000171448_unmod,-0.0497
ENSG00000171453_unmod,-0.3056
ENSG00000171456_unmod,-0.0101
ENSG00000171466_unmod,-0.0646
ENSG00000171467_unmod,0.175
ENSG00000171469_unmod,-0.1175
ENSG00000171475_unmod,0.0765
ENSG00000171488_unmod,0.2005
ENSG00000171490_unmod,-0.5631
ENSG00000171492_unmod,-0.4454
ENSG00000171497_unmod,-0.1556
ENSG00000171503_unmod,0.1742
ENSG00000171522_unmod,-0.1493
ENSG00000171530_unmod,-0.1151
ENSG00000171551_unmod,0.3073
ENSG00000171552_unmod,0.0668
ENSG00000171566_unmod,-0.0916
ENSG00000171574_unmod,-0.2144
ENSG00000171603_unmod,0.227
ENSG00000171604_unmod,0.377
ENSG00000171606_unmod,0.4002
ENSG00000171608_unmod,0.206
ENSG00000171612_unmod,-0.403
ENSG00000171617_unmod,-0.1996
ENSG00000171621_unmod,0.2477
ENSG00000171634_unmod,0.2437
ENSG00000171658_unmod,0.7004
ENSG00000171680_unmod,0.6137
ENSG00000171681_unmod,-0.25
ENSG00000171700_unmod,0.0932
ENSG00000171703_unmod,-0.0708
ENSG00000171720_unmod,0.0174
ENSG00000171723_unmod,0.2772
ENSG00000171729_unmod,0.742
ENSG00000171735_unmod,-0.1129
ENSG00000171763_unmod,-0.1071
ENSG00000171791_unmod,-0.0256
ENSG00000171792_unmod,0.1182
ENSG00000171793_unmod,-0.1022
ENSG00000171806_unmod,0.067
ENSG00000171813_unmod,-0.0818
ENSG00000171823_unmod,0.1052
ENSG00000171824_unmod,-0.0362
ENSG00000171840_unmod,0.0821
ENSG00000171843_unmod,-0.2259
ENSG00000171848_unmod,0.5484
ENSG00000171853_unmod,0.0014
ENSG00000171858_unmod,0.1262
ENSG00000171861_unmod,-0.197
ENSG00000171862_unmod,0.037
ENSG00000171863_unmod,-0.1417
ENSG00000171865_unmod,-0.4206
ENSG00000171867_unmod,-0.0459
ENSG00000171877_unmod,-0.2169
ENSG00000171889_unmod,0.083
ENSG00000171903_unmod,0.4972
ENSG00000171914_unmod,-0.2584
ENSG00000171928_unmod,0.4322
ENSG00000171931_unmod,0.3903
ENSG00000171940_unmod,-0.2011
ENSG00000171943_unmod,0.2437
ENSG00000171951_unmod,1.0818
ENSG00000171953_unmod,-0.2289
ENSG00000171960_unmod,0.1745
ENSG00000171970_unmod,-0.4826
ENSG00000171988_unmod,-0.0137
ENSG00000171992_unmod,-0.3925
ENSG00000172000_unmod,-0.5981
ENSG00000172007_unmod,-0.1366
ENSG00000172009_unmod,-0.1066
ENSG00000172037_unmod,-0.1179
ENSG00000172046_unmod,-0.004
ENSG00000172053_unmod,-0.1304
ENSG00000172057_unmod,0.2546
ENSG00000172059_unmod,0.3241
ENSG00000172062_unmod,-0.2652
ENSG00000172071_unmod,-0.1135
ENSG00000172081_unmod,0.0501
ENSG00000172086_unmod,1.077
ENSG00000172113_unmod,-0.2057
ENSG00000172115_unmod,-0.254
ENSG00000172123_unmod,-0.3241
ENSG00000172159_unmod,0.0445
ENSG00000172164_unmod,-0.1724
ENSG00000172167_unmod,0.3464
ENSG00000172171_unmod,-0.1078
ENSG00000172172_unmod,0.048
ENSG00000172175_unmod,0.0179
ENSG00000172183_unmod,0.8871
ENSG00000172197_unmod,0.7183
ENSG00000172216_unmod,0.7594
ENSG00000172239_unmod,-0.381
ENSG00000172244_unmod,-0.0463
ENSG00000172260_unmod,-0.1896
ENSG00000172262_unmod,0.0291
ENSG00000172269_unmod,-0.2995
ENSG00000172270_unmod,0.2544
ENSG00000172273_unmod,0.1861
ENSG00000172292_unmod,0.0526
ENSG00000172301_unmod,-0.2372
ENSG00000172315_unmod,-0.1257
ENSG00000172331_unmod,0.657
ENSG00000172336_unmod,0.0363
ENSG00000172339_unmod,-0.1755
ENSG00000172340_unmod,-0.3288
ENSG00000172354_unmod,0.2742
ENSG00000172366_unmod,-0.4428
ENSG00000172375_unmod,0.0434
ENSG00000172380_unmod,-2.4371
ENSG00000172403_unmod,0.0945
ENSG00000172409_unmod,0.2441
ENSG00000172428_unmod,-0.0699
ENSG00000172432_unmod,0.2461
ENSG00000172456_unmod,0.8287
ENSG00000172465_unmod,-0.1599
ENSG00000172466_unmod,-0.2617
ENSG00000172469_unmod,0.2248
ENSG00000172493_unmod,-0.0021
ENSG00000172500_unmod,-0.1672
ENSG00000172530_unmod,0.0622
ENSG00000172531_unmod,0.1539
ENSG00000172534_unmod,0.2845
ENSG00000172548_unmod,-0.5014
ENSG00000172572_unmod,0.6003
ENSG00000172575_unmod,-0.9792
ENSG00000172586_unmod,-0.0732
ENSG00000172590_unmod,0.2092
ENSG00000172594_unmod,0.1727
ENSG00000172613_unmod,0.2879
ENSG00000172661_unmod,0.0162
ENSG00000172663_unmod,0.0328
ENSG00000172667_unmod,-0.1331
ENSG00000172671_unmod,0.2435
ENSG00000172725_unmod,0.2227
ENSG00000172728_unmod,-0.394
ENSG00000172731_unmod,-0.1895
ENSG00000172732_unmod,-0.2264
ENSG00000172757_unmod,0.2545
ENSG00000172765_unmod,-0.6166
ENSG00000172766_unmod,-0.3162
ENSG00000172775_unmod,-0.3601
ENSG00000172785_unmod,-0.0257
ENSG00000172795_unmod,0.2361
ENSG00000172809_unmod,0.0317
ENSG00000172819_unmod,0.1583
ENSG00000172830_unmod,0.1545
ENSG00000172831_unmod,0.0772
ENSG00000172840_unmod,-1.0598
ENSG00000172845_unmod,0.4426
ENSG00000172869_unmod,0.1183
ENSG00000172878_unmod,0.3047
ENSG00000172888_unmod,-0.0107
ENSG00000172890_unmod,-0.0941
ENSG00000172893_unmod,-0.4971
ENSG00000172915_unmod,-0.0225
ENSG00000172922_unmod,0.3386
ENSG00000172927_unmod,-0.3451
ENSG00000172932_unmod,0.1562
ENSG00000172936_unmod,0.3882
ENSG00000172939_unmod,-0.4488
ENSG00000172943_unmod,-0.0202
ENSG00000172954_unmod,-0.7827
ENSG00000172965_unmod,-0.1
ENSG00000172977_unmod,-0.1513
ENSG00000172986_unmod,0.2143
ENSG00000172992_unmod,-0.081
ENSG00000173011_unmod,-0.0513
ENSG00000173020_unmod,0.1971
ENSG00000173039_unmod,0.1007
ENSG00000173041_unmod,-0.2563
ENSG00000173064_unmod,0.1665
ENSG00000173065_unmod,-0.7576
ENSG00000173068_unmod,-0.108
ENSG00000173083_unmod,-0.1673
ENSG00000173085_unmod,-0.0379
ENSG00000173110_unmod,0.4294
ENSG00000173113_unmod,0.2277
ENSG00000173120_unmod,0.0033
ENSG00000173141_unmod,0.1305
ENSG00000173145_unmod,0.1781
ENSG00000173153_unmod,-0.3538
ENSG00000173156_unmod,0.2437
ENSG00000173163_unmod,-0.0254
ENSG00000173166_unmod,0.2895
ENSG00000173171_unmod,-0.0607
ENSG00000173193_unmod,0.3305
ENSG00000173207_unmod,0.0486
ENSG00000173209_unmod,0.2653
ENSG00000173210_unmod,0.4595
ENSG00000173214_unmod,0.0683
ENSG00000173218_unmod,0.1874
ENSG00000173221_unmod,0.0451
ENSG00000173226_unmod,0.0802
ENSG00000173227_unmod,0.3919
ENSG00000173230_unmod,0.3096
ENSG00000173258_unmod,-0.0978
ENSG00000173264_unmod,0.2134
ENSG00000173267_unmod,0.3471
ENSG00000173272_unmod,0.2937
ENSG00000173273_unmod,0.3121
ENSG00000173275_unmod,0.2619
ENSG00000173276_unmod,-0.1224
ENSG00000173327_unmod,0.2284
ENSG00000173334_unmod,-0.1619
ENSG00000173349_unmod,-0.4519
ENSG00000173391_unmod,0.6344
ENSG00000173402_unmod,-0.3865
ENSG00000173406_unmod,0.1913
ENSG00000173409_unmod,-0.3919
ENSG00000173418_unmod,-0.0767
ENSG00000173436_unmod,-0.3575
ENSG00000173442_unmod,0.5651
ENSG00000173451_unmod,0.2511
ENSG00000173456_unmod,0.0621
ENSG00000173457_unmod,0.3017
ENSG00000173465_unmod,-0.2068
ENSG00000173473_unmod,-0.1986
ENSG00000173480_unmod,0.1467
ENSG00000173482_unmod,0.2658
ENSG00000173511_unmod,0.0562
ENSG00000173517_unmod,0.066
ENSG00000173530_unmod,-0.1966
ENSG00000173540_unmod,0.488
ENSG00000173542_unmod,0.1682
ENSG00000173545_unmod,0.1864
ENSG00000173546_unmod,0.4574
ENSG00000173548_unmod,0.0715
ENSG00000173559_unmod,0.0674
ENSG00000173575_unmod,0.0595
ENSG00000173581_unmod,-0.0238
ENSG00000173588_unmod,-0.3307
ENSG00000173598_unmod,-0.2163
ENSG00000173599_unmod,0.2718
ENSG00000173611_unmod,-0.2204
ENSG00000173614_unmod,0.062
ENSG00000173621_unmod,-0.1987
ENSG00000173638_unmod,-0.1703
ENSG00000173653_unmod,-0.1786
ENSG00000173660_unmod,0.2961
ENSG00000173674_unmod,0.8947
ENSG00000173681_unmod,-0.0091
ENSG00000173692_unmod,0.0889
ENSG00000173698_unmod,-0.6822
ENSG00000173705_unmod,-0.4955
ENSG00000173706_unmod,0.0333
ENSG00000173715_unmod,0.4294
ENSG00000173726_unmod,-0.2504
ENSG00000173727_unmod,0.5269
ENSG00000173744_unmod,-0.5103
ENSG00000173757_unmod,-0.6267
ENSG00000173786_unmod,-0.1031
ENSG00000173801_unmod,0.1782
ENSG00000173812_unmod,-0.0687
ENSG00000173818_unmod,0.0703
ENSG00000173821_unmod,0.2451
ENSG00000173846_unmod,0.2581
ENSG00000173848_unmod,0.3143
ENSG00000173852_unmod,0.1376
ENSG00000173875_unmod,-0.0538
ENSG00000173889_unmod,-0.1174
ENSG00000173894_unmod,0.1272
ENSG00000173898_unmod,0.0493
ENSG00000173905_unmod,0.4231
ENSG00000173914_unmod,0.3844
ENSG00000173915_unmod,0.0816
ENSG00000173917_unmod,0.0488
ENSG00000173918_unmod,0.5976
ENSG00000173926_unmod,0.0951
ENSG00000173933_unmod,-0.0598
ENSG00000173950_unmod,-0.4213
ENSG00000173960_unmod,0.2707
ENSG00000173992_unmod,0.4387
ENSG00000174010_unmod,-0.3124
ENSG00000174013_unmod,0.4806
ENSG00000174021_unmod,0.2196
ENSG00000174028_unmod,-0.4624
ENSG00000174032_unmod,1.4881
ENSG00000174080_unmod,0.1336
ENSG00000174099_unmod,0.2402
ENSG00000174106_unmod,0.35
ENSG00000174109_unmod,-0.4471
ENSG00000174130_unmod,0.2735
ENSG00000174132_unmod,0.3238
ENSG00000174136_unmod,-0.1919
ENSG00000174151_unmod,-0.3511
ENSG00000174165_unmod,-0.1689
ENSG00000174173_unmod,-0.4281
ENSG00000174177_unmod,-0.4136
ENSG00000174197_unmod,-0.218
ENSG00000174206_unmod,-0.4005
ENSG00000174227_unmod,0.0236
ENSG00000174231_unmod,-0.0655
ENSG00000174233_unmod,0.1817
ENSG00000174238_unmod,-0.6466
ENSG00000174243_unmod,0.0937
ENSG00000174276_unmod,0.1529
ENSG00000174282_unmod,-0.0712
ENSG00000174306_unmod,0.0389
ENSG00000174307_unmod,-0.1194
ENSG00000174327_unmod,0.0756
ENSG00000174332_unmod,0.0973
ENSG00000174353_unmod,0.3191
ENSG00000174365_unmod,-0.3264
ENSG00000174371_unmod,0.5703
ENSG00000174373_unmod,-0.131
ENSG00000174405_unmod,-0.08
ENSG00000174437_unmod,0.0472
ENSG00000174442_unmod,0.1317
ENSG00000174444_unmod,0.1407
ENSG00000174446_unmod,0.1211
ENSG00000174482_unmod,0.3469
ENSG00000174485_unmod,0.2953
ENSG00000174501_unmod,0.4979
ENSG00000174516_unmod,0.3111
ENSG00000174547_unmod,-0.1178
ENSG00000174564_unmod,0.4173
ENSG00000174574_unmod,0.2018
ENSG00000174579_unmod,0.0493
ENSG00000174606_unmod,-0.2829
ENSG00000174607_unmod,-0.0335
ENSG00000174628_unmod,0.0739
ENSG00000174640_unmod,0.1945
ENSG00000174652_unmod,0.0031
ENSG00000174669_unmod,-0.7894
ENSG00000174684_unmod,-0.3439
ENSG00000174695_unmod,-0.461
ENSG00000174705_unmod,0.4399
ENSG00000174718_unmod,-0.0756
ENSG00000174720_unmod,0.1312
ENSG00000174738_unmod,-0.1012
ENSG00000174744_unmod,0.0611
ENSG00000174748_unmod,0.0079
ENSG00000174749_unmod,-0.8965
ENSG00000174775_unmod,0.5773
ENSG00000174780_unmod,-0.0103
ENSG00000174791_unmod,-0.2255
ENSG00000174796_unmod,-0.3015
ENSG00000174799_unmod,0.3717
ENSG00000174804_unmod,-0.0537
ENSG00000174839_unmod,-0.8815
ENSG00000174840_unmod,-0.1502
ENSG00000174842_unmod,-0.4354
ENSG00000174851_unmod,0.0875
ENSG00000174886_unmod,-0.2809
ENSG00000174891_unmod,0.0247
ENSG00000174903_unmod,-0.0983
ENSG00000174915_unmod,0.0118
ENSG00000174917_unmod,0.0658
ENSG00000174938_unmod,0.2179
ENSG00000174939_unmod,0.0817
ENSG00000174943_unmod,-0.3152
ENSG00000174951_unmod,0.8121
ENSG00000174953_unmod,-0.2449
ENSG00000174977_unmod,-0.5135
ENSG00000174989_unmod,-0.0393
ENSG00000174996_unmod,0.0838
ENSG00000175029_unmod,-0.1159
ENSG00000175048_unmod,-0.4691
ENSG00000175054_unmod,-0.1845
ENSG00000175061_unmod,-0.0916
ENSG00000175063_unmod,0.283
ENSG00000175066_unmod,-0.2765
ENSG00000175073_unmod,-0.082
ENSG00000175087_unmod,0.0638
ENSG00000175104_unmod,-0.2209
ENSG00000175105_unmod,0.2307
ENSG00000175106_unmod,0.2759
ENSG00000175110_unmod,-0.0292
ENSG00000175115_unmod,-0.0609
ENSG00000175130_unmod,-0.6648
ENSG00000175137_unmod,-0.0193
ENSG00000175155_unmod,0.4069
ENSG00000175166_unmod,0.1185
ENSG00000175175_unmod,0.231
ENSG00000175182_unmod,-0.2399
ENSG00000175183_unmod,0.1855
ENSG00000175193_unmod,0.1691
ENSG00000175197_unmod,0.1761
ENSG00000175198_unmod,-0.0155
ENSG00000175203_unmod,0.048
ENSG00000175213_unmod,0.123
ENSG00000175215_unmod,-0.3089
ENSG00000175216_unmod,-0.0596
ENSG00000175220_unmod,0.089
ENSG00000175221_unmod,0.0232
ENSG00000175224_unmod,-0.0216
ENSG00000175265_unmod,-0.2182
ENSG00000175274_unmod,0.4823
ENSG00000175283_unmod,-0.6358
ENSG00000175305_unmod,0.6019
ENSG00000175309_unmod,-0.0989
ENSG00000175322_unmod,0.4702
ENSG00000175324_unmod,0.7755
ENSG00000175334_unmod,-0.0343
ENSG00000175348_unmod,-1.1013
ENSG00000175352_unmod,0.3341
ENSG00000175354_unmod,0.2967
ENSG00000175376_unmod,-0.1135
ENSG00000175387_unmod,-0.2749
ENSG00000175390_unmod,-0.0101
ENSG00000175414_unmod,-0.6151
ENSG00000175416_unmod,0.2397
ENSG00000175426_unmod,0.4444
ENSG00000175445_unmod,-0.0831
ENSG00000175455_unmod,-0.0013
ENSG00000175467_unmod,0.1855
ENSG00000175470_unmod,-0.0172
ENSG00000175471_unmod,0.2757
ENSG00000175505_unmod,0.4115
ENSG00000175548_unmod,-0.1001
ENSG00000175550_unmod,0.7129
ENSG00000175556_unmod,0.0486
ENSG00000175567_unmod,-0.0242
ENSG00000175573_unmod,-0.167
ENSG00000175575_unmod,0.0237
ENSG00000175581_unmod,-0.0241
ENSG00000175582_unmod,0.0186
ENSG00000175591_unmod,1.0409
ENSG00000175592_unmod,-0.0676
ENSG00000175595_unmod,-0.9149
ENSG00000175602_unmod,0.1338
ENSG00000175606_unmod,0.2514
ENSG00000175634_unmod,0.1551
ENSG00000175643_unmod,0.4005
ENSG00000175662_unmod,-0.1756
ENSG00000175697_unmod,0.2183
ENSG00000175711_unmod,0.4994
ENSG00000175727_unmod,-0.2352
ENSG00000175745_unmod,-0.0616
ENSG00000175756_unmod,0.2826
ENSG00000175764_unmod,0.0878
ENSG00000175782_unmod,-0.094
ENSG00000175792_unmod,-0.16
ENSG00000175793_unmod,0.6185
ENSG00000175826_unmod,-0.0587
ENSG00000175832_unmod,0.3158
ENSG00000175854_unmod,0.2017
ENSG00000175866_unmod,-0.163
ENSG00000175874_unmod,0.0957
ENSG00000175893_unmod,-0.2105
ENSG00000175895_unmod,0.0648
ENSG00000175899_unmod,0.1264
ENSG00000175906_unmod,0.0935
ENSG00000175931_unmod,-0.1508
ENSG00000175970_unmod,-0.0409
ENSG00000175984_unmod,0.3024
ENSG00000176014_unmod,-0.1301
ENSG00000176018_unmod,0.8128
ENSG00000176022_unmod,-0.0992
ENSG00000176024_unmod,0.4788
ENSG00000176055_unmod,-0.9889
ENSG00000176058_unmod,-0.2732
ENSG00000176087_unmod,-0.056
ENSG00000176095_unmod,0.0081
ENSG00000176101_unmod,0.3856
ENSG00000176102_unmod,0.1308
ENSG00000176105_unmod,0.0478
ENSG00000176108_unmod,-0.0348
ENSG00000176124_unmod,0.0671
ENSG00000176142_unmod,0.1072
ENSG00000176148_unmod,-0.9683
ENSG00000176155_unmod,0.0857
ENSG00000176170_unmod,0.2678
ENSG00000176171_unmod,-0.0703
ENSG00000176182_unmod,0.2351
ENSG00000176208_unmod,0.1214
ENSG00000176209_unmod,-0.1097
ENSG00000176225_unmod,0.1395
ENSG00000176248_unmod,0.0634
ENSG00000176261_unmod,0.3982
ENSG00000176273_unmod,-0.3937
ENSG00000176340_unmod,0.0462
ENSG00000176371_unmod,0.1324
ENSG00000176386_unmod,-0.019
ENSG00000176390_unmod,0.6121
ENSG00000176393_unmod,0.0756
ENSG00000176396_unmod,-0.2724
ENSG00000176399_unmod,0.036
ENSG00000176407_unmod,-0.6446
ENSG00000176410_unmod,-0.2937
ENSG00000176422_unmod,-0.3246
ENSG00000176438_unmod,0.5526
ENSG00000176444_unmod,0.5361
ENSG00000176454_unmod,-0.4384
ENSG00000176463_unmod,0.1349
ENSG00000176473_unmod,0.11
ENSG00000176476_unmod,-0.1371
ENSG00000176485_unmod,0.1344
ENSG00000176531_unmod,0.2395
ENSG00000176532_unmod,0.7546
ENSG00000176542_unmod,-0.3131
ENSG00000176597_unmod,0.4795
ENSG00000176619_unmod,-0.2007
ENSG00000176623_unmod,0.5797
ENSG00000176624_unmod,-0.639
ENSG00000176678_unmod,0.3545
ENSG00000176692_unmod,0.2368
ENSG00000176697_unmod,-0.1256
ENSG00000176700_unmod,0.1974
ENSG00000176715_unmod,-0.1426
ENSG00000176720_unmod,0.025
ENSG00000176731_unmod,-0.0322
ENSG00000176749_unmod,-0.1107
ENSG00000176771_unmod,0.0798
ENSG00000176783_unmod,0.4046
ENSG00000176788_unmod,-0.0334
ENSG00000176834_unmod,0.4793
ENSG00000176842_unmod,0.0225
ENSG00000176845_unmod,-0.1692
ENSG00000176853_unmod,-0.0575
ENSG00000176871_unmod,0.3416
ENSG00000176890_unmod,0.7428
ENSG00000176903_unmod,-0.015
ENSG00000176907_unmod,0.3961
ENSG00000176915_unmod,0.1889
ENSG00000176946_unmod,-0.2524
ENSG00000176953_unmod,0.1785
ENSG00000176973_unmod,-0.3547
ENSG00000176974_unmod,0.3675
ENSG00000176978_unmod,-0.1506
ENSG00000176986_unmod,-0.1631
ENSG00000176994_unmod,-0.7377
ENSG00000177000_unmod,-0.142
ENSG00000177030_unmod,-0.1247
ENSG00000177034_unmod,-0.45
ENSG00000177042_unmod,0.1118
ENSG00000177045_unmod,-0.287
ENSG00000177051_unmod,-0.2845
ENSG00000177054_unmod,0.2645
ENSG00000177058_unmod,0.5019
ENSG00000177076_unmod,0.0771
ENSG00000177082_unmod,-0.0542
ENSG00000177084_unmod,0.3259
ENSG00000177105_unmod,-0.0223
ENSG00000177106_unmod,0.105
ENSG00000177119_unmod,-0.184
ENSG00000177125_unmod,0.1374
ENSG00000177150_unmod,0.0718
ENSG00000177156_unmod,-0.003
ENSG00000177169_unmod,0.3668
ENSG00000177192_unmod,-0.0507
ENSG00000177200_unmod,0.2573
ENSG00000177225_unmod,-0.0926
ENSG00000177239_unmod,0.2154
ENSG00000177283_unmod,0.3957
ENSG00000177302_unmod,-0.0024
ENSG00000177303_unmod,0.0037
ENSG00000177311_unmod,-0.0991
ENSG00000177337_unmod,0.1076
ENSG00000177352_unmod,-0.1183
ENSG00000177370_unmod,0.113
ENSG00000177380_unmod,0.3064
ENSG00000177383_unmod,0.5826
ENSG00000177406_unmod,0.3122
ENSG00000177409_unmod,0.4818
ENSG00000177410_unmod,-0.3827
ENSG00000177425_unmod,-0.3142
ENSG00000177426_unmod,0.0195
ENSG00000177432_unmod,0.5941
ENSG00000177463_unmod,0.5357
ENSG00000177469_unmod,-0.623
ENSG00000177479_unmod,-0.1626
ENSG00000177485_unmod,-0.3339
ENSG00000177508_unmod,0.0196
ENSG00000177542_unmod,0.2575
ENSG00000177548_unmod,0.041
ENSG00000177556_unmod,-0.2438
ENSG00000177565_unmod,-0.0955
ENSG00000177570_unmod,-0.3959
ENSG00000177595_unmod,0.1294
ENSG00000177600_unmod,0.1317
ENSG00000177606_unmod,0.243
ENSG00000177613_unmod,0.0645
ENSG00000177614_unmod,0.9985
ENSG00000177628_unmod,0.1049
ENSG00000177646_unmod,0.0522
ENSG00000177663_unmod,-0.1033
ENSG00000177666_unmod,-0.1486
ENSG00000177674_unmod,0.1669
ENSG00000177683_unmod,0.3183
ENSG00000177697_unmod,0.1825
ENSG00000177700_unmod,0.3056
ENSG00000177706_unmod,0.2392
ENSG00000177707_unmod,0.1853
ENSG00000177728_unmod,-0.052
ENSG00000177731_unmod,-0.0152
ENSG00000177732_unmod,-0.2406
ENSG00000177733_unmod,0.145
ENSG00000177738_unmod,0.3102
ENSG00000177830_unmod,-0.0231
ENSG00000177842_unmod,-0.2552
ENSG00000177853_unmod,-0.0927
ENSG00000177868_unmod,0.3174
ENSG00000177873_unmod,0.2321
ENSG00000177879_unmod,-0.111
ENSG00000177885_unmod,-0.0278
ENSG00000177888_unmod,-0.9961
ENSG00000177889_unmod,-0.3828
ENSG00000177917_unmod,0.1397
ENSG00000177943_unmod,0.2342
ENSG00000177946_unmod,0.1699
ENSG00000177951_unmod,-0.2578
ENSG00000177954_unmod,0.1002
ENSG00000177963_unmod,0.0217
ENSG00000177971_unmod,-0.3393
ENSG00000177981_unmod,0.2307
ENSG00000177989_unmod,0.3959
ENSG00000178028_unmod,0.0999
ENSG00000178035_unmod,-0.0635
ENSG00000178038_unmod,0.3867
ENSG00000178053_unmod,-0.5477
ENSG00000178057_unmod,-0.077
ENSG00000178074_unmod,0.0696
ENSG00000178104_unmod,0.491
ENSG00000178105_unmod,-0.4849
ENSG00000178149_unmod,-0.2432
ENSG00000178172_unmod,0.1063
ENSG00000178177_unmod,-0.1792
ENSG00000178188_unmod,0.0075
ENSG00000178202_unmod,0.4424
ENSG00000178209_unmod,0.1748
ENSG00000178222_unmod,0.1164
ENSG00000178229_unmod,0.1742
ENSG00000178234_unmod,0.059
ENSG00000178252_unmod,0.0316
ENSG00000178295_unmod,0.1779
ENSG00000178307_unmod,0.0903
ENSG00000178338_unmod,-0.1096
ENSG00000178381_unmod,0.2024
ENSG00000178385_unmod,-0.1839
ENSG00000178409_unmod,-0.3774
ENSG00000178425_unmod,-0.4721
ENSG00000178449_unmod,0.2117
ENSG00000178467_unmod,-0.1944
ENSG00000178498_unmod,-0.5032
ENSG00000178502_unmod,-0.3288
ENSG00000178531_unmod,-0.0369
ENSG00000178537_unmod,-0.141
ENSG00000178567_unmod,0.3409
ENSG00000178568_unmod,-0.046
ENSG00000178605_unmod,-0.3916
ENSG00000178607_unmod,0.2743
ENSG00000178685_unmod,0.4168
ENSG00000178691_unmod,0.7904
ENSG00000178694_unmod,-0.622
ENSG00000178695_unmod,-1.2102
ENSG00000178700_unmod,0.3963
ENSG00000178718_unmod,-0.3546
ENSG00000178719_unmod,-0.1428
ENSG00000178726_unmod,-0.573
ENSG00000178741_unmod,-0.0911
ENSG00000178761_unmod,-0.0724
ENSG00000178764_unmod,-0.4083
ENSG00000178773_unmod,-0.5629
ENSG00000178802_unmod,-0.0941
ENSG00000178814_unmod,-0.0967
ENSG00000178878_unmod,0.4336
ENSG00000178896_unmod,-0.1571
ENSG00000178904_unmod,-0.1935
ENSG00000178913_unmod,0.2811
ENSG00000178919_unmod,-0.2238
ENSG00000178921_unmod,-0.5808
ENSG00000178922_unmod,0.0375
ENSG00000178927_unmod,0.0888
ENSG00000178950_unmod,0.1506
ENSG00000178951_unmod,0.0658
ENSG00000178952_unmod,0.0088
ENSG00000178966_unmod,-0.0569
ENSG00000178971_unmod,-0.109
ENSG00000178974_unmod,0.0997
ENSG00000178980_unmod,0.464
ENSG00000178982_unmod,0.0512
ENSG00000178988_unmod,-0.1455
ENSG00000178996_unmod,-0.2919
ENSG00000178999_unmod,-0.0363
ENSG00000179010_unmod,-0.0947
ENSG00000179021_unmod,-0.3031
ENSG00000179029_unmod,0.5276
ENSG00000179041_unmod,-0.3086
ENSG00000179051_unmod,-0.2785
ENSG00000179083_unmod,0.0564
ENSG00000179085_unmod,0.4278
ENSG00000179091_unmod,-0.0976
ENSG00000179094_unmod,0.1781
ENSG00000179104_unmod,0.0577
ENSG00000179115_unmod,-0.1642
ENSG00000179119_unmod,0.8529
ENSG00000179134_unmod,-0.4543
ENSG00000179152_unmod,-0.0925
ENSG00000179163_unmod,0.4654
ENSG00000179195_unmod,0.0908
ENSG00000179218_unmod,0.373
ENSG00000179241_unmod,-0.4507
ENSG00000179262_unmod,0.037
ENSG00000179271_unmod,0.2079
ENSG00000179277_unmod,0.5368
ENSG00000179295_unmod,-0.7102
ENSG00000179335_unmod,0.0008
ENSG00000179348_unmod,0.2878
ENSG00000179361_unmod,0.2935
ENSG00000179364_unmod,0.03
ENSG00000179387_unmod,-0.1384
ENSG00000179399_unmod,0.2303
ENSG00000179406_unmod,-0.4479
ENSG00000179409_unmod,-0.1222
ENSG00000179431_unmod,-0.8395
ENSG00000179454_unmod,-0.1033
ENSG00000179455_unmod,-0.4162
ENSG00000179456_unmod,-0.0233
ENSG00000179523_unmod,-0.5674
ENSG00000179526_unmod,0.1243
ENSG00000179532_unmod,0.0665
ENSG00000179542_unmod,0.1936
ENSG00000179546_unmod,-0.0577
ENSG00000179562_unmod,0.2037
ENSG00000179583_unmod,0.3577
ENSG00000179588_unmod,0.2299
ENSG00000179598_unmod,-1.1708
ENSG00000179604_unmod,0.2723
ENSG00000179630_unmod,0.267
ENSG00000179632_unmod,0.0622
ENSG00000179715_unmod,0.6434
ENSG00000179750_unmod,0.9023
ENSG00000179772_unmod,0.4928
ENSG00000179818_unmod,0.0178
ENSG00000179820_unmod,0.391
ENSG00000179832_unmod,0.0209
ENSG00000179833_unmod,-0.0583
ENSG00000179855_unmod,0.9114
ENSG00000179859_unmod,-0.0086
ENSG00000179862_unmod,0.8135
ENSG00000179889_unmod,0.4089
ENSG00000179912_unmod,-0.0853
ENSG00000179918_unmod,-0.1065
ENSG00000179922_unmod,-0.6698
ENSG00000179933_unmod,-0.1528
ENSG00000179941_unmod,0.1847
ENSG00000179943_unmod,-0.1052
ENSG00000179950_unmod,0.2068
ENSG00000179954_unmod,0.4198
ENSG00000179958_unmod,-0.2761
ENSG00000179965_unmod,-0.264
ENSG00000179981_unmod,0.2317
ENSG00000180008_unmod,-0.0127
ENSG00000180011_unmod,-0.0855
ENSG00000180035_unmod,-0.0354
ENSG00000180071_unmod,-0.3411
ENSG00000180098_unmod,0.5258
ENSG00000180104_unmod,0.0788
ENSG00000180182_unmod,-0.3952
ENSG00000180185_unmod,-0.2427
ENSG00000180198_unmod,-0.4488
ENSG00000180228_unmod,0.0244
ENSG00000180229_unmod,0.3704
ENSG00000180233_unmod,0.0929
ENSG00000180263_unmod,0.1535
ENSG00000180304_unmod,0.2022
ENSG00000180329_unmod,0.0989
ENSG00000180340_unmod,-0.6148
ENSG00000180346_unmod,0.1307
ENSG00000180354_unmod,0.0238
ENSG00000180357_unmod,-0.1564
ENSG00000180370_unmod,-0.1343
ENSG00000180376_unmod,-0.1967
ENSG00000180385_unmod,0.0737
ENSG00000180398_unmod,0.0605
ENSG00000180447_unmod,-0.5735
ENSG00000180448_unmod,0.4112
ENSG00000180488_unmod,-0.0389
ENSG00000180530_unmod,-0.0772
ENSG00000180535_unmod,0.5067
ENSG00000180537_unmod,0.3616
ENSG00000180573_unmod,0.2907
ENSG00000180596_unmod,0.0606
ENSG00000180611_unmod,-0.4127
ENSG00000180626_unmod,-0.1712
ENSG00000180628_unmod,0.0389
ENSG00000180667_unmod,-0.0946
ENSG00000180694_unmod,-2.5502
ENSG00000180758_unmod,-0.5311
ENSG00000180773_unmod,0.0351
ENSG00000180776_unmod,-0.1173
ENSG00000180787_unmod,0.4294
ENSG00000180801_unmod,0.1795
ENSG00000180806_unmod,0.0481
ENSG00000180817_unmod,-0.1138
ENSG00000180818_unmod,-0.7179
ENSG00000180822_unmod,0.0105
ENSG00000180879_unmod,0.0129
ENSG00000180891_unmod,0.1158
ENSG00000180900_unmod,0.0945
ENSG00000180901_unmod,-0.0884
ENSG00000180902_unmod,-0.2539
ENSG00000180917_unmod,-0.0501
ENSG00000180921_unmod,-0.3443
ENSG00000180957_unmod,-0.0002
ENSG00000180964_unmod,-0.053
ENSG00000180979_unmod,-0.3988
ENSG00000180992_unmod,0.4014
ENSG00000180998_unmod,0.7913
ENSG00000181004_unmod,0.2734
ENSG00000181007_unmod,-0.087
ENSG00000181019_unmod,0.2459
ENSG00000181026_unmod,-0.304
ENSG00000181027_unmod,-0.5466
ENSG00000181035_unmod,0.9754
ENSG00000181038_unmod,0.1646
ENSG00000181045_unmod,-0.094
ENSG00000181061_unmod,-0.3136
ENSG00000181090_unmod,-0.1195
ENSG00000181104_unmod,0.1993
ENSG00000181143_unmod,-0.0748
ENSG00000181163_unmod,-0.2502
ENSG00000181191_unmod,0.2699
ENSG00000181192_unmod,0.3969
ENSG00000181220_unmod,0.0324
ENSG00000181222_unmod,-0.1115
ENSG00000181264_unmod,0.4655
ENSG00000181274_unmod,-0.6507
ENSG00000181315_unmod,-0.1662
ENSG00000181381_unmod,0.2213
ENSG00000181396_unmod,0.2525
ENSG00000181450_unmod,0.0744
ENSG00000181458_unmod,0.0418
ENSG00000181467_unmod,0.0055
ENSG00000181472_unmod,-0.4012
ENSG00000181481_unmod,-0.075
ENSG00000181523_unmod,-0.283
ENSG00000181544_unmod,-0.0847
ENSG00000181555_unmod,0.0844
ENSG00000181577_unmod,0.7821
ENSG00000181588_unmod,0.327
ENSG00000181610_unmod,0.0209
ENSG00000181619_unmod,-0.2514
ENSG00000181634_unmod,1.0152
ENSG00000181638_unmod,-0.0584
ENSG00000181649_unmod,0.9432
ENSG00000181666_unmod,0.1752
ENSG00000181690_unmod,-0.6886
ENSG00000181704_unmod,-0.4128
ENSG00000181722_unmod,-0.1877
ENSG00000181744_unmod,-0.11
ENSG00000181751_unmod,-0.2796
ENSG00000181754_unmod,-0.1455
ENSG00000181789_unmod,-0.0136
ENSG00000181817_unmod,-0.31
ENSG00000181826_unmod,0.4875
ENSG00000181827_unmod,0.0041
ENSG00000181830_unmod,-0.1223
ENSG00000181852_unmod,-0.4938
ENSG00000181873_unmod,0.0036
ENSG00000181894_unmod,0.0391
ENSG00000181896_unmod,-0.063
ENSG00000181904_unmod,0.2074
ENSG00000181915_unmod,-0.2528
ENSG00000181924_unmod,-0.6541
ENSG00000181929_unmod,-0.1042
ENSG00000181938_unmod,0.0401
ENSG00000181991_unmod,0.0604
ENSG00000182004_unmod,-0.1132
ENSG00000182010_unmod,0.3542
ENSG00000182022_unmod,0.2171
ENSG00000182054_unmod,0.3726
ENSG00000182057_unmod,-0.1333
ENSG00000182087_unmod,-0.1344
ENSG00000182093_unmod,0.1529
ENSG00000182095_unmod,0.4695
ENSG00000182108_unmod,-0.1953
ENSG00000182117_unmod,-0.1022
ENSG00000182134_unmod,0.4025
ENSG00000182141_unmod,-0.1801
ENSG00000182149_unmod,0.0021
ENSG00000182150_unmod,0.0747
ENSG00000182154_unmod,0.3371
ENSG00000182158_unmod,-0.1455
ENSG00000182173_unmod,-0.0457
ENSG00000182180_unmod,-0.0894
ENSG00000182185_unmod,0.3776
ENSG00000182195_unmod,-0.0992
ENSG00000182197_unmod,0.0051
ENSG00000182199_unmod,-0.0784
ENSG00000182208_unmod,-0.2398
ENSG00000182220_unmod,0.2191
ENSG00000182224_unmod,-0.2041
ENSG00000182240_unmod,-0.1389
ENSG00000182247_unmod,-0.1378
ENSG00000182253_unmod,-0.043
ENSG00000182263_unmod,-0.4769
ENSG00000182272_unmod,-0.0642
ENSG00000182287_unmod,0.4745
ENSG00000182307_unmod,0.1297
ENSG00000182310_unmod,0.5244
ENSG00000182318_unmod,-0.227
ENSG00000182325_unmod,0.2006
ENSG00000182326_unmod,0.1882
ENSG00000182362_unmod,0.2556
ENSG00000182378_unmod,0.4073
ENSG00000182400_unmod,-0.7997
ENSG00000182405_unmod,0.1008
ENSG00000182446_unmod,-0.043
ENSG00000182463_unmod,0.3456
ENSG00000182473_unmod,-0.0226
ENSG00000182481_unmod,0.0633
ENSG00000182484_unmod,-0.1243
ENSG00000182492_unmod,0.4097
ENSG00000182504_unmod,0.5876
ENSG00000182512_unmod,-0.1827
ENSG00000182518_unmod,0.1398
ENSG00000182534_unmod,0.022
ENSG00000182541_unmod,0.3987
ENSG00000182544_unmod,-0.3563
ENSG00000182551_unmod,0.1404
ENSG00000182552_unmod,-0.7084
ENSG00000182585_unmod,0.8544
ENSG00000182606_unmod,-0.2338
ENSG00000182621_unmod,0.9396
ENSG00000182628_unmod,0.2256
ENSG00000182670_unmod,0.1233
ENSG00000182700_unmod,0.1077
ENSG00000182704_unmod,0.0608
ENSG00000182718_unmod,0.2132
ENSG00000182742_unmod,0.2412
ENSG00000182749_unmod,-0.3675
ENSG00000182752_unmod,0.1557
ENSG00000182768_unmod,-0.2676
ENSG00000182795_unmod,-0.8315
ENSG00000182796_unmod,-0.1374
ENSG00000182809_unmod,0.6134
ENSG00000182810_unmod,-0.3358
ENSG00000182827_unmod,-0.5878
ENSG00000182831_unmod,0.1148
ENSG00000182836_unmod,0.1099
ENSG00000182841_unmod,0.1461
ENSG00000182858_unmod,0.102
ENSG00000182871_unmod,0.0646
ENSG00000182872_unmod,0.0362
ENSG00000182899_unmod,0.1598
ENSG00000182903_unmod,-0.2384
ENSG00000182919_unmod,0.478
ENSG00000182923_unmod,0.3013
ENSG00000182934_unmod,-0.0656
ENSG00000182944_unmod,0.1822
ENSG00000182952_unmod,0.0151
ENSG00000182957_unmod,-0.6586
ENSG00000182963_unmod,0.1979
ENSG00000182973_unmod,-0.0532
ENSG00000182979_unmod,-0.1639
ENSG00000182985_unmod,0.1187
ENSG00000183010_unmod,0.0991
ENSG00000183011_unmod,0.1
ENSG00000183020_unmod,0.0515
ENSG00000183049_unmod,0.1084
ENSG00000183060_unmod,0.3342
ENSG00000183077_unmod,-0.0424
ENSG00000183087_unmod,0.5443
ENSG00000183091_unmod,0.2153
ENSG00000183092_unmod,0.2003
ENSG00000183111_unmod,0.4314
ENSG00000183137_unmod,0.4341
ENSG00000183155_unmod,0.2024
ENSG00000183161_unmod,0.0319
ENSG00000183172_unmod,0.2707
ENSG00000183207_unmod,0.007
ENSG00000183208_unmod,0.059
ENSG00000183255_unmod,0.0108
ENSG00000183258_unmod,0.0468
ENSG00000183283_unmod,-0.3217
ENSG00000183291_unmod,-0.9778
ENSG00000183323_unmod,-0.4373
ENSG00000183337_unmod,-0.1602
ENSG00000183340_unmod,-0.092
ENSG00000183354_unmod,0.1429
ENSG00000183386_unmod,0.184
ENSG00000183421_unmod,0.3625
ENSG00000183426_unmod,-0.5169
ENSG00000183431_unmod,-0.2873
ENSG00000183458_unmod,0.294
ENSG00000183474_unmod,0.2454
ENSG00000183475_unmod,-0.0998
ENSG00000183486_unmod,0.3668
ENSG00000183495_unmod,0.1304
ENSG00000183496_unmod,0.2784
ENSG00000183506_unmod,0.2211
ENSG00000183513_unmod,0.1974
ENSG00000183520_unmod,-0.4659
ENSG00000183527_unmod,-0.1329
ENSG00000183530_unmod,-0.0459
ENSG00000183576_unmod,-1.1594
ENSG00000183578_unmod,0.7652
ENSG00000183579_unmod,-0.3709
ENSG00000183597_unmod,0.1559
ENSG00000183598_unmod,0.2143
ENSG00000183604_unmod,0.1414
ENSG00000183605_unmod,-0.1131
ENSG00000183617_unmod,0.6404
ENSG00000183621_unmod,0.3475
ENSG00000183624_unmod,0.2865
ENSG00000183647_unmod,0.1239
ENSG00000183648_unmod,0.4335
ENSG00000183665_unmod,-0.5835
ENSG00000183666_unmod,0.1154
ENSG00000183684_unmod,0.4231
ENSG00000183691_unmod,-0.2966
ENSG00000183696_unmod,0.2889
ENSG00000183718_unmod,-0.0515
ENSG00000183722_unmod,0.8313
ENSG00000183723_unmod,-0.2604
ENSG00000183726_unmod,-0.3039
ENSG00000183735_unmod,0.4689
ENSG00000183741_unmod,0.2987
ENSG00000183751_unmod,-0.2747
ENSG00000183763_unmod,0.2398
ENSG00000183765_unmod,0.2124
ENSG00000183770_unmod,-0.3488
ENSG00000183775_unmod,0.6043
ENSG00000183779_unmod,-0.1161
ENSG00000183780_unmod,-0.0358
ENSG00000183808_unmod,-0.008
ENSG00000183814_unmod,0.2724
ENSG00000183826_unmod,-0.4083
ENSG00000183840_unmod,0.3913
ENSG00000183853_unmod,-0.1254
ENSG00000183856_unmod,0.3587
ENSG00000183864_unmod,0.6383
ENSG00000183914_unmod,0.4654
ENSG00000183943_unmod,-0.0988
ENSG00000183955_unmod,0.2161
ENSG00000183963_unmod,0.3521
ENSG00000183978_unmod,-0.0214
ENSG00000184007_unmod,-0.0543
ENSG00000184009_unmod,0.1698
ENSG00000184014_unmod,0.2994
ENSG00000184076_unmod,0.4081
ENSG00000184083_unmod,0.1216
ENSG00000184110_unmod,0.7594
ENSG00000184117_unmod,-0.3042
ENSG00000184162_unmod,0.0187
ENSG00000184164_unmod,0.6972
ENSG00000184178_unmod,-0.3527
ENSG00000184182_unmod,-0.0061
ENSG00000184185_unmod,0.6925
ENSG00000184194_unmod,-0.1213
ENSG00000184203_unmod,0.1812
ENSG00000184205_unmod,0.3244
ENSG00000184207_unmod,0.7572
ENSG00000184208_unmod,0.601
ENSG00000184209_unmod,0.1257
ENSG00000184216_unmod,-0.0037
ENSG00000184220_unmod,-0.2349
ENSG00000184254_unmod,-0.4814
ENSG00000184260_unmod,0.1476
ENSG00000184270_unmod,0.1949
ENSG00000184271_unmod,0.3325
ENSG00000184277_unmod,-0.1016
ENSG00000184281_unmod,0.1532
ENSG00000184292_unmod,-0.0337
ENSG00000184305_unmod,-0.1527
ENSG00000184307_unmod,-0.0909
ENSG00000184319_unmod,-0.2172
ENSG00000184349_unmod,-0.4585
ENSG00000184357_unmod,0.042
ENSG00000184363_unmod,0.0813
ENSG00000184368_unmod,0.0598
ENSG00000184371_unmod,0.5767
ENSG00000184381_unmod,-0.1727
ENSG00000184384_unmod,0.1278
ENSG00000184402_unmod,-0.154
ENSG00000184428_unmod,-0.0485
ENSG00000184432_unmod,0.7315
ENSG00000184436_unmod,0.3681
ENSG00000184445_unmod,0.3049
ENSG00000184465_unmod,-0.1971
ENSG00000184470_unmod,-0.256
ENSG00000184481_unmod,0.293
ENSG00000184500_unmod,0.1418
ENSG00000184508_unmod,0.0091
ENSG00000184517_unmod,0.0359
ENSG00000184545_unmod,0.2337
ENSG00000184557_unmod,0.3674
ENSG00000184575_unmod,0.1318
ENSG00000184584_unmod,0.1724
ENSG00000184588_unmod,0.1156
ENSG00000184602_unmod,0.3585
ENSG00000184613_unmod,-0.0707
ENSG00000184634_unmod,-0.3172
ENSG00000184640_unmod,0.1495
ENSG00000184661_unmod,-0.021
ENSG00000184675_unmod,-0.5429
ENSG00000184677_unmod,-0.0247
ENSG00000184678_unmod,0.029
ENSG00000184708_unmod,0.0379
ENSG00000184719_unmod,-0.3662
ENSG00000184731_unmod,0.904
ENSG00000184743_unmod,-0.5234
ENSG00000184752_unmod,0.1225
ENSG00000184785_unmod,0.007
ENSG00000184787_unmod,-0.2142
ENSG00000184792_unmod,-0.0938
ENSG00000184828_unmod,0.4258
ENSG00000184831_unmod,-0.2414
ENSG00000184838_unmod,-0.5525
ENSG00000184840_unmod,0.3376
ENSG00000184857_unmod,-0.0026
ENSG00000184860_unmod,0.4501
ENSG00000184863_unmod,-0.0318
ENSG00000184867_unmod,0.4407
ENSG00000184887_unmod,0.3423
ENSG00000184897_unmod,1.0117
ENSG00000184898_unmod,0.2262
ENSG00000184900_unmod,0.0622
ENSG00000184903_unmod,-0.0985
ENSG00000184916_unmod,-0.4308
ENSG00000184922_unmod,0.305
ENSG00000184924_unmod,0.2492
ENSG00000184939_unmod,-0.3306
ENSG00000184949_unmod,0.0975
ENSG00000184967_unmod,0.0375
ENSG00000184979_unmod,0.1017
ENSG00000184983_unmod,0.2522
ENSG00000184985_unmod,0.5979
ENSG00000184988_unmod,0.5009
ENSG00000184990_unmod,-0.166
ENSG00000184992_unmod,0.2227
ENSG00000185000_unmod,-0.2405
ENSG00000185008_unmod,0.6421
ENSG00000185009_unmod,-0.0022
ENSG00000185015_unmod,0.1742
ENSG00000185019_unmod,-0.1112
ENSG00000185022_unmod,0.0459
ENSG00000185024_unmod,-0.1486
ENSG00000185033_unmod,0.6254
ENSG00000185043_unmod,0.4013
ENSG00000185049_unmod,-0.2649
ENSG00000185070_unmod,0.3186
ENSG00000185085_unmod,-0.0309
ENSG00000185088_unmod,-0.0973
ENSG00000185090_unmod,0.0456
ENSG00000185100_unmod,-0.1463
ENSG00000185104_unmod,0.1061
ENSG00000185112_unmod,0.1615
ENSG00000185122_unmod,0.0636
ENSG00000185127_unmod,0.0179
ENSG00000185129_unmod,-0.1673
ENSG00000185130_unmod,0.4937
ENSG00000185158_unmod,-0.1521
ENSG00000185163_unmod,-0.4459
ENSG00000185164_unmod,-0.0529
ENSG00000185189_unmod,0.1366
ENSG00000185201_unmod,-0.0701
ENSG00000185215_unmod,0.59
ENSG00000185219_unmod,0.0585
ENSG00000185220_unmod,-0.1876
ENSG00000185222_unmod,0.2246
ENSG00000185236_unmod,0.0916
ENSG00000185238_unmod,-0.1559
ENSG00000185246_unmod,0.1587
ENSG00000185252_unmod,-0.9564
ENSG00000185261_unmod,0.364
ENSG00000185262_unmod,0.7117
ENSG00000185278_unmod,-0.6035
ENSG00000185305_unmod,-0.3265
ENSG00000185324_unmod,0.1069
ENSG00000185338_unmod,-0.6053
ENSG00000185340_unmod,0.1886
ENSG00000185344_unmod,-0.2154
ENSG00000185347_unmod,0.2653
ENSG00000185352_unmod,0.2687
ENSG00000185359_unmod,0.0166
ENSG00000185361_unmod,0.4953
ENSG00000185379_unmod,0.3113
ENSG00000185386_unmod,0.6443
ENSG00000185404_unmod,0.1734
ENSG00000185414_unmod,-0.4941
ENSG00000185418_unmod,0.1103
ENSG00000185420_unmod,-0.123
ENSG00000185432_unmod,0.5256
ENSG00000185453_unmod,0.1234
ENSG00000185475_unmod,0.0698
ENSG00000185480_unmod,0.0112
ENSG00000185483_unmod,-0.1404
ENSG00000185485_unmod,0.4443
ENSG00000185495_unmod,-0.3911
ENSG00000185499_unmod,0.0731
ENSG00000185504_unmod,-0.1498
ENSG00000185507_unmod,0.763
ENSG00000185513_unmod,0.0655
ENSG00000185515_unmod,0.6474
ENSG00000185518_unmod,-0.1649
ENSG00000185551_unmod,-1.0381
ENSG00000185567_unmod,-0.0784
ENSG00000185585_unmod,0.0785
ENSG00000185591_unmod,0.0833
ENSG00000185596_unmod,0.3415
ENSG00000185608_unmod,-0.027
ENSG00000185619_unmod,0.0428
ENSG00000185621_unmod,1.6845
ENSG00000185624_unmod,0.4739
ENSG00000185627_unmod,-0.1183
ENSG00000185630_unmod,-0.182
ENSG00000185650_unmod,-0.0281
ENSG00000185651_unmod,0.0523
ENSG00000185658_unmod,-0.5299
ENSG00000185684_unmod,0.1739
ENSG00000185686_unmod,0.3222
ENSG00000185697_unmod,0.35
ENSG00000185710_unmod,-0.3988
ENSG00000185716_unmod,-0.256
ENSG00000185721_unmod,0.181
ENSG00000185722_unmod,-0.025
ENSG00000185728_unmod,-0.2096
ENSG00000185730_unmod,-0.3925
ENSG00000185745_unmod,0.2327
ENSG00000185753_unmod,0.1456
ENSG00000185761_unmod,-0.0324
ENSG00000185787_unmod,-0.0679
ENSG00000185798_unmod,0.0732
ENSG00000185800_unmod,-0.002
ENSG00000185803_unmod,0.5875
ENSG00000185808_unmod,0.662
ENSG00000185813_unmod,-0.1146
ENSG00000185818_unmod,-1.1099
ENSG00000185825_unmod,0.1536
ENSG00000185842_unmod,-0.1642
ENSG00000185864_unmod,-0.2039
ENSG00000185885_unmod,-0.0146
ENSG00000185896_unmod,-1.5452
ENSG00000185900_unmod,1.203
ENSG00000185909_unmod,-0.0399
ENSG00000185917_unmod,0.0126
ENSG00000185920_unmod,-0.0255
ENSG00000185946_unmod,-0.1134
ENSG00000185947_unmod,0.3005
ENSG00000185950_unmod,0.0681
ENSG00000185963_unmod,0.0117
ENSG00000185973_unmod,-0.1121
ENSG00000185986_unmod,0.3441
ENSG00000185989_unmod,0.2082
ENSG00000186001_unmod,-0.072
ENSG00000186017_unmod,-0.4892
ENSG00000186020_unmod,-0.0987
ENSG00000186026_unmod,-0.2316
ENSG00000186063_unmod,0.2851
ENSG00000186073_unmod,-0.2031
ENSG00000186104_unmod,-0.0505
ENSG00000186106_unmod,-1.1869
ENSG00000186111_unmod,0.2303
ENSG00000186130_unmod,-0.024
ENSG00000186132_unmod,-0.1918
ENSG00000186141_unmod,0.1608
ENSG00000186162_unmod,-0.1085
ENSG00000186166_unmod,0.5139
ENSG00000186174_unmod,0.198
ENSG00000186184_unmod,-0.1501
ENSG00000186185_unmod,0.1668
ENSG00000186187_unmod,-0.0192
ENSG00000186193_unmod,0.3085
ENSG00000186205_unmod,-0.7135
ENSG00000186222_unmod,-0.8142
ENSG00000186230_unmod,-0.0367
ENSG00000186260_unmod,-0.1277
ENSG00000186272_unmod,-0.2678
ENSG00000186283_unmod,0.6176
ENSG00000186298_unmod,-0.3772
ENSG00000186300_unmod,-0.027
ENSG00000186312_unmod,-0.0622
ENSG00000186314_unmod,0.1899
ENSG00000186318_unmod,-0.2235
ENSG00000186350_unmod,0.2708
ENSG00000186352_unmod,0.0383
ENSG00000186376_unmod,0.229
ENSG00000186395_unmod,-0.0334
ENSG00000186416_unmod,-0.3184
ENSG00000186432_unmod,-0.1688
ENSG00000186448_unmod,0.0278
ENSG00000186468_unmod,-0.0164
ENSG00000186469_unmod,0.0633
ENSG00000186470_unmod,0.2984
ENSG00000186472_unmod,0.1948
ENSG00000186480_unmod,0.792
ENSG00000186501_unmod,-0.0355
ENSG00000186522_unmod,0.3973
ENSG00000186529_unmod,0.6513
ENSG00000186532_unmod,0.1538
ENSG00000186566_unmod,-0.2405
ENSG00000186575_unmod,-0.3656
ENSG00000186577_unmod,0.1357
ENSG00000186591_unmod,-0.3164
ENSG00000186603_unmod,-0.5372
ENSG00000186625_unmod,0.4795
ENSG00000186635_unmod,0.1337
ENSG00000186638_unmod,0.3809
ENSG00000186642_unmod,-0.2654
ENSG00000186660_unmod,-0.1263
ENSG00000186665_unmod,0.0673
ENSG00000186666_unmod,-0.0741
ENSG00000186684_unmod,0.7492
ENSG00000186687_unmod,-0.7167
ENSG00000186716_unmod,-0.029
ENSG00000186767_unmod,-0.1208
ENSG00000186792_unmod,0.0441
ENSG00000186806_unmod,0.2407
ENSG00000186812_unmod,0.0111
ENSG00000186814_unmod,0.1296
ENSG00000186815_unmod,0.4057
ENSG00000186834_unmod,-0.0885
ENSG00000186847_unmod,0.3132
ENSG00000186854_unmod,-0.0156
ENSG00000186866_unmod,0.1596
ENSG00000186871_unmod,0.5122
ENSG00000186908_unmod,-0.2916
ENSG00000186951_unmod,-1.0516
ENSG00000187024_unmod,-0.1976
ENSG00000187049_unmod,-0.1937
ENSG00000187051_unmod,-0.1291
ENSG00000187079_unmod,-0.4262
ENSG00000187097_unmod,-0.0343
ENSG00000187098_unmod,-0.6506
ENSG00000187109_unmod,0.1149
ENSG00000187118_unmod,-0.092
ENSG00000187123_unmod,-0.8335
ENSG00000187134_unmod,0.6473
ENSG00000187147_unmod,0.0558
ENSG00000187164_unmod,-0.045
ENSG00000187189_unmod,0.1949
ENSG00000187210_unmod,0.3827
ENSG00000187231_unmod,0.3421
ENSG00000187239_unmod,-0.0176
ENSG00000187240_unmod,-0.2072
ENSG00000187244_unmod,-0.0194
ENSG00000187257_unmod,-0.0109
ENSG00000187391_unmod,0.5058
ENSG00000187398_unmod,0.8587
ENSG00000187446_unmod,-0.0064
ENSG00000187479_unmod,1.0501
ENSG00000187498_unmod,0.2371
ENSG00000187514_unmod,0.0378
ENSG00000187522_unmod,-0.0767
ENSG00000187531_unmod,0.0884
ENSG00000187535_unmod,0.3055
ENSG00000187555_unmod,-0.0526
ENSG00000187583_unmod,0.2173
ENSG00000187605_unmod,0.1084
ENSG00000187607_unmod,0.2863
ENSG00000187608_unmod,0.476
ENSG00000187609_unmod,0.2278
ENSG00000187626_unmod,-0.1114
ENSG00000187634_unmod,0.2352
ENSG00000187676_unmod,0.3142
ENSG00000187678_unmod,0.5341
ENSG00000187713_unmod,-0.3434
ENSG00000187720_unmod,0.2739
ENSG00000187735_unmod,0.668
ENSG00000187741_unmod,0.2008
ENSG00000187742_unmod,-0.1499
ENSG00000187764_unmod,0.7145
ENSG00000187775_unmod,0.5847
ENSG00000187778_unmod,-0.1873
ENSG00000187790_unmod,0.122
ENSG00000187792_unmod,0.3012
ENSG00000187800_unmod,-0.0158
ENSG00000187801_unmod,0.3368
ENSG00000187815_unmod,-0.5909
ENSG00000187840_unmod,0.225
ENSG00000187866_unmod,0.007
ENSG00000187908_unmod,0.6605
ENSG00000187953_unmod,0.0032
ENSG00000187954_unmod,0.1633
ENSG00000187955_unmod,0.145
ENSG00000187957_unmod,0.1382
ENSG00000187961_unmod,-0.172
ENSG00000188002_unmod,0.1351
ENSG00000188010_unmod,0.285
ENSG00000188015_unmod,0.3256
ENSG00000188021_unmod,-0.47
ENSG00000188026_unmod,-0.3089
ENSG00000188033_unmod,-0.1694
ENSG00000188042_unmod,0.5399
ENSG00000188060_unmod,0.4492
ENSG00000188064_unmod,-0.6966
ENSG00000188070_unmod,-0.4895
ENSG00000188092_unmod,-0.2694
ENSG00000188112_unmod,0.0796
ENSG00000188130_unmod,0.0109
ENSG00000188153_unmod,0.503
ENSG00000188157_unmod,0.0012
ENSG00000188158_unmod,0.0449
ENSG00000188167_unmod,-0.1486
ENSG00000188177_unmod,0.104
ENSG00000188185_unmod,0.115
ENSG00000188186_unmod,0.2257
ENSG00000188191_unmod,-0.2052
ENSG00000188211_unmod,-1.203
ENSG00000188215_unmod,-0.0208
ENSG00000188229_unmod,0.2041
ENSG00000188243_unmod,0.2323
ENSG00000188283_unmod,-0.0954
ENSG00000188290_unmod,0.6021
ENSG00000188293_unmod,0.1127
ENSG00000188295_unmod,-0.1123
ENSG00000188312_unmod,0.0842
ENSG00000188313_unmod,0.3163
ENSG00000188315_unmod,0.0985
ENSG00000188321_unmod,0.2019
ENSG00000188342_unmod,-0.0771
ENSG00000188343_unmod,-0.0098
ENSG00000188352_unmod,0.1344
ENSG00000188372_unmod,-0.1268
ENSG00000188419_unmod,-0.294
ENSG00000188428_unmod,0.3671
ENSG00000188483_unmod,-0.196
ENSG00000188486_unmod,0.3424
ENSG00000188493_unmod,-0.1381
ENSG00000188517_unmod,0.0175
ENSG00000188522_unmod,-0.0098
ENSG00000188529_unmod,-0.0919
ENSG00000188549_unmod,-0.053
ENSG00000188554_unmod,0.0911
ENSG00000188559_unmod,0.401
ENSG00000188566_unmod,0.0338
ENSG00000188610_unmod,-0.3777
ENSG00000188612_unmod,-0.4758
ENSG00000188620_unmod,0.0241
ENSG00000188636_unmod,0.1199
ENSG00000188641_unmod,0.4319
ENSG00000188643_unmod,0.1935
ENSG00000188647_unmod,-0.4032
ENSG00000188677_unmod,-0.5742
ENSG00000188690_unmod,0.0917
ENSG00000188706_unmod,-0.3137
ENSG00000188707_unmod,0.0874
ENSG00000188725_unmod,0.0782
ENSG00000188735_unmod,-0.2291
ENSG00000188738_unmod,0.1562
ENSG00000188760_unmod,0.7881
ENSG00000188785_unmod,0.3379
ENSG00000188786_unmod,-0.8008
ENSG00000188807_unmod,-0.2165
ENSG00000188811_unmod,-0.3998
ENSG00000188818_unmod,-0.1325
ENSG00000188827_unmod,0.2821
ENSG00000188846_unmod,-0.1041
ENSG00000188895_unmod,-0.2619
ENSG00000188910_unmod,-0.3723
ENSG00000188917_unmod,0.1694
ENSG00000188921_unmod,0.0173
ENSG00000188938_unmod,0.0183
ENSG00000188976_unmod,-0.2638
ENSG00000188986_unmod,-0.0653
ENSG00000188994_unmod,-0.1172
ENSG00000188997_unmod,0.3593
ENSG00000189007_unmod,-0.3823
ENSG00000189042_unmod,-0.259
ENSG00000189043_unmod,-0.1222
ENSG00000189046_unmod,-0.0089
ENSG00000189050_unmod,-0.35
ENSG00000189057_unmod,0.9252
ENSG00000189060_unmod,0.1975
ENSG00000189067_unmod,-0.0951
ENSG00000189077_unmod,0.0797
ENSG00000189079_unmod,0.0615
ENSG00000189091_unmod,-0.0529
ENSG00000189114_unmod,-0.0144
ENSG00000189143_unmod,-0.0372
ENSG00000189144_unmod,-0.4115
ENSG00000189159_unmod,0.6648
ENSG00000189164_unmod,-0.0039
ENSG00000189180_unmod,0.0891
ENSG00000189190_unmod,-0.3399
ENSG00000189221_unmod,-0.0208
ENSG00000189223_unmod,0.2231
ENSG00000189227_unmod,-0.0535
ENSG00000189229_unmod,0.1578
ENSG00000189266_unmod,0.0232
ENSG00000189306_unmod,-0.0172
ENSG00000189308_unmod,0.3979
ENSG00000189319_unmod,-0.2049
ENSG00000189337_unmod,0.0319
ENSG00000189339_unmod,0.0382
ENSG00000189343_unmod,0.1292
ENSG00000189362_unmod,0.4427
ENSG00000189403_unmod,0.0136
ENSG00000189410_unmod,-0.522
ENSG00000189423_unmod,0.4109
ENSG00000196072_unmod,-0.0522
ENSG00000196074_unmod,0.4426
ENSG00000196083_unmod,-0.5202
ENSG00000196104_unmod,0.3863
ENSG00000196110_unmod,0.3857
ENSG00000196116_unmod,0.1711
ENSG00000196118_unmod,0.4525
ENSG00000196123_unmod,0.1289
ENSG00000196139_unmod,0.487
ENSG00000196141_unmod,0.3455
ENSG00000196150_unmod,0.4196
ENSG00000196151_unmod,-0.0967
ENSG00000196152_unmod,0.1922
ENSG00000196154_unmod,0.1938
ENSG00000196155_unmod,0.0624
ENSG00000196159_unmod,-0.3744
ENSG00000196182_unmod,-0.2822
ENSG00000196187_unmod,0.2282
ENSG00000196196_unmod,-0.0243
ENSG00000196199_unmod,-0.1642
ENSG00000196204_unmod,-0.3103
ENSG00000196205_unmod,0.1762
ENSG00000196214_unmod,-0.0153
ENSG00000196227_unmod,-0.4237
ENSG00000196230_unmod,0.1559
ENSG00000196233_unmod,0.1221
ENSG00000196235_unmod,0.0137
ENSG00000196236_unmod,0.0271
ENSG00000196247_unmod,0.0066
ENSG00000196262_unmod,-0.133
ENSG00000196284_unmod,-0.3776
ENSG00000196290_unmod,-0.3966
ENSG00000196295_unmod,0.052
ENSG00000196305_unmod,-0.0407
ENSG00000196312_unmod,0.254
ENSG00000196313_unmod,-0.6446
ENSG00000196323_unmod,-0.3579
ENSG00000196352_unmod,0.3815
ENSG00000196363_unmod,-0.2732
ENSG00000196365_unmod,0.2436
ENSG00000196367_unmod,0.0053
ENSG00000196369_unmod,0.5275
ENSG00000196371_unmod,-0.6788
ENSG00000196372_unmod,-0.5722
ENSG00000196378_unmod,0.1178
ENSG00000196387_unmod,0.1765
ENSG00000196391_unmod,-0.015
ENSG00000196396_unmod,-0.0149
ENSG00000196405_unmod,0.0235
ENSG00000196411_unmod,0.5309
ENSG00000196417_unmod,-0.1609
ENSG00000196418_unmod,-0.2653
ENSG00000196419_unmod,0.1224
ENSG00000196422_unmod,0.4174
ENSG00000196428_unmod,0.2109
ENSG00000196440_unmod,0.0061
ENSG00000196449_unmod,-0.0475
ENSG00000196453_unmod,-0.4535
ENSG00000196455_unmod,-0.2343
ENSG00000196458_unmod,0.1818
ENSG00000196459_unmod,-0.12
ENSG00000196465_unmod,0.112
ENSG00000196470_unmod,0.116
ENSG00000196498_unmod,0.2123
ENSG00000196502_unmod,-0.3502
ENSG00000196504_unmod,-0.0866
ENSG00000196505_unmod,-0.0602
ENSG00000196507_unmod,0.175
ENSG00000196510_unmod,-0.2642
ENSG00000196517_unmod,0.0385
ENSG00000196526_unmod,0.0458
ENSG00000196531_unmod,-0.1575
ENSG00000196535_unmod,0.2528
ENSG00000196544_unmod,0.0498
ENSG00000196547_unmod,0.0453
ENSG00000196550_unmod,0.0715
ENSG00000196562_unmod,0.1772
ENSG00000196569_unmod,0.6519
ENSG00000196576_unmod,0.1509
ENSG00000196584_unmod,0.1262
ENSG00000196586_unmod,-0.2411
ENSG00000196588_unmod,0.0864
ENSG00000196591_unmod,-0.0778
ENSG00000196597_unmod,-0.0389
ENSG00000196636_unmod,-0.0288
ENSG00000196639_unmod,0.2773
ENSG00000196642_unmod,0.9623
ENSG00000196646_unmod,-0.3505
ENSG00000196652_unmod,0.0994
ENSG00000196655_unmod,-0.2337
ENSG00000196663_unmod,-0.0506
ENSG00000196670_unmod,0.0774
ENSG00000196678_unmod,-0.6367
ENSG00000196683_unmod,0.29
ENSG00000196693_unmod,0.0171
ENSG00000196700_unmod,0.0949
ENSG00000196704_unmod,-0.3182
ENSG00000196705_unmod,-0.0262
ENSG00000196712_unmod,-0.0632
ENSG00000196715_unmod,-0.1676
ENSG00000196730_unmod,-0.2649
ENSG00000196739_unmod,-0.499
ENSG00000196743_unmod,-0.32
ENSG00000196747_unmod,0.6194
ENSG00000196754_unmod,0.2802
ENSG00000196756_unmod,-0.45
ENSG00000196757_unmod,0.2264
ENSG00000196776_unmod,0.3104
ENSG00000196781_unmod,0.048
ENSG00000196782_unmod,-0.0117
ENSG00000196787_unmod,0.5401
ENSG00000196792_unmod,-0.3037
ENSG00000196793_unmod,-0.493
ENSG00000196810_unmod,-0.032
ENSG00000196821_unmod,0.5708
ENSG00000196839_unmod,0.1806
ENSG00000196843_unmod,0.052
ENSG00000196850_unmod,-0.3267
ENSG00000196865_unmod,-0.5602
ENSG00000196878_unmod,0.2562
ENSG00000196911_unmod,0.437
ENSG00000196912_unmod,0.2226
ENSG00000196914_unmod,-0.0845
ENSG00000196922_unmod,-0.1196
ENSG00000196923_unmod,0.1495
ENSG00000196924_unmod,0.0924
ENSG00000196935_unmod,-0.7875
ENSG00000196937_unmod,0.0883
ENSG00000196943_unmod,0.0538
ENSG00000196950_unmod,0.1754
ENSG00000196954_unmod,0.238
ENSG00000196961_unmod,0.4481
ENSG00000196967_unmod,-0.1845
ENSG00000196968_unmod,-0.1141
ENSG00000196975_unmod,0.0696
ENSG00000196976_unmod,0.4012
ENSG00000196981_unmod,0.0441
ENSG00000196998_unmod,0.273
ENSG00000197006_unmod,0.1349
ENSG00000197008_unmod,-0.1757
ENSG00000197019_unmod,0.0865
ENSG00000197021_unmod,0.1187
ENSG00000197024_unmod,-0.0944
ENSG00000197037_unmod,-0.264
ENSG00000197043_unmod,0.572
ENSG00000197044_unmod,-0.3184
ENSG00000197045_unmod,-0.1573
ENSG00000197050_unmod,-0.0768
ENSG00000197056_unmod,0.0642
ENSG00000197061_unmod,0.4121
ENSG00000197062_unmod,0.1081
ENSG00000197063_unmod,0.3247
ENSG00000197070_unmod,0.1621
ENSG00000197077_unmod,-0.6331
ENSG00000197081_unmod,0.4322
ENSG00000197102_unmod,0.0756
ENSG00000197111_unmod,-0.0691
ENSG00000197119_unmod,0.1361
ENSG00000197121_unmod,0.1257
ENSG00000197122_unmod,0.273
ENSG00000197136_unmod,-0.079
ENSG00000197142_unmod,0.2231
ENSG00000197147_unmod,0.7386
ENSG00000197150_unmod,0.1242
ENSG00000197157_unmod,0.0505
ENSG00000197162_unmod,0.0772
ENSG00000197170_unmod,-0.0263
ENSG00000197172_unmod,0.132
ENSG00000197182_unmod,-0.1464
ENSG00000197183_unmod,-0.578
ENSG00000197191_unmod,0.5756
ENSG00000197208_unmod,0.6145
ENSG00000197217_unmod,-0.2695
ENSG00000197223_unmod,-0.1733
ENSG00000197256_unmod,-0.0448
ENSG00000197261_unmod,0.1713
ENSG00000197265_unmod,-0.0033
ENSG00000197275_unmod,0.0704
ENSG00000197279_unmod,0.0681
ENSG00000197283_unmod,-0.2113
ENSG00000197296_unmod,-0.3714
ENSG00000197299_unmod,0.2524
ENSG00000197302_unmod,-0.4016
ENSG00000197312_unmod,0.326
ENSG00000197321_unmod,0.433
ENSG00000197323_unmod,-0.097
ENSG00000197324_unmod,-0.1997
ENSG00000197329_unmod,0.392
ENSG00000197343_unmod,-0.0803
ENSG00000197345_unmod,-0.2141
ENSG00000197355_unmod,-0.0416
ENSG00000197362_unmod,-0.141
ENSG00000197372_unmod,-0.5178
ENSG00000197375_unmod,-0.7544
ENSG00000197381_unmod,-0.2961
ENSG00000197385_unmod,0.0028
ENSG00000197386_unmod,-0.1335
ENSG00000197417_unmod,-0.2347
ENSG00000197429_unmod,-0.0381
ENSG00000197442_unmod,0.4646
ENSG00000197448_unmod,-0.1115
ENSG00000197451_unmod,-0.1396
ENSG00000197457_unmod,0.7474
ENSG00000197461_unmod,-0.1463
ENSG00000197472_unmod,0.224
ENSG00000197483_unmod,0.0656
ENSG00000197498_unmod,-0.4969
ENSG00000197530_unmod,-0.0856
ENSG00000197535_unmod,0.0577
ENSG00000197536_unmod,0.4635
ENSG00000197548_unmod,0.1377
ENSG00000197555_unmod,0.3042
ENSG00000197557_unmod,0.443
ENSG00000197562_unmod,0.0077
ENSG00000197563_unmod,0.0504
ENSG00000197565_unmod,0.4592
ENSG00000197568_unmod,-0.1516
ENSG00000197579_unmod,0.0296
ENSG00000197586_unmod,-0.0121
ENSG00000197594_unmod,0.3171
ENSG00000197601_unmod,-0.601
ENSG00000197603_unmod,0.0795
ENSG00000197608_unmod,0.2379
ENSG00000197614_unmod,-0.2984
ENSG00000197619_unmod,-0.1434
ENSG00000197620_unmod,0.4382
ENSG00000197622_unmod,0.2971
ENSG00000197646_unmod,0.0094
ENSG00000197694_unmod,0.2272
ENSG00000197696_unmod,-0.14
ENSG00000197702_unmod,0.0419
ENSG00000197712_unmod,1.1886
ENSG00000197713_unmod,-0.0984
ENSG00000197714_unmod,-0.4184
ENSG00000197724_unmod,0.3376
ENSG00000197728_unmod,0.151
ENSG00000197746_unmod,0.2112
ENSG00000197747_unmod,0.2009
ENSG00000197756_unmod,0.121
ENSG00000197757_unmod,-0.1117
ENSG00000197771_unmod,-0.0232
ENSG00000197774_unmod,-0.138
ENSG00000197779_unmod,-0.0437
ENSG00000197780_unmod,0.5036
ENSG00000197785_unmod,0.039
ENSG00000197798_unmod,-0.1372
ENSG00000197818_unmod,-0.0389
ENSG00000197837_unmod,0.3556
ENSG00000197841_unmod,0.4642
ENSG00000197857_unmod,0.2421
ENSG00000197858_unmod,0.0956
ENSG00000197879_unmod,0.2015
ENSG00000197885_unmod,0.1363
ENSG00000197892_unmod,0.4646
ENSG00000197894_unmod,-0.2812
ENSG00000197903_unmod,0.3035
ENSG00000197905_unmod,-0.2727
ENSG00000197912_unmod,0.0189
ENSG00000197930_unmod,-0.7228
ENSG00000197933_unmod,0.3797
ENSG00000197943_unmod,0.3234
ENSG00000197948_unmod,0.0791
ENSG00000197956_unmod,0.0131
ENSG00000197958_unmod,-0.0018
ENSG00000197959_unmod,0.0598
ENSG00000197961_unmod,-0.5773
ENSG00000197965_unmod,-0.3527
ENSG00000197969_unmod,-0.2244
ENSG00000197971_unmod,-0.2954
ENSG00000197976_unmod,0.2698
ENSG00000197977_unmod,0.4701
ENSG00000197982_unmod,-0.0368
ENSG00000197989_unmod,-0.1686
ENSG00000198000_unmod,-0.1645
ENSG00000198001_unmod,0.3036
ENSG00000198015_unmod,-0.1809
ENSG00000198018_unmod,0.3922
ENSG00000198026_unmod,0.1449
ENSG00000198034_unmod,-0.0144
ENSG00000198039_unmod,-0.2138
ENSG00000198040_unmod,-0.104
ENSG00000198042_unmod,-0.5111
ENSG00000198053_unmod,0.6454
ENSG00000198055_unmod,0.5157
ENSG00000198056_unmod,0.2361
ENSG00000198060_unmod,0.0156
ENSG00000198081_unmod,-0.0791
ENSG00000198087_unmod,0.1125
ENSG00000198088_unmod,0.5862
ENSG00000198089_unmod,0.1467
ENSG00000198105_unmod,-0.2191
ENSG00000198108_unmod,-0.1093
ENSG00000198113_unmod,0.4409
ENSG00000198121_unmod,0.5824
ENSG00000198130_unmod,-0.0515
ENSG00000198131_unmod,-0.0854
ENSG00000198142_unmod,-0.4581
ENSG00000198146_unmod,-0.1216
ENSG00000198157_unmod,0.2858
ENSG00000198160_unmod,0.008
ENSG00000198162_unmod,0.1236
ENSG00000198176_unmod,0.1712
ENSG00000198182_unmod,0.0058
ENSG00000198189_unmod,0.1814
ENSG00000198198_unmod,-0.077
ENSG00000198205_unmod,-0.1484
ENSG00000198218_unmod,-0.0166
ENSG00000198223_unmod,0.0298
ENSG00000198231_unmod,0.0271
ENSG00000198242_unmod,0.0381
ENSG00000198252_unmod,-0.7395
ENSG00000198258_unmod,-0.1401
ENSG00000198265_unmod,-0.3472
ENSG00000198270_unmod,0.4732
ENSG00000198276_unmod,-0.1219
ENSG00000198286_unmod,0.6658
ENSG00000198301_unmod,-0.3238
ENSG00000198315_unmod,-0.3356
ENSG00000198324_unmod,0.1852
ENSG00000198346_unmod,-0.1862
ENSG00000198355_unmod,-0.2488
ENSG00000198356_unmod,0.0938
ENSG00000198363_unmod,0.3239
ENSG00000198369_unmod,0.0745
ENSG00000198373_unmod,0.0199
ENSG00000198380_unmod,-0.1776
ENSG00000198382_unmod,-0.066
ENSG00000198393_unmod,0.2254
ENSG00000198399_unmod,0.225
ENSG00000198408_unmod,0.2502
ENSG00000198420_unmod,0.5736
ENSG00000198431_unmod,0.2493
ENSG00000198435_unmod,-0.4421
ENSG00000198455_unmod,-0.2614
ENSG00000198464_unmod,-0.704
ENSG00000198466_unmod,-0.1413
ENSG00000198467_unmod,0.2651
ENSG00000198478_unmod,0.2973
ENSG00000198482_unmod,-0.1641
ENSG00000198492_unmod,-0.5039
ENSG00000198496_unmod,0.1059
ENSG00000198498_unmod,-0.2386
ENSG00000198517_unmod,0.2538
ENSG00000198522_unmod,-0.1744
ENSG00000198538_unmod,-0.2868
ENSG00000198546_unmod,0.0974
ENSG00000198551_unmod,-0.1593
ENSG00000198554_unmod,0.6444
ENSG00000198556_unmod,-0.0693
ENSG00000198561_unmod,-0.0013
ENSG00000198576_unmod,-0.377
ENSG00000198585_unmod,-0.3892
ENSG00000198586_unmod,-0.1376
ENSG00000198589_unmod,-0.0518
ENSG00000198598_unmod,-0.0226
ENSG00000198604_unmod,0.5206
ENSG00000198612_unmod,0.4122
ENSG00000198618_unmod,-0.1377
ENSG00000198625_unmod,-0.2925
ENSG00000198626_unmod,0.5048
ENSG00000198642_unmod,-0.1951
ENSG00000198646_unmod,-0.1851
ENSG00000198648_unmod,0.0771
ENSG00000198663_unmod,0.2684
ENSG00000198668_unmod,0.5584
ENSG00000198673_unmod,-0.2899
ENSG00000198677_unmod,0.0381
ENSG00000198680_unmod,-0.1581
ENSG00000198681_unmod,0.2856
ENSG00000198682_unmod,0.4143
ENSG00000198689_unmod,-0.0133
ENSG00000198690_unmod,0.5277
ENSG00000198695_unmod,-0.6174
ENSG00000198700_unmod,0.1283
ENSG00000198707_unmod,0.9061
ENSG00000198712_unmod,-0.2572
ENSG00000198715_unmod,-0.0697
ENSG00000198718_unmod,-0.3706
ENSG00000198720_unmod,-0.1564
ENSG00000198721_unmod,0.0776
ENSG00000198722_unmod,0.0623
ENSG00000198727_unmod,-0.253
ENSG00000198728_unmod,-0.3126
ENSG00000198730_unmod,-0.0398
ENSG00000198732_unmod,0.8268
ENSG00000198736_unmod,0.1643
ENSG00000198740_unmod,0.2207
ENSG00000198742_unmod,0.1803
ENSG00000198743_unmod,-0.0449
ENSG00000198746_unmod,0.1809
ENSG00000198752_unmod,0.2185
ENSG00000198753_unmod,0.3213
ENSG00000198755_unmod,-0.0757
ENSG00000198763_unmod,-0.4154
ENSG00000198774_unmod,-0.0313
ENSG00000198780_unmod,0.2201
ENSG00000198783_unmod,0.131
ENSG00000198786_unmod,-0.2226
ENSG00000198791_unmod,-0.0974
ENSG00000198792_unmod,0.2733
ENSG00000198793_unmod,0.0064
ENSG00000198796_unmod,-0.0367
ENSG00000198799_unmod,-0.2262
ENSG00000198804_unmod,-0.0536
ENSG00000198805_unmod,0.3812
ENSG00000198807_unmod,-0.4974
ENSG00000198814_unmod,0.2913
ENSG00000198815_unmod,-0.2517
ENSG00000198816_unmod,-0.0842
ENSG00000198818_unmod,-0.3338
ENSG00000198824_unmod,-0.1617
ENSG00000198825_unmod,-0.0058
ENSG00000198826_unmod,0.0737
ENSG00000198830_unmod,0.3094
ENSG00000198832_unmod,0.2309
ENSG00000198833_unmod,0.0006
ENSG00000198836_unmod,-0.023
ENSG00000198837_unmod,-0.4764
ENSG00000198838_unmod,0.4964
ENSG00000198839_unmod,0.0607
ENSG00000198840_unmod,0.1283
ENSG00000198841_unmod,-0.5577
ENSG00000198843_unmod,-1.1736
ENSG00000198846_unmod,-0.123
ENSG00000198853_unmod,-0.2184
ENSG00000198855_unmod,0.3152
ENSG00000198856_unmod,0.2628
ENSG00000198858_unmod,-0.1964
ENSG00000198860_unmod,-0.002
ENSG00000198862_unmod,-0.9098
ENSG00000198863_unmod,-0.0429
ENSG00000198865_unmod,0.1078
ENSG00000198873_unmod,0.177
ENSG00000198874_unmod,-0.0328
ENSG00000198876_unmod,-0.0997
ENSG00000198879_unmod,-0.1574
ENSG00000198886_unmod,-0.3201
ENSG00000198887_unmod,0.0834
ENSG00000198888_unmod,-0.2011
ENSG00000198890_unmod,-0.1708
ENSG00000198892_unmod,-0.2903
ENSG00000198894_unmod,0.1271
ENSG00000198898_unmod,-0.0025
ENSG00000198899_unmod,-0.2905
ENSG00000198900_unmod,-0.0419
ENSG00000198909_unmod,0.4382
ENSG00000198910_unmod,0.1683
ENSG00000198911_unmod,-0.1705
ENSG00000198912_unmod,0.0249
ENSG00000198918_unmod,0.046
ENSG00000198919_unmod,0.0725
ENSG00000198920_unmod,0.2604
ENSG00000198924_unmod,0.4038
ENSG00000198925_unmod,-0.0377
ENSG00000198931_unmod,-0.067
ENSG00000198933_unmod,-0.6757
ENSG00000198937_unmod,0.1277
ENSG00000198938_unmod,-0.2307
ENSG00000198945_unmod,-0.2095
ENSG00000198947_unmod,-0.2403
ENSG00000198948_unmod,-0.1232
ENSG00000198951_unmod,0.1919
ENSG00000198952_unmod,-0.1467
ENSG00000198954_unmod,-1.1127
ENSG00000198959_unmod,0.5223
ENSG00000198960_unmod,0.0158
ENSG00000198961_unmod,0.2142
ENSG00000198964_unmod,-0.1693
ENSG00000199377_unmod,0.6146
ENSG00000199568_unmod,0.1905
ENSG00000200087_unmod,-0.2062
ENSG00000200795_unmod,-0.3958
ENSG00000200913_unmod,-0.0916
ENSG00000200997_unmod,1.3766
ENSG00000201098_unmod,0.1122
ENSG00000201512_unmod,0.0462
ENSG00000201558_unmod,0.5103
ENSG00000201801_unmod,0.4191
ENSG00000201998_unmod,-0.6235
ENSG00000202538_unmod,-0.5327
ENSG00000203326_unmod,-0.1279
ENSG00000203485_unmod,0.0283
ENSG00000203644_unmod,-0.412
ENSG00000203666_unmod,0.5478
ENSG00000203667_unmod,0.1334
ENSG00000203668_unmod,0.0681
ENSG00000203705_unmod,-0.0424
ENSG00000203709_unmod,0.2692
ENSG00000203722_unmod,0.5262
ENSG00000203760_unmod,0.4902
ENSG00000203761_unmod,0.5002
ENSG00000203791_unmod,0.1506
ENSG00000203804_unmod,0.4349
ENSG00000203814_unmod,0.2492
ENSG00000203875_unmod,-0.4479
ENSG00000203879_unmod,-0.1011
ENSG00000203880_unmod,0.0478
ENSG00000203950_unmod,-0.1253
ENSG00000203965_unmod,0.4515
ENSG00000203993_unmod,-0.0674
ENSG00000203995_unmod,-0.0946
ENSG00000203999_unmod,0.1486
ENSG00000204019_unmod,0.4437
ENSG00000204054_unmod,0.512
ENSG00000204070_unmod,-0.0739
ENSG00000204084_unmod,0.1407
ENSG00000204103_unmod,-0.2598
ENSG00000204104_unmod,0.4699
ENSG00000204116_unmod,-0.8593
ENSG00000204120_unmod,0.1941
ENSG00000204130_unmod,-0.8099
ENSG00000204138_unmod,0.4163
ENSG00000204147_unmod,-0.3314
ENSG00000204160_unmod,0.2507
ENSG00000204177_unmod,0.0704
ENSG00000204178_unmod,-0.0221
ENSG00000204186_unmod,0.9758
ENSG00000204209_unmod,0.4303
ENSG00000204217_unmod,-1.2513
ENSG00000204220_unmod,0.0901
ENSG00000204227_unmod,0.279
ENSG00000204231_unmod,-0.0484
ENSG00000204237_unmod,0.0612
ENSG00000204256_unmod,0.0325
ENSG00000204262_unmod,0.5168
ENSG00000204264_unmod,0.2196
ENSG00000204271_unmod,-0.36
ENSG00000204272_unmod,-0.3877
ENSG00000204291_unmod,0.4846
ENSG00000204304_unmod,0.0592
ENSG00000204308_unmod,0.1302
ENSG00000204310_unmod,0.1835
ENSG00000204344_unmod,0.6217
ENSG00000204348_unmod,0.0181
ENSG00000204351_unmod,0.0272
ENSG00000204356_unmod,0.2565
ENSG00000204370_unmod,-0.3502
ENSG00000204371_unmod,-0.1472
ENSG00000204386_unmod,-0.2636
ENSG00000204392_unmod,-0.243
ENSG00000204394_unmod,-0.1149
ENSG00000204406_unmod,0.0297
ENSG00000204438_unmod,0.5424
ENSG00000204463_unmod,0.1685
ENSG00000204469_unmod,-0.0675
ENSG00000204498_unmod,0.0501
ENSG00000204516_unmod,0.4448
ENSG00000204520_unmod,0.0569
ENSG00000204524_unmod,-0.4142
ENSG00000204536_unmod,1.0021
ENSG00000204560_unmod,-0.1638
ENSG00000204564_unmod,-0.3671
ENSG00000204568_unmod,0.1258
ENSG00000204569_unmod,-0.0639
ENSG00000204574_unmod,-0.0297
ENSG00000204576_unmod,-0.3988
ENSG00000204580_unmod,0.7394
ENSG00000204590_unmod,0.4547
ENSG00000204592_unmod,0.5079
ENSG00000204604_unmod,-0.3817
ENSG00000204611_unmod,-0.2347
ENSG00000204628_unmod,-0.1275
ENSG00000204634_unmod,0.1501
ENSG00000204642_unmod,0.434
ENSG00000204673_unmod,-0.0236
ENSG00000204713_unmod,-0.943
ENSG00000204758_unmod,0.165
ENSG00000204764_unmod,-0.0352
ENSG00000204767_unmod,0.0655
ENSG00000204842_unmod,-0.0981
ENSG00000204843_unmod,-0.0143
ENSG00000204852_unmod,0.153
ENSG00000204856_unmod,-0.31
ENSG00000204859_unmod,-0.1366
ENSG00000204860_unmod,0.0377
ENSG00000204899_unmod,-0.0221
ENSG00000204920_unmod,-0.1814
ENSG00000204922_unmod,-0.0848
ENSG00000204946_unmod,-0.6361
ENSG00000204954_unmod,-0.7741
ENSG00000204977_unmod,-0.3594
ENSG00000204991_unmod,0.3486
ENSG00000205060_unmod,-0.0046
ENSG00000205084_unmod,-0.6937
ENSG00000205133_unmod,0.2188
ENSG00000205155_unmod,0.4977
ENSG00000205189_unmod,-0.147
ENSG00000205208_unmod,0.281
ENSG00000205213_unmod,-0.1914
ENSG00000205250_unmod,-0.3267
ENSG00000205268_unmod,-0.0411
ENSG00000205269_unmod,0.1173
ENSG00000205277_unmod,0.4096
ENSG00000205302_unmod,0.0651
ENSG00000205336_unmod,0.5211
ENSG00000205339_unmod,0.0545
ENSG00000205352_unmod,-0.0874
ENSG00000205356_unmod,0.1871
ENSG00000205413_unmod,0.2412
ENSG00000205423_unmod,-0.4673
ENSG00000205476_unmod,-0.1779
ENSG00000205517_unmod,-0.1349
ENSG00000205531_unmod,0.232
ENSG00000205542_unmod,0.1775
ENSG00000205571_unmod,-0.291
ENSG00000205581_unmod,-0.6809
ENSG00000205592_unmod,0.0098
ENSG00000205629_unmod,0.1573
ENSG00000205643_unmod,0.2274
ENSG00000205659_unmod,0.1218
ENSG00000205726_unmod,-0.1401
ENSG00000205758_unmod,0.3522
ENSG00000205763_unmod,0.7633
ENSG00000205765_unmod,-0.4591
ENSG00000205808_unmod,-1.0749
ENSG00000205885_unmod,0.1022
ENSG00000205903_unmod,-0.198
ENSG00000205937_unmod,-0.2084
ENSG00000205978_unmod,0.2448
ENSG00000205981_unmod,-0.0042
ENSG00000206053_unmod,0.0273
ENSG00000206075_unmod,0.2465
ENSG00000206120_unmod,0.2682
ENSG00000206149_unmod,-0.0617
ENSG00000206195_unmod,-0.2941
ENSG00000206418_unmod,0.34
ENSG00000206503_unmod,0.2428
ENSG00000206527_unmod,-0.1376
ENSG00000206530_unmod,0.0331
ENSG00000206538_unmod,0.322
ENSG00000206560_unmod,0.1227
ENSG00000206562_unmod,-0.1426
ENSG00000206573_unmod,-0.0971
ENSG00000206585_unmod,0.1093
ENSG00000206634_unmod,0.2204
ENSG00000206828_unmod,0.6956
ENSG00000207181_unmod,-0.5455
ENSG00000207205_unmod,0.593
ENSG00000207344_unmod,0.1597
ENSG00000207445_unmod,0.6589
ENSG00000210082_unmod,-0.2341
ENSG00000210112_unmod,-0.2829
ENSG00000210117_unmod,0.299
ENSG00000210127_unmod,-0.9619
ENSG00000210144_unmod,-0.1699
ENSG00000210151_unmod,0.045
ENSG00000210194_unmod,-0.6777
ENSG00000210195_unmod,-0.2791
ENSG00000210196_unmod,-0.2206
ENSG00000211445_unmod,0.3353
ENSG00000211448_unmod,-0.0777
ENSG00000211450_unmod,0.3697
ENSG00000211455_unmod,0.9126
ENSG00000211456_unmod,0.0742
ENSG00000211459_unmod,-0.0269
ENSG00000211460_unmod,-0.111
ENSG00000211584_unmod,-0.1414
ENSG00000212195_unmod,0.9083
ENSG00000212402_unmod,-0.5536
ENSG00000212443_unmod,-0.4583
ENSG00000212464_unmod,0.2986
ENSG00000212719_unmod,-0.0932
ENSG00000212747_unmod,0.052
ENSG00000212907_unmod,-0.1334
ENSG00000212978_unmod,0.4959
ENSG00000213015_unmod,0.0752
ENSG00000213020_unmod,-0.1107
ENSG00000213024_unmod,-0.0355
ENSG00000213025_unmod,0.6429
ENSG00000213047_unmod,0.557
ENSG00000213064_unmod,-0.3335
ENSG00000213066_unmod,0.5483
ENSG00000213079_unmod,-0.1519
ENSG00000213096_unmod,-0.1281
ENSG00000213160_unmod,0.4565
ENSG00000213185_unmod,-0.2757
ENSG00000213186_unmod,0.1669
ENSG00000213190_unmod,0.1238
ENSG00000213281_unmod,-0.4606
ENSG00000213339_unmod,-0.0523
ENSG00000213341_unmod,0.3701
ENSG00000213347_unmod,1.1152
ENSG00000213380_unmod,-0.2277
ENSG00000213390_unmod,-0.0788
ENSG00000213398_unmod,0.0539
ENSG00000213442_unmod,-0.1412
ENSG00000213445_unmod,0.5416
ENSG00000213463_unmod,-0.2829
ENSG00000213465_unmod,-0.202
ENSG00000213468_unmod,-0.1419
ENSG00000213516_unmod,-0.3715
ENSG00000213523_unmod,0.0183
ENSG00000213551_unmod,0.4242
ENSG00000213563_unmod,0.0587
ENSG00000213585_unmod,-0.052
ENSG00000213593_unmod,-0.4641
ENSG00000213614_unmod,0.1298
ENSG00000213619_unmod,-0.1311
ENSG00000213625_unmod,0.0298
ENSG00000213626_unmod,-0.3727
ENSG00000213639_unmod,-0.1442
ENSG00000213676_unmod,-0.1483
ENSG00000213694_unmod,-0.028
ENSG00000213699_unmod,0.0626
ENSG00000213719_unmod,0.2917
ENSG00000213722_unmod,0.906
ENSG00000213741_unmod,-0.1064
ENSG00000213753_unmod,0.2646
ENSG00000213762_unmod,-0.0797
ENSG00000213793_unmod,-0.2505
ENSG00000213799_unmod,-0.2434
ENSG00000213853_unmod,0.356
ENSG00000213859_unmod,0.2659
ENSG00000213918_unmod,0.398
ENSG00000213923_unmod,0.0302
ENSG00000213930_unmod,0.3543
ENSG00000213949_unmod,0.073
ENSG00000213965_unmod,-0.7344
ENSG00000213983_unmod,-0.3135
ENSG00000213995_unmod,0.0524
ENSG00000214013_unmod,0.2058
ENSG00000214021_unmod,0.2074
ENSG00000214022_unmod,-0.2701
ENSG00000214029_unmod,-0.0827
ENSG00000214046_unmod,-0.1196
ENSG00000214063_unmod,0.0001
ENSG00000214078_unmod,-0.0909
ENSG00000214087_unmod,-0.0698
ENSG00000214113_unmod,-0.1536
ENSG00000214114_unmod,0.033
ENSG00000214135_unmod,0.0664
ENSG00000214160_unmod,-0.3749
ENSG00000214174_unmod,-0.3646
ENSG00000214176_unmod,0.0406
ENSG00000214193_unmod,0.3673
ENSG00000214194_unmod,-0.3164
ENSG00000214253_unmod,0.3768
ENSG00000214293_unmod,-0.0481
ENSG00000214331_unmod,0.5389
ENSG00000214357_unmod,0.8903
ENSG00000214367_unmod,0.1192
ENSG00000214413_unmod,0.0407
ENSG00000214510_unmod,0.0921
ENSG00000214517_unmod,-0.0401
ENSG00000214530_unmod,0.3819
ENSG00000214548_unmod,0.0942
ENSG00000214595_unmod,0.5312
ENSG00000214654_unmod,0.0184
ENSG00000214655_unmod,0.205
ENSG00000214706_unmod,-0.0268
ENSG00000214717_unmod,0.1286
ENSG00000214753_unmod,-0.199
ENSG00000214756_unmod,-0.6789
ENSG00000214765_unmod,0.1153
ENSG00000214776_unmod,0.6834
ENSG00000214826_unmod,0.6749
ENSG00000214941_unmod,0.0441
ENSG00000214944_unmod,-0.3358
ENSG00000215012_unmod,-0.4686
ENSG00000215021_unmod,-0.2595
ENSG00000215030_unmod,0.3613
ENSG00000215041_unmod,-0.2085
ENSG00000215068_unmod,0.314
ENSG00000215114_unmod,-0.1523
ENSG00000215126_unmod,0.1036
ENSG00000215154_unmod,-0.299
ENSG00000215158_unmod,0.2933
ENSG00000215190_unmod,-0.1069
ENSG00000215193_unmod,0.3097
ENSG00000215218_unmod,-0.5722
ENSG00000215251_unmod,-0.3029
ENSG00000215252_unmod,-0.0488
ENSG00000215271_unmod,-0.0073
ENSG00000215301_unmod,0.1112
ENSG00000215305_unmod,0.2378
ENSG00000215386_unmod,0.2678
ENSG00000215417_unmod,-0.0354
ENSG00000215421_unmod,0.0524
ENSG00000215424_unmod,-0.1086
ENSG00000215440_unmod,-0.1909
ENSG00000215712_unmod,0.1021
ENSG00000215717_unmod,-0.2652
ENSG00000215788_unmod,0.6155
ENSG00000215790_unmod,0.2188
ENSG00000215808_unmod,-0.1889
ENSG00000215883_unmod,-0.4709
ENSG00000215908_unmod,-0.0888
ENSG00000216937_unmod,0.2063
ENSG00000217128_unmod,0.2856
ENSG00000217801_unmod,0.3506
ENSG00000218283_unmod,0.2634
ENSG00000218739_unmod,-0.0212
ENSG00000218891_unmod,0.0637
ENSG00000219481_unmod,-0.0694
ENSG00000219545_unmod,-0.576
ENSG00000220205_unmod,-0.0778
ENSG00000220323_unmod,-0.1775
ENSG00000220785_unmod,0.4432
ENSG00000220804_unmod,-0.0088
ENSG00000221823_unmod,0.0093
ENSG00000221829_unmod,0.4979
ENSG00000221838_unmod,0.6929
ENSG00000221867_unmod,0.0121
ENSG00000221869_unmod,0.2118
ENSG00000221886_unmod,0.4451
ENSG00000221909_unmod,-0.1578
ENSG00000221914_unmod,-0.2101
ENSG00000221926_unmod,-0.2443
ENSG00000221944_unmod,-0.2559
ENSG00000221955_unmod,-0.0246
ENSG00000221963_unmod,0.2255
ENSG00000221968_unmod,-0.5185
ENSG00000221978_unmod,0.1948
ENSG00000221983_unmod,0.0498
ENSG00000222009_unmod,0.4056
ENSG00000222011_unmod,-0.0556
ENSG00000222041_unmod,-0.2362
ENSG00000222724_unmod,1.3784
ENSG00000223361_unmod,0.2362
ENSG00000223396_unmod,0.4375
ENSG00000223482_unmod,-0.0237
ENSG00000223496_unmod,0.018
ENSG00000223501_unmod,-0.0295
ENSG00000223546_unmod,-0.2192
ENSG00000223705_unmod,0.1776
ENSG00000223768_unmod,0.2621
ENSG00000223784_unmod,-0.5059
ENSG00000223959_unmod,-0.0208
ENSG00000223960_unmod,0.1045
ENSG00000224020_unmod,0.1358
ENSG00000224032_unmod,-0.4432
ENSG00000224051_unmod,0.2308
ENSG00000224078_unmod,-0.1331
ENSG00000224259_unmod,0.0172
ENSG00000224271_unmod,0.0427
ENSG00000224411_unmod,-0.0049
ENSG00000224470_unmod,-0.5212
ENSG00000224531_unmod,-0.3009
ENSG00000224546_unmod,-0.5984
ENSG00000224597_unmod,0.3227
ENSG00000224660_unmod,-0.0161
ENSG00000224699_unmod,0.0503
ENSG00000224870_unmod,0.1429
ENSG00000224877_unmod,0.1178
ENSG00000224897_unmod,0.156
ENSG00000225091_unmod,-0.1029
ENSG00000225138_unmod,0.4019
ENSG00000225190_unmod,-0.1725
ENSG00000225206_unmod,0.5075
ENSG00000225313_unmod,0.0326
ENSG00000225345_unmod,-0.5288
ENSG00000225470_unmod,0.0573
ENSG00000225484_unmod,-0.2992
ENSG00000225614_unmod,-0.0352
ENSG00000225630_unmod,-1.1323
ENSG00000225648_unmod,-0.6811
ENSG00000225663_unmod,-0.0552
ENSG00000225697_unmod,0.1835
ENSG00000225733_unmod,0.2894
ENSG00000225828_unmod,0.2362
ENSG00000225830_unmod,0.0102
ENSG00000225921_unmod,0.335
ENSG00000225973_unmod,0.4134
ENSG00000226067_unmod,0.5284
ENSG00000226137_unmod,0.3405
ENSG00000226210_unmod,-0.1609
ENSG00000226278_unmod,0.3509
ENSG00000226328_unmod,0.4527
ENSG00000226479_unmod,-0.2583
ENSG00000226562_unmod,-0.8728
ENSG00000226564_unmod,-0.382
ENSG00000226688_unmod,-0.0718
ENSG00000226742_unmod,0.0928
ENSG00000226752_unmod,-0.1401
ENSG00000226950_unmod,-0.344
ENSG00000227036_unmod,0.3059
ENSG00000227057_unmod,-0.0511
ENSG00000227063_unmod,0.9868
ENSG00000227124_unmod,-0.3375
ENSG00000227189_unmod,-0.1353
ENSG00000227292_unmod,0.2311
ENSG00000227345_unmod,-0.0954
ENSG00000227372_unmod,-0.3431
ENSG00000227467_unmod,0.0722
ENSG00000227500_unmod,-0.0346
ENSG00000227671_unmod,0.1428
ENSG00000228192_unmod,-0.6945
ENSG00000228223_unmod,0.0375
ENSG00000228253_unmod,-0.559
ENSG00000228300_unmod,0.1084
ENSG00000228315_unmod,0.1712
ENSG00000228327_unmod,-0.1453
ENSG00000228340_unmod,-0.543
ENSG00000228409_unmod,0.2089
ENSG00000228474_unmod,-0.1971
ENSG00000228506_unmod,-0.0505
ENSG00000228526_unmod,-0.0572
ENSG00000228544_unmod,-0.0014
ENSG00000228594_unmod,-0.0316
ENSG00000228649_unmod,-0.3078
ENSG00000228716_unmod,0.5938
ENSG00000228782_unmod,-0.0848
ENSG00000229043_unmod,0.2937
ENSG00000229117_unmod,0.4802
ENSG00000229152_unmod,0.05
ENSG00000229180_unmod,0.0526
ENSG00000229267_unmod,0.316
ENSG00000229419_unmod,0.0213
ENSG00000229425_unmod,-0.0992
ENSG00000229619_unmod,-0.099
ENSG00000229677_unmod,0.1045
ENSG00000229953_unmod,0.0381
ENSG00000229989_unmod,0.1401
ENSG00000230076_unmod,-0.5974
ENSG00000230082_unmod,0.0929
ENSG00000230124_unmod,0.0746
ENSG00000230202_unmod,-0.0026
ENSG00000230234_unmod,0.1129
ENSG00000230453_unmod,-0.3735
ENSG00000230551_unmod,0.0563
ENSG00000230590_unmod,0.0177
ENSG00000230615_unmod,0.6966
ENSG00000230715_unmod,0.0322
ENSG00000230989_unmod,0.0464
ENSG00000231074_unmod,-0.4971
ENSG00000231290_unmod,0.6264
ENSG00000231365_unmod,0.0873
ENSG00000231412_unmod,-0.6241
ENSG00000231500_unmod,0.0842
ENSG00000231503_unmod,-0.4527
ENSG00000231607_unmod,0.4568
ENSG00000231721_unmod,-0.135
ENSG00000231925_unmod,0.2416
ENSG00000232082_unmod,0.0939
ENSG00000232098_unmod,-0.5716
ENSG00000232112_unmod,-0.0117
ENSG00000232119_unmod,0.2616
ENSG00000232388_unmod,-0.5783
ENSG00000232434_unmod,0.376
ENSG00000232445_unmod,-0.451
ENSG00000232533_unmod,0.3561
ENSG00000232593_unmod,-0.1964
ENSG00000232774_unmod,0.4534
ENSG00000232956_unmod,-0.1096
ENSG00000233006_unmod,0.3253
ENSG00000233016_unmod,-0.05
ENSG00000233098_unmod,0.3762
ENSG00000233184_unmod,-0.1862
ENSG00000233237_unmod,0.0094
ENSG00000233276_unmod,0.1485
ENSG00000233369_unmod,0.1782
ENSG00000233461_unmod,-0.1506
ENSG00000233608_unmod,0.3395
ENSG00000233621_unmod,0.6396
ENSG00000233818_unmod,0.4965
ENSG00000233822_unmod,0.3728
ENSG00000233913_unmod,-0.0136
ENSG00000233927_unmod,0.1436
ENSG00000233954_unmod,-0.1807
ENSG00000234009_unmod,-0.5276
ENSG00000234127_unmod,0.484
ENSG00000234160_unmod,-0.2053
ENSG00000234171_unmod,-0.1529
ENSG00000234373_unmod,-0.8542
ENSG00000234420_unmod,-0.0376
ENSG00000234444_unmod,0.2986
ENSG00000234545_unmod,0.0998
ENSG00000234602_unmod,-0.2603
ENSG00000234608_unmod,-0.196
ENSG00000234616_unmod,-0.2002
ENSG00000234665_unmod,0.4995
ENSG00000234678_unmod,0.3698
ENSG00000234741_unmod,-0.2347
ENSG00000234745_unmod,0.2127
ENSG00000234771_unmod,-0.6776
ENSG00000234840_unmod,0.494
ENSG00000234851_unmod,0.0601
ENSG00000234912_unmod,-0.6596
ENSG00000235106_unmod,-0.2448
ENSG00000235109_unmod,0.035
ENSG00000235162_unmod,-0.1742
ENSG00000235173_unmod,-0.4575
ENSG00000235194_unmod,0.4073
ENSG00000235244_unmod,-0.5747
ENSG00000235408_unmod,-0.9312
ENSG00000235437_unmod,-0.3184
ENSG00000235499_unmod,0.1276
ENSG00000235531_unmod,0.1795
ENSG00000235590_unmod,0.0102
ENSG00000235636_unmod,0.2937
ENSG00000235655_unmod,-0.0512
ENSG00000235703_unmod,-0.0499
ENSG00000235750_unmod,0.5488
ENSG00000235823_unmod,-0.3312
ENSG00000236088_unmod,-0.2782
ENSG00000236144_unmod,-0.6101
ENSG00000236287_unmod,-0.171
ENSG00000236753_unmod,-0.0597
ENSG00000236824_unmod,0.2206
ENSG00000236901_unmod,0.0222
ENSG00000237004_unmod,0.4007
ENSG00000237172_unmod,0.4794
ENSG00000237187_unmod,0.1016
ENSG00000237190_unmod,0.0094
ENSG00000237298_unmod,0.0987
ENSG00000237424_unmod,0.5237
ENSG00000237441_unmod,0.2182
ENSG00000237649_unmod,0.7246
ENSG00000237686_unmod,0.5686
ENSG00000237765_unmod,-0.0102
ENSG00000237973_unmod,-0.4683
ENSG00000238058_unmod,0.1745
ENSG00000238105_unmod,0.1853
ENSG00000238113_unmod,0.0473
ENSG00000238227_unmod,-0.152
ENSG00000238266_unmod,-0.4113
ENSG00000238741_unmod,0.3174
ENSG00000238961_unmod,0.7606
ENSG00000239039_unmod,0.4582
ENSG00000239305_unmod,-0.73
ENSG00000239306_unmod,-0.2506
ENSG00000239407_unmod,0.0915
ENSG00000239653_unmod,0.2126
ENSG00000239672_unmod,-0.1761
ENSG00000239789_unmod,-0.0253
ENSG00000239883_unmod,-0.1828
ENSG00000239900_unmod,-0.3526
ENSG00000240230_unmod,-0.0166
ENSG00000240342_unmod,0.4974
ENSG00000240344_unmod,-0.0226
ENSG00000240498_unmod,0.3481
ENSG00000240583_unmod,0.5916
ENSG00000240682_unmod,0.0081
ENSG00000240694_unmod,0.1125
ENSG00000240771_unmod,0.25
ENSG00000240849_unmod,0.0128
ENSG00000240891_unmod,-0.3707
ENSG00000241058_unmod,0.1534
ENSG00000241127_unmod,-0.2104
ENSG00000241258_unmod,-0.2036
ENSG00000241288_unmod,0.2537
ENSG00000241322_unmod,0.3313
ENSG00000241343_unmod,-0.4259
ENSG00000241399_unmod,-0.3868
ENSG00000241468_unmod,-1.0896
ENSG00000241553_unmod,-0.0615
ENSG00000241685_unmod,-0.2293
ENSG00000241837_unmod,0.1184
ENSG00000241839_unmod,0.067
ENSG00000241852_unmod,-0.2004
ENSG00000241878_unmod,-0.3122
ENSG00000241945_unmod,0.0435
ENSG00000241973_unmod,0.178
ENSG00000242028_unmod,-0.5089
ENSG00000242247_unmod,0.6883
ENSG00000242259_unmod,0.2441
ENSG00000242265_unmod,-0.2808
ENSG00000242294_unmod,-0.0915
ENSG00000242372_unmod,-0.0388
ENSG00000242485_unmod,-0.2781
ENSG00000242498_unmod,-0.1215
ENSG00000242516_unmod,0.2813
ENSG00000242588_unmod,-0.2722
ENSG00000242612_unmod,-0.2219
ENSG00000242802_unmod,0.1744
ENSG00000243147_unmod,-0.1127
ENSG00000243156_unmod,0.0046
ENSG00000243232_unmod,0.3703
ENSG00000243279_unmod,0.0153
ENSG00000243302_unmod,-0.0053
ENSG00000243317_unmod,0.0367
ENSG00000243335_unmod,0.1584
ENSG00000243364_unmod,0.2094
ENSG00000243449_unmod,0.156
ENSG00000243477_unmod,0.0481
ENSG00000243679_unmod,0.3359
ENSG00000243927_unmod,-0.2262
ENSG00000243943_unmod,-0.2013
ENSG00000243970_unmod,-0.3114
ENSG00000244005_unmod,-0.3454
ENSG00000244026_unmod,-0.0376
ENSG00000244038_unmod,0.1429
ENSG00000244045_unmod,0.2137
ENSG00000244300_unmod,0.0969
ENSG00000244405_unmod,0.0821
ENSG00000244462_unmod,-0.274
ENSG00000244687_unmod,0.1399
ENSG00000244754_unmod,-0.0813
ENSG00000244879_unmod,-0.142
ENSG00000245532_unmod,-0.7073
ENSG00000245680_unmod,0.0025
ENSG00000245694_unmod,0.4921
ENSG00000245750_unmod,0.5443
ENSG00000245910_unmod,0.286
ENSG00000245937_unmod,-0.2839
ENSG00000245958_unmod,0.1402
ENSG00000246067_unmod,0.1489
ENSG00000246082_unmod,-0.7439
ENSG00000246273_unmod,0.3091
ENSG00000246334_unmod,-0.6458
ENSG00000246582_unmod,-0.3778
ENSG00000246695_unmod,0.5037
ENSG00000246705_unmod,0.4239
ENSG00000246922_unmod,-0.0042
ENSG00000247077_unmod,-0.3145
ENSG00000247092_unmod,-0.0388
ENSG00000247137_unmod,-0.0792
ENSG00000247315_unmod,-0.0667
ENSG00000247498_unmod,0.0501
ENSG00000247516_unmod,0.0222
ENSG00000247556_unmod,0.7496
ENSG00000247572_unmod,-0.0066
ENSG00000247596_unmod,0.3663
ENSG00000247626_unmod,-0.8974
ENSG00000247828_unmod,-0.0161
ENSG00000248008_unmod,0.3804
ENSG00000248049_unmod,0.2459
ENSG00000248092_unmod,0.243
ENSG00000248109_unmod,0.3608
ENSG00000248333_unmod,0.3167
ENSG00000248458_unmod,0.7136
ENSG00000248487_unmod,-0.3164
ENSG00000248527_unmod,0.2116
ENSG00000248874_unmod,0.0293
ENSG00000248905_unmod,0.1759
ENSG00000249115_unmod,0.1375
ENSG00000249306_unmod,0.4996
ENSG00000249353_unmod,-0.2321
ENSG00000249459_unmod,0.4252
ENSG00000249471_unmod,0.2037
ENSG00000249592_unmod,0.2667
ENSG00000249669_unmod,0.1871
ENSG00000249673_unmod,-0.0149
ENSG00000249740_unmod,0.7014
ENSG00000249859_unmod,-0.3215
ENSG00000249915_unmod,-0.1399
ENSG00000249992_unmod,0.2339
ENSG00000250251_unmod,0.3816
ENSG00000250312_unmod,1.0536
ENSG00000250317_unmod,0.153
ENSG00000250320_unmod,0.051
ENSG00000250337_unmod,0.0131
ENSG00000250462_unmod,0.2423
ENSG00000250479_unmod,0.2456
ENSG00000250539_unmod,0.4464
ENSG00000250565_unmod,0.4488
ENSG00000250571_unmod,0.319
ENSG00000250899_unmod,-0.5291
ENSG00000250920_unmod,0.1683
ENSG00000251003_unmod,0.1935
ENSG00000251022_unmod,-0.0699
ENSG00000251136_unmod,0.0083
ENSG00000251192_unmod,0.2271
ENSG00000251369_unmod,-0.1005
ENSG00000251381_unmod,-0.3679
ENSG00000251474_unmod,-0.1847
ENSG00000251493_unmod,0.8198
ENSG00000251537_unmod,0.5492
ENSG00000251562_unmod,0.1004
ENSG00000252481_unmod,0.1445
ENSG00000252835_unmod,0.4176
ENSG00000252947_unmod,-0.4346
ENSG00000253250_unmod,0.0264
ENSG00000253251_unmod,-0.1482
ENSG00000253276_unmod,0.1205
ENSG00000253284_unmod,-0.0929
ENSG00000253293_unmod,0.1005
ENSG00000253304_unmod,0.9012
ENSG00000253368_unmod,-1.0447
ENSG00000253669_unmod,0.4252
ENSG00000253710_unmod,0.0955
ENSG00000253719_unmod,-1.1322
ENSG00000253729_unmod,0.0743
ENSG00000253738_unmod,0.3598
ENSG00000254004_unmod,-0.0475
ENSG00000254087_unmod,0.3055
ENSG00000254166_unmod,-0.0911
ENSG00000254206_unmod,-0.6635
ENSG00000254469_unmod,0.3414
ENSG00000254470_unmod,-0.0237
ENSG00000254535_unmod,0.201
ENSG00000254634_unmod,-0.4769
ENSG00000254635_unmod,0.7729
ENSG00000254685_unmod,0.416
ENSG00000254726_unmod,-1.0724
ENSG00000254858_unmod,-0.2934
ENSG00000254901_unmod,-0.1673
ENSG00000254986_unmod,0.0538
ENSG00000254999_unmod,0.3478
ENSG00000255031_unmod,0.3693
ENSG00000255112_unmod,0.0205
ENSG00000255150_unmod,0.2806
ENSG00000255198_unmod,-0.5289
ENSG00000255248_unmod,0.2567
ENSG00000255302_unmod,-0.2635
ENSG00000255529_unmod,0.1989
ENSG00000255717_unmod,-0.4152
ENSG00000255737_unmod,-0.303
ENSG00000255769_unmod,0.6257
ENSG00000255874_unmod,0.4047
ENSG00000256053_unmod,0.0608
ENSG00000256087_unmod,0.0849
ENSG00000256223_unmod,0.0662
ENSG00000256269_unmod,-0.3062
ENSG00000256294_unmod,-0.0598
ENSG00000256433_unmod,-0.4122
ENSG00000256525_unmod,-0.4263
ENSG00000256591_unmod,-0.2641
ENSG00000256683_unmod,0.2993
ENSG00000256940_unmod,0.3994
ENSG00000257027_unmod,-1.0529
ENSG00000257093_unmod,-0.4259
ENSG00000257103_unmod,0.0893
ENSG00000257167_unmod,-0.4205
ENSG00000257218_unmod,-0.497
ENSG00000257267_unmod,-0.0616
ENSG00000257315_unmod,0.1839
ENSG00000257354_unmod,0.221
ENSG00000257365_unmod,-0.1731
ENSG00000257621_unmod,0.3912
ENSG00000257702_unmod,-0.2818
ENSG00000257704_unmod,0.4016
ENSG00000257727_unmod,-0.1923
ENSG00000257923_unmod,0.1405
ENSG00000258289_unmod,-0.0441
ENSG00000258441_unmod,-0.5089
ENSG00000258890_unmod,0.0771
ENSG00000259207_unmod,0.5486
ENSG00000259330_unmod,-0.9837
ENSG00000259354_unmod,1.0814
ENSG00000259479_unmod,-0.2987
ENSG00000259494_unmod,-0.1156
ENSG00000259768_unmod,0.801
ENSG00000259781_unmod,-0.0635
ENSG00000259820_unmod,0.2135
ENSG00000259953_unmod,0.2294
ENSG00000259956_unmod,0.2038
ENSG00000259959_unmod,0.0844
ENSG00000260027_unmod,-0.025
ENSG00000260032_unmod,0.3743
ENSG00000260196_unmod,-1.2221
ENSG00000260257_unmod,-0.553
ENSG00000260260_unmod,-0.371
ENSG00000260267_unmod,0.1645
ENSG00000260404_unmod,-0.3561
ENSG00000260418_unmod,0.6828
ENSG00000260565_unmod,0.1674
ENSG00000260708_unmod,-0.0737
ENSG00000260804_unmod,1.729
ENSG00000260852_unmod,0.0246
ENSG00000260916_unmod,-0.1994
ENSG00000260917_unmod,-0.5477
ENSG00000260920_unmod,0.1272
ENSG00000261040_unmod,0.2031
ENSG00000261061_unmod,-0.5052
ENSG00000261150_unmod,0.1185
ENSG00000261221_unmod,0.1082
ENSG00000261236_unmod,-0.3707
ENSG00000261373_unmod,-1.6045
ENSG00000261556_unmod,-0.2178
ENSG00000261578_unmod,-0.116
ENSG00000261609_unmod,-1.1665
ENSG00000261652_unmod,-0.0913
ENSG00000261716_unmod,-0.1332
ENSG00000261786_unmod,-0.1237
ENSG00000261801_unmod,-0.1617
ENSG00000261824_unmod,0.0319
ENSG00000261971_unmod,-0.5552
ENSG00000262001_unmod,0.246
ENSG00000262454_unmod,-0.0176
ENSG00000262580_unmod,-0.132
ENSG00000262879_unmod,0.1176
ENSG00000262919_unmod,0.1562
ENSG00000263001_unmod,-0.0407
ENSG00000263002_unmod,-0.1646
ENSG00000263072_unmod,-0.1713
ENSG00000263465_unmod,0.0231
ENSG00000263528_unmod,0.2293
ENSG00000263731_unmod,-0.0871
ENSG00000263753_unmod,0.0912
ENSG00000263934_unmod,-0.1865
ENSG00000263956_unmod,0.0899
ENSG00000264112_unmod,-0.0817
ENSG00000264230_unmod,0.8919
ENSG00000264247_unmod,-0.0144
ENSG00000264364_unmod,-0.1989
ENSG00000264522_unmod,0.0985
ENSG00000264538_unmod,0.1148
ENSG00000265185_unmod,0.7107
ENSG00000265190_unmod,0.5192
ENSG00000265241_unmod,-0.7304
ENSG00000265354_unmod,-0.0851
ENSG00000265491_unmod,0.1465
ENSG00000265688_unmod,0.1193
ENSG00000265763_unmod,-0.1625
ENSG00000265808_unmod,0.0391
ENSG00000265817_unmod,-0.2142
ENSG00000265972_unmod,-0.0905
ENSG00000266028_unmod,0.0848
ENSG00000266066_unmod,-0.2119
ENSG00000266074_unmod,0.5574
ENSG00000266094_unmod,-0.3414
ENSG00000266173_unmod,0.1729
ENSG00000266338_unmod,0.0476
ENSG00000266412_unmod,0.0749
ENSG00000266472_unmod,-0.0631
ENSG00000266714_unmod,0.2041
ENSG00000266962_unmod,0.1527
ENSG00000267002_unmod,0.1319
ENSG00000267080_unmod,0.0031
ENSG00000267121_unmod,0.5721
ENSG00000267123_unmod,0.4916
ENSG00000267270_unmod,-0.3442
ENSG00000267317_unmod,-0.1138
ENSG00000267321_unmod,-0.105
ENSG00000267374_unmod,0.3381
ENSG00000267432_unmod,-0.2736
ENSG00000267519_unmod,0.3638
ENSG00000267534_unmod,0.0206
ENSG00000267680_unmod,-0.0836
ENSG00000268043_unmod,0.0634
ENSG00000268089_unmod,0.6296
ENSG00000268205_unmod,-0.4475
ENSG00000268362_unmod,-0.2752
ENSG00000268460_unmod,0.3669
ENSG00000268575_unmod,-0.3687
ENSG00000268621_unmod,0.0356
ENSG00000268858_unmod,0.2891
ENSG00000269113_unmod,0.1698
ENSG00000269335_unmod,0.2414
ENSG00000269343_unmod,-0.1891
ENSG00000269352_unmod,0.1478
ENSG00000269556_unmod,0.2477
ENSG00000269713_unmod,0.1124
ENSG00000269729_unmod,0.6979
ENSG00000269743_unmod,0.3886
ENSG00000269821_unmod,0.0485
ENSG00000269825_unmod,0.3055
ENSG00000269826_unmod,0.8913
ENSG00000269858_unmod,-0.0005
ENSG00000269893_unmod,-0.1636
ENSG00000269929_unmod,0.6567
ENSG00000269958_unmod,0.3112
ENSG00000269973_unmod,0.0359
ENSG00000270022_unmod,0.3621
ENSG00000270069_unmod,-0.2397
ENSG00000270170_unmod,-0.127
ENSG00000270231_unmod,0.1529
ENSG00000270504_unmod,0.0311
ENSG00000270629_unmod,0.1265
ENSG00000270641_unmod,0.2033
ENSG00000270647_unmod,0.0196
ENSG00000270722_unmod,-0.1879
ENSG00000270885_unmod,-0.3399
ENSG00000271122_unmod,-0.0103
ENSG00000271204_unmod,-0.0915
ENSG00000271254_unmod,0.5951
ENSG00000271425_unmod,0.2363
ENSG00000271503_unmod,0.5962
ENSG00000271533_unmod,0.024
ENSG00000271601_unmod,-0.0724
ENSG00000271643_unmod,0.2082
ENSG00000271781_unmod,0.24
ENSG00000271976_unmod,-0.0161
ENSG00000272047_unmod,0.4461
ENSG00000272086_unmod,0.4734
ENSG00000272168_unmod,0.5288
ENSG00000272325_unmod,-0.1672
ENSG00000272333_unmod,-0.0033
ENSG00000272335_unmod,-0.3499
ENSG00000272391_unmod,-0.1907
ENSG00000272398_unmod,0.2381
ENSG00000272405_unmod,0.1019
ENSG00000272419_unmod,0.3286
ENSG00000272512_unmod,0.2544
ENSG00000272556_unmod,-0.0859
ENSG00000272604_unmod,-0.1074
ENSG00000272645_unmod,0.0086
ENSG00000272668_unmod,0.6358
ENSG00000272703_unmod,-0.1132
ENSG00000272734_unmod,0.1281
ENSG00000272763_unmod,0.0483
ENSG00000272808_unmod,0.7464
ENSG00000272886_unmod,-0.8973
ENSG00000272888_unmod,-0.0307
ENSG00000273015_unmod,0.0231
ENSG00000273018_unmod,0.1653
ENSG00000273033_unmod,-0.5143
ENSG00000273079_unmod,0.1707
ENSG00000273142_unmod,-0.0147
ENSG00000273247_unmod,0.3074
ENSG00000273297_unmod,0.6352
ENSG00000273311_unmod,-0.2944
ENSG00000273329_unmod,-0.5812
ENSG00000273373_unmod,0.7848
ENSG00000273559_unmod,0.3075
ENSG00000273611_unmod,-0.082
ENSG00000273703_unmod,1.0553
ENSG00000273749_unmod,0.0009
ENSG00000273760_unmod,-0.4809
ENSG00000273802_unmod,0.0842
ENSG00000273983_unmod,0.1421
ENSG00000274012_unmod,0.433
ENSG00000274020_unmod,0.3052
ENSG00000274070_unmod,0.4568
ENSG00000274210_unmod,0.6384
ENSG00000274211_unmod,-0.009
ENSG00000274523_unmod,0.2066
ENSG00000274605_unmod,-0.3479
ENSG00000274641_unmod,0.2636
ENSG00000274997_unmod,0.5825
ENSG00000275023_unmod,-0.0926
ENSG00000275052_unmod,0.0226
ENSG00000275066_unmod,0.5643
ENSG00000275111_unmod,-0.1203
ENSG00000275131_unmod,0.7481
ENSG00000275202_unmod,0.446
ENSG00000275216_unmod,-0.494
ENSG00000275221_unmod,0.6353
ENSG00000275342_unmod,-0.3553
ENSG00000275700_unmod,0.0762
ENSG00000275713_unmod,0.409
ENSG00000275714_unmod,0.0674
ENSG00000275764_unmod,0.2371
ENSG00000275832_unmod,0.0263
ENSG00000275835_unmod,0.2601
ENSG00000275874_unmod,-0.0641
ENSG00000275894_unmod,0.7459
ENSG00000275993_unmod,0.2831
ENSG00000276043_unmod,0.6928
ENSG00000276045_unmod,-0.2117
ENSG00000276107_unmod,-0.8814
ENSG00000276168_unmod,-0.0052
ENSG00000276170_unmod,0.1165
ENSG00000276234_unmod,-0.0283
ENSG00000276256_unmod,0.4501
ENSG00000276291_unmod,0.3252
ENSG00000276293_unmod,0.6857
ENSG00000276368_unmod,0.8029
ENSG00000276550_unmod,0.2384
ENSG00000276672_unmod,0.0694
ENSG00000276700_unmod,0.0577
ENSG00000276850_unmod,-0.5676
ENSG00000276855_unmod,0.1987
ENSG00000276903_unmod,0.4933
ENSG00000276966_unmod,0.4994
ENSG00000277072_unmod,0.0686
ENSG00000277075_unmod,0.283
ENSG00000277147_unmod,0.508
ENSG00000277149_unmod,-0.1775
ENSG00000277157_unmod,0.2757
ENSG00000277203_unmod,-0.2975
ENSG00000277224_unmod,0.3677
ENSG00000277258_unmod,-0.1303
ENSG00000277443_unmod,0.0683
ENSG00000277462_unmod,-0.1062
ENSG00000277534_unmod,-0.3924
ENSG00000277610_unmod,0.4891
ENSG00000277693_unmod,-0.0059
ENSG00000277775_unmod,0.4463
ENSG00000277791_unmod,0.1217
ENSG00000277972_unmod,0.2443
ENSG00000278053_unmod,-0.7048
ENSG00000278129_unmod,-0.368
ENSG00000278175_unmod,-0.6961
ENSG00000278259_unmod,0.4561
ENSG00000278272_unmod,0.4512
ENSG00000278318_unmod,0.0317
ENSG00000278463_unmod,0.6289
ENSG00000278535_unmod,0.2251
ENSG00000278540_unmod,-0.3131
ENSG00000278588_unmod,0.6849
ENSG00000278637_unmod,0.8235
ENSG00000278705_unmod,0.4457
ENSG00000278709_unmod,-0.122
ENSG00000278730_unmod,0.0604
ENSG00000278768_unmod,-0.1093
ENSG00000278771_unmod,0.4078
ENSG00000278828_unmod,0.3098
ENSG00000278845_unmod,-0.0078
ENSG00000278864_unmod,0.0397
ENSG00000278948_unmod,0.1636
ENSG00000279059_unmod,-0.4484
ENSG00000279088_unmod,-0.2303
ENSG00000279089_unmod,-0.2729
ENSG00000279133_unmod,-0.5869
ENSG00000279159_unmod,0.3483
ENSG00000279170_unmod,-0.258
ENSG00000279207_unmod,-0.1528
ENSG00000279289_unmod,0.1711
ENSG00000279342_unmod,-0.3953
ENSG00000279348_unmod,1.3464
ENSG00000279432_unmod,0.2395
ENSG00000279453_unmod,-0.7139
ENSG00000279520_unmod,-0.5504
ENSG00000279602_unmod,0.1711
ENSG00000279608_unmod,0.1002
ENSG00000279696_unmod,0.1394
ENSG00000279738_unmod,-0.342
ENSG00000279759_unmod,-0.1325
ENSG00000279806_unmod,0.1715
ENSG00000279821_unmod,0.2975
ENSG00000280088_unmod,-0.4033
ENSG00000280138_unmod,0.3051
ENSG00000280143_unmod,-0.369
ENSG00000280173_unmod,-0.1087
ENSG00000280208_unmod,0.5928
ENSG00000280276_unmod,0.6427
ENSG00000280347_unmod,-0.2721
ENSG00000280355_unmod,-0.2864
ENSG00000280383_unmod,-0.1694
ENSG00000280434_unmod,-0.4664
ENSG00000280670_unmod,0.1566
ENSG00000280789_unmod,-0.3045
ENSG00000280798_unmod,-1.0724
ENSG00000280832_unmod,0.4938
ENSG00000281026_unmod,0.1462
ENSG00000281183_unmod,-0.3063
ENSG00000281207_unmod,-0.2246
ENSG00000281332_unmod,-0.3458
ENSG00000281344_unmod,0.2282
ENSG00000281398_unmod,-0.5705
ENSG00000281649_unmod,0.0629
ENSG00000282826_unmod,0.4703
ENSG00000282851_unmod,0.1257
ENSG00000283041_unmod,0.0263
ENSG00000283050_unmod,0.0104
ENSG00000283103_unmod,-0.3031
ENSG00000283122_unmod,0.0953
ENSG00000283154_unmod,0.4932
ENSG00000283196_unmod,0.382
ENSG00000283445_unmod,0.4311
ENSG00000284024_unmod,-0.153
ENSG00000284052_unmod,0.3138
ENSG00000284753_unmod,-0.4688
ENSG00000284946_unmod,0.1485
ENSG00000284976_unmod,-0.014
ENSG00000285043_unmod,0.9012
ENSG00000285106_unmod,-0.4023
ENSG00000285219_unmod,0.2542
ENSG00000285230_unmod,0.0092
ENSG00000285410_unmod,-0.0505
ENSG00000285437_unmod,-0.1162
ENSG00000285517_unmod,0.0854
ENSG00000285756_unmod,-0.0869
ENSG00000285796_unmod,0.1562
ENSG00000285906_unmod,0.2439
ENSG00000285967_unmod,0.155
ENSG00000285976_unmod,0.3394
ENSG00000286134_unmod,0.141
ENSG00000286215_unmod,0.1808
